time,membrane,spike,pulse
0.000000000,0.000000,0.0,0.000000
0.000000250,0.053910,0.0,0.000000
0.000000500,0.054148,0.0,0.000000
0.000000750,0.054387,0.0,0.000000
0.000001000,0.054626,0.0,0.000000
0.000001250,0.054864,0.0,0.000000
0.000001500,0.055103,0.0,0.000000
0.000001750,0.055342,0.0,0.000000
0.000002000,0.055580,0.0,0.000000
0.000002250,0.055818,0.0,0.000000
0.000002500,0.056057,0.0,0.000000
0.000002750,0.056295,0.0,0.000000
0.000003000,0.056533,0.0,0.000000
0.000003250,0.056772,0.0,0.000000
0.000003500,0.057010,0.0,0.000000
0.000003750,0.057248,0.0,0.000000
0.000004000,0.057486,0.0,0.000000
0.000004250,0.057724,0.0,0.000000
0.000004500,0.057962,0.0,0.000000
0.000004750,0.058200,0.0,0.000000
0.000005000,0.058438,0.0,0.000000
0.000005250,0.058676,0.0,0.000000
0.000005500,0.058913,0.0,0.000000
0.000005750,0.059151,0.0,0.000000
0.000006000,0.059389,0.0,0.000000
0.000006250,0.059626,0.0,0.000000
0.000006500,0.059864,0.0,0.000000
0.000006750,0.060102,0.0,0.000000
0.000007000,0.060339,0.0,0.000000
0.000007250,0.060576,0.0,0.000000
0.000007500,0.060814,0.0,0.000000
0.000007750,0.061051,0.0,0.000000
0.000008000,0.061288,0.0,0.000000
0.000008250,0.061526,0.0,0.000000
0.000008500,0.061763,0.0,0.000000
0.000008750,0.062000,0.0,0.000000
0.000009000,0.062237,0.0,0.000000
0.000009250,0.062474,0.0,0.000000
0.000009500,0.062711,0.0,0.000000
0.000009750,0.062948,0.0,0.000000
0.000010000,0.063185,0.0,0.000000
0.000010250,0.063422,0.0,0.000000
0.000010500,0.063659,0.0,0.000000
0.000010750,0.063895,0.0,0.000000
0.000011000,0.064132,0.0,0.000000
0.000011250,0.064369,0.0,0.000000
0.000011500,0.064605,0.0,0.000000
0.000011750,0.064842,0.0,0.000000
0.000012000,0.065078,0.0,0.000000
0.000012250,0.065315,0.0,0.000000
0.000012500,0.065551,0.0,0.000000
0.000012750,0.065787,0.0,0.000000
0.000013000,0.066024,0.0,0.000000
0.000013250,0.066260,0.0,0.000000
0.000013500,0.066496,0.0,0.000000
0.000013750,0.066732,0.0,0.000000
0.000014000,0.066968,0.0,0.000000
0.000014250,0.067204,0.0,0.000000
0.000014500,0.067440,0.0,0.000000
0.000014750,0.067676,0.0,0.000000
0.000015000,0.067912,0.0,0.000000
0.000015250,0.068148,0.0,0.000000
0.000015500,0.068384,0.0,0.000000
0.000015750,0.068620,0.0,0.000000
0.000016000,0.068855,0.0,0.000000
0.000016250,0.069091,0.0,0.000000
0.000016500,0.069327,0.0,0.000000
0.000016750,0.069562,0.0,0.000000
0.000017000,0.069798,0.0,0.000000
0.000017250,0.070033,0.0,0.000000
0.000017500,0.070269,0.0,0.000000
0.000017750,0.070504,0.0,0.000000
0.000018000,0.070739,0.0,0.000000
0.000018250,0.070974,0.0,0.000000
0.000018500,0.071210,0.0,0.000000
0.000018750,0.071445,0.0,0.000000
0.000019000,0.071680,0.0,0.000000
0.000019250,0.071915,0.0,0.000000
0.000019500,0.072150,0.0,0.000000
0.000019750,0.072385,0.0,0.000000
0.000020000,0.072620,0.0,0.000000
0.000020250,0.072855,0.0,0.000000
0.000020500,0.073090,0.0,0.000000
0.000020750,0.073324,0.0,0.000000
0.000021000,0.073559,0.0,0.000000
0.000021250,0.073794,0.0,0.000000
0.000021500,0.074028,0.0,0.000000
0.000021750,0.074263,0.0,0.000000
0.000022000,0.074497,0.0,0.000000
0.000022250,0.074732,0.0,0.000000
0.000022500,0.074966,0.0,0.000000
0.000022750,0.075201,0.0,0.000000
0.000023000,0.075435,0.0,0.000000
0.000023250,0.075669,0.0,0.000000
0.000023500,0.075904,0.0,0.000000
0.000023750,0.076138,0.0,0.000000
0.000024000,0.076372,0.0,0.000000
0.000024250,0.076606,0.0,0.000000
0.000024500,0.076840,0.0,0.000000
0.000024750,0.077074,0.0,0.000000
0.000025000,0.077308,0.0,0.000000
0.000025250,0.077542,0.0,0.000000
0.000025500,0.077776,0.0,0.000000
0.000025750,0.078010,0.0,0.000000
0.000026000,0.078243,0.0,0.000000
0.000026250,0.078477,0.0,0.000000
0.000026500,0.078711,0.0,0.000000
0.000026750,0.078944,0.0,0.000000
0.000027000,0.079178,0.0,0.000000
0.000027250,0.079411,0.0,0.000000
0.000027500,0.079645,0.0,0.000000
0.000027750,0.079878,0.0,0.000000
0.000028000,0.080111,0.0,0.000000
0.000028250,0.080345,0.0,0.000000
0.000028500,0.080578,0.0,0.000000
0.000028750,0.080811,0.0,0.000000
0.000029000,0.081044,0.0,0.000000
0.000029250,0.081278,0.0,0.000000
0.000029500,0.081511,0.0,0.000000
0.000029750,0.081744,0.0,0.000000
0.000030000,0.081977,0.0,0.000000
0.000030250,0.082209,0.0,0.000000
0.000030500,0.082442,0.0,0.000000
0.000030750,0.082675,0.0,0.000000
0.000031000,0.082908,0.0,0.000000
0.000031250,0.083141,0.0,0.000000
0.000031500,0.083373,0.0,0.000000
0.000031750,0.083606,0.0,0.000000
0.000032000,0.083839,0.0,0.000000
0.000032250,0.084071,0.0,0.000000
0.000032500,0.084304,0.0,0.000000
0.000032750,0.084536,0.0,0.000000
0.000033000,0.084768,0.0,0.000000
0.000033250,0.085001,0.0,0.000000
0.000033500,0.085233,0.0,0.000000
0.000033750,0.085465,0.0,0.000000
0.000034000,0.085697,0.0,0.000000
0.000034250,0.085930,0.0,0.000000
0.000034500,0.086162,0.0,0.000000
0.000034750,0.086394,0.0,0.000000
0.000035000,0.086626,0.0,0.000000
0.000035250,0.086858,0.0,0.000000
0.000035500,0.087090,0.0,0.000000
0.000035750,0.087321,0.0,0.000000
0.000036000,0.087553,0.0,0.000000
0.000036250,0.087785,0.0,0.000000
0.000036500,0.088017,0.0,0.000000
0.000036750,0.088248,0.0,0.000000
0.000037000,0.088480,0.0,0.000000
0.000037250,0.088712,0.0,0.000000
0.000037500,0.088943,0.0,0.000000
0.000037750,0.089175,0.0,0.000000
0.000038000,0.089406,0.0,0.000000
0.000038250,0.089637,0.0,0.000000
0.000038500,0.089869,0.0,0.000000
0.000038750,0.090100,0.0,0.000000
0.000039000,0.090331,0.0,0.000000
0.000039250,0.090562,0.0,0.000000
0.000039500,0.090793,0.0,0.000000
0.000039750,0.091025,0.0,0.000000
0.000040000,0.091256,0.0,0.000000
0.000040250,0.091487,0.0,0.000000
0.000040500,0.091718,0.0,0.000000
0.000040750,0.091948,0.0,0.000000
0.000041000,0.092179,0.0,0.000000
0.000041250,0.092410,0.0,0.000000
0.000041500,0.092641,0.0,0.000000
0.000041750,0.092871,0.0,0.000000
0.000042000,0.093102,0.0,0.000000
0.000042250,0.093333,0.0,0.000000
0.000042500,0.093563,0.0,0.000000
0.000042750,0.093794,0.0,0.000000
0.000043000,0.094024,0.0,0.000000
0.000043250,0.094255,0.0,0.000000
0.000043500,0.094485,0.0,0.000000
0.000043750,0.094715,0.0,0.000000
0.000044000,0.094946,0.0,0.000000
0.000044250,0.095176,0.0,0.000000
0.000044500,0.095406,0.0,0.000000
0.000044750,0.095636,0.0,0.000000
0.000045000,0.095866,0.0,0.000000
0.000045250,0.096096,0.0,0.000000
0.000045500,0.096326,0.0,0.000000
0.000045750,0.096556,0.0,0.000000
0.000046000,0.096786,0.0,0.000000
0.000046250,0.097016,0.0,0.000000
0.000046500,0.097246,0.0,0.000000
0.000046750,0.097475,0.0,0.000000
0.000047000,0.097705,0.0,0.000000
0.000047250,0.097935,0.0,0.000000
0.000047500,0.098164,0.0,0.000000
0.000047750,0.098394,0.0,0.000000
0.000048000,0.098623,0.0,0.000000
0.000048250,0.098853,0.0,0.000000
0.000048500,0.099082,0.0,0.000000
0.000048750,0.099312,0.0,0.000000
0.000049000,0.099541,0.0,0.000000
0.000049250,0.099770,0.0,0.000000
0.000049500,0.099999,0.0,0.000000
0.000049750,0.100228,0.0,0.000000
0.000050000,0.100458,0.0,0.000000
0.000050250,0.100687,0.0,0.000000
0.000050500,0.100916,0.0,0.000000
0.000050750,0.101145,0.0,0.000000
0.000051000,0.101374,0.0,0.000000
0.000051250,0.101602,0.0,0.000000
0.000051500,0.101831,0.0,0.000000
0.000051750,0.102060,0.0,0.000000
0.000052000,0.102289,0.0,0.000000
0.000052250,0.102518,0.0,0.000000
0.000052500,0.102746,0.0,0.000000
0.000052750,0.102975,0.0,0.000000
0.000053000,0.103203,0.0,0.000000
0.000053250,0.103432,0.0,0.000000
0.000053500,0.103660,0.0,0.000000
0.000053750,0.103889,0.0,0.000000
0.000054000,0.104117,0.0,0.000000
0.000054250,0.104345,0.0,0.000000
0.000054500,0.104574,0.0,0.000000
0.000054750,0.104802,0.0,0.000000
0.000055000,0.105030,0.0,0.000000
0.000055250,0.105258,0.0,0.000000
0.000055500,0.105486,0.0,0.000000
0.000055750,0.105714,0.0,0.000000
0.000056000,0.105942,0.0,0.000000
0.000056250,0.106170,0.0,0.000000
0.000056500,0.106398,0.0,0.000000
0.000056750,0.106626,0.0,0.000000
0.000057000,0.106854,0.0,0.000000
0.000057250,0.107081,0.0,0.000000
0.000057500,0.107309,0.0,0.000000
0.000057750,0.107537,0.0,0.000000
0.000058000,0.107764,0.0,0.000000
0.000058250,0.107992,0.0,0.000000
0.000058500,0.108219,0.0,0.000000
0.000058750,0.108447,0.0,0.000000
0.000059000,0.108674,0.0,0.000000
0.000059250,0.108901,0.0,0.000000
0.000059500,0.109129,0.0,0.000000
0.000059750,0.109356,0.0,0.000000
0.000060000,0.109583,0.0,0.000000
0.000060250,0.109810,0.0,0.000000
0.000060500,0.110038,0.0,0.000000
0.000060750,0.110265,0.0,0.000000
0.000061000,0.110492,0.0,0.000000
0.000061250,0.110719,0.0,0.000000
0.000061500,0.110946,0.0,0.000000
0.000061750,0.111172,0.0,0.000000
0.000062000,0.111399,0.0,0.000000
0.000062250,0.111626,0.0,0.000000
0.000062500,0.111853,0.0,0.000000
0.000062750,0.112080,0.0,0.000000
0.000063000,0.112306,0.0,0.000000
0.000063250,0.112533,0.0,0.000000
0.000063500,0.112759,0.0,0.000000
0.000063750,0.112986,0.0,0.000000
0.000064000,0.113212,0.0,0.000000
0.000064250,0.113439,0.0,0.000000
0.000064500,0.113665,0.0,0.000000
0.000064750,0.113891,0.0,0.000000
0.000065000,0.114118,0.0,0.000000
0.000065250,0.114344,0.0,0.000000
0.000065500,0.114570,0.0,0.000000
0.000065750,0.114796,0.0,0.000000
0.000066000,0.115022,0.0,0.000000
0.000066250,0.115248,0.0,0.000000
0.000066500,0.115474,0.0,0.000000
0.000066750,0.115700,0.0,0.000000
0.000067000,0.115926,0.0,0.000000
0.000067250,0.116152,0.0,0.000000
0.000067500,0.116378,0.0,0.000000
0.000067750,0.116604,0.0,0.000000
0.000068000,0.116829,0.0,0.000000
0.000068250,0.117055,0.0,0.000000
0.000068500,0.117281,0.0,0.000000
0.000068750,0.117506,0.0,0.000000
0.000069000,0.117732,0.0,0.000000
0.000069250,0.117957,0.0,0.000000
0.000069500,0.118182,0.0,0.000000
0.000069750,0.118408,0.0,0.000000
0.000070000,0.118633,0.0,0.000000
0.000070250,0.118858,0.0,0.000000
0.000070500,0.119084,0.0,0.000000
0.000070750,0.119309,0.0,0.000000
0.000071000,0.119534,0.0,0.000000
0.000071250,0.119759,0.0,0.000000
0.000071500,0.119984,0.0,0.000000
0.000071750,0.120209,0.0,0.000000
0.000072000,0.120434,0.0,0.000000
0.000072250,0.120659,0.0,0.000000
0.000072500,0.120884,0.0,0.000000
0.000072750,0.121109,0.0,0.000000
0.000073000,0.121334,0.0,0.000000
0.000073250,0.121558,0.0,0.000000
0.000073500,0.121783,0.0,0.000000
0.000073750,0.122008,0.0,0.000000
0.000074000,0.122232,0.0,0.000000
0.000074250,0.122457,0.0,0.000000
0.000074500,0.122681,0.0,0.000000
0.000074750,0.122906,0.0,0.000000
0.000075000,0.123130,0.0,0.000000
0.000075250,0.123354,0.0,0.000000
0.000075500,0.123579,0.0,0.000000
0.000075750,0.123803,0.0,0.000000
0.000076000,0.124027,0.0,0.000000
0.000076250,0.124251,0.0,0.000000
0.000076500,0.124475,0.0,0.000000
0.000076750,0.124699,0.0,0.000000
0.000077000,0.124923,0.0,0.000000
0.000077250,0.125147,0.0,0.000000
0.000077500,0.125371,0.0,0.000000
0.000077750,0.125595,0.0,0.000000
0.000078000,0.125819,0.0,0.000000
0.000078250,0.126043,0.0,0.000000
0.000078500,0.126267,0.0,0.000000
0.000078750,0.126490,0.0,0.000000
0.000079000,0.126714,0.0,0.000000
0.000079250,0.126938,0.0,0.000000
0.000079500,0.127161,0.0,0.000000
0.000079750,0.127385,0.0,0.000000
0.000080000,0.127608,0.0,0.000000
0.000080250,0.127831,0.0,0.000000
0.000080500,0.128055,0.0,0.000000
0.000080750,0.128278,0.0,0.000000
0.000081000,0.128501,0.0,0.000000
0.000081250,0.128725,0.0,0.000000
0.000081500,0.128948,0.0,0.000000
0.000081750,0.129171,0.0,0.000000
0.000082000,0.129394,0.0,0.000000
0.000082250,0.129617,0.0,0.000000
0.000082500,0.129840,0.0,0.000000
0.000082750,0.130063,0.0,0.000000
0.000083000,0.130286,0.0,0.000000
0.000083250,0.130509,0.0,0.000000
0.000083500,0.130732,0.0,0.000000
0.000083750,0.130954,0.0,0.000000
0.000084000,0.131177,0.0,0.000000
0.000084250,0.131400,0.0,0.000000
0.000084500,0.131622,0.0,0.000000
0.000084750,0.131845,0.0,0.000000
0.000085000,0.132067,0.0,0.000000
0.000085250,0.132290,0.0,0.000000
0.000085500,0.132512,0.0,0.000000
0.000085750,0.132735,0.0,0.000000
0.000086000,0.132957,0.0,0.000000
0.000086250,0.133179,0.0,0.000000
0.000086500,0.133402,0.0,0.000000
0.000086750,0.133624,0.0,0.000000
0.000087000,0.133846,0.0,0.000000
0.000087250,0.134068,0.0,0.000000
0.000087500,0.134290,0.0,0.000000
0.000087750,0.134512,0.0,0.000000
0.000088000,0.134734,0.0,0.000000
0.000088250,0.134956,0.0,0.000000
0.000088500,0.135178,0.0,0.000000
0.000088750,0.135400,0.0,0.000000
0.000089000,0.135622,0.0,0.000000
0.000089250,0.135843,0.0,0.000000
0.000089500,0.136065,0.0,0.000000
0.000089750,0.136287,0.0,0.000000
0.000090000,0.136508,0.0,0.000000
0.000090250,0.136730,0.0,0.000000
0.000090500,0.136951,0.0,0.000000
0.000090750,0.137173,0.0,0.000000
0.000091000,0.137394,0.0,0.000000
0.000091250,0.137616,0.0,0.000000
0.000091500,0.137837,0.0,0.000000
0.000091750,0.138058,0.0,0.000000
0.000092000,0.138280,0.0,0.000000
0.000092250,0.138501,0.0,0.000000
0.000092500,0.138722,0.0,0.000000
0.000092750,0.138943,0.0,0.000000
0.000093000,0.139164,0.0,0.000000
0.000093250,0.139385,0.0,0.000000
0.000093500,0.139606,0.0,0.000000
0.000093750,0.139827,0.0,0.000000
0.000094000,0.140048,0.0,0.000000
0.000094250,0.140269,0.0,0.000000
0.000094500,0.140489,0.0,0.000000
0.000094750,0.140710,0.0,0.000000
0.000095000,0.140931,0.0,0.000000
0.000095250,0.141151,0.0,0.000000
0.000095500,0.141372,0.0,0.000000
0.000095750,0.141593,0.0,0.000000
0.000096000,0.141813,0.0,0.000000
0.000096250,0.142034,0.0,0.000000
0.000096500,0.142254,0.0,0.000000
0.000096750,0.142474,0.0,0.000000
0.000097000,0.142695,0.0,0.000000
0.000097250,0.142915,0.0,0.000000
0.000097500,0.143135,0.0,0.000000
0.000097750,0.143355,0.0,0.000000
0.000098000,0.143575,0.0,0.000000
0.000098250,0.143796,0.0,0.000000
0.000098500,0.144016,0.0,0.000000
0.000098750,0.144236,0.0,0.000000
0.000099000,0.144456,0.0,0.000000
0.000099250,0.144675,0.0,0.000000
0.000099500,0.144895,0.0,0.000000
0.000099750,0.145115,0.0,0.000000
0.000100000,0.145335,0.0,0.000000
0.000100250,0.145555,0.0,0.000000
0.000100500,0.145774,0.0,0.000000
0.000100750,0.145994,0.0,0.000000
0.000101000,0.146213,0.0,0.000000
0.000101250,0.146433,0.0,0.000000
0.000101500,0.146652,0.0,0.000000
0.000101750,0.146872,0.0,0.000000
0.000102000,0.147091,0.0,0.000000
0.000102250,0.147311,0.0,0.000000
0.000102500,0.147530,0.0,0.000000
0.000102750,0.147749,0.0,0.000000
0.000103000,0.147968,0.0,0.000000
0.000103250,0.148188,0.0,0.000000
0.000103500,0.148407,0.0,0.000000
0.000103750,0.148626,0.0,0.000000
0.000104000,0.148845,0.0,0.000000
0.000104250,0.149064,0.0,0.000000
0.000104500,0.149283,0.0,0.000000
0.000104750,0.149502,0.0,0.000000
0.000105000,0.149721,0.0,0.000000
0.000105250,0.149939,0.0,0.000000
0.000105500,0.150158,0.0,0.000000
0.000105750,0.150377,0.0,0.000000
0.000106000,0.150596,0.0,0.000000
0.000106250,0.150814,0.0,0.000000
0.000106500,0.151033,0.0,0.000000
0.000106750,0.151251,0.0,0.000000
0.000107000,0.151470,0.0,0.000000
0.000107250,0.151688,0.0,0.000000
0.000107500,0.151907,0.0,0.000000
0.000107750,0.152125,0.0,0.000000
0.000108000,0.152343,0.0,0.000000
0.000108250,0.152562,0.0,0.000000
0.000108500,0.152780,0.0,0.000000
0.000108750,0.152998,0.0,0.000000
0.000109000,0.153216,0.0,0.000000
0.000109250,0.153434,0.0,0.000000
0.000109500,0.153652,0.0,0.000000
0.000109750,0.153870,0.0,0.000000
0.000110000,0.154088,0.0,0.000000
0.000110250,0.154306,0.0,0.000000
0.000110500,0.154524,0.0,0.000000
0.000110750,0.154742,0.0,0.000000
0.000111000,0.154959,0.0,0.000000
0.000111250,0.155177,0.0,0.000000
0.000111500,0.155395,0.0,0.000000
0.000111750,0.155612,0.0,0.000000
0.000112000,0.155830,0.0,0.000000
0.000112250,0.156048,0.0,0.000000
0.000112500,0.156265,0.0,0.000000
0.000112750,0.156482,0.0,0.000000
0.000113000,0.156700,0.0,0.000000
0.000113250,0.156917,0.0,0.000000
0.000113500,0.157135,0.0,0.000000
0.000113750,0.157352,0.0,0.000000
0.000114000,0.157569,0.0,0.000000
0.000114250,0.157786,0.0,0.000000
0.000114500,0.158003,0.0,0.000000
0.000114750,0.158220,0.0,0.000000
0.000115000,0.158437,0.0,0.000000
0.000115250,0.158654,0.0,0.000000
0.000115500,0.158871,0.0,0.000000
0.000115750,0.159088,0.0,0.000000
0.000116000,0.159305,0.0,0.000000
0.000116250,0.159522,0.0,0.000000
0.000116500,0.159739,0.0,0.000000
0.000116750,0.159955,0.0,0.000000
0.000117000,0.160172,0.0,0.000000
0.000117250,0.160389,0.0,0.000000
0.000117500,0.160605,0.0,0.000000
0.000117750,0.160822,0.0,0.000000
0.000118000,0.161038,0.0,0.000000
0.000118250,0.161255,0.0,0.000000
0.000118500,0.161471,0.0,0.000000
0.000118750,0.161688,0.0,0.000000
0.000119000,0.161904,0.0,0.000000
0.000119250,0.162120,0.0,0.000000
0.000119500,0.162336,0.0,0.000000
0.000119750,0.162553,0.0,0.000000
0.000120000,0.162769,0.0,0.000000
0.000120250,0.162985,0.0,0.000000
0.000120500,0.163201,0.0,0.000000
0.000120750,0.163417,0.0,0.000000
0.000121000,0.163633,0.0,0.000000
0.000121250,0.163849,0.0,0.000000
0.000121500,0.164065,0.0,0.000000
0.000121750,0.164280,0.0,0.000000
0.000122000,0.164496,0.0,0.000000
0.000122250,0.164712,0.0,0.000000
0.000122500,0.164928,0.0,0.000000
0.000122750,0.165143,0.0,0.000000
0.000123000,0.165359,0.0,0.000000
0.000123250,0.165574,0.0,0.000000
0.000123500,0.165790,0.0,0.000000
0.000123750,0.166005,0.0,0.000000
0.000124000,0.166221,0.0,0.000000
0.000124250,0.166436,0.0,0.000000
0.000124500,0.166651,0.0,0.000000
0.000124750,0.166867,0.0,0.000000
0.000125000,0.167082,0.0,0.000000
0.000125250,0.167297,0.0,0.000000
0.000125500,0.167512,0.0,0.000000
0.000125750,0.167727,0.0,0.000000
0.000126000,0.167942,0.0,0.000000
0.000126250,0.168157,0.0,0.000000
0.000126500,0.168372,0.0,0.000000
0.000126750,0.168587,0.0,0.000000
0.000127000,0.168802,0.0,0.000000
0.000127250,0.169017,0.0,0.000000
0.000127500,0.169232,0.0,0.000000
0.000127750,0.169446,0.0,0.000000
0.000128000,0.169661,0.0,0.000000
0.000128250,0.169876,0.0,0.000000
0.000128500,0.170090,0.0,0.000000
0.000128750,0.170305,0.0,0.000000
0.000129000,0.170519,0.0,0.000000
0.000129250,0.170734,0.0,0.000000
0.000129500,0.170948,0.0,0.000000
0.000129750,0.171163,0.0,0.000000
0.000130000,0.171377,0.0,0.000000
0.000130250,0.171591,0.0,0.000000
0.000130500,0.171806,0.0,0.000000
0.000130750,0.172020,0.0,0.000000
0.000131000,0.172234,0.0,0.000000
0.000131250,0.172448,0.0,0.000000
0.000131500,0.172662,0.0,0.000000
0.000131750,0.172876,0.0,0.000000
0.000132000,0.173090,0.0,0.000000
0.000132250,0.173304,0.0,0.000000
0.000132500,0.173518,0.0,0.000000
0.000132750,0.173732,0.0,0.000000
0.000133000,0.173946,0.0,0.000000
0.000133250,0.174159,0.0,0.000000
0.000133500,0.174373,0.0,0.000000
0.000133750,0.174587,0.0,0.000000
0.000134000,0.174800,0.0,0.000000
0.000134250,0.175014,0.0,0.000000
0.000134500,0.175228,0.0,0.000000
0.000134750,0.175441,0.0,0.000000
0.000135000,0.175654,0.0,0.000000
0.000135250,0.175868,0.0,0.000000
0.000135500,0.176081,0.0,0.000000
0.000135750,0.176295,0.0,0.000000
0.000136000,0.176508,0.0,0.000000
0.000136250,0.176721,0.0,0.000000
0.000136500,0.176934,0.0,0.000000
0.000136750,0.177147,0.0,0.000000
0.000137000,0.177360,0.0,0.000000
0.000137250,0.177573,0.0,0.000000
0.000137500,0.177786,0.0,0.000000
0.000137750,0.177999,0.0,0.000000
0.000138000,0.178212,0.0,0.000000
0.000138250,0.178425,0.0,0.000000
0.000138500,0.178638,0.0,0.000000
0.000138750,0.178851,0.0,0.000000
0.000139000,0.179064,0.0,0.000000
0.000139250,0.179276,0.0,0.000000
0.000139500,0.179489,0.0,0.000000
0.000139750,0.179702,0.0,0.000000
0.000140000,0.179914,0.0,0.000000
0.000140250,0.180127,0.0,0.000000
0.000140500,0.180339,0.0,0.000000
0.000140750,0.180552,0.0,0.000000
0.000141000,0.180764,0.0,0.000000
0.000141250,0.180976,0.0,0.000000
0.000141500,0.181189,0.0,0.000000
0.000141750,0.181401,0.0,0.000000
0.000142000,0.181613,0.0,0.000000
0.000142250,0.181825,0.0,0.000000
0.000142500,0.182037,0.0,0.000000
0.000142750,0.182249,0.0,0.000000
0.000143000,0.182461,0.0,0.000000
0.000143250,0.182673,0.0,0.000000
0.000143500,0.182885,0.0,0.000000
0.000143750,0.183097,0.0,0.000000
0.000144000,0.183309,0.0,0.000000
0.000144250,0.183521,0.0,0.000000
0.000144500,0.183733,0.0,0.000000
0.000144750,0.183944,0.0,0.000000
0.000145000,0.184156,0.0,0.000000
0.000145250,0.184368,0.0,0.000000
0.000145500,0.184579,0.0,0.000000
0.000145750,0.184791,0.0,0.000000
0.000146000,0.185002,0.0,0.000000
0.000146250,0.185214,0.0,0.000000
0.000146500,0.185425,0.0,0.000000
0.000146750,0.185637,0.0,0.000000
0.000147000,0.185848,0.0,0.000000
0.000147250,0.186059,0.0,0.000000
0.000147500,0.186270,0.0,0.000000
0.000147750,0.186482,0.0,0.000000
0.000148000,0.186693,0.0,0.000000
0.000148250,0.186904,0.0,0.000000
0.000148500,0.187115,0.0,0.000000
0.000148750,0.187326,0.0,0.000000
0.000149000,0.187537,0.0,0.000000
0.000149250,0.187748,0.0,0.000000
0.000149500,0.187959,0.0,0.000000
0.000149750,0.188170,0.0,0.000000
0.000150000,0.188380,0.0,0.000000
0.000150250,0.188591,0.0,0.000000
0.000150500,0.188802,0.0,0.000000
0.000150750,0.189013,0.0,0.000000
0.000151000,0.189223,0.0,0.000000
0.000151250,0.189434,0.0,0.000000
0.000151500,0.189644,0.0,0.000000
0.000151750,0.189855,0.0,0.000000
0.000152000,0.190065,0.0,0.000000
0.000152250,0.190276,0.0,0.000000
0.000152500,0.190486,0.0,0.000000
0.000152750,0.190696,0.0,0.000000
0.000153000,0.190907,0.0,0.000000
0.000153250,0.191117,0.0,0.000000
0.000153500,0.191327,0.0,0.000000
0.000153750,0.191537,0.0,0.000000
0.000154000,0.191747,0.0,0.000000
0.000154250,0.191957,0.0,0.000000
0.000154500,0.192167,0.0,0.000000
0.000154750,0.192377,0.0,0.000000
0.000155000,0.192587,0.0,0.000000
0.000155250,0.192797,0.0,0.000000
0.000155500,0.193007,0.0,0.000000
0.000155750,0.193217,0.0,0.000000
0.000156000,0.193426,0.0,0.000000
0.000156250,0.193636,0.0,0.000000
0.000156500,0.193846,0.0,0.000000
0.000156750,0.194055,0.0,0.000000
0.000157000,0.194265,0.0,0.000000
0.000157250,0.194474,0.0,0.000000
0.000157500,0.194684,0.0,0.000000
0.000157750,0.194893,0.0,0.000000
0.000158000,0.195103,0.0,0.000000
0.000158250,0.195312,0.0,0.000000
0.000158500,0.195521,0.0,0.000000
0.000158750,0.195731,0.0,0.000000
0.000159000,0.195940,0.0,0.000000
0.000159250,0.196149,0.0,0.000000
0.000159500,0.196358,0.0,0.000000
0.000159750,0.196567,0.0,0.000000
0.000160000,0.196776,0.0,0.000000
0.000160250,0.196985,0.0,0.000000
0.000160500,0.197194,0.0,0.000000
0.000160750,0.197403,0.0,0.000000
0.000161000,0.197612,0.0,0.000000
0.000161250,0.197821,0.0,0.000000
0.000161500,0.198030,0.0,0.000000
0.000161750,0.198239,0.0,0.000000
0.000162000,0.198447,0.0,0.000000
0.000162250,0.198656,0.0,0.000000
0.000162500,0.198864,0.0,0.000000
0.000162750,0.199073,0.0,0.000000
0.000163000,0.199282,0.0,0.000000
0.000163250,0.199490,0.0,0.000000
0.000163500,0.199699,0.0,0.000000
0.000163750,0.199907,0.0,0.000000
0.000164000,0.200115,0.0,0.000000
0.000164250,0.200324,0.0,0.000000
0.000164500,0.200532,0.0,0.000000
0.000164750,0.200740,0.0,0.000000
0.000165000,0.200948,0.0,0.000000
0.000165250,0.201156,0.0,0.000000
0.000165500,0.201364,0.0,0.000000
0.000165750,0.201573,0.0,0.000000
0.000166000,0.201781,0.0,0.000000
0.000166250,0.201988,0.0,0.000000
0.000166500,0.202196,0.0,0.000000
0.000166750,0.202404,0.0,0.000000
0.000167000,0.202612,0.0,0.000000
0.000167250,0.202820,0.0,0.000000
0.000167500,0.203028,0.0,0.000000
0.000167750,0.203235,0.0,0.000000
0.000168000,0.203443,0.0,0.000000
0.000168250,0.203651,0.0,0.000000
0.000168500,0.203858,0.0,0.000000
0.000168750,0.204066,0.0,0.000000
0.000169000,0.204273,0.0,0.000000
0.000169250,0.204481,0.0,0.000000
0.000169500,0.204688,0.0,0.000000
0.000169750,0.204895,0.0,0.000000
0.000170000,0.205103,0.0,0.000000
0.000170250,0.205310,0.0,0.000000
0.000170500,0.205517,0.0,0.000000
0.000170750,0.205724,0.0,0.000000
0.000171000,0.205932,0.0,0.000000
0.000171250,0.206139,0.0,0.000000
0.000171500,0.206346,0.0,0.000000
0.000171750,0.206553,0.0,0.000000
0.000172000,0.206760,0.0,0.000000
0.000172250,0.206967,0.0,0.000000
0.000172500,0.207173,0.0,0.000000
0.000172750,0.207380,0.0,0.000000
0.000173000,0.207587,0.0,0.000000
0.000173250,0.207794,0.0,0.000000
0.000173500,0.208001,0.0,0.000000
0.000173750,0.208207,0.0,0.000000
0.000174000,0.208414,0.0,0.000000
0.000174250,0.208620,0.0,0.000000
0.000174500,0.208827,0.0,0.000000
0.000174750,0.209033,0.0,0.000000
0.000175000,0.209240,0.0,0.000000
0.000175250,0.209446,0.0,0.000000
0.000175500,0.209653,0.0,0.000000
0.000175750,0.209859,0.0,0.000000
0.000176000,0.210065,0.0,0.000000
0.000176250,0.210272,0.0,0.000000
0.000176500,0.210478,0.0,0.000000
0.000176750,0.210684,0.0,0.000000
0.000177000,0.210890,0.0,0.000000
0.000177250,0.211096,0.0,0.000000
0.000177500,0.211302,0.0,0.000000
0.000177750,0.211508,0.0,0.000000
0.000178000,0.211714,0.0,0.000000
0.000178250,0.211920,0.0,0.000000
0.000178500,0.212126,0.0,0.000000
0.000178750,0.212332,0.0,0.000000
0.000179000,0.212537,0.0,0.000000
0.000179250,0.212743,0.0,0.000000
0.000179500,0.212949,0.0,0.000000
0.000179750,0.213154,0.0,0.000000
0.000180000,0.213360,0.0,0.000000
0.000180250,0.213565,0.0,0.000000
0.000180500,0.213771,0.0,0.000000
0.000180750,0.213976,0.0,0.000000
0.000181000,0.214182,0.0,0.000000
0.000181250,0.214387,0.0,0.000000
0.000181500,0.214593,0.0,0.000000
0.000181750,0.214798,0.0,0.000000
0.000182000,0.215003,0.0,0.000000
0.000182250,0.215208,0.0,0.000000
0.000182500,0.215413,0.0,0.000000
0.000182750,0.215619,0.0,0.000000
0.000183000,0.215824,0.0,0.000000
0.000183250,0.216029,0.0,0.000000
0.000183500,0.216234,0.0,0.000000
0.000183750,0.216439,0.0,0.000000
0.000184000,0.216644,0.0,0.000000
0.000184250,0.216848,0.0,0.000000
0.000184500,0.217053,0.0,0.000000
0.000184750,0.217258,0.0,0.000000
0.000185000,0.217463,0.0,0.000000
0.000185250,0.217667,0.0,0.000000
0.000185500,0.217872,0.0,0.000000
0.000185750,0.218077,0.0,0.000000
0.000186000,0.218281,0.0,0.000000
0.000186250,0.218486,0.0,0.000000
0.000186500,0.218690,0.0,0.000000
0.000186750,0.218895,0.0,0.000000
0.000187000,0.219099,0.0,0.000000
0.000187250,0.219304,0.0,0.000000
0.000187500,0.219508,0.0,0.000000
0.000187750,0.219712,0.0,0.000000
0.000188000,0.219916,0.0,0.000000
0.000188250,0.220121,0.0,0.000000
0.000188500,0.220325,0.0,0.000000
0.000188750,0.220529,0.0,0.000000
0.000189000,0.220733,0.0,0.000000
0.000189250,0.220937,0.0,0.000000
0.000189500,0.221141,0.0,0.000000
0.000189750,0.221345,0.0,0.000000
0.000190000,0.221549,0.0,0.000000
0.000190250,0.221752,0.0,0.000000
0.000190500,0.221956,0.0,0.000000
0.000190750,0.222160,0.0,0.000000
0.000191000,0.222364,0.0,0.000000
0.000191250,0.222567,0.0,0.000000
0.000191500,0.222771,0.0,0.000000
0.000191750,0.222975,0.0,0.000000
0.000192000,0.223178,0.0,0.000000
0.000192250,0.223382,0.0,0.000000
0.000192500,0.223585,0.0,0.000000
0.000192750,0.223789,0.0,0.000000
0.000193000,0.223992,0.0,0.000000
0.000193250,0.224195,0.0,0.000000
0.000193500,0.224399,0.0,0.000000
0.000193750,0.224602,0.0,0.000000
0.000194000,0.224805,0.0,0.000000
0.000194250,0.225008,0.0,0.000000
0.000194500,0.225211,0.0,0.000000
0.000194750,0.225414,0.0,0.000000
0.000195000,0.225617,0.0,0.000000
0.000195250,0.225820,0.0,0.000000
0.000195500,0.226023,0.0,0.000000
0.000195750,0.226226,0.0,0.000000
0.000196000,0.226429,0.0,0.000000
0.000196250,0.226632,0.0,0.000000
0.000196500,0.226835,0.0,0.000000
0.000196750,0.227038,0.0,0.000000
0.000197000,0.227240,0.0,0.000000
0.000197250,0.227443,0.0,0.000000
0.000197500,0.227646,0.0,0.000000
0.000197750,0.227848,0.0,0.000000
0.000198000,0.228051,0.0,0.000000
0.000198250,0.228253,0.0,0.000000
0.000198500,0.228456,0.0,0.000000
0.000198750,0.228658,0.0,0.000000
0.000199000,0.228860,0.0,0.000000
0.000199250,0.229063,0.0,0.000000
0.000199500,0.229265,0.0,0.000000
0.000199750,0.229467,0.0,0.000000
0.000200000,0.229669,0.0,0.000000
0.000200250,0.229872,0.0,0.000000
0.000200500,0.230074,0.0,0.000000
0.000200750,0.230276,0.0,0.000000
0.000201000,0.230478,0.0,0.000000
0.000201250,0.230680,0.0,0.000000
0.000201500,0.230882,0.0,0.000000
0.000201750,0.231084,0.0,0.000000
0.000202000,0.231285,0.0,0.000000
0.000202250,0.231487,0.0,0.000000
0.000202500,0.231689,0.0,0.000000
0.000202750,0.231891,0.0,0.000000
0.000203000,0.232092,0.0,0.000000
0.000203250,0.232294,0.0,0.000000
0.000203500,0.232496,0.0,0.000000
0.000203750,0.232697,0.0,0.000000
0.000204000,0.232899,0.0,0.000000
0.000204250,0.233100,0.0,0.000000
0.000204500,0.233302,0.0,0.000000
0.000204750,0.233503,0.0,0.000000
0.000205000,0.233704,0.0,0.000000
0.000205250,0.233906,0.0,0.000000
0.000205500,0.234107,0.0,0.000000
0.000205750,0.234308,0.0,0.000000
0.000206000,0.234509,0.0,0.000000
0.000206250,0.234711,0.0,0.000000
0.000206500,0.234912,0.0,0.000000
0.000206750,0.235113,0.0,0.000000
0.000207000,0.235314,0.0,0.000000
0.000207250,0.235515,0.0,0.000000
0.000207500,0.235716,0.0,0.000000
0.000207750,0.235917,0.0,0.000000
0.000208000,0.236117,0.0,0.000000
0.000208250,0.236318,0.0,0.000000
0.000208500,0.236519,0.0,0.000000
0.000208750,0.236720,0.0,0.000000
0.000209000,0.236920,0.0,0.000000
0.000209250,0.237121,0.0,0.000000
0.000209500,0.237322,0.0,0.000000
0.000209750,0.237522,0.0,0.000000
0.000210000,0.237723,0.0,0.000000
0.000210250,0.237923,0.0,0.000000
0.000210500,0.238124,0.0,0.000000
0.000210750,0.238324,0.0,0.000000
0.000211000,0.238524,0.0,0.000000
0.000211250,0.238725,0.0,0.000000
0.000211500,0.238925,0.0,0.000000
0.000211750,0.239125,0.0,0.000000
0.000212000,0.239325,0.0,0.000000
0.000212250,0.239525,0.0,0.000000
0.000212500,0.239726,0.0,0.000000
0.000212750,0.239926,0.0,0.000000
0.000213000,0.240126,0.0,0.000000
0.000213250,0.240326,0.0,0.000000
0.000213500,0.240526,0.0,0.000000
0.000213750,0.240725,0.0,0.000000
0.000214000,0.240925,0.0,0.000000
0.000214250,0.241125,0.0,0.000000
0.000214500,0.241325,0.0,0.000000
0.000214750,0.241525,0.0,0.000000
0.000215000,0.241724,0.0,0.000000
0.000215250,0.241924,0.0,0.000000
0.000215500,0.242123,0.0,0.000000
0.000215750,0.242323,0.0,0.000000
0.000216000,0.242523,0.0,0.000000
0.000216250,0.242722,0.0,0.000000
0.000216500,0.242921,0.0,0.000000
0.000216750,0.243121,0.0,0.000000
0.000217000,0.243320,0.0,0.000000
0.000217250,0.243520,0.0,0.000000
0.000217500,0.243719,0.0,0.000000
0.000217750,0.243918,0.0,0.000000
0.000218000,0.244117,0.0,0.000000
0.000218250,0.244316,0.0,0.000000
0.000218500,0.244515,0.0,0.000000
0.000218750,0.244715,0.0,0.000000
0.000219000,0.244914,0.0,0.000000
0.000219250,0.245113,0.0,0.000000
0.000219500,0.245311,0.0,0.000000
0.000219750,0.245510,0.0,0.000000
0.000220000,0.245709,0.0,0.000000
0.000220250,0.245908,0.0,0.000000
0.000220500,0.246107,0.0,0.000000
0.000220750,0.246305,0.0,0.000000
0.000221000,0.246504,0.0,0.000000
0.000221250,0.246703,0.0,0.000000
0.000221500,0.246901,0.0,0.000000
0.000221750,0.247100,0.0,0.000000
0.000222000,0.247299,0.0,0.000000
0.000222250,0.247497,0.0,0.000000
0.000222500,0.247695,0.0,0.000000
0.000222750,0.247894,0.0,0.000000
0.000223000,0.248092,0.0,0.000000
0.000223250,0.248291,0.0,0.000000
0.000223500,0.248489,0.0,0.000000
0.000223750,0.248687,0.0,0.000000
0.000224000,0.248885,0.0,0.000000
0.000224250,0.249083,0.0,0.000000
0.000224500,0.249281,0.0,0.000000
0.000224750,0.249480,0.0,0.000000
0.000225000,0.249678,0.0,0.000000
0.000225250,0.249876,0.0,0.000000
0.000225500,0.250073,0.0,0.000000
0.000225750,0.250271,0.0,0.000000
0.000226000,0.250469,0.0,0.000000
0.000226250,0.250667,0.0,0.000000
0.000226500,0.250865,0.0,0.000000
0.000226750,0.251063,0.0,0.000000
0.000227000,0.251260,0.0,0.000000
0.000227250,0.251458,0.0,0.000000
0.000227500,0.251656,0.0,0.000000
0.000227750,0.251853,0.0,0.000000
0.000228000,0.252051,0.0,0.000000
0.000228250,0.252248,0.0,0.000000
0.000228500,0.252446,0.0,0.000000
0.000228750,0.252643,0.0,0.000000
0.000229000,0.252841,0.0,0.000000
0.000229250,0.253038,0.0,0.000000
0.000229500,0.253235,0.0,0.000000
0.000229750,0.253432,0.0,0.000000
0.000230000,0.253630,0.0,0.000000
0.000230250,0.253827,0.0,0.000000
0.000230500,0.254024,0.0,0.000000
0.000230750,0.254221,0.0,0.000000
0.000231000,0.254418,0.0,0.000000
0.000231250,0.254615,0.0,0.000000
0.000231500,0.254812,0.0,0.000000
0.000231750,0.255009,0.0,0.000000
0.000232000,0.255206,0.0,0.000000
0.000232250,0.255403,0.0,0.000000
0.000232500,0.255600,0.0,0.000000
0.000232750,0.255796,0.0,0.000000
0.000233000,0.255993,0.0,0.000000
0.000233250,0.256190,0.0,0.000000
0.000233500,0.256386,0.0,0.000000
0.000233750,0.256583,0.0,0.000000
0.000234000,0.256780,0.0,0.000000
0.000234250,0.256976,0.0,0.000000
0.000234500,0.257173,0.0,0.000000
0.000234750,0.257369,0.0,0.000000
0.000235000,0.257565,0.0,0.000000
0.000235250,0.257762,0.0,0.000000
0.000235500,0.257958,0.0,0.000000
0.000235750,0.258154,0.0,0.000000
0.000236000,0.258351,0.0,0.000000
0.000236250,0.258547,0.0,0.000000
0.000236500,0.258743,0.0,0.000000
0.000236750,0.258939,0.0,0.000000
0.000237000,0.259135,0.0,0.000000
0.000237250,0.259331,0.0,0.000000
0.000237500,0.259527,0.0,0.000000
0.000237750,0.259723,0.0,0.000000
0.000238000,0.259919,0.0,0.000000
0.000238250,0.260115,0.0,0.000000
0.000238500,0.260311,0.0,0.000000
0.000238750,0.260506,0.0,0.000000
0.000239000,0.260702,0.0,0.000000
0.000239250,0.260898,0.0,0.000000
0.000239500,0.261094,0.0,0.000000
0.000239750,0.261289,0.0,0.000000
0.000240000,0.261485,0.0,0.000000
0.000240250,0.261680,0.0,0.000000
0.000240500,0.261876,0.0,0.000000
0.000240750,0.262071,0.0,0.000000
0.000241000,0.262267,0.0,0.000000
0.000241250,0.262462,0.0,0.000000
0.000241500,0.262657,0.0,0.000000
0.000241750,0.262853,0.0,0.000000
0.000242000,0.263048,0.0,0.000000
0.000242250,0.263243,0.0,0.000000
0.000242500,0.263438,0.0,0.000000
0.000242750,0.263633,0.0,0.000000
0.000243000,0.263829,0.0,0.000000
0.000243250,0.264024,0.0,0.000000
0.000243500,0.264219,0.0,0.000000
0.000243750,0.264414,0.0,0.000000
0.000244000,0.264609,0.0,0.000000
0.000244250,0.264803,0.0,0.000000
0.000244500,0.264998,0.0,0.000000
0.000244750,0.265193,0.0,0.000000
0.000245000,0.265388,0.0,0.000000
0.000245250,0.265583,0.0,0.000000
0.000245500,0.265777,0.0,0.000000
0.000245750,0.265972,0.0,0.000000
0.000246000,0.266167,0.0,0.000000
0.000246250,0.266361,0.0,0.000000
0.000246500,0.266556,0.0,0.000000
0.000246750,0.266750,0.0,0.000000
0.000247000,0.266944,0.0,0.000000
0.000247250,0.267139,0.0,0.000000
0.000247500,0.267333,0.0,0.000000
0.000247750,0.267528,0.0,0.000000
0.000248000,0.267722,0.0,0.000000
0.000248250,0.267916,0.0,0.000000
0.000248500,0.268110,0.0,0.000000
0.000248750,0.268304,0.0,0.000000
0.000249000,0.268499,0.0,0.000000
0.000249250,0.268693,0.0,0.000000
0.000249500,0.268887,0.0,0.000000
0.000249750,0.269081,0.0,0.000000
0.000250000,0.269275,0.0,0.000000
0.000250250,0.269469,0.0,0.000000
0.000250500,0.269662,0.0,0.000000
0.000250750,0.269856,0.0,0.000000
0.000251000,0.270050,0.0,0.000000
0.000251250,0.270244,0.0,0.000000
0.000251500,0.270438,0.0,0.000000
0.000251750,0.270631,0.0,0.000000
0.000252000,0.270825,0.0,0.000000
0.000252250,0.271018,0.0,0.000000
0.000252500,0.271212,0.0,0.000000
0.000252750,0.271406,0.0,0.000000
0.000253000,0.271599,0.0,0.000000
0.000253250,0.271792,0.0,0.000000
0.000253500,0.271986,0.0,0.000000
0.000253750,0.272179,0.0,0.000000
0.000254000,0.272372,0.0,0.000000
0.000254250,0.272566,0.0,0.000000
0.000254500,0.272759,0.0,0.000000
0.000254750,0.272952,0.0,0.000000
0.000255000,0.273145,0.0,0.000000
0.000255250,0.273338,0.0,0.000000
0.000255500,0.273531,0.0,0.000000
0.000255750,0.273725,0.0,0.000000
0.000256000,0.273918,0.0,0.000000
0.000256250,0.274110,0.0,0.000000
0.000256500,0.274303,0.0,0.000000
0.000256750,0.274496,0.0,0.000000
0.000257000,0.274689,0.0,0.000000
0.000257250,0.274882,0.0,0.000000
0.000257500,0.275075,0.0,0.000000
0.000257750,0.275267,0.0,0.000000
0.000258000,0.275460,0.0,0.000000
0.000258250,0.275653,0.0,0.000000
0.000258500,0.275845,0.0,0.000000
0.000258750,0.276038,0.0,0.000000
0.000259000,0.276230,0.0,0.000000
0.000259250,0.276423,0.0,0.000000
0.000259500,0.276615,0.0,0.000000
0.000259750,0.276808,0.0,0.000000
0.000260000,0.277000,0.0,0.000000
0.000260250,0.277192,0.0,0.000000
0.000260500,0.277384,0.0,0.000000
0.000260750,0.277577,0.0,0.000000
0.000261000,0.277769,0.0,0.000000
0.000261250,0.277961,0.0,0.000000
0.000261500,0.278153,0.0,0.000000
0.000261750,0.278345,0.0,0.000000
0.000262000,0.278537,0.0,0.000000
0.000262250,0.278729,0.0,0.000000
0.000262500,0.278921,0.0,0.000000
0.000262750,0.279113,0.0,0.000000
0.000263000,0.279305,0.0,0.000000
0.000263250,0.279497,0.0,0.000000
0.000263500,0.279689,0.0,0.000000
0.000263750,0.279880,0.0,0.000000
0.000264000,0.280072,0.0,0.000000
0.000264250,0.280264,0.0,0.000000
0.000264500,0.280455,0.0,0.000000
0.000264750,0.280647,0.0,0.000000
0.000265000,0.280838,0.0,0.000000
0.000265250,0.281030,0.0,0.000000
0.000265500,0.281221,0.0,0.000000
0.000265750,0.281413,0.0,0.000000
0.000266000,0.281604,0.0,0.000000
0.000266250,0.281796,0.0,0.000000
0.000266500,0.281987,0.0,0.000000
0.000266750,0.282178,0.0,0.000000
0.000267000,0.282369,0.0,0.000000
0.000267250,0.282561,0.0,0.000000
0.000267500,0.282752,0.0,0.000000
0.000267750,0.282943,0.0,0.000000
0.000268000,0.283134,0.0,0.000000
0.000268250,0.283325,0.0,0.000000
0.000268500,0.283516,0.0,0.000000
0.000268750,0.283707,0.0,0.000000
0.000269000,0.283898,0.0,0.000000
0.000269250,0.284089,0.0,0.000000
0.000269500,0.284280,0.0,0.000000
0.000269750,0.284470,0.0,0.000000
0.000270000,0.284661,0.0,0.000000
0.000270250,0.284852,0.0,0.000000
0.000270500,0.285042,0.0,0.000000
0.000270750,0.285233,0.0,0.000000
0.000271000,0.285424,0.0,0.000000
0.000271250,0.285614,0.0,0.000000
0.000271500,0.285805,0.0,0.000000
0.000271750,0.285995,0.0,0.000000
0.000272000,0.286186,0.0,0.000000
0.000272250,0.286376,0.0,0.000000
0.000272500,0.286566,0.0,0.000000
0.000272750,0.286757,0.0,0.000000
0.000273000,0.286947,0.0,0.000000
0.000273250,0.287137,0.0,0.000000
0.000273500,0.287327,0.0,0.000000
0.000273750,0.287518,0.0,0.000000
0.000274000,0.287708,0.0,0.000000
0.000274250,0.287898,0.0,0.000000
0.000274500,0.288088,0.0,0.000000
0.000274750,0.288278,0.0,0.000000
0.000275000,0.288468,0.0,0.000000
0.000275250,0.288658,0.0,0.000000
0.000275500,0.288848,0.0,0.000000
0.000275750,0.289037,0.0,0.000000
0.000276000,0.289227,0.0,0.000000
0.000276250,0.289417,0.0,0.000000
0.000276500,0.289607,0.0,0.000000
0.000276750,0.289796,0.0,0.000000
0.000277000,0.289986,0.0,0.000000
0.000277250,0.290176,0.0,0.000000
0.000277500,0.290365,0.0,0.000000
0.000277750,0.290555,0.0,0.000000
0.000278000,0.290744,0.0,0.000000
0.000278250,0.290934,0.0,0.000000
0.000278500,0.291123,0.0,0.000000
0.000278750,0.291312,0.0,0.000000
0.000279000,0.291502,0.0,0.000000
0.000279250,0.291691,0.0,0.000000
0.000279500,0.291880,0.0,0.000000
0.000279750,0.292070,0.0,0.000000
0.000280000,0.292259,0.0,0.000000
0.000280250,0.292448,0.0,0.000000
0.000280500,0.292637,0.0,0.000000
0.000280750,0.292826,0.0,0.000000
0.000281000,0.293015,0.0,0.000000
0.000281250,0.293204,0.0,0.000000
0.000281500,0.293393,0.0,0.000000
0.000281750,0.293582,0.0,0.000000
0.000282000,0.293771,0.0,0.000000
0.000282250,0.293959,0.0,0.000000
0.000282500,0.294148,0.0,0.000000
0.000282750,0.294337,0.0,0.000000
0.000283000,0.294526,0.0,0.000000
0.000283250,0.294714,0.0,0.000000
0.000283500,0.294903,0.0,0.000000
0.000283750,0.295092,0.0,0.000000
0.000284000,0.295280,0.0,0.000000
0.000284250,0.295469,0.0,0.000000
0.000284500,0.295657,0.0,0.000000
0.000284750,0.295845,0.0,0.000000
0.000285000,0.296034,0.0,0.000000
0.000285250,0.296222,0.0,0.000000
0.000285500,0.296410,0.0,0.000000
0.000285750,0.296599,0.0,0.000000
0.000286000,0.296787,0.0,0.000000
0.000286250,0.296975,0.0,0.000000
0.000286500,0.297163,0.0,0.000000
0.000286750,0.297351,0.0,0.000000
0.000287000,0.297539,0.0,0.000000
0.000287250,0.297727,0.0,0.000000
0.000287500,0.297915,0.0,0.000000
0.000287750,0.298103,0.0,0.000000
0.000288000,0.298291,0.0,0.000000
0.000288250,0.298479,0.0,0.000000
0.000288500,0.298667,0.0,0.000000
0.000288750,0.298855,0.0,0.000000
0.000289000,0.299043,0.0,0.000000
0.000289250,0.299230,0.0,0.000000
0.000289500,0.299418,0.0,0.000000
0.000289750,0.299606,0.0,0.000000
0.000290000,0.299793,0.0,0.000000
0.000290250,0.299981,0.0,0.000000
0.000290500,0.300168,0.0,0.000000
0.000290750,0.300356,0.0,0.000000
0.000291000,0.300543,0.0,0.000000
0.000291250,0.300731,0.0,0.000000
0.000291500,0.300918,0.0,0.000000
0.000291750,0.301105,0.0,0.000000
0.000292000,0.301293,0.0,0.000000
0.000292250,0.301480,0.0,0.000000
0.000292500,0.301667,0.0,0.000000
0.000292750,0.301854,0.0,0.000000
0.000293000,0.302041,0.0,0.000000
0.000293250,0.302228,0.0,0.000000
0.000293500,0.302415,0.0,0.000000
0.000293750,0.302602,0.0,0.000000
0.000294000,0.302789,0.0,0.000000
0.000294250,0.302976,0.0,0.000000
0.000294500,0.303163,0.0,0.000000
0.000294750,0.303350,0.0,0.000000
0.000295000,0.303537,0.0,0.000000
0.000295250,0.303724,0.0,0.000000
0.000295500,0.303911,0.0,0.000000
0.000295750,0.304097,0.0,0.000000
0.000296000,0.304284,0.0,0.000000
0.000296250,0.304471,0.0,0.000000
0.000296500,0.304657,0.0,0.000000
0.000296750,0.304844,0.0,0.000000
0.000297000,0.305030,0.0,0.000000
0.000297250,0.305217,0.0,0.000000
0.000297500,0.305403,0.0,0.000000
0.000297750,0.305589,0.0,0.000000
0.000298000,0.305776,0.0,0.000000
0.000298250,0.305962,0.0,0.000000
0.000298500,0.306148,0.0,0.000000
0.000298750,0.306335,0.0,0.000000
0.000299000,0.306521,0.0,0.000000
0.000299250,0.306707,0.0,0.000000
0.000299500,0.306893,0.0,0.000000
0.000299750,0.307079,0.0,0.000000
0.000300000,0.307265,0.0,0.000000
0.000300250,0.307451,0.0,0.000000
0.000300500,0.307637,0.0,0.000000
0.000300750,0.307823,0.0,0.000000
0.000301000,0.308009,0.0,0.000000
0.000301250,0.308195,0.0,0.000000
0.000301500,0.308381,0.0,0.000000
0.000301750,0.308566,0.0,0.000000
0.000302000,0.308752,0.0,0.000000
0.000302250,0.308938,0.0,0.000000
0.000302500,0.309124,0.0,0.000000
0.000302750,0.309309,0.0,0.000000
0.000303000,0.309495,0.0,0.000000
0.000303250,0.309680,0.0,0.000000
0.000303500,0.309866,0.0,0.000000
0.000303750,0.310051,0.0,0.000000
0.000304000,0.310237,0.0,0.000000
0.000304250,0.310422,0.0,0.000000
0.000304500,0.310607,0.0,0.000000
0.000304750,0.310793,0.0,0.000000
0.000305000,0.310978,0.0,0.000000
0.000305250,0.311163,0.0,0.000000
0.000305500,0.311348,0.0,0.000000
0.000305750,0.311534,0.0,0.000000
0.000306000,0.311719,0.0,0.000000
0.000306250,0.311904,0.0,0.000000
0.000306500,0.312089,0.0,0.000000
0.000306750,0.312274,0.0,0.000000
0.000307000,0.312459,0.0,0.000000
0.000307250,0.312644,0.0,0.000000
0.000307500,0.312828,0.0,0.000000
0.000307750,0.313013,0.0,0.000000
0.000308000,0.313198,0.0,0.000000
0.000308250,0.313383,0.0,0.000000
0.000308500,0.313568,0.0,0.000000
0.000308750,0.313752,0.0,0.000000
0.000309000,0.313937,0.0,0.000000
0.000309250,0.314122,0.0,0.000000
0.000309500,0.314306,0.0,0.000000
0.000309750,0.314491,0.0,0.000000
0.000310000,0.314675,0.0,0.000000
0.000310250,0.314860,0.0,0.000000
0.000310500,0.315044,0.0,0.000000
0.000310750,0.315228,0.0,0.000000
0.000311000,0.315413,0.0,0.000000
0.000311250,0.315597,0.0,0.000000
0.000311500,0.315781,0.0,0.000000
0.000311750,0.315966,0.0,0.000000
0.000312000,0.316150,0.0,0.000000
0.000312250,0.316334,0.0,0.000000
0.000312500,0.316518,0.0,0.000000
0.000312750,0.316702,0.0,0.000000
0.000313000,0.316886,0.0,0.000000
0.000313250,0.317070,0.0,0.000000
0.000313500,0.317254,0.0,0.000000
0.000313750,0.317438,0.0,0.000000
0.000314000,0.317622,0.0,0.000000
0.000314250,0.317806,0.0,0.000000
0.000314500,0.317990,0.0,0.000000
0.000314750,0.318173,0.0,0.000000
0.000315000,0.318357,0.0,0.000000
0.000315250,0.318541,0.0,0.000000
0.000315500,0.318724,0.0,0.000000
0.000315750,0.318908,0.0,0.000000
0.000316000,0.319092,0.0,0.000000
0.000316250,0.319275,0.0,0.000000
0.000316500,0.319459,0.0,0.000000
0.000316750,0.319642,0.0,0.000000
0.000317000,0.319826,0.0,0.000000
0.000317250,0.320009,0.0,0.000000
0.000317500,0.320192,0.0,0.000000
0.000317750,0.320376,0.0,0.000000
0.000318000,0.320559,0.0,0.000000
0.000318250,0.320742,0.0,0.000000
0.000318500,0.320925,0.0,0.000000
0.000318750,0.321108,0.0,0.000000
0.000319000,0.321292,0.0,0.000000
0.000319250,0.321475,0.0,0.000000
0.000319500,0.321658,0.0,0.000000
0.000319750,0.321841,0.0,0.000000
0.000320000,0.322024,0.0,0.000000
0.000320250,0.322207,0.0,0.000000
0.000320500,0.322389,0.0,0.000000
0.000320750,0.322572,0.0,0.000000
0.000321000,0.322755,0.0,0.000000
0.000321250,0.322938,0.0,0.000000
0.000321500,0.323121,0.0,0.000000
0.000321750,0.323303,0.0,0.000000
0.000322000,0.323486,0.0,0.000000
0.000322250,0.323669,0.0,0.000000
0.000322500,0.323851,0.0,0.000000
0.000322750,0.324034,0.0,0.000000
0.000323000,0.324216,0.0,0.000000
0.000323250,0.324399,0.0,0.000000
0.000323500,0.324581,0.0,0.000000
0.000323750,0.324764,0.0,0.000000
0.000324000,0.324946,0.0,0.000000
0.000324250,0.325128,0.0,0.000000
0.000324500,0.325311,0.0,0.000000
0.000324750,0.325493,0.0,0.000000
0.000325000,0.325675,0.0,0.000000
0.000325250,0.325857,0.0,0.000000
0.000325500,0.326039,0.0,0.000000
0.000325750,0.326221,0.0,0.000000
0.000326000,0.326403,0.0,0.000000
0.000326250,0.326585,0.0,0.000000
0.000326500,0.326767,0.0,0.000000
0.000326750,0.326949,0.0,0.000000
0.000327000,0.327131,0.0,0.000000
0.000327250,0.327313,0.0,0.000000
0.000327500,0.327495,0.0,0.000000
0.000327750,0.327677,0.0,0.000000
0.000328000,0.327859,0.0,0.000000
0.000328250,0.328040,0.0,0.000000
0.000328500,0.328222,0.0,0.000000
0.000328750,0.328404,0.0,0.000000
0.000329000,0.328585,0.0,0.000000
0.000329250,0.328767,0.0,0.000000
0.000329500,0.328948,0.0,0.000000
0.000329750,0.329130,0.0,0.000000
0.000330000,0.329311,0.0,0.000000
0.000330250,0.329493,0.0,0.000000
0.000330500,0.329674,0.0,0.000000
0.000330750,0.329855,0.0,0.000000
0.000331000,0.330037,0.0,0.000000
0.000331250,0.330218,0.0,0.000000
0.000331500,0.330399,0.0,0.000000
0.000331750,0.330580,0.0,0.000000
0.000332000,0.330761,0.0,0.000000
0.000332250,0.330942,0.0,0.000000
0.000332500,0.331124,0.0,0.000000
0.000332750,0.331305,0.0,0.000000
0.000333000,0.331486,0.0,0.000000
0.000333250,0.331667,0.0,0.000000
0.000333500,0.331847,0.0,0.000000
0.000333750,0.332028,0.0,0.000000
0.000334000,0.332209,0.0,0.000000
0.000334250,0.332390,0.0,0.000000
0.000334500,0.332571,0.0,0.000000
0.000334750,0.332751,0.0,0.000000
0.000335000,0.332932,0.0,0.000000
0.000335250,0.333113,0.0,0.000000
0.000335500,0.333293,0.0,0.000000
0.000335750,0.333474,0.0,0.000000
0.000336000,0.333655,0.0,0.000000
0.000336250,0.333835,0.0,0.000000
0.000336500,0.334016,0.0,0.000000
0.000336750,0.334196,0.0,0.000000
0.000337000,0.334376,0.0,0.000000
0.000337250,0.334557,0.0,0.000000
0.000337500,0.334737,0.0,0.000000
0.000337750,0.334917,0.0,0.000000
0.000338000,0.335098,0.0,0.000000
0.000338250,0.335278,0.0,0.000000
0.000338500,0.335458,0.0,0.000000
0.000338750,0.335638,0.0,0.000000
0.000339000,0.335818,0.0,0.000000
0.000339250,0.335998,0.0,0.000000
0.000339500,0.336178,0.0,0.000000
0.000339750,0.336358,0.0,0.000000
0.000340000,0.336538,0.0,0.000000
0.000340250,0.336718,0.0,0.000000
0.000340500,0.336898,0.0,0.000000
0.000340750,0.337078,0.0,0.000000
0.000341000,0.337258,0.0,0.000000
0.000341250,0.337437,0.0,0.000000
0.000341500,0.337617,0.0,0.000000
0.000341750,0.337797,0.0,0.000000
0.000342000,0.337976,0.0,0.000000
0.000342250,0.338156,0.0,0.000000
0.000342500,0.338336,0.0,0.000000
0.000342750,0.338515,0.0,0.000000
0.000343000,0.338695,0.0,0.000000
0.000343250,0.338874,0.0,0.000000
0.000343500,0.339053,0.0,0.000000
0.000343750,0.339233,0.0,0.000000
0.000344000,0.339412,0.0,0.000000
0.000344250,0.339591,0.0,0.000000
0.000344500,0.339771,0.0,0.000000
0.000344750,0.339950,0.0,0.000000
0.000345000,0.340129,0.0,0.000000
0.000345250,0.340308,0.0,0.000000
0.000345500,0.340487,0.0,0.000000
0.000345750,0.340667,0.0,0.000000
0.000346000,0.340846,0.0,0.000000
0.000346250,0.341025,0.0,0.000000
0.000346500,0.341204,0.0,0.000000
0.000346750,0.341382,0.0,0.000000
0.000347000,0.341561,0.0,0.000000
0.000347250,0.341740,0.0,0.000000
0.000347500,0.341919,0.0,0.000000
0.000347750,0.342098,0.0,0.000000
0.000348000,0.342277,0.0,0.000000
0.000348250,0.342455,0.0,0.000000
0.000348500,0.342634,0.0,0.000000
0.000348750,0.342813,0.0,0.000000
0.000349000,0.342991,0.0,0.000000
0.000349250,0.343170,0.0,0.000000
0.000349500,0.343348,0.0,0.000000
0.000349750,0.343527,0.0,0.000000
0.000350000,0.343705,0.0,0.000000
0.000350250,0.343884,0.0,0.000000
0.000350500,0.344062,0.0,0.000000
0.000350750,0.344240,0.0,0.000000
0.000351000,0.344419,0.0,0.000000
0.000351250,0.344597,0.0,0.000000
0.000351500,0.344775,0.0,0.000000
0.000351750,0.344953,0.0,0.000000
0.000352000,0.345131,0.0,0.000000
0.000352250,0.345310,0.0,0.000000
0.000352500,0.345488,0.0,0.000000
0.000352750,0.345666,0.0,0.000000
0.000353000,0.345844,0.0,0.000000
0.000353250,0.346022,0.0,0.000000
0.000353500,0.346200,0.0,0.000000
0.000353750,0.346377,0.0,0.000000
0.000354000,0.346555,0.0,0.000000
0.000354250,0.346733,0.0,0.000000
0.000354500,0.346911,0.0,0.000000
0.000354750,0.347089,0.0,0.000000
0.000355000,0.347266,0.0,0.000000
0.000355250,0.347444,0.0,0.000000
0.000355500,0.347622,0.0,0.000000
0.000355750,0.347799,0.0,0.000000
0.000356000,0.347977,0.0,0.000000
0.000356250,0.348154,0.0,0.000000
0.000356500,0.348332,0.0,0.000000
0.000356750,0.348509,0.0,0.000000
0.000357000,0.348687,0.0,0.000000
0.000357250,0.348864,0.0,0.000000
0.000357500,0.349041,0.0,0.000000
0.000357750,0.349219,0.0,0.000000
0.000358000,0.349396,0.0,0.000000
0.000358250,0.349573,0.0,0.000000
0.000358500,0.349750,0.0,0.000000
0.000358750,0.349928,0.0,0.000000
0.000359000,0.350105,0.0,0.000000
0.000359250,0.350282,0.0,0.000000
0.000359500,0.350459,0.0,0.000000
0.000359750,0.350636,0.0,0.000000
0.000360000,0.350813,0.0,0.000000
0.000360250,0.350990,0.0,0.000000
0.000360500,0.351167,0.0,0.000000
0.000360750,0.351343,0.0,0.000000
0.000361000,0.351520,0.0,0.000000
0.000361250,0.351697,0.0,0.000000
0.000361500,0.351874,0.0,0.000000
0.000361750,0.352050,0.0,0.000000
0.000362000,0.352227,0.0,0.000000
0.000362250,0.352404,0.0,0.000000
0.000362500,0.352580,0.0,0.000000
0.000362750,0.352757,0.0,0.000000
0.000363000,0.352933,0.0,0.000000
0.000363250,0.353110,0.0,0.000000
0.000363500,0.353286,0.0,0.000000
0.000363750,0.353463,0.0,0.000000
0.000364000,0.353639,0.0,0.000000
0.000364250,0.353816,0.0,0.000000
0.000364500,0.353992,0.0,0.000000
0.000364750,0.354168,0.0,0.000000
0.000365000,0.354344,0.0,0.000000
0.000365250,0.354521,0.0,0.000000
0.000365500,0.354697,0.0,0.000000
0.000365750,0.354873,0.0,0.000000
0.000366000,0.355049,0.0,0.000000
0.000366250,0.355225,0.0,0.000000
0.000366500,0.355401,0.0,0.000000
0.000366750,0.355577,0.0,0.000000
0.000367000,0.355753,0.0,0.000000
0.000367250,0.355929,0.0,0.000000
0.000367500,0.356105,0.0,0.000000
0.000367750,0.356281,0.0,0.000000
0.000368000,0.356456,0.0,0.000000
0.000368250,0.356632,0.0,0.000000
0.000368500,0.356808,0.0,0.000000
0.000368750,0.356983,0.0,0.000000
0.000369000,0.357159,0.0,0.000000
0.000369250,0.357335,0.0,0.000000
0.000369500,0.357510,0.0,0.000000
0.000369750,0.357686,0.0,0.000000
0.000370000,0.357861,0.0,0.000000
0.000370250,0.358037,0.0,0.000000
0.000370500,0.358212,0.0,0.000000
0.000370750,0.358388,0.0,0.000000
0.000371000,0.358563,0.0,0.000000
0.000371250,0.358738,0.0,0.000000
0.000371500,0.358914,0.0,0.000000
0.000371750,0.359089,0.0,0.000000
0.000372000,0.359264,0.0,0.000000
0.000372250,0.359439,0.0,0.000000
0.000372500,0.359614,0.0,0.000000
0.000372750,0.359789,0.0,0.000000
0.000373000,0.359964,0.0,0.000000
0.000373250,0.360139,0.0,0.000000
0.000373500,0.360314,0.0,0.000000
0.000373750,0.360489,0.0,0.000000
0.000374000,0.360664,0.0,0.000000
0.000374250,0.360839,0.0,0.000000
0.000374500,0.361014,0.0,0.000000
0.000374750,0.361189,0.0,0.000000
0.000375000,0.361364,0.0,0.000000
0.000375250,0.361538,0.0,0.000000
0.000375500,0.361713,0.0,0.000000
0.000375750,0.361888,0.0,0.000000
0.000376000,0.362062,0.0,0.000000
0.000376250,0.362237,0.0,0.000000
0.000376500,0.362411,0.0,0.000000
0.000376750,0.362586,0.0,0.000000
0.000377000,0.362761,0.0,0.000000
0.000377250,0.362935,0.0,0.000000
0.000377500,0.363109,0.0,0.000000
0.000377750,0.363284,0.0,0.000000
0.000378000,0.363458,0.0,0.000000
0.000378250,0.363632,0.0,0.000000
0.000378500,0.363807,0.0,0.000000
0.000378750,0.363981,0.0,0.000000
0.000379000,0.364155,0.0,0.000000
0.000379250,0.364329,0.0,0.000000
0.000379500,0.364503,0.0,0.000000
0.000379750,0.364677,0.0,0.000000
0.000380000,0.364851,0.0,0.000000
0.000380250,0.365025,0.0,0.000000
0.000380500,0.365199,0.0,0.000000
0.000380750,0.365373,0.0,0.000000
0.000381000,0.365547,0.0,0.000000
0.000381250,0.365721,0.0,0.000000
0.000381500,0.365895,0.0,0.000000
0.000381750,0.366069,0.0,0.000000
0.000382000,0.366242,0.0,0.000000
0.000382250,0.366416,0.0,0.000000
0.000382500,0.366590,0.0,0.000000
0.000382750,0.366764,0.0,0.000000
0.000383000,0.366937,0.0,0.000000
0.000383250,0.367111,0.0,0.000000
0.000383500,0.367284,0.0,0.000000
0.000383750,0.367458,0.0,0.000000
0.000384000,0.367631,0.0,0.000000
0.000384250,0.367805,0.0,0.000000
0.000384500,0.367978,0.0,0.000000
0.000384750,0.368151,0.0,0.000000
0.000385000,0.368325,0.0,0.000000
0.000385250,0.368498,0.0,0.000000
0.000385500,0.368671,0.0,0.000000
0.000385750,0.368844,0.0,0.000000
0.000386000,0.369018,0.0,0.000000
0.000386250,0.369191,0.0,0.000000
0.000386500,0.369364,0.0,0.000000
0.000386750,0.369537,0.0,0.000000
0.000387000,0.369710,0.0,0.000000
0.000387250,0.369883,0.0,0.000000
0.000387500,0.370056,0.0,0.000000
0.000387750,0.370229,0.0,0.000000
0.000388000,0.370402,0.0,0.000000
0.000388250,0.370575,0.0,0.000000
0.000388500,0.370747,0.0,0.000000
0.000388750,0.370920,0.0,0.000000
0.000389000,0.371093,0.0,0.000000
0.000389250,0.371266,0.0,0.000000
0.000389500,0.371438,0.0,0.000000
0.000389750,0.371611,0.0,0.000000
0.000390000,0.371783,0.0,0.000000
0.000390250,0.371956,0.0,0.000000
0.000390500,0.372129,0.0,0.000000
0.000390750,0.372301,0.0,0.000000
0.000391000,0.372474,0.0,0.000000
0.000391250,0.372646,0.0,0.000000
0.000391500,0.372818,0.0,0.000000
0.000391750,0.372991,0.0,0.000000
0.000392000,0.373163,0.0,0.000000
0.000392250,0.373335,0.0,0.000000
0.000392500,0.373507,0.0,0.000000
0.000392750,0.373680,0.0,0.000000
0.000393000,0.373852,0.0,0.000000
0.000393250,0.374024,0.0,0.000000
0.000393500,0.374196,0.0,0.000000
0.000393750,0.374368,0.0,0.000000
0.000394000,0.374540,0.0,0.000000
0.000394250,0.374712,0.0,0.000000
0.000394500,0.374884,0.0,0.000000
0.000394750,0.375056,0.0,0.000000
0.000395000,0.375228,0.0,0.000000
0.000395250,0.375400,0.0,0.000000
0.000395500,0.375572,0.0,0.000000
0.000395750,0.375743,0.0,0.000000
0.000396000,0.375915,0.0,0.000000
0.000396250,0.376087,0.0,0.000000
0.000396500,0.376258,0.0,0.000000
0.000396750,0.376430,0.0,0.000000
0.000397000,0.376602,0.0,0.000000
0.000397250,0.376773,0.0,0.000000
0.000397500,0.376945,0.0,0.000000
0.000397750,0.377116,0.0,0.000000
0.000398000,0.377288,0.0,0.000000
0.000398250,0.377459,0.0,0.000000
0.000398500,0.377631,0.0,0.000000
0.000398750,0.377802,0.0,0.000000
0.000399000,0.377973,0.0,0.000000
0.000399250,0.378144,0.0,0.000000
0.000399500,0.378316,0.0,0.000000
0.000399750,0.378487,0.0,0.000000
0.000400000,0.378658,0.0,0.000000
0.000400250,0.378829,0.0,0.000000
0.000400500,0.379000,0.0,0.000000
0.000400750,0.379171,0.0,0.000000
0.000401000,0.379342,0.0,0.000000
0.000401250,0.379513,0.0,0.000000
0.000401500,0.379684,0.0,0.000000
0.000401750,0.379855,0.0,0.000000
0.000402000,0.380026,0.0,0.000000
0.000402250,0.380197,0.0,0.000000
0.000402500,0.380368,0.0,0.000000
0.000402750,0.380538,0.0,0.000000
0.000403000,0.380709,0.0,0.000000
0.000403250,0.380880,0.0,0.000000
0.000403500,0.381051,0.0,0.000000
0.000403750,0.381221,0.0,0.000000
0.000404000,0.381392,0.0,0.000000
0.000404250,0.381562,0.0,0.000000
0.000404500,0.381733,0.0,0.000000
0.000404750,0.381903,0.0,0.000000
0.000405000,0.382074,0.0,0.000000
0.000405250,0.382244,0.0,0.000000
0.000405500,0.382415,0.0,0.000000
0.000405750,0.382585,0.0,0.000000
0.000406000,0.382755,0.0,0.000000
0.000406250,0.382926,0.0,0.000000
0.000406500,0.383096,0.0,0.000000
0.000406750,0.383266,0.0,0.000000
0.000407000,0.383436,0.0,0.000000
0.000407250,0.383606,0.0,0.000000
0.000407500,0.383776,0.0,0.000000
0.000407750,0.383947,0.0,0.000000
0.000408000,0.384117,0.0,0.000000
0.000408250,0.384287,0.0,0.000000
0.000408500,0.384456,0.0,0.000000
0.000408750,0.384626,0.0,0.000000
0.000409000,0.384796,0.0,0.000000
0.000409250,0.384966,0.0,0.000000
0.000409500,0.385136,0.0,0.000000
0.000409750,0.385306,0.0,0.000000
0.000410000,0.385475,0.0,0.000000
0.000410250,0.385645,0.0,0.000000
0.000410500,0.385815,0.0,0.000000
0.000410750,0.385985,0.0,0.000000
0.000411000,0.386154,0.0,0.000000
0.000411250,0.386324,0.0,0.000000
0.000411500,0.386493,0.0,0.000000
0.000411750,0.386663,0.0,0.000000
0.000412000,0.386832,0.0,0.000000
0.000412250,0.387002,0.0,0.000000
0.000412500,0.387171,0.0,0.000000
0.000412750,0.387340,0.0,0.000000
0.000413000,0.387510,0.0,0.000000
0.000413250,0.387679,0.0,0.000000
0.000413500,0.387848,0.0,0.000000
0.000413750,0.388017,0.0,0.000000
0.000414000,0.388187,0.0,0.000000
0.000414250,0.388356,0.0,0.000000
0.000414500,0.388525,0.0,0.000000
0.000414750,0.388694,0.0,0.000000
0.000415000,0.388863,0.0,0.000000
0.000415250,0.389032,0.0,0.000000
0.000415500,0.389201,0.0,0.000000
0.000415750,0.389370,0.0,0.000000
0.000416000,0.389539,0.0,0.000000
0.000416250,0.389708,0.0,0.000000
0.000416500,0.389876,0.0,0.000000
0.000416750,0.390045,0.0,0.000000
0.000417000,0.390214,0.0,0.000000
0.000417250,0.390383,0.0,0.000000
0.000417500,0.390551,0.0,0.000000
0.000417750,0.390720,0.0,0.000000
0.000418000,0.390889,0.0,0.000000
0.000418250,0.391057,0.0,0.000000
0.000418500,0.391226,0.0,0.000000
0.000418750,0.391394,0.0,0.000000
0.000419000,0.391563,0.0,0.000000
0.000419250,0.391731,0.0,0.000000
0.000419500,0.391900,0.0,0.000000
0.000419750,0.392068,0.0,0.000000
0.000420000,0.392236,0.0,0.000000
0.000420250,0.392405,0.0,0.000000
0.000420500,0.392573,0.0,0.000000
0.000420750,0.392741,0.0,0.000000
0.000421000,0.392909,0.0,0.000000
0.000421250,0.393078,0.0,0.000000
0.000421500,0.393246,0.0,0.000000
0.000421750,0.393414,0.0,0.000000
0.000422000,0.393582,0.0,0.000000
0.000422250,0.393750,0.0,0.000000
0.000422500,0.393918,0.0,0.000000
0.000422750,0.394086,0.0,0.000000
0.000423000,0.394254,0.0,0.000000
0.000423250,0.394422,0.0,0.000000
0.000423500,0.394589,0.0,0.000000
0.000423750,0.394757,0.0,0.000000
0.000424000,0.394925,0.0,0.000000
0.000424250,0.395093,0.0,0.000000
0.000424500,0.395260,0.0,0.000000
0.000424750,0.395428,0.0,0.000000
0.000425000,0.395596,0.0,0.000000
0.000425250,0.395763,0.0,0.000000
0.000425500,0.395931,0.0,0.000000
0.000425750,0.396098,0.0,0.000000
0.000426000,0.396266,0.0,0.000000
0.000426250,0.396433,0.0,0.000000
0.000426500,0.396601,0.0,0.000000
0.000426750,0.396768,0.0,0.000000
0.000427000,0.396936,0.0,0.000000
0.000427250,0.397103,0.0,0.000000
0.000427500,0.397270,0.0,0.000000
0.000427750,0.397437,0.0,0.000000
0.000428000,0.397605,0.0,0.000000
0.000428250,0.397772,0.0,0.000000
0.000428500,0.397939,0.0,0.000000
0.000428750,0.398106,0.0,0.000000
0.000429000,0.398273,0.0,0.000000
0.000429250,0.398440,0.0,0.000000
0.000429500,0.398607,0.0,0.000000
0.000429750,0.398774,0.0,0.000000
0.000430000,0.398941,0.0,0.000000
0.000430250,0.399108,0.0,0.000000
0.000430500,0.399275,0.0,0.000000
0.000430750,0.399442,0.0,0.000000
0.000431000,0.399609,0.0,0.000000
0.000431250,0.399775,0.0,0.000000
0.000431500,0.399942,0.0,0.000000
0.000431750,0.400109,0.0,0.000000
0.000432000,0.400275,0.0,0.000000
0.000432250,0.400442,0.0,0.000000
0.000432500,0.400609,0.0,0.000000
0.000432750,0.400775,0.0,0.000000
0.000433000,0.400942,0.0,0.000000
0.000433250,0.401108,0.0,0.000000
0.000433500,0.401275,0.0,0.000000
0.000433750,0.401441,0.0,0.000000
0.000434000,0.401607,0.0,0.000000
0.000434250,0.401774,0.0,0.000000
0.000434500,0.401940,0.0,0.000000
0.000434750,0.402106,0.0,0.000000
0.000435000,0.402273,0.0,0.000000
0.000435250,0.402439,0.0,0.000000
0.000435500,0.402605,0.0,0.000000
0.000435750,0.402771,0.0,0.000000
0.000436000,0.402937,0.0,0.000000
0.000436250,0.403103,0.0,0.000000
0.000436500,0.403269,0.0,0.000000
0.000436750,0.403435,0.0,0.000000
0.000437000,0.403601,0.0,0.000000
0.000437250,0.403767,0.0,0.000000
0.000437500,0.403933,0.0,0.000000
0.000437750,0.404099,0.0,0.000000
0.000438000,0.404265,0.0,0.000000
0.000438250,0.404431,0.0,0.000000
0.000438500,0.404596,0.0,0.000000
0.000438750,0.404762,0.0,0.000000
0.000439000,0.404928,0.0,0.000000
0.000439250,0.405094,0.0,0.000000
0.000439500,0.405259,0.0,0.000000
0.000439750,0.405425,0.0,0.000000
0.000440000,0.405590,0.0,0.000000
0.000440250,0.405756,0.0,0.000000
0.000440500,0.405921,0.0,0.000000
0.000440750,0.406087,0.0,0.000000
0.000441000,0.406252,0.0,0.000000
0.000441250,0.406418,0.0,0.000000
0.000441500,0.406583,0.0,0.000000
0.000441750,0.406748,0.0,0.000000
0.000442000,0.406914,0.0,0.000000
0.000442250,0.407079,0.0,0.000000
0.000442500,0.407244,0.0,0.000000
0.000442750,0.407409,0.0,0.000000
0.000443000,0.407574,0.0,0.000000
0.000443250,0.407739,0.0,0.000000
0.000443500,0.407904,0.0,0.000000
0.000443750,0.408070,0.0,0.000000
0.000444000,0.408235,0.0,0.000000
0.000444250,0.408399,0.0,0.000000
0.000444500,0.408564,0.0,0.000000
0.000444750,0.408729,0.0,0.000000
0.000445000,0.408894,0.0,0.000000
0.000445250,0.409059,0.0,0.000000
0.000445500,0.409224,0.0,0.000000
0.000445750,0.409389,0.0,0.000000
0.000446000,0.409553,0.0,0.000000
0.000446250,0.409718,0.0,0.000000
0.000446500,0.409883,0.0,0.000000
0.000446750,0.410047,0.0,0.000000
0.000447000,0.410212,0.0,0.000000
0.000447250,0.410376,0.0,0.000000
0.000447500,0.410541,0.0,0.000000
0.000447750,0.410705,0.0,0.000000
0.000448000,0.410870,0.0,0.000000
0.000448250,0.411034,0.0,0.000000
0.000448500,0.411199,0.0,0.000000
0.000448750,0.411363,0.0,0.000000
0.000449000,0.411527,0.0,0.000000
0.000449250,0.411692,0.0,0.000000
0.000449500,0.411856,0.0,0.000000
0.000449750,0.412020,0.0,0.000000
0.000450000,0.412184,0.0,0.000000
0.000450250,0.412348,0.0,0.000000
0.000450500,0.412513,0.0,0.000000
0.000450750,0.412677,0.0,0.000000
0.000451000,0.412841,0.0,0.000000
0.000451250,0.413005,0.0,0.000000
0.000451500,0.413169,0.0,0.000000
0.000451750,0.413333,0.0,0.000000
0.000452000,0.413497,0.0,0.000000
0.000452250,0.413660,0.0,0.000000
0.000452500,0.413824,0.0,0.000000
0.000452750,0.413988,0.0,0.000000
0.000453000,0.414152,0.0,0.000000
0.000453250,0.414316,0.0,0.000000
0.000453500,0.414479,0.0,0.000000
0.000453750,0.414643,0.0,0.000000
0.000454000,0.414807,0.0,0.000000
0.000454250,0.414970,0.0,0.000000
0.000454500,0.415134,0.0,0.000000
0.000454750,0.415297,0.0,0.000000
0.000455000,0.415461,0.0,0.000000
0.000455250,0.415624,0.0,0.000000
0.000455500,0.415788,0.0,0.000000
0.000455750,0.415951,0.0,0.000000
0.000456000,0.416114,0.0,0.000000
0.000456250,0.416278,0.0,0.000000
0.000456500,0.416441,0.0,0.000000
0.000456750,0.416604,0.0,0.000000
0.000457000,0.416768,0.0,0.000000
0.000457250,0.416931,0.0,0.000000
0.000457500,0.417094,0.0,0.000000
0.000457750,0.417257,0.0,0.000000
0.000458000,0.417420,0.0,0.000000
0.000458250,0.417583,0.0,0.000000
0.000458500,0.417746,0.0,0.000000
0.000458750,0.417909,0.0,0.000000
0.000459000,0.418072,0.0,0.000000
0.000459250,0.418235,0.0,0.000000
0.000459500,0.418398,0.0,0.000000
0.000459750,0.418561,0.0,0.000000
0.000460000,0.418724,0.0,0.000000
0.000460250,0.418886,0.0,0.000000
0.000460500,0.419049,0.0,0.000000
0.000460750,0.419212,0.0,0.000000
0.000461000,0.419375,0.0,0.000000
0.000461250,0.419537,0.0,0.000000
0.000461500,0.419700,0.0,0.000000
0.000461750,0.419862,0.0,0.000000
0.000462000,0.420025,0.0,0.000000
0.000462250,0.420187,0.0,0.000000
0.000462500,0.420350,0.0,0.000000
0.000462750,0.420512,0.0,0.000000
0.000463000,0.420675,0.0,0.000000
0.000463250,0.420837,0.0,0.000000
0.000463500,0.420999,0.0,0.000000
0.000463750,0.421162,0.0,0.000000
0.000464000,0.421324,0.0,0.000000
0.000464250,0.421486,0.0,0.000000
0.000464500,0.421649,0.0,0.000000
0.000464750,0.421811,0.0,0.000000
0.000465000,0.421973,0.0,0.000000
0.000465250,0.422135,0.0,0.000000
0.000465500,0.422297,0.0,0.000000
0.000465750,0.422459,0.0,0.000000
0.000466000,0.422621,0.0,0.000000
0.000466250,0.422783,0.0,0.000000
0.000466500,0.422945,0.0,0.000000
0.000466750,0.423107,0.0,0.000000
0.000467000,0.423269,0.0,0.000000
0.000467250,0.423431,0.0,0.000000
0.000467500,0.423592,0.0,0.000000
0.000467750,0.423754,0.0,0.000000
0.000468000,0.423916,0.0,0.000000
0.000468250,0.424078,0.0,0.000000
0.000468500,0.424239,0.0,0.000000
0.000468750,0.424401,0.0,0.000000
0.000469000,0.424563,0.0,0.000000
0.000469250,0.424724,0.0,0.000000
0.000469500,0.424886,0.0,0.000000
0.000469750,0.425047,0.0,0.000000
0.000470000,0.425209,0.0,0.000000
0.000470250,0.425370,0.0,0.000000
0.000470500,0.425531,0.0,0.000000
0.000470750,0.425693,0.0,0.000000
0.000471000,0.425854,0.0,0.000000
0.000471250,0.426015,0.0,0.000000
0.000471500,0.426177,0.0,0.000000
0.000471750,0.426338,0.0,0.000000
0.000472000,0.426499,0.0,0.000000
0.000472250,0.426660,0.0,0.000000
0.000472500,0.426821,0.0,0.000000
0.000472750,0.426983,0.0,0.000000
0.000473000,0.427144,0.0,0.000000
0.000473250,0.427305,0.0,0.000000
0.000473500,0.427466,0.0,0.000000
0.000473750,0.427627,0.0,0.000000
0.000474000,0.427787,0.0,0.000000
0.000474250,0.427948,0.0,0.000000
0.000474500,0.428109,0.0,0.000000
0.000474750,0.428270,0.0,0.000000
0.000475000,0.428431,0.0,0.000000
0.000475250,0.428592,0.0,0.000000
0.000475500,0.428752,0.0,0.000000
0.000475750,0.428913,0.0,0.000000
0.000476000,0.429074,0.0,0.000000
0.000476250,0.429234,0.0,0.000000
0.000476500,0.429395,0.0,0.000000
0.000476750,0.429556,0.0,0.000000
0.000477000,0.429716,0.0,0.000000
0.000477250,0.429877,0.0,0.000000
0.000477500,0.430037,0.0,0.000000
0.000477750,0.430197,0.0,0.000000
0.000478000,0.430358,0.0,0.000000
0.000478250,0.430518,0.0,0.000000
0.000478500,0.430679,0.0,0.000000
0.000478750,0.430839,0.0,0.000000
0.000479000,0.430999,0.0,0.000000
0.000479250,0.431159,0.0,0.000000
0.000479500,0.431319,0.0,0.000000
0.000479750,0.431480,0.0,0.000000
0.000480000,0.431640,0.0,0.000000
0.000480250,0.431800,0.0,0.000000
0.000480500,0.431960,0.0,0.000000
0.000480750,0.432120,0.0,0.000000
0.000481000,0.432280,0.0,0.000000
0.000481250,0.432440,0.0,0.000000
0.000481500,0.432600,0.0,0.000000
0.000481750,0.432760,0.0,0.000000
0.000482000,0.432920,0.0,0.000000
0.000482250,0.433079,0.0,0.000000
0.000482500,0.433239,0.0,0.000000
0.000482750,0.433399,0.0,0.000000
0.000483000,0.433559,0.0,0.000000
0.000483250,0.433718,0.0,0.000000
0.000483500,0.433878,0.0,0.000000
0.000483750,0.434038,0.0,0.000000
0.000484000,0.434197,0.0,0.000000
0.000484250,0.434357,0.0,0.000000
0.000484500,0.434516,0.0,0.000000
0.000484750,0.434676,0.0,0.000000
0.000485000,0.434835,0.0,0.000000
0.000485250,0.434995,0.0,0.000000
0.000485500,0.435154,0.0,0.000000
0.000485750,0.435313,0.0,0.000000
0.000486000,0.435473,0.0,0.000000
0.000486250,0.435632,0.0,0.000000
0.000486500,0.435791,0.0,0.000000
0.000486750,0.435951,0.0,0.000000
0.000487000,0.436110,0.0,0.000000
0.000487250,0.436269,0.0,0.000000
0.000487500,0.436428,0.0,0.000000
0.000487750,0.436587,0.0,0.000000
0.000488000,0.436746,0.0,0.000000
0.000488250,0.436905,0.0,0.000000
0.000488500,0.437064,0.0,0.000000
0.000488750,0.437223,0.0,0.000000
0.000489000,0.437382,0.0,0.000000
0.000489250,0.437541,0.0,0.000000
0.000489500,0.437700,0.0,0.000000
0.000489750,0.437859,0.0,0.000000
0.000490000,0.438018,0.0,0.000000
0.000490250,0.438176,0.0,0.000000
0.000490500,0.438335,0.0,0.000000
0.000490750,0.438494,0.0,0.000000
0.000491000,0.438652,0.0,0.000000
0.000491250,0.438811,0.0,0.000000
0.000491500,0.438970,0.0,0.000000
0.000491750,0.439128,0.0,0.000000
0.000492000,0.439287,0.0,0.000000
0.000492250,0.439445,0.0,0.000000
0.000492500,0.439604,0.0,0.000000
0.000492750,0.439762,0.0,0.000000
0.000493000,0.439921,0.0,0.000000
0.000493250,0.440079,0.0,0.000000
0.000493500,0.440237,0.0,0.000000
0.000493750,0.440396,0.0,0.000000
0.000494000,0.440554,0.0,0.000000
0.000494250,0.440712,0.0,0.000000
0.000494500,0.440870,0.0,0.000000
0.000494750,0.441028,0.0,0.000000
0.000495000,0.441187,0.0,0.000000
0.000495250,0.441345,0.0,0.000000
0.000495500,0.441503,0.0,0.000000
0.000495750,0.441661,0.0,0.000000
0.000496000,0.441819,0.0,0.000000
0.000496250,0.441977,0.0,0.000000
0.000496500,0.442135,0.0,0.000000
0.000496750,0.442293,0.0,0.000000
0.000497000,0.442450,0.0,0.000000
0.000497250,0.442608,0.0,0.000000
0.000497500,0.442766,0.0,0.000000
0.000497750,0.442924,0.0,0.000000
0.000498000,0.443082,0.0,0.000000
0.000498250,0.443239,0.0,0.000000
0.000498500,0.443397,0.0,0.000000
0.000498750,0.443555,0.0,0.000000
0.000499000,0.443712,0.0,0.000000
0.000499250,0.443870,0.0,0.000000
0.000499500,0.444027,0.0,0.000000
0.000499750,0.444185,0.0,0.000000
0.000500000,0.444342,0.0,0.000000
0.000500250,0.444500,0.0,0.000000
0.000500500,0.444657,0.0,0.000000
0.000500750,0.444815,0.0,0.000000
0.000501000,0.444972,0.0,0.000000
0.000501250,0.445129,0.0,0.000000
0.000501500,0.445287,0.0,0.000000
0.000501750,0.445444,0.0,0.000000
0.000502000,0.445601,0.0,0.000000
0.000502250,0.445758,0.0,0.000000
0.000502500,0.445915,0.0,0.000000
0.000502750,0.446072,0.0,0.000000
0.000503000,0.446230,0.0,0.000000
0.000503250,0.446387,0.0,0.000000
0.000503500,0.446544,0.0,0.000000
0.000503750,0.446701,0.0,0.000000
0.000504000,0.446858,0.0,0.000000
0.000504250,0.447015,0.0,0.000000
0.000504500,0.447171,0.0,0.000000
0.000504750,0.447328,0.0,0.000000
0.000505000,0.447485,0.0,0.000000
0.000505250,0.447642,0.0,0.000000
0.000505500,0.447799,0.0,0.000000
0.000505750,0.447955,0.0,0.000000
0.000506000,0.448112,0.0,0.000000
0.000506250,0.448269,0.0,0.000000
0.000506500,0.448425,0.0,0.000000
0.000506750,0.448582,0.0,0.000000
0.000507000,0.448739,0.0,0.000000
0.000507250,0.448895,0.0,0.000000
0.000507500,0.449052,0.0,0.000000
0.000507750,0.449208,0.0,0.000000
0.000508000,0.449364,0.0,0.000000
0.000508250,0.449521,0.0,0.000000
0.000508500,0.449677,0.0,0.000000
0.000508750,0.449834,0.0,0.000000
0.000509000,0.449990,0.0,0.000000
0.000509250,0.450146,0.0,0.000000
0.000509500,0.450302,0.0,0.000000
0.000509750,0.450459,0.0,0.000000
0.000510000,0.450615,0.0,0.000000
0.000510250,0.450771,0.0,0.000000
0.000510500,0.450927,0.0,0.000000
0.000510750,0.451083,0.0,0.000000
0.000511000,0.451239,0.0,0.000000
0.000511250,0.451395,0.0,0.000000
0.000511500,0.451551,0.0,0.000000
0.000511750,0.451707,0.0,0.000000
0.000512000,0.451863,0.0,0.000000
0.000512250,0.452019,0.0,0.000000
0.000512500,0.452175,0.0,0.000000
0.000512750,0.452330,0.0,0.000000
0.000513000,0.452486,0.0,0.000000
0.000513250,0.452642,0.0,0.000000
0.000513500,0.452798,0.0,0.000000
0.000513750,0.452953,0.0,0.000000
0.000514000,0.453109,0.0,0.000000
0.000514250,0.453265,0.0,0.000000
0.000514500,0.453420,0.0,0.000000
0.000514750,0.453576,0.0,0.000000
0.000515000,0.453731,0.0,0.000000
0.000515250,0.453887,0.0,0.000000
0.000515500,0.454042,0.0,0.000000
0.000515750,0.454198,0.0,0.000000
0.000516000,0.454353,0.0,0.000000
0.000516250,0.454509,0.0,0.000000
0.000516500,0.454664,0.0,0.000000
0.000516750,0.454819,0.0,0.000000
0.000517000,0.454974,0.0,0.000000
0.000517250,0.455130,0.0,0.000000
0.000517500,0.455285,0.0,0.000000
0.000517750,0.455440,0.0,0.000000
0.000518000,0.455595,0.0,0.000000
0.000518250,0.455750,0.0,0.000000
0.000518500,0.455905,0.0,0.000000
0.000518750,0.456060,0.0,0.000000
0.000519000,0.456215,0.0,0.000000
0.000519250,0.456370,0.0,0.000000
0.000519500,0.456525,0.0,0.000000
0.000519750,0.456680,0.0,0.000000
0.000520000,0.456835,0.0,0.000000
0.000520250,0.456990,0.0,0.000000
0.000520500,0.457145,0.0,0.000000
0.000520750,0.457300,0.0,0.000000
0.000521000,0.457454,0.0,0.000000
0.000521250,0.457609,0.0,0.000000
0.000521500,0.457764,0.0,0.000000
0.000521750,0.457918,0.0,0.000000
0.000522000,0.458073,0.0,0.000000
0.000522250,0.458227,0.0,0.000000
0.000522500,0.458382,0.0,0.000000
0.000522750,0.458537,0.0,0.000000
0.000523000,0.458691,0.0,0.000000
0.000523250,0.458846,0.0,0.000000
0.000523500,0.459000,0.0,0.000000
0.000523750,0.459154,0.0,0.000000
0.000524000,0.459309,0.0,0.000000
0.000524250,0.459463,0.0,0.000000
0.000524500,0.459617,0.0,0.000000
0.000524750,0.459772,0.0,0.000000
0.000525000,0.459926,0.0,0.000000
0.000525250,0.460080,0.0,0.000000
0.000525500,0.460234,0.0,0.000000
0.000525750,0.460388,0.0,0.000000
0.000526000,0.460542,0.0,0.000000
0.000526250,0.460697,0.0,0.000000
0.000526500,0.460851,0.0,0.000000
0.000526750,0.461005,0.0,0.000000
0.000527000,0.461159,0.0,0.000000
0.000527250,0.461313,0.0,0.000000
0.000527500,0.461466,0.0,0.000000
0.000527750,0.461620,0.0,0.000000
0.000528000,0.461774,0.0,0.000000
0.000528250,0.461928,0.0,0.000000
0.000528500,0.462082,0.0,0.000000
0.000528750,0.462235,0.0,0.000000
0.000529000,0.462389,0.0,0.000000
0.000529250,0.462543,0.0,0.000000
0.000529500,0.462697,0.0,0.000000
0.000529750,0.462850,0.0,0.000000
0.000530000,0.463004,0.0,0.000000
0.000530250,0.463157,0.0,0.000000
0.000530500,0.463311,0.0,0.000000
0.000530750,0.463464,0.0,0.000000
0.000531000,0.463618,0.0,0.000000
0.000531250,0.463771,0.0,0.000000
0.000531500,0.463925,0.0,0.000000
0.000531750,0.464078,0.0,0.000000
0.000532000,0.464231,0.0,0.000000
0.000532250,0.464385,0.0,0.000000
0.000532500,0.464538,0.0,0.000000
0.000532750,0.464691,0.0,0.000000
0.000533000,0.464844,0.0,0.000000
0.000533250,0.464998,0.0,0.000000
0.000533500,0.465151,0.0,0.000000
0.000533750,0.465304,0.0,0.000000
0.000534000,0.465457,0.0,0.000000
0.000534250,0.465610,0.0,0.000000
0.000534500,0.465763,0.0,0.000000
0.000534750,0.465916,0.0,0.000000
0.000535000,0.466069,0.0,0.000000
0.000535250,0.466222,0.0,0.000000
0.000535500,0.466375,0.0,0.000000
0.000535750,0.466528,0.0,0.000000
0.000536000,0.466680,0.0,0.000000
0.000536250,0.466833,0.0,0.000000
0.000536500,0.466986,0.0,0.000000
0.000536750,0.467139,0.0,0.000000
0.000537000,0.467291,0.0,0.000000
0.000537250,0.467444,0.0,0.000000
0.000537500,0.467597,0.0,0.000000
0.000537750,0.467749,0.0,0.000000
0.000538000,0.467902,0.0,0.000000
0.000538250,0.468054,0.0,0.000000
0.000538500,0.468207,0.0,0.000000
0.000538750,0.468359,0.0,0.000000
0.000539000,0.468512,0.0,0.000000
0.000539250,0.468664,0.0,0.000000
0.000539500,0.468817,0.0,0.000000
0.000539750,0.468969,0.0,0.000000
0.000540000,0.469121,0.0,0.000000
0.000540250,0.469274,0.0,0.000000
0.000540500,0.469426,0.0,0.000000
0.000540750,0.469578,0.0,0.000000
0.000541000,0.469730,0.0,0.000000
0.000541250,0.469882,0.0,0.000000
0.000541500,0.470035,0.0,0.000000
0.000541750,0.470187,0.0,0.000000
0.000542000,0.470339,0.0,0.000000
0.000542250,0.470491,0.0,0.000000
0.000542500,0.470643,0.0,0.000000
0.000542750,0.470795,0.0,0.000000
0.000543000,0.470947,0.0,0.000000
0.000543250,0.471098,0.0,0.000000
0.000543500,0.471250,0.0,0.000000
0.000543750,0.471402,0.0,0.000000
0.000544000,0.471554,0.0,0.000000
0.000544250,0.471706,0.0,0.000000
0.000544500,0.471858,0.0,0.000000
0.000544750,0.472009,0.0,0.000000
0.000545000,0.472161,0.0,0.000000
0.000545250,0.472313,0.0,0.000000
0.000545500,0.472464,0.0,0.000000
0.000545750,0.472616,0.0,0.000000
0.000546000,0.472767,0.0,0.000000
0.000546250,0.472919,0.0,0.000000
0.000546500,0.473070,0.0,0.000000
0.000546750,0.473222,0.0,0.000000
0.000547000,0.473373,0.0,0.000000
0.000547250,0.473525,0.0,0.000000
0.000547500,0.473676,0.0,0.000000
0.000547750,0.473827,0.0,0.000000
0.000548000,0.473979,0.0,0.000000
0.000548250,0.474130,0.0,0.000000
0.000548500,0.474281,0.0,0.000000
0.000548750,0.474432,0.0,0.000000
0.000549000,0.474584,0.0,0.000000
0.000549250,0.474735,0.0,0.000000
0.000549500,0.474886,0.0,0.000000
0.000549750,0.475037,0.0,0.000000
0.000550000,0.475188,0.0,0.000000
0.000550250,0.475339,0.0,0.000000
0.000550500,0.475490,0.0,0.000000
0.000550750,0.475641,0.0,0.000000
0.000551000,0.475792,0.0,0.000000
0.000551250,0.475943,0.0,0.000000
0.000551500,0.476094,0.0,0.000000
0.000551750,0.476244,0.0,0.000000
0.000552000,0.476395,0.0,0.000000
0.000552250,0.476546,0.0,0.000000
0.000552500,0.476697,0.0,0.000000
0.000552750,0.476847,0.0,0.000000
0.000553000,0.476998,0.0,0.000000
0.000553250,0.477149,0.0,0.000000
0.000553500,0.477299,0.0,0.000000
0.000553750,0.477450,0.0,0.000000
0.000554000,0.477601,0.0,0.000000
0.000554250,0.477751,0.0,0.000000
0.000554500,0.477902,0.0,0.000000
0.000554750,0.478052,0.0,0.000000
0.000555000,0.478202,0.0,0.000000
0.000555250,0.478353,0.0,0.000000
0.000555500,0.478503,0.0,0.000000
0.000555750,0.478654,0.0,0.000000
0.000556000,0.478804,0.0,0.000000
0.000556250,0.478954,0.0,0.000000
0.000556500,0.479104,0.0,0.000000
0.000556750,0.479255,0.0,0.000000
0.000557000,0.479405,0.0,0.000000
0.000557250,0.479555,0.0,0.000000
0.000557500,0.479705,0.0,0.000000
0.000557750,0.479855,0.0,0.000000
0.000558000,0.480005,0.0,0.000000
0.000558250,0.480155,0.0,0.000000
0.000558500,0.480305,0.0,0.000000
0.000558750,0.480455,0.0,0.000000
0.000559000,0.480605,0.0,0.000000
0.000559250,0.480755,0.0,0.000000
0.000559500,0.480905,0.0,0.000000
0.000559750,0.481055,0.0,0.000000
0.000560000,0.481204,0.0,0.000000
0.000560250,0.481354,0.0,0.000000
0.000560500,0.481504,0.0,0.000000
0.000560750,0.481654,0.0,0.000000
0.000561000,0.481803,0.0,0.000000
0.000561250,0.481953,0.0,0.000000
0.000561500,0.482102,0.0,0.000000
0.000561750,0.482252,0.0,0.000000
0.000562000,0.482402,0.0,0.000000
0.000562250,0.482551,0.0,0.000000
0.000562500,0.482701,0.0,0.000000
0.000562750,0.482850,0.0,0.000000
0.000563000,0.483000,0.0,0.000000
0.000563250,0.483149,0.0,0.000000
0.000563500,0.483298,0.0,0.000000
0.000563750,0.483448,0.0,0.000000
0.000564000,0.483597,0.0,0.000000
0.000564250,0.483746,0.0,0.000000
0.000564500,0.483895,0.0,0.000000
0.000564750,0.484045,0.0,0.000000
0.000565000,0.484194,0.0,0.000000
0.000565250,0.484343,0.0,0.000000
0.000565500,0.484492,0.0,0.000000
0.000565750,0.484641,0.0,0.000000
0.000566000,0.484790,0.0,0.000000
0.000566250,0.484939,0.0,0.000000
0.000566500,0.485088,0.0,0.000000
0.000566750,0.485237,0.0,0.000000
0.000567000,0.485386,0.0,0.000000
0.000567250,0.485535,0.0,0.000000
0.000567500,0.485684,0.0,0.000000
0.000567750,0.485833,0.0,0.000000
0.000568000,0.485981,0.0,0.000000
0.000568250,0.486130,0.0,0.000000
0.000568500,0.486279,0.0,0.000000
0.000568750,0.486428,0.0,0.000000
0.000569000,0.486576,0.0,0.000000
0.000569250,0.486725,0.0,0.000000
0.000569500,0.486874,0.0,0.000000
0.000569750,0.487022,0.0,0.000000
0.000570000,0.487171,0.0,0.000000
0.000570250,0.487319,0.0,0.000000
0.000570500,0.487468,0.0,0.000000
0.000570750,0.487616,0.0,0.000000
0.000571000,0.487765,0.0,0.000000
0.000571250,0.487913,0.0,0.000000
0.000571500,0.488062,0.0,0.000000
0.000571750,0.488210,0.0,0.000000
0.000572000,0.488358,0.0,0.000000
0.000572250,0.488506,0.0,0.000000
0.000572500,0.488655,0.0,0.000000
0.000572750,0.488803,0.0,0.000000
0.000573000,0.488951,0.0,0.000000
0.000573250,0.489099,0.0,0.000000
0.000573500,0.489247,0.0,0.000000
0.000573750,0.489395,0.0,0.000000
0.000574000,0.489543,0.0,0.000000
0.000574250,0.489691,0.0,0.000000
0.000574500,0.489839,0.0,0.000000
0.000574750,0.489987,0.0,0.000000
0.000575000,0.490135,0.0,0.000000
0.000575250,0.490283,0.0,0.000000
0.000575500,0.490431,0.0,0.000000
0.000575750,0.490579,0.0,0.000000
0.000576000,0.490727,0.0,0.000000
0.000576250,0.490875,0.0,0.000000
0.000576500,0.491022,0.0,0.000000
0.000576750,0.491170,0.0,0.000000
0.000577000,0.491318,0.0,0.000000
0.000577250,0.491466,0.0,0.000000
0.000577500,0.491613,0.0,0.000000
0.000577750,0.491761,0.0,0.000000
0.000578000,0.491908,0.0,0.000000
0.000578250,0.492056,0.0,0.000000
0.000578500,0.492203,0.0,0.000000
0.000578750,0.492351,0.0,0.000000
0.000579000,0.492498,0.0,0.000000
0.000579250,0.492646,0.0,0.000000
0.000579500,0.492793,0.0,0.000000
0.000579750,0.492940,0.0,0.000000
0.000580000,0.493088,0.0,0.000000
0.000580250,0.493235,0.0,0.000000
0.000580500,0.493382,0.0,0.000000
0.000580750,0.493529,0.0,0.000000
0.000581000,0.493677,0.0,0.000000
0.000581250,0.493824,0.0,0.000000
0.000581500,0.493971,0.0,0.000000
0.000581750,0.494118,0.0,0.000000
0.000582000,0.494265,0.0,0.000000
0.000582250,0.494412,0.0,0.000000
0.000582500,0.494559,0.0,0.000000
0.000582750,0.494706,0.0,0.000000
0.000583000,0.494853,0.0,0.000000
0.000583250,0.495000,0.0,0.000000
0.000583500,0.495147,0.0,0.000000
0.000583750,0.495294,0.0,0.000000
0.000584000,0.495441,0.0,0.000000
0.000584250,0.495587,0.0,0.000000
0.000584500,0.495734,0.0,0.000000
0.000584750,0.495881,0.0,0.000000
0.000585000,0.496028,0.0,0.000000
0.000585250,0.496174,0.0,0.000000
0.000585500,0.496321,0.0,0.000000
0.000585750,0.496468,0.0,0.000000
0.000586000,0.496614,0.0,0.000000
0.000586250,0.496761,0.0,0.000000
0.000586500,0.496907,0.0,0.000000
0.000586750,0.497054,0.0,0.000000
0.000587000,0.497200,0.0,0.000000
0.000587250,0.497347,0.0,0.000000
0.000587500,0.497493,0.0,0.000000
0.000587750,0.497640,0.0,0.000000
0.000588000,0.497786,0.0,0.000000
0.000588250,0.497932,0.0,0.000000
0.000588500,0.498079,0.0,0.000000
0.000588750,0.498225,0.0,0.000000
0.000589000,0.498371,0.0,0.000000
0.000589250,0.498517,0.0,0.000000
0.000589500,0.498663,0.0,0.000000
0.000589750,0.498809,0.0,0.000000
0.000590000,0.498956,0.0,0.000000
0.000590250,0.499102,0.0,0.000000
0.000590500,0.499248,0.0,0.000000
0.000590750,0.499394,0.0,0.000000
0.000591000,0.499540,0.0,0.000000
0.000591250,0.499686,0.0,0.000000
0.000591500,0.499831,0.0,0.000000
0.000591750,0.499977,0.0,0.000000
0.000592000,0.500123,0.0,0.000000
0.000592250,0.500269,0.0,0.000000
0.000592500,0.500415,0.0,0.000000
0.000592750,0.500561,0.0,0.000000
0.000593000,0.500706,0.0,0.000000
0.000593250,0.500852,0.0,0.000000
0.000593500,0.500998,0.0,0.000000
0.000593750,0.501143,0.0,0.000000
0.000594000,0.501289,0.0,0.000000
0.000594250,0.501434,0.0,0.000000
0.000594500,0.501580,0.0,0.000000
0.000594750,0.501725,0.0,0.000000
0.000595000,0.501871,0.0,0.000000
0.000595250,0.502016,0.0,0.000000
0.000595500,0.502162,0.0,0.000000
0.000595750,0.502307,0.0,0.000000
0.000596000,0.502452,0.0,0.000000
0.000596250,0.502598,0.0,0.000000
0.000596500,0.502743,0.0,0.000000
0.000596750,0.502888,0.0,0.000000
0.000597000,0.503033,0.0,0.000000
0.000597250,0.503179,0.0,0.000000
0.000597500,0.503324,0.0,0.000000
0.000597750,0.503469,0.0,0.000000
0.000598000,0.503614,0.0,0.000000
0.000598250,0.503759,0.0,0.000000
0.000598500,0.503904,0.0,0.000000
0.000598750,0.504049,0.0,0.000000
0.000599000,0.504194,0.0,0.000000
0.000599250,0.504339,0.0,0.000000
0.000599500,0.504484,0.0,0.000000
0.000599750,0.504629,0.0,0.000000
0.000600000,0.504774,0.0,0.000000
0.000600250,0.504918,0.0,0.000000
0.000600500,0.505063,0.0,0.000000
0.000600750,0.505208,0.0,0.000000
0.000601000,0.505353,0.0,0.000000
0.000601250,0.505497,0.0,0.000000
0.000601500,0.505642,0.0,0.000000
0.000601750,0.505787,0.0,0.000000
0.000602000,0.505931,0.0,0.000000
0.000602250,0.506076,0.0,0.000000
0.000602500,0.506220,0.0,0.000000
0.000602750,0.506365,0.0,0.000000
0.000603000,0.506509,0.0,0.000000
0.000603250,0.506654,0.0,0.000000
0.000603500,0.506798,0.0,0.000000
0.000603750,0.506943,0.0,0.000000
0.000604000,0.507087,0.0,0.000000
0.000604250,0.507232,0.0,0.000000
0.000604500,0.507376,0.0,0.000000
0.000604750,0.507520,0.0,0.000000
0.000605000,0.507664,0.0,0.000000
0.000605250,0.507809,0.0,0.000000
0.000605500,0.507953,0.0,0.000000
0.000605750,0.508097,0.0,0.000000
0.000606000,0.508241,0.0,0.000000
0.000606250,0.508385,0.0,0.000000
0.000606500,0.508529,0.0,0.000000
0.000606750,0.508673,0.0,0.000000
0.000607000,0.508817,0.0,0.000000
0.000607250,0.508961,0.0,0.000000
0.000607500,0.509105,0.0,0.000000
0.000607750,0.509249,0.0,0.000000
0.000608000,0.509393,0.0,0.000000
0.000608250,0.509537,0.0,0.000000
0.000608500,0.509681,0.0,0.000000
0.000608750,0.509825,0.0,0.000000
0.000609000,0.509968,0.0,0.000000
0.000609250,0.510112,0.0,0.000000
0.000609500,0.510256,0.0,0.000000
0.000609750,0.510400,0.0,0.000000
0.000610000,0.510543,0.0,0.000000
0.000610250,0.510687,0.0,0.000000
0.000610500,0.510831,0.0,0.000000
0.000610750,0.510974,0.0,0.000000
0.000611000,0.511118,0.0,0.000000
0.000611250,0.511261,0.0,0.000000
0.000611500,0.511405,0.0,0.000000
0.000611750,0.511548,0.0,0.000000
0.000612000,0.511692,0.0,0.000000
0.000612250,0.511835,0.0,0.000000
0.000612500,0.511978,0.0,0.000000
0.000612750,0.512122,0.0,0.000000
0.000613000,0.512265,0.0,0.000000
0.000613250,0.512408,0.0,0.000000
0.000613500,0.512551,0.0,0.000000
0.000613750,0.512695,0.0,0.000000
0.000614000,0.512838,0.0,0.000000
0.000614250,0.512981,0.0,0.000000
0.000614500,0.513124,0.0,0.000000
0.000614750,0.513267,0.0,0.000000
0.000615000,0.513410,0.0,0.000000
0.000615250,0.513553,0.0,0.000000
0.000615500,0.513696,0.0,0.000000
0.000615750,0.513839,0.0,0.000000
0.000616000,0.513982,0.0,0.000000
0.000616250,0.514125,0.0,0.000000
0.000616500,0.514268,0.0,0.000000
0.000616750,0.514411,0.0,0.000000
0.000617000,0.514554,0.0,0.000000
0.000617250,0.514697,0.0,0.000000
0.000617500,0.514839,0.0,0.000000
0.000617750,0.514982,0.0,0.000000
0.000618000,0.515125,0.0,0.000000
0.000618250,0.515267,0.0,0.000000
0.000618500,0.515410,0.0,0.000000
0.000618750,0.515553,0.0,0.000000
0.000619000,0.515695,0.0,0.000000
0.000619250,0.515838,0.0,0.000000
0.000619500,0.515980,0.0,0.000000
0.000619750,0.516123,0.0,0.000000
0.000620000,0.516265,0.0,0.000000
0.000620250,0.516408,0.0,0.000000
0.000620500,0.516550,0.0,0.000000
0.000620750,0.516693,0.0,0.000000
0.000621000,0.516835,0.0,0.000000
0.000621250,0.516977,0.0,0.000000
0.000621500,0.517120,0.0,0.000000
0.000621750,0.517262,0.0,0.000000
0.000622000,0.517404,0.0,0.000000
0.000622250,0.517546,0.0,0.000000
0.000622500,0.517688,0.0,0.000000
0.000622750,0.517831,0.0,0.000000
0.000623000,0.517973,0.0,0.000000
0.000623250,0.518115,0.0,0.000000
0.000623500,0.518257,0.0,0.000000
0.000623750,0.518399,0.0,0.000000
0.000624000,0.518541,0.0,0.000000
0.000624250,0.518683,0.0,0.000000
0.000624500,0.518825,0.0,0.000000
0.000624750,0.518967,0.0,0.000000
0.000625000,0.519108,0.0,0.000000
0.000625250,0.519250,0.0,0.000000
0.000625500,0.519392,0.0,0.000000
0.000625750,0.519534,0.0,0.000000
0.000626000,0.519676,0.0,0.000000
0.000626250,0.519817,0.0,0.000000
0.000626500,0.519959,0.0,0.000000
0.000626750,0.520101,0.0,0.000000
0.000627000,0.520242,0.0,0.000000
0.000627250,0.520384,0.0,0.000000
0.000627500,0.520526,0.0,0.000000
0.000627750,0.520667,0.0,0.000000
0.000628000,0.520809,0.0,0.000000
0.000628250,0.520950,0.0,0.000000
0.000628500,0.521092,0.0,0.000000
0.000628750,0.521233,0.0,0.000000
0.000629000,0.521374,0.0,0.000000
0.000629250,0.521516,0.0,0.000000
0.000629500,0.521657,0.0,0.000000
0.000629750,0.521798,0.0,0.000000
0.000630000,0.521940,0.0,0.000000
0.000630250,0.522081,0.0,0.000000
0.000630500,0.522222,0.0,0.000000
0.000630750,0.522363,0.0,0.000000
0.000631000,0.522505,0.0,0.000000
0.000631250,0.522646,0.0,0.000000
0.000631500,0.522787,0.0,0.000000
0.000631750,0.522928,0.0,0.000000
0.000632000,0.523069,0.0,0.000000
0.000632250,0.523210,0.0,0.000000
0.000632500,0.523351,0.0,0.000000
0.000632750,0.523492,0.0,0.000000
0.000633000,0.523633,0.0,0.000000
0.000633250,0.523774,0.0,0.000000
0.000633500,0.523914,0.0,0.000000
0.000633750,0.524055,0.0,0.000000
0.000634000,0.524196,0.0,0.000000
0.000634250,0.524337,0.0,0.000000
0.000634500,0.524478,0.0,0.000000
0.000634750,0.524618,0.0,0.000000
0.000635000,0.524759,0.0,0.000000
0.000635250,0.524900,0.0,0.000000
0.000635500,0.525040,0.0,0.000000
0.000635750,0.525181,0.0,0.000000
0.000636000,0.525321,0.0,0.000000
0.000636250,0.525462,0.0,0.000000
0.000636500,0.525603,0.0,0.000000
0.000636750,0.525743,0.0,0.000000
0.000637000,0.525883,0.0,0.000000
0.000637250,0.526024,0.0,0.000000
0.000637500,0.526164,0.0,0.000000
0.000637750,0.526305,0.0,0.000000
0.000638000,0.526445,0.0,0.000000
0.000638250,0.526585,0.0,0.000000
0.000638500,0.526726,0.0,0.000000
0.000638750,0.526866,0.0,0.000000
0.000639000,0.527006,0.0,0.000000
0.000639250,0.527146,0.0,0.000000
0.000639500,0.527287,0.0,0.000000
0.000639750,0.527427,0.0,0.000000
0.000640000,0.527567,0.0,0.000000
0.000640250,0.527707,0.0,0.000000
0.000640500,0.527847,0.0,0.000000
0.000640750,0.527987,0.0,0.000000
0.000641000,0.528127,0.0,0.000000
0.000641250,0.528267,0.0,0.000000
0.000641500,0.528407,0.0,0.000000
0.000641750,0.528547,0.0,0.000000
0.000642000,0.528687,0.0,0.000000
0.000642250,0.528827,0.0,0.000000
0.000642500,0.528966,0.0,0.000000
0.000642750,0.529106,0.0,0.000000
0.000643000,0.529246,0.0,0.000000
0.000643250,0.529386,0.0,0.000000
0.000643500,0.529525,0.0,0.000000
0.000643750,0.529665,0.0,0.000000
0.000644000,0.529805,0.0,0.000000
0.000644250,0.529944,0.0,0.000000
0.000644500,0.530084,0.0,0.000000
0.000644750,0.530223,0.0,0.000000
0.000645000,0.530363,0.0,0.000000
0.000645250,0.530502,0.0,0.000000
0.000645500,0.530642,0.0,0.000000
0.000645750,0.530781,0.0,0.000000
0.000646000,0.530921,0.0,0.000000
0.000646250,0.531060,0.0,0.000000
0.000646500,0.531199,0.0,0.000000
0.000646750,0.531339,0.0,0.000000
0.000647000,0.531478,0.0,0.000000
0.000647250,0.531617,0.0,0.000000
0.000647500,0.531756,0.0,0.000000
0.000647750,0.531896,0.0,0.000000
0.000648000,0.532035,0.0,0.000000
0.000648250,0.532174,0.0,0.000000
0.000648500,0.532313,0.0,0.000000
0.000648750,0.532452,0.0,0.000000
0.000649000,0.532591,0.0,0.000000
0.000649250,0.532730,0.0,0.000000
0.000649500,0.532869,0.0,0.000000
0.000649750,0.533008,0.0,0.000000
0.000650000,0.533147,0.0,0.000000
0.000650250,0.533286,0.0,0.000000
0.000650500,0.533425,0.0,0.000000
0.000650750,0.533564,0.0,0.000000
0.000651000,0.533703,0.0,0.000000
0.000651250,0.533842,0.0,0.000000
0.000651500,0.533980,0.0,0.000000
0.000651750,0.534119,0.0,0.000000
0.000652000,0.534258,0.0,0.000000
0.000652250,0.534397,0.0,0.000000
0.000652500,0.534535,0.0,0.000000
0.000652750,0.534674,0.0,0.000000
0.000653000,0.534812,0.0,0.000000
0.000653250,0.534951,0.0,0.000000
0.000653500,0.535090,0.0,0.000000
0.000653750,0.535228,0.0,0.000000
0.000654000,0.535367,0.0,0.000000
0.000654250,0.535505,0.0,0.000000
0.000654500,0.535643,0.0,0.000000
0.000654750,0.535782,0.0,0.000000
0.000655000,0.535920,0.0,0.000000
0.000655250,0.536058,0.0,0.000000
0.000655500,0.536197,0.0,0.000000
0.000655750,0.536335,0.0,0.000000
0.000656000,0.536473,0.0,0.000000
0.000656250,0.536612,0.0,0.000000
0.000656500,0.536750,0.0,0.000000
0.000656750,0.536888,0.0,0.000000
0.000657000,0.537026,0.0,0.000000
0.000657250,0.537164,0.0,0.000000
0.000657500,0.537302,0.0,0.000000
0.000657750,0.537440,0.0,0.000000
0.000658000,0.537578,0.0,0.000000
0.000658250,0.537716,0.0,0.000000
0.000658500,0.537854,0.0,0.000000
0.000658750,0.537992,0.0,0.000000
0.000659000,0.538130,0.0,0.000000
0.000659250,0.538268,0.0,0.000000
0.000659500,0.538406,0.0,0.000000
0.000659750,0.538544,0.0,0.000000
0.000660000,0.538682,0.0,0.000000
0.000660250,0.538819,0.0,0.000000
0.000660500,0.538957,0.0,0.000000
0.000660750,0.539095,0.0,0.000000
0.000661000,0.539232,0.0,0.000000
0.000661250,0.539370,0.0,0.000000
0.000661500,0.539508,0.0,0.000000
0.000661750,0.539645,0.0,0.000000
0.000662000,0.539783,0.0,0.000000
0.000662250,0.539920,0.0,0.000000
0.000662500,0.540058,0.0,0.000000
0.000662750,0.540195,0.0,0.000000
0.000663000,0.540333,0.0,0.000000
0.000663250,0.540470,0.0,0.000000
0.000663500,0.540608,0.0,0.000000
0.000663750,0.540745,0.0,0.000000
0.000664000,0.540882,0.0,0.000000
0.000664250,0.541020,0.0,0.000000
0.000664500,0.541157,0.0,0.000000
0.000664750,0.541294,0.0,0.000000
0.000665000,0.541431,0.0,0.000000
0.000665250,0.541569,0.0,0.000000
0.000665500,0.541706,0.0,0.000000
0.000665750,0.541843,0.0,0.000000
0.000666000,0.541980,0.0,0.000000
0.000666250,0.542117,0.0,0.000000
0.000666500,0.542254,0.0,0.000000
0.000666750,0.542391,0.0,0.000000
0.000667000,0.542528,0.0,0.000000
0.000667250,0.542665,0.0,0.000000
0.000667500,0.542802,0.0,0.000000
0.000667750,0.542939,0.0,0.000000
0.000668000,0.543076,0.0,0.000000
0.000668250,0.543213,0.0,0.000000
0.000668500,0.543349,0.0,0.000000
0.000668750,0.543486,0.0,0.000000
0.000669000,0.543623,0.0,0.000000
0.000669250,0.543760,0.0,0.000000
0.000669500,0.543896,0.0,0.000000
0.000669750,0.544033,0.0,0.000000
0.000670000,0.544170,0.0,0.000000
0.000670250,0.544306,0.0,0.000000
0.000670500,0.544443,0.0,0.000000
0.000670750,0.544580,0.0,0.000000
0.000671000,0.544716,0.0,0.000000
0.000671250,0.544853,0.0,0.000000
0.000671500,0.544989,0.0,0.000000
0.000671750,0.545126,0.0,0.000000
0.000672000,0.545262,0.0,0.000000
0.000672250,0.545398,0.0,0.000000
0.000672500,0.545535,0.0,0.000000
0.000672750,0.545671,0.0,0.000000
0.000673000,0.545807,0.0,0.000000
0.000673250,0.545944,0.0,0.000000
0.000673500,0.546080,0.0,0.000000
0.000673750,0.546216,0.0,0.000000
0.000674000,0.546352,0.0,0.000000
0.000674250,0.546488,0.0,0.000000
0.000674500,0.546625,0.0,0.000000
0.000674750,0.546761,0.0,0.000000
0.000675000,0.546897,0.0,0.000000
0.000675250,0.547033,0.0,0.000000
0.000675500,0.547169,0.0,0.000000
0.000675750,0.547305,0.0,0.000000
0.000676000,0.547441,0.0,0.000000
0.000676250,0.547577,0.0,0.000000
0.000676500,0.547713,0.0,0.000000
0.000676750,0.547849,0.0,0.000000
0.000677000,0.547984,0.0,0.000000
0.000677250,0.548120,0.0,0.000000
0.000677500,0.548256,0.0,0.000000
0.000677750,0.548392,0.0,0.000000
0.000678000,0.548528,0.0,0.000000
0.000678250,0.548663,0.0,0.000000
0.000678500,0.548799,0.0,0.000000
0.000678750,0.548935,0.0,0.000000
0.000679000,0.549070,0.0,0.000000
0.000679250,0.549206,0.0,0.000000
0.000679500,0.549341,0.0,0.000000
0.000679750,0.549477,0.0,0.000000
0.000680000,0.549612,0.0,0.000000
0.000680250,0.549748,0.0,0.000000
0.000680500,0.549883,0.0,0.000000
0.000680750,0.550019,0.0,0.000000
0.000681000,0.550154,0.0,0.000000
0.000681250,0.550290,0.0,0.000000
0.000681500,0.550425,0.0,0.000000
0.000681750,0.550560,0.0,0.000000
0.000682000,0.550696,0.0,0.000000
0.000682250,0.550831,0.0,0.000000
0.000682500,0.550966,0.0,0.000000
0.000682750,0.551101,0.0,0.000000
0.000683000,0.551236,0.0,0.000000
0.000683250,0.551372,0.0,0.000000
0.000683500,0.551507,0.0,0.000000
0.000683750,0.551642,0.0,0.000000
0.000684000,0.551777,0.0,0.000000
0.000684250,0.551912,0.0,0.000000
0.000684500,0.552047,0.0,0.000000
0.000684750,0.552182,0.0,0.000000
0.000685000,0.552317,0.0,0.000000
0.000685250,0.552452,0.0,0.000000
0.000685500,0.552587,0.0,0.000000
0.000685750,0.552722,0.0,0.000000
0.000686000,0.552856,0.0,0.000000
0.000686250,0.552991,0.0,0.000000
0.000686500,0.553126,0.0,0.000000
0.000686750,0.553261,0.0,0.000000
0.000687000,0.553395,0.0,0.000000
0.000687250,0.553530,0.0,0.000000
0.000687500,0.553665,0.0,0.000000
0.000687750,0.553799,0.0,0.000000
0.000688000,0.553934,0.0,0.000000
0.000688250,0.554069,0.0,0.000000
0.000688500,0.554203,0.0,0.000000
0.000688750,0.554338,0.0,0.000000
0.000689000,0.554472,0.0,0.000000
0.000689250,0.554607,0.0,0.000000
0.000689500,0.554741,0.0,0.000000
0.000689750,0.554876,0.0,0.000000
0.000690000,0.555010,0.0,0.000000
0.000690250,0.555144,0.0,0.000000
0.000690500,0.555279,0.0,0.000000
0.000690750,0.555413,0.0,0.000000
0.000691000,0.555547,0.0,0.000000
0.000691250,0.555682,0.0,0.000000
0.000691500,0.555816,0.0,0.000000
0.000691750,0.555950,0.0,0.000000
0.000692000,0.556084,0.0,0.000000
0.000692250,0.556218,0.0,0.000000
0.000692500,0.556352,0.0,0.000000
0.000692750,0.556486,0.0,0.000000
0.000693000,0.556620,0.0,0.000000
0.000693250,0.556755,0.0,0.000000
0.000693500,0.556889,0.0,0.000000
0.000693750,0.557023,0.0,0.000000
0.000694000,0.557156,0.0,0.000000
0.000694250,0.557290,0.0,0.000000
0.000694500,0.557424,0.0,0.000000
0.000694750,0.557558,0.0,0.000000
0.000695000,0.557692,0.0,0.000000
0.000695250,0.557826,0.0,0.000000
0.000695500,0.557959,0.0,0.000000
0.000695750,0.558093,0.0,0.000000
0.000696000,0.558227,0.0,0.000000
0.000696250,0.558361,0.0,0.000000
0.000696500,0.558494,0.0,0.000000
0.000696750,0.558628,0.0,0.000000
0.000697000,0.558762,0.0,0.000000
0.000697250,0.558895,0.0,0.000000
0.000697500,0.559029,0.0,0.000000
0.000697750,0.559162,0.0,0.000000
0.000698000,0.559296,0.0,0.000000
0.000698250,0.559429,0.0,0.000000
0.000698500,0.559563,0.0,0.000000
0.000698750,0.559696,0.0,0.000000
0.000699000,0.559829,0.0,0.000000
0.000699250,0.559963,0.0,0.000000
0.000699500,0.560096,0.0,0.000000
0.000699750,0.560229,0.0,0.000000
0.000700000,0.560363,0.0,0.000000
0.000700250,0.560496,0.0,0.000000
0.000700500,0.560629,0.0,0.000000
0.000700750,0.560762,0.0,0.000000
0.000701000,0.560896,0.0,0.000000
0.000701250,0.561029,0.0,0.000000
0.000701500,0.561162,0.0,0.000000
0.000701750,0.561295,0.0,0.000000
0.000702000,0.561428,0.0,0.000000
0.000702250,0.561561,0.0,0.000000
0.000702500,0.561694,0.0,0.000000
0.000702750,0.561827,0.0,0.000000
0.000703000,0.561960,0.0,0.000000
0.000703250,0.562093,0.0,0.000000
0.000703500,0.562226,0.0,0.000000
0.000703750,0.562358,0.0,0.000000
0.000704000,0.562491,0.0,0.000000
0.000704250,0.562624,0.0,0.000000
0.000704500,0.562757,0.0,0.000000
0.000704750,0.562890,0.0,0.000000
0.000705000,0.563022,0.0,0.000000
0.000705250,0.563155,0.0,0.000000
0.000705500,0.563288,0.0,0.000000
0.000705750,0.563420,0.0,0.000000
0.000706000,0.563553,0.0,0.000000
0.000706250,0.563686,0.0,0.000000
0.000706500,0.563818,0.0,0.000000
0.000706750,0.563951,0.0,0.000000
0.000707000,0.564083,0.0,0.000000
0.000707250,0.564216,0.0,0.000000
0.000707500,0.564348,0.0,0.000000
0.000707750,0.564481,0.0,0.000000
0.000708000,0.564613,0.0,0.000000
0.000708250,0.564745,0.0,0.000000
0.000708500,0.564878,0.0,0.000000
0.000708750,0.565010,0.0,0.000000
0.000709000,0.565142,0.0,0.000000
0.000709250,0.565274,0.0,0.000000
0.000709500,0.565407,0.0,0.000000
0.000709750,0.565539,0.0,0.000000
0.000710000,0.565671,0.0,0.000000
0.000710250,0.565803,0.0,0.000000
0.000710500,0.565935,0.0,0.000000
0.000710750,0.566067,0.0,0.000000
0.000711000,0.566199,0.0,0.000000
0.000711250,0.566332,0.0,0.000000
0.000711500,0.566464,0.0,0.000000
0.000711750,0.566595,0.0,0.000000
0.000712000,0.566727,0.0,0.000000
0.000712250,0.566859,0.0,0.000000
0.000712500,0.566991,0.0,0.000000
0.000712750,0.567123,0.0,0.000000
0.000713000,0.567255,0.0,0.000000
0.000713250,0.567387,0.0,0.000000
0.000713500,0.567519,0.0,0.000000
0.000713750,0.567650,0.0,0.000000
0.000714000,0.567782,0.0,0.000000
0.000714250,0.567914,0.0,0.000000
0.000714500,0.568045,0.0,0.000000
0.000714750,0.568177,0.0,0.000000
0.000715000,0.568309,0.0,0.000000
0.000715250,0.568440,0.0,0.000000
0.000715500,0.568572,0.0,0.000000
0.000715750,0.568703,0.0,0.000000
0.000716000,0.568835,0.0,0.000000
0.000716250,0.568966,0.0,0.000000
0.000716500,0.569098,0.0,0.000000
0.000716750,0.569229,0.0,0.000000
0.000717000,0.569361,0.0,0.000000
0.000717250,0.569492,0.0,0.000000
0.000717500,0.569623,0.0,0.000000
0.000717750,0.569755,0.0,0.000000
0.000718000,0.569886,0.0,0.000000
0.000718250,0.570017,0.0,0.000000
0.000718500,0.570149,0.0,0.000000
0.000718750,0.570280,0.0,0.000000
0.000719000,0.570411,0.0,0.000000
0.000719250,0.570542,0.0,0.000000
0.000719500,0.570673,0.0,0.000000
0.000719750,0.570804,0.0,0.000000
0.000720000,0.570935,0.0,0.000000
0.000720250,0.571066,0.0,0.000000
0.000720500,0.571197,0.0,0.000000
0.000720750,0.571328,0.0,0.000000
0.000721000,0.571459,0.0,0.000000
0.000721250,0.571590,0.0,0.000000
0.000721500,0.571721,0.0,0.000000
0.000721750,0.571852,0.0,0.000000
0.000722000,0.571983,0.0,0.000000
0.000722250,0.572114,0.0,0.000000
0.000722500,0.572245,0.0,0.000000
0.000722750,0.572375,0.0,0.000000
0.000723000,0.572506,0.0,0.000000
0.000723250,0.572637,0.0,0.000000
0.000723500,0.572767,0.0,0.000000
0.000723750,0.572898,0.0,0.000000
0.000724000,0.573029,0.0,0.000000
0.000724250,0.573159,0.0,0.000000
0.000724500,0.573290,0.0,0.000000
0.000724750,0.573421,0.0,0.000000
0.000725000,0.573551,0.0,0.000000
0.000725250,0.573682,0.0,0.000000
0.000725500,0.573812,0.0,0.000000
0.000725750,0.573942,0.0,0.000000
0.000726000,0.574073,0.0,0.000000
0.000726250,0.574203,0.0,0.000000
0.000726500,0.574334,0.0,0.000000
0.000726750,0.574464,0.0,0.000000
0.000727000,0.574594,0.0,0.000000
0.000727250,0.574725,0.0,0.000000
0.000727500,0.574855,0.0,0.000000
0.000727750,0.574985,0.0,0.000000
0.000728000,0.575115,0.0,0.000000
0.000728250,0.575245,0.0,0.000000
0.000728500,0.575376,0.0,0.000000
0.000728750,0.575506,0.0,0.000000
0.000729000,0.575636,0.0,0.000000
0.000729250,0.575766,0.0,0.000000
0.000729500,0.575896,0.0,0.000000
0.000729750,0.576026,0.0,0.000000
0.000730000,0.576156,0.0,0.000000
0.000730250,0.576286,0.0,0.000000
0.000730500,0.576416,0.0,0.000000
0.000730750,0.576546,0.0,0.000000
0.000731000,0.576676,0.0,0.000000
0.000731250,0.576805,0.0,0.000000
0.000731500,0.576935,0.0,0.000000
0.000731750,0.577065,0.0,0.000000
0.000732000,0.577195,0.0,0.000000
0.000732250,0.577325,0.0,0.000000
0.000732500,0.577454,0.0,0.000000
0.000732750,0.577584,0.0,0.000000
0.000733000,0.577714,0.0,0.000000
0.000733250,0.577843,0.0,0.000000
0.000733500,0.577973,0.0,0.000000
0.000733750,0.578102,0.0,0.000000
0.000734000,0.578232,0.0,0.000000
0.000734250,0.578362,0.0,0.000000
0.000734500,0.578491,0.0,0.000000
0.000734750,0.578621,0.0,0.000000
0.000735000,0.578750,0.0,0.000000
0.000735250,0.578879,0.0,0.000000
0.000735500,0.579009,0.0,0.000000
0.000735750,0.579138,0.0,0.000000
0.000736000,0.579268,0.0,0.000000
0.000736250,0.579397,0.0,0.000000
0.000736500,0.579526,0.0,0.000000
0.000736750,0.579655,0.0,0.000000
0.000737000,0.579785,0.0,0.000000
0.000737250,0.579914,0.0,0.000000
0.000737500,0.580043,0.0,0.000000
0.000737750,0.580172,0.0,0.000000
0.000738000,0.580301,0.0,0.000000
0.000738250,0.580430,0.0,0.000000
0.000738500,0.580559,0.0,0.000000
0.000738750,0.580688,0.0,0.000000
0.000739000,0.580817,0.0,0.000000
0.000739250,0.580946,0.0,0.000000
0.000739500,0.581075,0.0,0.000000
0.000739750,0.581204,0.0,0.000000
0.000740000,0.581333,0.0,0.000000
0.000740250,0.581462,0.0,0.000000
0.000740500,0.581591,0.0,0.000000
0.000740750,0.581720,0.0,0.000000
0.000741000,0.581849,0.0,0.000000
0.000741250,0.581977,0.0,0.000000
0.000741500,0.582106,0.0,0.000000
0.000741750,0.582235,0.0,0.000000
0.000742000,0.582363,0.0,0.000000
0.000742250,0.582492,0.0,0.000000
0.000742500,0.582621,0.0,0.000000
0.000742750,0.582749,0.0,0.000000
0.000743000,0.582878,0.0,0.000000
0.000743250,0.583007,0.0,0.000000
0.000743500,0.583135,0.0,0.000000
0.000743750,0.583264,0.0,0.000000
0.000744000,0.583392,0.0,0.000000
0.000744250,0.583520,0.0,0.000000
0.000744500,0.583649,0.0,0.000000
0.000744750,0.583777,0.0,0.000000
0.000745000,0.583906,0.0,0.000000
0.000745250,0.584034,0.0,0.000000
0.000745500,0.584162,0.0,0.000000
0.000745750,0.584291,0.0,0.000000
0.000746000,0.584419,0.0,0.000000
0.000746250,0.584547,0.0,0.000000
0.000746500,0.584675,0.0,0.000000
0.000746750,0.584804,0.0,0.000000
0.000747000,0.584932,0.0,0.000000
0.000747250,0.585060,0.0,0.000000
0.000747500,0.585188,0.0,0.000000
0.000747750,0.585316,0.0,0.000000
0.000748000,0.585444,0.0,0.000000
0.000748250,0.585572,0.0,0.000000
0.000748500,0.585700,0.0,0.000000
0.000748750,0.585828,0.0,0.000000
0.000749000,0.585956,0.0,0.000000
0.000749250,0.586084,0.0,0.000000
0.000749500,0.586212,0.0,0.000000
0.000749750,0.586340,0.0,0.000000
0.000750000,0.586468,0.0,0.000000
0.000750250,0.586595,0.0,0.000000
0.000750500,0.586723,0.0,0.000000
0.000750750,0.586851,0.0,0.000000
0.000751000,0.586979,0.0,0.000000
0.000751250,0.587106,0.0,0.000000
0.000751500,0.587234,0.0,0.000000
0.000751750,0.587362,0.0,0.000000
0.000752000,0.587489,0.0,0.000000
0.000752250,0.587617,0.0,0.000000
0.000752500,0.587744,0.0,0.000000
0.000752750,0.587872,0.0,0.000000
0.000753000,0.587999,0.0,0.000000
0.000753250,0.588127,0.0,0.000000
0.000753500,0.588254,0.0,0.000000
0.000753750,0.588382,0.0,0.000000
0.000754000,0.588509,0.0,0.000000
0.000754250,0.588637,0.0,0.000000
0.000754500,0.588764,0.0,0.000000
0.000754750,0.588891,0.0,0.000000
0.000755000,0.589019,0.0,0.000000
0.000755250,0.589146,0.0,0.000000
0.000755500,0.589273,0.0,0.000000
0.000755750,0.589400,0.0,0.000000
0.000756000,0.589528,0.0,0.000000
0.000756250,0.589655,0.0,0.000000
0.000756500,0.589782,0.0,0.000000
0.000756750,0.589909,0.0,0.000000
0.000757000,0.590036,0.0,0.000000
0.000757250,0.590163,0.0,0.000000
0.000757500,0.590290,0.0,0.000000
0.000757750,0.590417,0.0,0.000000
0.000758000,0.590544,0.0,0.000000
0.000758250,0.590671,0.0,0.000000
0.000758500,0.590798,0.0,0.000000
0.000758750,0.590925,0.0,0.000000
0.000759000,0.591052,0.0,0.000000
0.000759250,0.591179,0.0,0.000000
0.000759500,0.591306,0.0,0.000000
0.000759750,0.591432,0.0,0.000000
0.000760000,0.591559,0.0,0.000000
0.000760250,0.591686,0.0,0.000000
0.000760500,0.591813,0.0,0.000000
0.000760750,0.591939,0.0,0.000000
0.000761000,0.592066,0.0,0.000000
0.000761250,0.592193,0.0,0.000000
0.000761500,0.592319,0.0,0.000000
0.000761750,0.592446,0.0,0.000000
0.000762000,0.592572,0.0,0.000000
0.000762250,0.592699,0.0,0.000000
0.000762500,0.592825,0.0,0.000000
0.000762750,0.592952,0.0,0.000000
0.000763000,0.593078,0.0,0.000000
0.000763250,0.593205,0.0,0.000000
0.000763500,0.593331,0.0,0.000000
0.000763750,0.593458,0.0,0.000000
0.000764000,0.593584,0.0,0.000000
0.000764250,0.593710,0.0,0.000000
0.000764500,0.593837,0.0,0.000000
0.000764750,0.593963,0.0,0.000000
0.000765000,0.594089,0.0,0.000000
0.000765250,0.594215,0.0,0.000000
0.000765500,0.594342,0.0,0.000000
0.000765750,0.594468,0.0,0.000000
0.000766000,0.594594,0.0,0.000000
0.000766250,0.594720,0.0,0.000000
0.000766500,0.594846,0.0,0.000000
0.000766750,0.594972,0.0,0.000000
0.000767000,0.595098,0.0,0.000000
0.000767250,0.595224,0.0,0.000000
0.000767500,0.595350,0.0,0.000000
0.000767750,0.595476,0.0,0.000000
0.000768000,0.595602,0.0,0.000000
0.000768250,0.595728,0.0,0.000000
0.000768500,0.595854,0.0,0.000000
0.000768750,0.595980,0.0,0.000000
0.000769000,0.596106,0.0,0.000000
0.000769250,0.596231,0.0,0.000000
0.000769500,0.596357,0.0,0.000000
0.000769750,0.596483,0.0,0.000000
0.000770000,0.596609,0.0,0.000000
0.000770250,0.596734,0.0,0.000000
0.000770500,0.596860,0.0,0.000000
0.000770750,0.596986,0.0,0.000000
0.000771000,0.597111,0.0,0.000000
0.000771250,0.597237,0.0,0.000000
0.000771500,0.597362,0.0,0.000000
0.000771750,0.597488,0.0,0.000000
0.000772000,0.597613,0.0,0.000000
0.000772250,0.597739,0.0,0.000000
0.000772500,0.597864,0.0,0.000000
0.000772750,0.597990,0.0,0.000000
0.000773000,0.598115,0.0,0.000000
0.000773250,0.598241,0.0,0.000000
0.000773500,0.598366,0.0,0.000000
0.000773750,0.598491,0.0,0.000000
0.000774000,0.598617,0.0,0.000000
0.000774250,0.598742,0.0,0.000000
0.000774500,0.598867,0.0,0.000000
0.000774750,0.598992,0.0,0.000000
0.000775000,0.599118,0.0,0.000000
0.000775250,0.599243,0.0,0.000000
0.000775500,0.599368,0.0,0.000000
0.000775750,0.599493,0.0,0.000000
0.000776000,0.599618,0.0,0.000000
0.000776250,0.599743,0.0,0.000000
0.000776500,0.599868,0.0,0.000000
0.000776750,0.599993,0.0,0.000000
0.000777000,0.600118,0.0,0.000000
0.000777250,0.600243,0.0,0.000000
0.000777500,0.600368,0.0,0.000000
0.000777750,0.600493,0.0,0.000000
0.000778000,0.600618,0.0,0.000000
0.000778250,0.600743,0.0,0.000000
0.000778500,0.600868,0.0,0.000000
0.000778750,0.600992,0.0,0.000000
0.000779000,0.601117,0.0,0.000000
0.000779250,0.601242,0.0,0.000000
0.000779500,0.601367,0.0,0.000000
0.000779750,0.601491,0.0,0.000000
0.000780000,0.601616,0.0,0.000000
0.000780250,0.601741,0.0,0.000000
0.000780500,0.601865,0.0,0.000000
0.000780750,0.601990,0.0,0.000000
0.000781000,0.602115,0.0,0.000000
0.000781250,0.602239,0.0,0.000000
0.000781500,0.602364,0.0,0.000000
0.000781750,0.602488,0.0,0.000000
0.000782000,0.602613,0.0,0.000000
0.000782250,0.602737,0.0,0.000000
0.000782500,0.602861,0.0,0.000000
0.000782750,0.602986,0.0,0.000000
0.000783000,0.603110,0.0,0.000000
0.000783250,0.603235,0.0,0.000000
0.000783500,0.603359,0.0,0.000000
0.000783750,0.603483,0.0,0.000000
0.000784000,0.603607,0.0,0.000000
0.000784250,0.603732,0.0,0.000000
0.000784500,0.603856,0.0,0.000000
0.000784750,0.603980,0.0,0.000000
0.000785000,0.604104,0.0,0.000000
0.000785250,0.604228,0.0,0.000000
0.000785500,0.604353,0.0,0.000000
0.000785750,0.604477,0.0,0.000000
0.000786000,0.604601,0.0,0.000000
0.000786250,0.604725,0.0,0.000000
0.000786500,0.604849,0.0,0.000000
0.000786750,0.604973,0.0,0.000000
0.000787000,0.605097,0.0,0.000000
0.000787250,0.605221,0.0,0.000000
0.000787500,0.605344,0.0,0.000000
0.000787750,0.605468,0.0,0.000000
0.000788000,0.605592,0.0,0.000000
0.000788250,0.605716,0.0,0.000000
0.000788500,0.605840,0.0,0.000000
0.000788750,0.605964,0.0,0.000000
0.000789000,0.606087,0.0,0.000000
0.000789250,0.606211,0.0,0.000000
0.000789500,0.606335,0.0,0.000000
0.000789750,0.606458,0.0,0.000000
0.000790000,0.606582,0.0,0.000000
0.000790250,0.606706,0.0,0.000000
0.000790500,0.606829,0.0,0.000000
0.000790750,0.606953,0.0,0.000000
0.000791000,0.607076,0.0,0.000000
0.000791250,0.607200,0.0,0.000000
0.000791500,0.607323,0.0,0.000000
0.000791750,0.607447,0.0,0.000000
0.000792000,0.607570,0.0,0.000000
0.000792250,0.607694,0.0,0.000000
0.000792500,0.607817,0.0,0.000000
0.000792750,0.607940,0.0,0.000000
0.000793000,0.608064,0.0,0.000000
0.000793250,0.608187,0.0,0.000000
0.000793500,0.608310,0.0,0.000000
0.000793750,0.608434,0.0,0.000000
0.000794000,0.608557,0.0,0.000000
0.000794250,0.608680,0.0,0.000000
0.000794500,0.608803,0.0,0.000000
0.000794750,0.608926,0.0,0.000000
0.000795000,0.609050,0.0,0.000000
0.000795250,0.609173,0.0,0.000000
0.000795500,0.609296,0.0,0.000000
0.000795750,0.609419,0.0,0.000000
0.000796000,0.609542,0.0,0.000000
0.000796250,0.609665,0.0,0.000000
0.000796500,0.609788,0.0,0.000000
0.000796750,0.609911,0.0,0.000000
0.000797000,0.610034,0.0,0.000000
0.000797250,0.610157,0.0,0.000000
0.000797500,0.610280,0.0,0.000000
0.000797750,0.610402,0.0,0.000000
0.000798000,0.610525,0.0,0.000000
0.000798250,0.610648,0.0,0.000000
0.000798500,0.610771,0.0,0.000000
0.000798750,0.610894,0.0,0.000000
0.000799000,0.611016,0.0,0.000000
0.000799250,0.611139,0.0,0.000000
0.000799500,0.611262,0.0,0.000000
0.000799750,0.611384,0.0,0.000000
0.000800000,0.611507,0.0,0.000000
0.000800250,0.611629,0.0,0.000000
0.000800500,0.611752,0.0,0.000000
0.000800750,0.611875,0.0,0.000000
0.000801000,0.611997,0.0,0.000000
0.000801250,0.612120,0.0,0.000000
0.000801500,0.612242,0.0,0.000000
0.000801750,0.612364,0.0,0.000000
0.000802000,0.612487,0.0,0.000000
0.000802250,0.612609,0.0,0.000000
0.000802500,0.612732,0.0,0.000000
0.000802750,0.612854,0.0,0.000000
0.000803000,0.612976,0.0,0.000000
0.000803250,0.613099,0.0,0.000000
0.000803500,0.613221,0.0,0.000000
0.000803750,0.613343,0.0,0.000000
0.000804000,0.613465,0.0,0.000000
0.000804250,0.613587,0.0,0.000000
0.000804500,0.613710,0.0,0.000000
0.000804750,0.613832,0.0,0.000000
0.000805000,0.613954,0.0,0.000000
0.000805250,0.614076,0.0,0.000000
0.000805500,0.614198,0.0,0.000000
0.000805750,0.614320,0.0,0.000000
0.000806000,0.614442,0.0,0.000000
0.000806250,0.614564,0.0,0.000000
0.000806500,0.614686,0.0,0.000000
0.000806750,0.614808,0.0,0.000000
0.000807000,0.614930,0.0,0.000000
0.000807250,0.615052,0.0,0.000000
0.000807500,0.615174,0.0,0.000000
0.000807750,0.615295,0.0,0.000000
0.000808000,0.615417,0.0,0.000000
0.000808250,0.615539,0.0,0.000000
0.000808500,0.615661,0.0,0.000000
0.000808750,0.615783,0.0,0.000000
0.000809000,0.615904,0.0,0.000000
0.000809250,0.616026,0.0,0.000000
0.000809500,0.616148,0.0,0.000000
0.000809750,0.616269,0.0,0.000000
0.000810000,0.616391,0.0,0.000000
0.000810250,0.616512,0.0,0.000000
0.000810500,0.616634,0.0,0.000000
0.000810750,0.616755,0.0,0.000000
0.000811000,0.616877,0.0,0.000000
0.000811250,0.616998,0.0,0.000000
0.000811500,0.617120,0.0,0.000000
0.000811750,0.617241,0.0,0.000000
0.000812000,0.617363,0.0,0.000000
0.000812250,0.617484,0.0,0.000000
0.000812500,0.617605,0.0,0.000000
0.000812750,0.617727,0.0,0.000000
0.000813000,0.617848,0.0,0.000000
0.000813250,0.617969,0.0,0.000000
0.000813500,0.618091,0.0,0.000000
0.000813750,0.618212,0.0,0.000000
0.000814000,0.618333,0.0,0.000000
0.000814250,0.618454,0.0,0.000000
0.000814500,0.618575,0.0,0.000000
0.000814750,0.618696,0.0,0.000000
0.000815000,0.618818,0.0,0.000000
0.000815250,0.618939,0.0,0.000000
0.000815500,0.619060,0.0,0.000000
0.000815750,0.619181,0.0,0.000000
0.000816000,0.619302,0.0,0.000000
0.000816250,0.619423,0.0,0.000000
0.000816500,0.619544,0.0,0.000000
0.000816750,0.619665,0.0,0.000000
0.000817000,0.619785,0.0,0.000000
0.000817250,0.619906,0.0,0.000000
0.000817500,0.620027,0.0,0.000000
0.000817750,0.620148,0.0,0.000000
0.000818000,0.620269,0.0,0.000000
0.000818250,0.620390,0.0,0.000000
0.000818500,0.620510,0.0,0.000000
0.000818750,0.620631,0.0,0.000000
0.000819000,0.620752,0.0,0.000000
0.000819250,0.620872,0.0,0.000000
0.000819500,0.620993,0.0,0.000000
0.000819750,0.621114,0.0,0.000000
0.000820000,0.621234,0.0,0.000000
0.000820250,0.621355,0.0,0.000000
0.000820500,0.621475,0.0,0.000000
0.000820750,0.621596,0.0,0.000000
0.000821000,0.621716,0.0,0.000000
0.000821250,0.621837,0.0,0.000000
0.000821500,0.621957,0.0,0.000000
0.000821750,0.622078,0.0,0.000000
0.000822000,0.622198,0.0,0.000000
0.000822250,0.622318,0.0,0.000000
0.000822500,0.622439,0.0,0.000000
0.000822750,0.622559,0.0,0.000000
0.000823000,0.622679,0.0,0.000000
0.000823250,0.622800,0.0,0.000000
0.000823500,0.622920,0.0,0.000000
0.000823750,0.623040,0.0,0.000000
0.000824000,0.623160,0.0,0.000000
0.000824250,0.623280,0.0,0.000000
0.000824500,0.623401,0.0,0.000000
0.000824750,0.623521,0.0,0.000000
0.000825000,0.623641,0.0,0.000000
0.000825250,0.623761,0.0,0.000000
0.000825500,0.623881,0.0,0.000000
0.000825750,0.624001,0.0,0.000000
0.000826000,0.624121,0.0,0.000000
0.000826250,0.624241,0.0,0.000000
0.000826500,0.624361,0.0,0.000000
0.000826750,0.624481,0.0,0.000000
0.000827000,0.624601,0.0,0.000000
0.000827250,0.624720,0.0,0.000000
0.000827500,0.624840,0.0,0.000000
0.000827750,0.624960,0.0,0.000000
0.000828000,0.625080,0.0,0.000000
0.000828250,0.625200,0.0,0.000000
0.000828500,0.625319,0.0,0.000000
0.000828750,0.625439,0.0,0.000000
0.000829000,0.625559,0.0,0.000000
0.000829250,0.625679,0.0,0.000000
0.000829500,0.625798,0.0,0.000000
0.000829750,0.625918,0.0,0.000000
0.000830000,0.626037,0.0,0.000000
0.000830250,0.626157,0.0,0.000000
0.000830500,0.626276,0.0,0.000000
0.000830750,0.626396,0.0,0.000000
0.000831000,0.626516,0.0,0.000000
0.000831250,0.626635,0.0,0.000000
0.000831500,0.626754,0.0,0.000000
0.000831750,0.626874,0.0,0.000000
0.000832000,0.626993,0.0,0.000000
0.000832250,0.627113,0.0,0.000000
0.000832500,0.627232,0.0,0.000000
0.000832750,0.627351,0.0,0.000000
0.000833000,0.627470,0.0,0.000000
0.000833250,0.627590,0.0,0.000000
0.000833500,0.627709,0.0,0.000000
0.000833750,0.627828,0.0,0.000000
0.000834000,0.627947,0.0,0.000000
0.000834250,0.628067,0.0,0.000000
0.000834500,0.628186,0.0,0.000000
0.000834750,0.628305,0.0,0.000000
0.000835000,0.628424,0.0,0.000000
0.000835250,0.628543,0.0,0.000000
0.000835500,0.628662,0.0,0.000000
0.000835750,0.628781,0.0,0.000000
0.000836000,0.628900,0.0,0.000000
0.000836250,0.629019,0.0,0.000000
0.000836500,0.629138,0.0,0.000000
0.000836750,0.629257,0.0,0.000000
0.000837000,0.629376,0.0,0.000000
0.000837250,0.629495,0.0,0.000000
0.000837500,0.629614,0.0,0.000000
0.000837750,0.629732,0.0,0.000000
0.000838000,0.629851,0.0,0.000000
0.000838250,0.629970,0.0,0.000000
0.000838500,0.630089,0.0,0.000000
0.000838750,0.630207,0.0,0.000000
0.000839000,0.630326,0.0,0.000000
0.000839250,0.630445,0.0,0.000000
0.000839500,0.630563,0.0,0.000000
0.000839750,0.630682,0.0,0.000000
0.000840000,0.630801,0.0,0.000000
0.000840250,0.630919,0.0,0.000000
0.000840500,0.631038,0.0,0.000000
0.000840750,0.631156,0.0,0.000000
0.000841000,0.631275,0.0,0.000000
0.000841250,0.631393,0.0,0.000000
0.000841500,0.631512,0.0,0.000000
0.000841750,0.631630,0.0,0.000000
0.000842000,0.631749,0.0,0.000000
0.000842250,0.631867,0.0,0.000000
0.000842500,0.631985,0.0,0.000000
0.000842750,0.632104,0.0,0.000000
0.000843000,0.632222,0.0,0.000000
0.000843250,0.632340,0.0,0.000000
0.000843500,0.632458,0.0,0.000000
0.000843750,0.632577,0.0,0.000000
0.000844000,0.632695,0.0,0.000000
0.000844250,0.632813,0.0,0.000000
0.000844500,0.632931,0.0,0.000000
0.000844750,0.633049,0.0,0.000000
0.000845000,0.633167,0.0,0.000000
0.000845250,0.633286,0.0,0.000000
0.000845500,0.633404,0.0,0.000000
0.000845750,0.633522,0.0,0.000000
0.000846000,0.633640,0.0,0.000000
0.000846250,0.633758,0.0,0.000000
0.000846500,0.633876,0.0,0.000000
0.000846750,0.633994,0.0,0.000000
0.000847000,0.634111,0.0,0.000000
0.000847250,0.634229,0.0,0.000000
0.000847500,0.634347,0.0,0.000000
0.000847750,0.634465,0.0,0.000000
0.000848000,0.634583,0.0,0.000000
0.000848250,0.634701,0.0,0.000000
0.000848500,0.634818,0.0,0.000000
0.000848750,0.634936,0.0,0.000000
0.000849000,0.635054,0.0,0.000000
0.000849250,0.635171,0.0,0.000000
0.000849500,0.635289,0.0,0.000000
0.000849750,0.635407,0.0,0.000000
0.000850000,0.635524,0.0,0.000000
0.000850250,0.635642,0.0,0.000000
0.000850500,0.635760,0.0,0.000000
0.000850750,0.635877,0.0,0.000000
0.000851000,0.635995,0.0,0.000000
0.000851250,0.636112,0.0,0.000000
0.000851500,0.636230,0.0,0.000000
0.000851750,0.636347,0.0,0.000000
0.000852000,0.636464,0.0,0.000000
0.000852250,0.636582,0.0,0.000000
0.000852500,0.636699,0.0,0.000000
0.000852750,0.636817,0.0,0.000000
0.000853000,0.636934,0.0,0.000000
0.000853250,0.637051,0.0,0.000000
0.000853500,0.637168,0.0,0.000000
0.000853750,0.637286,0.0,0.000000
0.000854000,0.637403,0.0,0.000000
0.000854250,0.637520,0.0,0.000000
0.000854500,0.637637,0.0,0.000000
0.000854750,0.637754,0.0,0.000000
0.000855000,0.637872,0.0,0.000000
0.000855250,0.637989,0.0,0.000000
0.000855500,0.638106,0.0,0.000000
0.000855750,0.638223,0.0,0.000000
0.000856000,0.638340,0.0,0.000000
0.000856250,0.638457,0.0,0.000000
0.000856500,0.638574,0.0,0.000000
0.000856750,0.638691,0.0,0.000000
0.000857000,0.638808,0.0,0.000000
0.000857250,0.638925,0.0,0.000000
0.000857500,0.639041,0.0,0.000000
0.000857750,0.639158,0.0,0.000000
0.000858000,0.639275,0.0,0.000000
0.000858250,0.639392,0.0,0.000000
0.000858500,0.639509,0.0,0.000000
0.000858750,0.639626,0.0,0.000000
0.000859000,0.639742,0.0,0.000000
0.000859250,0.639859,0.0,0.000000
0.000859500,0.639976,0.0,0.000000
0.000859750,0.640092,0.0,0.000000
0.000860000,0.640209,0.0,0.000000
0.000860250,0.640326,0.0,0.000000
0.000860500,0.640442,0.0,0.000000
0.000860750,0.640559,0.0,0.000000
0.000861000,0.640675,0.0,0.000000
0.000861250,0.640792,0.0,0.000000
0.000861500,0.640908,0.0,0.000000
0.000861750,0.641025,0.0,0.000000
0.000862000,0.641141,0.0,0.000000
0.000862250,0.641258,0.0,0.000000
0.000862500,0.641374,0.0,0.000000
0.000862750,0.641490,0.0,0.000000
0.000863000,0.641607,0.0,0.000000
0.000863250,0.641723,0.0,0.000000
0.000863500,0.641839,0.0,0.000000
0.000863750,0.641956,0.0,0.000000
0.000864000,0.642072,0.0,0.000000
0.000864250,0.642188,0.0,0.000000
0.000864500,0.642304,0.0,0.000000
0.000864750,0.642421,0.0,0.000000
0.000865000,0.642537,0.0,0.000000
0.000865250,0.642653,0.0,0.000000
0.000865500,0.642769,0.0,0.000000
0.000865750,0.642885,0.0,0.000000
0.000866000,0.643001,0.0,0.000000
0.000866250,0.643117,0.0,0.000000
0.000866500,0.643233,0.0,0.000000
0.000866750,0.643349,0.0,0.000000
0.000867000,0.643465,0.0,0.000000
0.000867250,0.643581,0.0,0.000000
0.000867500,0.643697,0.0,0.000000
0.000867750,0.643813,0.0,0.000000
0.000868000,0.643929,0.0,0.000000
0.000868250,0.644044,0.0,0.000000
0.000868500,0.644160,0.0,0.000000
0.000868750,0.644276,0.0,0.000000
0.000869000,0.644392,0.0,0.000000
0.000869250,0.644508,0.0,0.000000
0.000869500,0.644623,0.0,0.000000
0.000869750,0.644739,0.0,0.000000
0.000870000,0.644855,0.0,0.000000
0.000870250,0.644970,0.0,0.000000
0.000870500,0.645086,0.0,0.000000
0.000870750,0.645202,0.0,0.000000
0.000871000,0.645317,0.0,0.000000
0.000871250,0.645433,0.0,0.000000
0.000871500,0.645548,0.0,0.000000
0.000871750,0.645664,0.0,0.000000
0.000872000,0.645779,0.0,0.000000
0.000872250,0.645895,0.0,0.000000
0.000872500,0.646010,0.0,0.000000
0.000872750,0.646125,0.0,0.000000
0.000873000,0.646241,0.0,0.000000
0.000873250,0.646356,0.0,0.000000
0.000873500,0.646472,0.0,0.000000
0.000873750,0.646587,0.0,0.000000
0.000874000,0.646702,0.0,0.000000
0.000874250,0.646817,0.0,0.000000
0.000874500,0.646933,0.0,0.000000
0.000874750,0.647048,0.0,0.000000
0.000875000,0.647163,0.0,0.000000
0.000875250,0.647278,0.0,0.000000
0.000875500,0.647393,0.0,0.000000
0.000875750,0.647508,0.0,0.000000
0.000876000,0.647624,0.0,0.000000
0.000876250,0.647739,0.0,0.000000
0.000876500,0.647854,0.0,0.000000
0.000876750,0.647969,0.0,0.000000
0.000877000,0.648084,0.0,0.000000
0.000877250,0.648199,0.0,0.000000
0.000877500,0.648314,0.0,0.000000
0.000877750,0.648429,0.0,0.000000
0.000878000,0.648543,0.0,0.000000
0.000878250,0.648658,0.0,0.000000
0.000878500,0.648773,0.0,0.000000
0.000878750,0.648888,0.0,0.000000
0.000879000,0.649003,0.0,0.000000
0.000879250,0.649118,0.0,0.000000
0.000879500,0.649232,0.0,0.000000
0.000879750,0.649347,0.0,0.000000
0.000880000,0.649462,0.0,0.000000
0.000880250,0.649577,0.0,0.000000
0.000880500,0.649691,0.0,0.000000
0.000880750,0.649806,0.0,0.000000
0.000881000,0.649920,0.0,0.000000
0.000881250,0.650035,0.0,0.000000
0.000881500,0.650150,0.0,0.000000
0.000881750,0.650264,0.0,0.000000
0.000882000,0.650379,0.0,0.000000
0.000882250,0.650493,0.0,0.000000
0.000882500,0.650608,0.0,0.000000
0.000882750,0.650722,0.0,0.000000
0.000883000,0.650837,0.0,0.000000
0.000883250,0.650951,0.0,0.000000
0.000883500,0.651065,0.0,0.000000
0.000883750,0.651180,0.0,0.000000
0.000884000,0.651294,0.0,0.000000
0.000884250,0.651408,0.0,0.000000
0.000884500,0.651523,0.0,0.000000
0.000884750,0.651637,0.0,0.000000
0.000885000,0.651751,0.0,0.000000
0.000885250,0.651865,0.0,0.000000
0.000885500,0.651980,0.0,0.000000
0.000885750,0.652094,0.0,0.000000
0.000886000,0.652208,0.0,0.000000
0.000886250,0.652322,0.0,0.000000
0.000886500,0.652436,0.0,0.000000
0.000886750,0.652550,0.0,0.000000
0.000887000,0.652664,0.0,0.000000
0.000887250,0.652778,0.0,0.000000
0.000887500,0.652892,0.0,0.000000
0.000887750,0.653006,0.0,0.000000
0.000888000,0.653120,0.0,0.000000
0.000888250,0.653234,0.0,0.000000
0.000888500,0.653348,0.0,0.000000
0.000888750,0.653462,0.0,0.000000
0.000889000,0.653576,0.0,0.000000
0.000889250,0.653690,0.0,0.000000
0.000889500,0.653803,0.0,0.000000
0.000889750,0.653917,0.0,0.000000
0.000890000,0.654031,0.0,0.000000
0.000890250,0.654145,0.0,0.000000
0.000890500,0.654258,0.0,0.000000
0.000890750,0.654372,0.0,0.000000
0.000891000,0.654486,0.0,0.000000
0.000891250,0.654599,0.0,0.000000
0.000891500,0.654713,0.0,0.000000
0.000891750,0.654827,0.0,0.000000
0.000892000,0.654940,0.0,0.000000
0.000892250,0.655054,0.0,0.000000
0.000892500,0.655167,0.0,0.000000
0.000892750,0.655281,0.0,0.000000
0.000893000,0.655394,0.0,0.000000
0.000893250,0.655508,0.0,0.000000
0.000893500,0.655621,0.0,0.000000
0.000893750,0.655734,0.0,0.000000
0.000894000,0.655848,0.0,0.000000
0.000894250,0.655961,0.0,0.000000
0.000894500,0.656075,0.0,0.000000
0.000894750,0.656188,0.0,0.000000
0.000895000,0.656301,0.0,0.000000
0.000895250,0.656414,0.0,0.000000
0.000895500,0.656528,0.0,0.000000
0.000895750,0.656641,0.0,0.000000
0.000896000,0.656754,0.0,0.000000
0.000896250,0.656867,0.0,0.000000
0.000896500,0.656980,0.0,0.000000
0.000896750,0.657093,0.0,0.000000
0.000897000,0.657207,0.0,0.000000
0.000897250,0.657320,0.0,0.000000
0.000897500,0.657433,0.0,0.000000
0.000897750,0.657546,0.0,0.000000
0.000898000,0.657659,0.0,0.000000
0.000898250,0.657772,0.0,0.000000
0.000898500,0.657885,0.0,0.000000
0.000898750,0.657998,0.0,0.000000
0.000899000,0.658110,0.0,0.000000
0.000899250,0.658223,0.0,0.000000
0.000899500,0.658336,0.0,0.000000
0.000899750,0.658449,0.0,0.000000
0.000900000,0.658562,0.0,0.000000
0.000900250,0.658675,0.0,0.000000
0.000900500,0.658787,0.0,0.000000
0.000900750,0.658900,0.0,0.000000
0.000901000,0.659013,0.0,0.000000
0.000901250,0.659126,0.0,0.000000
0.000901500,0.659238,0.0,0.000000
0.000901750,0.659351,0.0,0.000000
0.000902000,0.659464,0.0,0.000000
0.000902250,0.659576,0.0,0.000000
0.000902500,0.659689,0.0,0.000000
0.000902750,0.659801,0.0,0.000000
0.000903000,0.659914,0.0,0.000000
0.000903250,0.660026,0.0,0.000000
0.000903500,0.660139,0.0,0.000000
0.000903750,0.660251,0.0,0.000000
0.000904000,0.660364,0.0,0.000000
0.000904250,0.660476,0.0,0.000000
0.000904500,0.660589,0.0,0.000000
0.000904750,0.660701,0.0,0.000000
0.000905000,0.660813,0.0,0.000000
0.000905250,0.660926,0.0,0.000000
0.000905500,0.661038,0.0,0.000000
0.000905750,0.661150,0.0,0.000000
0.000906000,0.661262,0.0,0.000000
0.000906250,0.661375,0.0,0.000000
0.000906500,0.661487,0.0,0.000000
0.000906750,0.661599,0.0,0.000000
0.000907000,0.661711,0.0,0.000000
0.000907250,0.661823,0.0,0.000000
0.000907500,0.661935,0.0,0.000000
0.000907750,0.662048,0.0,0.000000
0.000908000,0.662160,0.0,0.000000
0.000908250,0.662272,0.0,0.000000
0.000908500,0.662384,0.0,0.000000
0.000908750,0.662496,0.0,0.000000
0.000909000,0.662608,0.0,0.000000
0.000909250,0.662720,0.0,0.000000
0.000909500,0.662831,0.0,0.000000
0.000909750,0.662943,0.0,0.000000
0.000910000,0.663055,0.0,0.000000
0.000910250,0.663167,0.0,0.000000
0.000910500,0.663279,0.0,0.000000
0.000910750,0.663391,0.0,0.000000
0.000911000,0.663503,0.0,0.000000
0.000911250,0.663614,0.0,0.000000
0.000911500,0.663726,0.0,0.000000
0.000911750,0.663838,0.0,0.000000
0.000912000,0.663949,0.0,0.000000
0.000912250,0.664061,0.0,0.000000
0.000912500,0.664173,0.0,0.000000
0.000912750,0.664284,0.0,0.000000
0.000913000,0.664396,0.0,0.000000
0.000913250,0.664508,0.0,0.000000
0.000913500,0.664619,0.0,0.000000
0.000913750,0.664731,0.0,0.000000
0.000914000,0.664842,0.0,0.000000
0.000914250,0.664954,0.0,0.000000
0.000914500,0.665065,0.0,0.000000
0.000914750,0.665177,0.0,0.000000
0.000915000,0.665288,0.0,0.000000
0.000915250,0.665399,0.0,0.000000
0.000915500,0.665511,0.0,0.000000
0.000915750,0.665622,0.0,0.000000
0.000916000,0.665733,0.0,0.000000
0.000916250,0.665845,0.0,0.000000
0.000916500,0.665956,0.0,0.000000
0.000916750,0.666067,0.0,0.000000
0.000917000,0.666178,0.0,0.000000
0.000917250,0.666290,0.0,0.000000
0.000917500,0.666401,0.0,0.000000
0.000917750,0.666512,0.0,0.000000
0.000918000,0.666623,0.0,0.000000
0.000918250,0.666734,0.0,0.000000
0.000918500,0.666845,0.0,0.000000
0.000918750,0.666956,0.0,0.000000
0.000919000,0.667067,0.0,0.000000
0.000919250,0.667178,0.0,0.000000
0.000919500,0.667289,0.0,0.000000
0.000919750,0.667400,0.0,0.000000
0.000920000,0.667511,0.0,0.000000
0.000920250,0.667622,0.0,0.000000
0.000920500,0.667733,0.0,0.000000
0.000920750,0.667844,0.0,0.000000
0.000921000,0.667955,0.0,0.000000
0.000921250,0.668066,0.0,0.000000
0.000921500,0.668176,0.0,0.000000
0.000921750,0.668287,0.0,0.000000
0.000922000,0.668398,0.0,0.000000
0.000922250,0.668509,0.0,0.000000
0.000922500,0.668620,0.0,0.000000
0.000922750,0.668730,0.0,0.000000
0.000923000,0.668841,0.0,0.000000
0.000923250,0.668952,0.0,0.000000
0.000923500,0.669062,0.0,0.000000
0.000923750,0.669173,0.0,0.000000
0.000924000,0.669283,0.0,0.000000
0.000924250,0.669394,0.0,0.000000
0.000924500,0.669504,0.0,0.000000
0.000924750,0.669615,0.0,0.000000
0.000925000,0.669725,0.0,0.000000
0.000925250,0.669836,0.0,0.000000
0.000925500,0.669946,0.0,0.000000
0.000925750,0.670057,0.0,0.000000
0.000926000,0.670167,0.0,0.000000
0.000926250,0.670278,0.0,0.000000
0.000926500,0.670388,0.0,0.000000
0.000926750,0.670498,0.0,0.000000
0.000927000,0.670609,0.0,0.000000
0.000927250,0.670719,0.0,0.000000
0.000927500,0.670829,0.0,0.000000
0.000927750,0.670939,0.0,0.000000
0.000928000,0.671049,0.0,0.000000
0.000928250,0.671160,0.0,0.000000
0.000928500,0.671270,0.0,0.000000
0.000928750,0.671380,0.0,0.000000
0.000929000,0.671490,0.0,0.000000
0.000929250,0.671600,0.0,0.000000
0.000929500,0.671710,0.0,0.000000
0.000929750,0.671820,0.0,0.000000
0.000930000,0.671930,0.0,0.000000
0.000930250,0.672040,0.0,0.000000
0.000930500,0.672150,0.0,0.000000
0.000930750,0.672260,0.0,0.000000
0.000931000,0.672370,0.0,0.000000
0.000931250,0.672480,0.0,0.000000
0.000931500,0.672590,0.0,0.000000
0.000931750,0.672700,0.0,0.000000
0.000932000,0.672810,0.0,0.000000
0.000932250,0.672920,0.0,0.000000
0.000932500,0.673029,0.0,0.000000
0.000932750,0.673139,0.0,0.000000
0.000933000,0.673249,0.0,0.000000
0.000933250,0.673359,0.0,0.000000
0.000933500,0.673468,0.0,0.000000
0.000933750,0.673578,0.0,0.000000
0.000934000,0.673688,0.0,0.000000
0.000934250,0.673797,0.0,0.000000
0.000934500,0.673907,0.0,0.000000
0.000934750,0.674017,0.0,0.000000
0.000935000,0.674126,0.0,0.000000
0.000935250,0.674236,0.0,0.000000
0.000935500,0.674345,0.0,0.000000
0.000935750,0.674455,0.0,0.000000
0.000936000,0.674564,0.0,0.000000
0.000936250,0.674674,0.0,0.000000
0.000936500,0.674783,0.0,0.000000
0.000936750,0.674893,0.0,0.000000
0.000937000,0.675002,0.0,0.000000
0.000937250,0.675111,0.0,0.000000
0.000937500,0.675221,0.0,0.000000
0.000937750,0.675330,0.0,0.000000
0.000938000,0.675439,0.0,0.000000
0.000938250,0.675548,0.0,0.000000
0.000938500,0.675658,0.0,0.000000
0.000938750,0.675767,0.0,0.000000
0.000939000,0.675876,0.0,0.000000
0.000939250,0.675985,0.0,0.000000
0.000939500,0.676095,0.0,0.000000
0.000939750,0.676204,0.0,0.000000
0.000940000,0.676313,0.0,0.000000
0.000940250,0.676422,0.0,0.000000
0.000940500,0.676531,0.0,0.000000
0.000940750,0.676640,0.0,0.000000
0.000941000,0.676749,0.0,0.000000
0.000941250,0.676858,0.0,0.000000
0.000941500,0.676967,0.0,0.000000
0.000941750,0.677076,0.0,0.000000
0.000942000,0.677185,0.0,0.000000
0.000942250,0.677294,0.0,0.000000
0.000942500,0.677403,0.0,0.000000
0.000942750,0.677512,0.0,0.000000
0.000943000,0.677620,0.0,0.000000
0.000943250,0.677729,0.0,0.000000
0.000943500,0.677838,0.0,0.000000
0.000943750,0.677947,0.0,0.000000
0.000944000,0.678056,0.0,0.000000
0.000944250,0.678164,0.0,0.000000
0.000944500,0.678273,0.0,0.000000
0.000944750,0.678382,0.0,0.000000
0.000945000,0.678490,0.0,0.000000
0.000945250,0.678599,0.0,0.000000
0.000945500,0.678708,0.0,0.000000
0.000945750,0.678816,0.0,0.000000
0.000946000,0.678925,0.0,0.000000
0.000946250,0.679033,0.0,0.000000
0.000946500,0.679142,0.0,0.000000
0.000946750,0.679250,0.0,0.000000
0.000947000,0.679359,0.0,0.000000
0.000947250,0.679467,0.0,0.000000
0.000947500,0.679576,0.0,0.000000
0.000947750,0.679684,0.0,0.000000
0.000948000,0.679793,0.0,0.000000
0.000948250,0.679901,0.0,0.000000
0.000948500,0.680009,0.0,0.000000
0.000948750,0.680118,0.0,0.000000
0.000949000,0.680226,0.0,0.000000
0.000949250,0.680334,0.0,0.000000
0.000949500,0.680442,0.0,0.000000
0.000949750,0.680551,0.0,0.000000
0.000950000,0.680659,0.0,0.000000
0.000950250,0.680767,0.0,0.000000
0.000950500,0.680875,0.0,0.000000
0.000950750,0.680983,0.0,0.000000
0.000951000,0.681091,0.0,0.000000
0.000951250,0.681200,0.0,0.000000
0.000951500,0.681308,0.0,0.000000
0.000951750,0.681416,0.0,0.000000
0.000952000,0.681524,0.0,0.000000
0.000952250,0.681632,0.0,0.000000
0.000952500,0.681740,0.0,0.000000
0.000952750,0.681848,0.0,0.000000
0.000953000,0.681956,0.0,0.000000
0.000953250,0.682064,0.0,0.000000
0.000953500,0.682171,0.0,0.000000
0.000953750,0.682279,0.0,0.000000
0.000954000,0.682387,0.0,0.000000
0.000954250,0.682495,0.0,0.000000
0.000954500,0.682603,0.0,0.000000
0.000954750,0.682711,0.0,0.000000
0.000955000,0.682818,0.0,0.000000
0.000955250,0.682926,0.0,0.000000
0.000955500,0.683034,0.0,0.000000
0.000955750,0.683142,0.0,0.000000
0.000956000,0.683249,0.0,0.000000
0.000956250,0.683357,0.0,0.000000
0.000956500,0.683464,0.0,0.000000
0.000956750,0.683572,0.0,0.000000
0.000957000,0.683680,0.0,0.000000
0.000957250,0.683787,0.0,0.000000
0.000957500,0.683895,0.0,0.000000
0.000957750,0.684002,0.0,0.000000
0.000958000,0.684110,0.0,0.000000
0.000958250,0.684217,0.0,0.000000
0.000958500,0.684325,0.0,0.000000
0.000958750,0.684432,0.0,0.000000
0.000959000,0.684539,0.0,0.000000
0.000959250,0.684647,0.0,0.000000
0.000959500,0.684754,0.0,0.000000
0.000959750,0.684862,0.0,0.000000
0.000960000,0.684969,0.0,0.000000
0.000960250,0.685076,0.0,0.000000
0.000960500,0.685183,0.0,0.000000
0.000960750,0.685291,0.0,0.000000
0.000961000,0.685398,0.0,0.000000
0.000961250,0.685505,0.0,0.000000
0.000961500,0.685612,0.0,0.000000
0.000961750,0.685719,0.0,0.000000
0.000962000,0.685827,0.0,0.000000
0.000962250,0.685934,0.0,0.000000
0.000962500,0.686041,0.0,0.000000
0.000962750,0.686148,0.0,0.000000
0.000963000,0.686255,0.0,0.000000
0.000963250,0.686362,0.0,0.000000
0.000963500,0.686469,0.0,0.000000
0.000963750,0.686576,0.0,0.000000
0.000964000,0.686683,0.0,0.000000
0.000964250,0.686790,0.0,0.000000
0.000964500,0.686897,0.0,0.000000
0.000964750,0.687004,0.0,0.000000
0.000965000,0.687110,0.0,0.000000
0.000965250,0.687217,0.0,0.000000
0.000965500,0.687324,0.0,0.000000
0.000965750,0.687431,0.0,0.000000
0.000966000,0.687538,0.0,0.000000
0.000966250,0.687644,0.0,0.000000
0.000966500,0.687751,0.0,0.000000
0.000966750,0.687858,0.0,0.000000
0.000967000,0.687965,0.0,0.000000
0.000967250,0.688071,0.0,0.000000
0.000967500,0.688178,0.0,0.000000
0.000967750,0.688285,0.0,0.000000
0.000968000,0.688391,0.0,0.000000
0.000968250,0.688498,0.0,0.000000
0.000968500,0.688604,0.0,0.000000
0.000968750,0.688711,0.0,0.000000
0.000969000,0.688817,0.0,0.000000
0.000969250,0.688924,0.0,0.000000
0.000969500,0.689030,0.0,0.000000
0.000969750,0.689137,0.0,0.000000
0.000970000,0.689243,0.0,0.000000
0.000970250,0.689350,0.0,0.000000
0.000970500,0.689456,0.0,0.000000
0.000970750,0.689562,0.0,0.000000
0.000971000,0.689669,0.0,0.000000
0.000971250,0.689775,0.0,0.000000
0.000971500,0.689881,0.0,0.000000
0.000971750,0.689987,0.0,0.000000
0.000972000,0.690094,0.0,0.000000
0.000972250,0.690200,0.0,0.000000
0.000972500,0.690306,0.0,0.000000
0.000972750,0.690412,0.0,0.000000
0.000973000,0.690518,0.0,0.000000
0.000973250,0.690625,0.0,0.000000
0.000973500,0.690731,0.0,0.000000
0.000973750,0.690837,0.0,0.000000
0.000974000,0.690943,0.0,0.000000
0.000974250,0.691049,0.0,0.000000
0.000974500,0.691155,0.0,0.000000
0.000974750,0.691261,0.0,0.000000
0.000975000,0.691367,0.0,0.000000
0.000975250,0.691473,0.0,0.000000
0.000975500,0.691579,0.0,0.000000
0.000975750,0.691685,0.0,0.000000
0.000976000,0.691791,0.0,0.000000
0.000976250,0.691896,0.0,0.000000
0.000976500,0.692002,0.0,0.000000
0.000976750,0.692108,0.0,0.000000
0.000977000,0.692214,0.0,0.000000
0.000977250,0.692320,0.0,0.000000
0.000977500,0.692425,0.0,0.000000
0.000977750,0.692531,0.0,0.000000
0.000978000,0.692637,0.0,0.000000
0.000978250,0.692743,0.0,0.000000
0.000978500,0.692848,0.0,0.000000
0.000978750,0.692954,0.0,0.000000
0.000979000,0.693060,0.0,0.000000
0.000979250,0.693165,0.0,0.000000
0.000979500,0.693271,0.0,0.000000
0.000979750,0.693376,0.0,0.000000
0.000980000,0.693482,0.0,0.000000
0.000980250,0.693587,0.0,0.000000
0.000980500,0.693693,0.0,0.000000
0.000980750,0.693798,0.0,0.000000
0.000981000,0.693904,0.0,0.000000
0.000981250,0.694009,0.0,0.000000
0.000981500,0.694115,0.0,0.000000
0.000981750,0.694220,0.0,0.000000
0.000982000,0.694325,0.0,0.000000
0.000982250,0.694431,0.0,0.000000
0.000982500,0.694536,0.0,0.000000
0.000982750,0.694641,0.0,0.000000
0.000983000,0.694747,0.0,0.000000
0.000983250,0.694852,0.0,0.000000
0.000983500,0.694957,0.0,0.000000
0.000983750,0.695062,0.0,0.000000
0.000984000,0.695167,0.0,0.000000
0.000984250,0.695273,0.0,0.000000
0.000984500,0.695378,0.0,0.000000
0.000984750,0.695483,0.0,0.000000
0.000985000,0.695588,0.0,0.000000
0.000985250,0.695693,0.0,0.000000
0.000985500,0.695798,0.0,0.000000
0.000985750,0.695903,0.0,0.000000
0.000986000,0.696008,0.0,0.000000
0.000986250,0.696113,0.0,0.000000
0.000986500,0.696218,0.0,0.000000
0.000986750,0.696323,0.0,0.000000
0.000987000,0.696428,0.0,0.000000
0.000987250,0.696533,0.0,0.000000
0.000987500,0.696638,0.0,0.000000
0.000987750,0.696743,0.0,0.000000
0.000988000,0.696847,0.0,0.000000
0.000988250,0.696952,0.0,0.000000
0.000988500,0.697057,0.0,0.000000
0.000988750,0.697162,0.0,0.000000
0.000989000,0.697267,0.0,0.000000
0.000989250,0.697371,0.0,0.000000
0.000989500,0.697476,0.0,0.000000
0.000989750,0.697581,0.0,0.000000
0.000990000,0.697685,0.0,0.000000
0.000990250,0.697790,0.0,0.000000
0.000990500,0.697895,0.0,0.000000
0.000990750,0.697999,0.0,0.000000
0.000991000,0.698104,0.0,0.000000
0.000991250,0.698208,0.0,0.000000
0.000991500,0.698313,0.0,0.000000
0.000991750,0.698417,0.0,0.000000
0.000992000,0.698522,0.0,0.000000
0.000992250,0.698626,0.0,0.000000
0.000992500,0.698731,0.0,0.000000
0.000992750,0.698835,0.0,0.000000
0.000993000,0.698940,0.0,0.000000
0.000993250,0.699044,0.0,0.000000
0.000993500,0.699148,0.0,0.000000
0.000993750,0.699253,0.0,0.000000
0.000994000,0.699357,0.0,0.000000
0.000994250,0.699461,0.0,0.000000
0.000994500,0.699566,0.0,0.000000
0.000994750,0.699670,0.0,0.000000
0.000995000,0.699774,0.0,0.000000
0.000995250,0.699878,0.0,0.000000
0.000995500,0.699982,0.0,0.000000
0.000995750,0.700087,0.0,0.000000
0.000996000,0.700191,0.0,0.000000
0.000996250,0.700295,0.0,0.000000
0.000996500,0.700399,0.0,0.000000
0.000996750,0.700503,0.0,0.000000
0.000997000,0.700607,0.0,0.000000
0.000997250,0.700711,0.0,0.000000
0.000997500,0.700815,0.0,0.000000
0.000997750,0.700919,0.0,0.000000
0.000998000,0.701023,0.0,0.000000
0.000998250,0.701127,0.0,0.000000
0.000998500,0.701231,0.0,0.000000
0.000998750,0.701335,0.0,0.000000
0.000999000,0.701439,0.0,0.000000
0.000999250,0.701543,0.0,0.000000
0.000999500,0.701646,0.0,0.000000
0.000999750,0.701750,0.0,0.000000
0.001000000,0.701854,0.0,0.000000
0.001000250,0.701958,0.0,0.000000
0.001000500,0.702062,0.0,0.000000
0.001000750,0.702165,0.0,0.000000
0.001001000,0.702269,0.0,0.000000
0.001001250,0.702373,0.0,0.000000
0.001001500,0.702476,0.0,0.000000
0.001001750,0.702580,0.0,0.000000
0.001002000,0.702684,0.0,0.000000
0.001002250,0.702787,0.0,0.000000
0.001002500,0.702891,0.0,0.000000
0.001002750,0.702994,0.0,0.000000
0.001003000,0.703098,0.0,0.000000
0.001003250,0.703201,0.0,0.000000
0.001003500,0.703305,0.0,0.000000
0.001003750,0.703408,0.0,0.000000
0.001004000,0.703512,0.0,0.000000
0.001004250,0.703615,0.0,0.000000
0.001004500,0.703719,0.0,0.000000
0.001004750,0.703822,0.0,0.000000
0.001005000,0.703925,0.0,0.000000
0.001005250,0.704029,0.0,0.000000
0.001005500,0.704132,0.0,0.000000
0.001005750,0.704235,0.0,0.000000
0.001006000,0.704339,0.0,0.000000
0.001006250,0.704442,0.0,0.000000
0.001006500,0.704545,0.0,0.000000
0.001006750,0.704648,0.0,0.000000
0.001007000,0.704752,0.0,0.000000
0.001007250,0.704855,0.0,0.000000
0.001007500,0.704958,0.0,0.000000
0.001007750,0.705061,0.0,0.000000
0.001008000,0.705164,0.0,0.000000
0.001008250,0.705267,0.0,0.000000
0.001008500,0.705370,0.0,0.000000
0.001008750,0.705473,0.0,0.000000
0.001009000,0.705576,0.0,0.000000
0.001009250,0.705679,0.0,0.000000
0.001009500,0.705782,0.0,0.000000
0.001009750,0.705885,0.0,0.000000
0.001010000,0.705988,0.0,0.000000
0.001010250,0.706091,0.0,0.000000
0.001010500,0.706194,0.0,0.000000
0.001010750,0.706297,0.0,0.000000
0.001011000,0.706400,0.0,0.000000
0.001011250,0.706502,0.0,0.000000
0.001011500,0.706605,0.0,0.000000
0.001011750,0.706708,0.0,0.000000
0.001012000,0.706811,0.0,0.000000
0.001012250,0.706914,0.0,0.000000
0.001012500,0.707016,0.0,0.000000
0.001012750,0.707119,0.0,0.000000
0.001013000,0.707222,0.0,0.000000
0.001013250,0.707324,0.0,0.000000
0.001013500,0.707427,0.0,0.000000
0.001013750,0.707530,0.0,0.000000
0.001014000,0.707632,0.0,0.000000
0.001014250,0.707735,0.0,0.000000
0.001014500,0.707837,0.0,0.000000
0.001014750,0.707940,0.0,0.000000
0.001015000,0.708042,0.0,0.000000
0.001015250,0.708145,0.0,0.000000
0.001015500,0.708247,0.0,0.000000
0.001015750,0.708350,0.0,0.000000
0.001016000,0.708452,0.0,0.000000
0.001016250,0.708555,0.0,0.000000
0.001016500,0.708657,0.0,0.000000
0.001016750,0.708759,0.0,0.000000
0.001017000,0.708862,0.0,0.000000
0.001017250,0.708964,0.0,0.000000
0.001017500,0.709066,0.0,0.000000
0.001017750,0.709168,0.0,0.000000
0.001018000,0.709271,0.0,0.000000
0.001018250,0.709373,0.0,0.000000
0.001018500,0.709475,0.0,0.000000
0.001018750,0.709577,0.0,0.000000
0.001019000,0.709679,0.0,0.000000
0.001019250,0.709782,0.0,0.000000
0.001019500,0.709884,0.0,0.000000
0.001019750,0.709986,0.0,0.000000
0.001020000,0.710088,0.0,0.000000
0.001020250,0.710190,0.0,0.000000
0.001020500,0.710292,0.0,0.000000
0.001020750,0.710394,0.0,0.000000
0.001021000,0.710496,0.0,0.000000
0.001021250,0.710598,0.0,0.000000
0.001021500,0.710700,0.0,0.000000
0.001021750,0.710802,0.0,0.000000
0.001022000,0.710904,0.0,0.000000
0.001022250,0.711006,0.0,0.000000
0.001022500,0.711108,0.0,0.000000
0.001022750,0.711209,0.0,0.000000
0.001023000,0.711311,0.0,0.000000
0.001023250,0.711413,0.0,0.000000
0.001023500,0.711515,0.0,0.000000
0.001023750,0.711617,0.0,0.000000
0.001024000,0.711718,0.0,0.000000
0.001024250,0.711820,0.0,0.000000
0.001024500,0.711922,0.0,0.000000
0.001024750,0.712023,0.0,0.000000
0.001025000,0.712125,0.0,0.000000
0.001025250,0.712227,0.0,0.000000
0.001025500,0.712328,0.0,0.000000
0.001025750,0.712430,0.0,0.000000
0.001026000,0.712531,0.0,0.000000
0.001026250,0.712633,0.0,0.000000
0.001026500,0.712735,0.0,0.000000
0.001026750,0.712836,0.0,0.000000
0.001027000,0.712938,0.0,0.000000
0.001027250,0.713039,0.0,0.000000
0.001027500,0.713140,0.0,0.000000
0.001027750,0.713242,0.0,0.000000
0.001028000,0.713343,0.0,0.000000
0.001028250,0.713445,0.0,0.000000
0.001028500,0.713546,0.0,0.000000
0.001028750,0.713647,0.0,0.000000
0.001029000,0.713749,0.0,0.000000
0.001029250,0.713850,0.0,0.000000
0.001029500,0.713951,0.0,0.000000
0.001029750,0.714052,0.0,0.000000
0.001030000,0.714154,0.0,0.000000
0.001030250,0.714255,0.0,0.000000
0.001030500,0.714356,0.0,0.000000
0.001030750,0.714457,0.0,0.000000
0.001031000,0.714558,0.0,0.000000
0.001031250,0.714660,0.0,0.000000
0.001031500,0.714761,0.0,0.000000
0.001031750,0.714862,0.0,0.000000
0.001032000,0.714963,0.0,0.000000
0.001032250,0.715064,0.0,0.000000
0.001032500,0.715165,0.0,0.000000
0.001032750,0.715266,0.0,0.000000
0.001033000,0.715367,0.0,0.000000
0.001033250,0.715468,0.0,0.000000
0.001033500,0.715569,0.0,0.000000
0.001033750,0.715670,0.0,0.000000
0.001034000,0.715771,0.0,0.000000
0.001034250,0.715871,0.0,0.000000
0.001034500,0.715972,0.0,0.000000
0.001034750,0.716073,0.0,0.000000
0.001035000,0.716174,0.0,0.000000
0.001035250,0.716275,0.0,0.000000
0.001035500,0.716375,0.0,0.000000
0.001035750,0.716476,0.0,0.000000
0.001036000,0.716577,0.0,0.000000
0.001036250,0.716678,0.0,0.000000
0.001036500,0.716778,0.0,0.000000
0.001036750,0.716879,0.0,0.000000
0.001037000,0.716980,0.0,0.000000
0.001037250,0.717080,0.0,0.000000
0.001037500,0.717181,0.0,0.000000
0.001037750,0.717281,0.0,0.000000
0.001038000,0.717382,0.0,0.000000
0.001038250,0.717483,0.0,0.000000
0.001038500,0.717583,0.0,0.000000
0.001038750,0.717684,0.0,0.000000
0.001039000,0.717784,0.0,0.000000
0.001039250,0.717884,0.0,0.000000
0.001039500,0.717985,0.0,0.000000
0.001039750,0.718085,0.0,0.000000
0.001040000,0.718186,0.0,0.000000
0.001040250,0.718286,0.0,0.000000
0.001040500,0.718386,0.0,0.000000
0.001040750,0.718487,0.0,0.000000
0.001041000,0.718587,0.0,0.000000
0.001041250,0.718687,0.0,0.000000
0.001041500,0.718788,0.0,0.000000
0.001041750,0.718888,0.0,0.000000
0.001042000,0.718988,0.0,0.000000
0.001042250,0.719088,0.0,0.000000
0.001042500,0.719189,0.0,0.000000
0.001042750,0.719289,0.0,0.000000
0.001043000,0.719389,0.0,0.000000
0.001043250,0.719489,0.0,0.000000
0.001043500,0.719589,0.0,0.000000
0.001043750,0.719689,0.0,0.000000
0.001044000,0.719789,0.0,0.000000
0.001044250,0.719889,0.0,0.000000
0.001044500,0.719989,0.0,0.000000
0.001044750,0.720089,0.0,0.000000
0.001045000,0.720189,0.0,0.000000
0.001045250,0.720289,0.0,0.000000
0.001045500,0.720389,0.0,0.000000
0.001045750,0.720489,0.0,0.000000
0.001046000,0.720589,0.0,0.000000
0.001046250,0.720689,0.0,0.000000
0.001046500,0.720789,0.0,0.000000
0.001046750,0.720888,0.0,0.000000
0.001047000,0.720988,0.0,0.000000
0.001047250,0.721088,0.0,0.000000
0.001047500,0.721188,0.0,0.000000
0.001047750,0.721287,0.0,0.000000
0.001048000,0.721387,0.0,0.000000
0.001048250,0.721487,0.0,0.000000
0.001048500,0.721587,0.0,0.000000
0.001048750,0.721686,0.0,0.000000
0.001049000,0.721786,0.0,0.000000
0.001049250,0.721886,0.0,0.000000
0.001049500,0.721985,0.0,0.000000
0.001049750,0.722085,0.0,0.000000
0.001050000,0.722184,0.0,0.000000
0.001050250,0.722284,0.0,0.000000
0.001050500,0.722383,0.0,0.000000
0.001050750,0.722483,0.0,0.000000
0.001051000,0.722582,0.0,0.000000
0.001051250,0.722682,0.0,0.000000
0.001051500,0.722781,0.0,0.000000
0.001051750,0.722881,0.0,0.000000
0.001052000,0.722980,0.0,0.000000
0.001052250,0.723079,0.0,0.000000
0.001052500,0.723179,0.0,0.000000
0.001052750,0.723278,0.0,0.000000
0.001053000,0.723377,0.0,0.000000
0.001053250,0.723477,0.0,0.000000
0.001053500,0.723576,0.0,0.000000
0.001053750,0.723675,0.0,0.000000
0.001054000,0.723774,0.0,0.000000
0.001054250,0.723874,0.0,0.000000
0.001054500,0.723973,0.0,0.000000
0.001054750,0.724072,0.0,0.000000
0.001055000,0.724171,0.0,0.000000
0.001055250,0.724270,0.0,0.000000
0.001055500,0.724369,0.0,0.000000
0.001055750,0.724468,0.0,0.000000
0.001056000,0.724567,0.0,0.000000
0.001056250,0.724666,0.0,0.000000
0.001056500,0.724765,0.0,0.000000
0.001056750,0.724864,0.0,0.000000
0.001057000,0.724963,0.0,0.000000
0.001057250,0.725062,0.0,0.000000
0.001057500,0.725161,0.0,0.000000
0.001057750,0.725260,0.0,0.000000
0.001058000,0.725359,0.0,0.000000
0.001058250,0.725458,0.0,0.000000
0.001058500,0.725557,0.0,0.000000
0.001058750,0.725656,0.0,0.000000
0.001059000,0.725755,0.0,0.000000
0.001059250,0.725853,0.0,0.000000
0.001059500,0.725952,0.0,0.000000
0.001059750,0.726051,0.0,0.000000
0.001060000,0.726150,0.0,0.000000
0.001060250,0.726248,0.0,0.000000
0.001060500,0.726347,0.0,0.000000
0.001060750,0.726446,0.0,0.000000
0.001061000,0.726544,0.0,0.000000
0.001061250,0.726643,0.0,0.000000
0.001061500,0.726742,0.0,0.000000
0.001061750,0.726840,0.0,0.000000
0.001062000,0.726939,0.0,0.000000
0.001062250,0.727037,0.0,0.000000
0.001062500,0.727136,0.0,0.000000
0.001062750,0.727234,0.0,0.000000
0.001063000,0.727333,0.0,0.000000
0.001063250,0.727431,0.0,0.000000
0.001063500,0.727530,0.0,0.000000
0.001063750,0.727628,0.0,0.000000
0.001064000,0.727727,0.0,0.000000
0.001064250,0.727825,0.0,0.000000
0.001064500,0.727923,0.0,0.000000
0.001064750,0.728022,0.0,0.000000
0.001065000,0.728120,0.0,0.000000
0.001065250,0.728218,0.0,0.000000
0.001065500,0.728317,0.0,0.000000
0.001065750,0.728415,0.0,0.000000
0.001066000,0.728513,0.0,0.000000
0.001066250,0.728611,0.0,0.000000
0.001066500,0.728710,0.0,0.000000
0.001066750,0.728808,0.0,0.000000
0.001067000,0.728906,0.0,0.000000
0.001067250,0.729004,0.0,0.000000
0.001067500,0.729102,0.0,0.000000
0.001067750,0.729200,0.0,0.000000
0.001068000,0.729298,0.0,0.000000
0.001068250,0.729396,0.0,0.000000
0.001068500,0.729494,0.0,0.000000
0.001068750,0.729592,0.0,0.000000
0.001069000,0.729690,0.0,0.000000
0.001069250,0.729788,0.0,0.000000
0.001069500,0.729886,0.0,0.000000
0.001069750,0.729984,0.0,0.000000
0.001070000,0.730082,0.0,0.000000
0.001070250,0.730180,0.0,0.000000
0.001070500,0.730278,0.0,0.000000
0.001070750,0.730376,0.0,0.000000
0.001071000,0.730474,0.0,0.000000
0.001071250,0.730571,0.0,0.000000
0.001071500,0.730669,0.0,0.000000
0.001071750,0.730767,0.0,0.000000
0.001072000,0.730865,0.0,0.000000
0.001072250,0.730962,0.0,0.000000
0.001072500,0.731060,0.0,0.000000
0.001072750,0.731158,0.0,0.000000
0.001073000,0.731255,0.0,0.000000
0.001073250,0.731353,0.0,0.000000
0.001073500,0.731451,0.0,0.000000
0.001073750,0.731548,0.0,0.000000
0.001074000,0.731646,0.0,0.000000
0.001074250,0.731744,0.0,0.000000
0.001074500,0.731841,0.0,0.000000
0.001074750,0.731939,0.0,0.000000
0.001075000,0.732036,0.0,0.000000
0.001075250,0.732134,0.0,0.000000
0.001075500,0.732231,0.0,0.000000
0.001075750,0.732329,0.0,0.000000
0.001076000,0.732426,0.0,0.000000
0.001076250,0.732523,0.0,0.000000
0.001076500,0.732621,0.0,0.000000
0.001076750,0.732718,0.0,0.000000
0.001077000,0.732815,0.0,0.000000
0.001077250,0.732913,0.0,0.000000
0.001077500,0.733010,0.0,0.000000
0.001077750,0.733107,0.0,0.000000
0.001078000,0.733205,0.0,0.000000
0.001078250,0.733302,0.0,0.000000
0.001078500,0.733399,0.0,0.000000
0.001078750,0.733496,0.0,0.000000
0.001079000,0.733593,0.0,0.000000
0.001079250,0.733691,0.0,0.000000
0.001079500,0.733788,0.0,0.000000
0.001079750,0.733885,0.0,0.000000
0.001080000,0.733982,0.0,0.000000
0.001080250,0.734079,0.0,0.000000
0.001080500,0.734176,0.0,0.000000
0.001080750,0.734273,0.0,0.000000
0.001081000,0.734370,0.0,0.000000
0.001081250,0.734467,0.0,0.000000
0.001081500,0.734564,0.0,0.000000
0.001081750,0.734661,0.0,0.000000
0.001082000,0.734758,0.0,0.000000
0.001082250,0.734855,0.0,0.000000
0.001082500,0.734952,0.0,0.000000
0.001082750,0.735049,0.0,0.000000
0.001083000,0.735146,0.0,0.000000
0.001083250,0.735242,0.0,0.000000
0.001083500,0.735339,0.0,0.000000
0.001083750,0.735436,0.0,0.000000
0.001084000,0.735533,0.0,0.000000
0.001084250,0.735629,0.0,0.000000
0.001084500,0.735726,0.0,0.000000
0.001084750,0.735823,0.0,0.000000
0.001085000,0.735920,0.0,0.000000
0.001085250,0.736016,0.0,0.000000
0.001085500,0.736113,0.0,0.000000
0.001085750,0.736210,0.0,0.000000
0.001086000,0.736306,0.0,0.000000
0.001086250,0.736403,0.0,0.000000
0.001086500,0.736499,0.0,0.000000
0.001086750,0.736596,0.0,0.000000
0.001087000,0.736693,0.0,0.000000
0.001087250,0.736789,0.0,0.000000
0.001087500,0.736886,0.0,0.000000
0.001087750,0.736982,0.0,0.000000
0.001088000,0.737078,0.0,0.000000
0.001088250,0.737175,0.0,0.000000
0.001088500,0.737271,0.0,0.000000
0.001088750,0.737368,0.0,0.000000
0.001089000,0.737464,0.0,0.000000
0.001089250,0.737561,0.0,0.000000
0.001089500,0.737657,0.0,0.000000
0.001089750,0.737753,0.0,0.000000
0.001090000,0.737849,0.0,0.000000
0.001090250,0.737946,0.0,0.000000
0.001090500,0.738042,0.0,0.000000
0.001090750,0.738138,0.0,0.000000
0.001091000,0.738234,0.0,0.000000
0.001091250,0.738331,0.0,0.000000
0.001091500,0.738427,0.0,0.000000
0.001091750,0.738523,0.0,0.000000
0.001092000,0.738619,0.0,0.000000
0.001092250,0.738715,0.0,0.000000
0.001092500,0.738811,0.0,0.000000
0.001092750,0.738907,0.0,0.000000
0.001093000,0.739004,0.0,0.000000
0.001093250,0.739100,0.0,0.000000
0.001093500,0.739196,0.0,0.000000
0.001093750,0.739292,0.0,0.000000
0.001094000,0.739388,0.0,0.000000
0.001094250,0.739484,0.0,0.000000
0.001094500,0.739579,0.0,0.000000
0.001094750,0.739675,0.0,0.000000
0.001095000,0.739771,0.0,0.000000
0.001095250,0.739867,0.0,0.000000
0.001095500,0.739963,0.0,0.000000
0.001095750,0.740059,0.0,0.000000
0.001096000,0.740155,0.0,0.000000
0.001096250,0.740250,0.0,0.000000
0.001096500,0.740346,0.0,0.000000
0.001096750,0.740442,0.0,0.000000
0.001097000,0.740538,0.0,0.000000
0.001097250,0.740633,0.0,0.000000
0.001097500,0.740729,0.0,0.000000
0.001097750,0.740825,0.0,0.000000
0.001098000,0.740920,0.0,0.000000
0.001098250,0.741016,0.0,0.000000
0.001098500,0.741112,0.0,0.000000
0.001098750,0.741207,0.0,0.000000
0.001099000,0.741303,0.0,0.000000
0.001099250,0.741398,0.0,0.000000
0.001099500,0.741494,0.0,0.000000
0.001099750,0.741589,0.0,0.000000
0.001100000,0.741685,0.0,0.000000
0.001100250,0.741780,0.0,0.000000
0.001100500,0.741876,0.0,0.000000
0.001100750,0.741971,0.0,0.000000
0.001101000,0.742067,0.0,0.000000
0.001101250,0.742162,0.0,0.000000
0.001101500,0.742257,0.0,0.000000
0.001101750,0.742353,0.0,0.000000
0.001102000,0.742448,0.0,0.000000
0.001102250,0.742543,0.0,0.000000
0.001102500,0.742639,0.0,0.000000
0.001102750,0.742734,0.0,0.000000
0.001103000,0.742829,0.0,0.000000
0.001103250,0.742924,0.0,0.000000
0.001103500,0.743020,0.0,0.000000
0.001103750,0.743115,0.0,0.000000
0.001104000,0.743210,0.0,0.000000
0.001104250,0.743305,0.0,0.000000
0.001104500,0.743400,0.0,0.000000
0.001104750,0.743495,0.0,0.000000
0.001105000,0.743590,0.0,0.000000
0.001105250,0.743685,0.0,0.000000
0.001105500,0.743780,0.0,0.000000
0.001105750,0.743876,0.0,0.000000
0.001106000,0.743971,0.0,0.000000
0.001106250,0.744066,0.0,0.000000
0.001106500,0.744160,0.0,0.000000
0.001106750,0.744255,0.0,0.000000
0.001107000,0.744350,0.0,0.000000
0.001107250,0.744445,0.0,0.000000
0.001107500,0.744540,0.0,0.000000
0.001107750,0.744635,0.0,0.000000
0.001108000,0.744730,0.0,0.000000
0.001108250,0.744825,0.0,0.000000
0.001108500,0.744920,0.0,0.000000
0.001108750,0.745014,0.0,0.000000
0.001109000,0.745109,0.0,0.000000
0.001109250,0.745204,0.0,0.000000
0.001109500,0.745299,0.0,0.000000
0.001109750,0.745393,0.0,0.000000
0.001110000,0.745488,0.0,0.000000
0.001110250,0.745583,0.0,0.000000
0.001110500,0.745678,0.0,0.000000
0.001110750,0.745772,0.0,0.000000
0.001111000,0.745867,0.0,0.000000
0.001111250,0.745961,0.0,0.000000
0.001111500,0.746056,0.0,0.000000
0.001111750,0.746151,0.0,0.000000
0.001112000,0.746245,0.0,0.000000
0.001112250,0.746340,0.0,0.000000
0.001112500,0.746434,0.0,0.000000
0.001112750,0.746529,0.0,0.000000
0.001113000,0.746623,0.0,0.000000
0.001113250,0.746718,0.0,0.000000
0.001113500,0.746812,0.0,0.000000
0.001113750,0.746906,0.0,0.000000
0.001114000,0.747001,0.0,0.000000
0.001114250,0.747095,0.0,0.000000
0.001114500,0.747190,0.0,0.000000
0.001114750,0.747284,0.0,0.000000
0.001115000,0.747378,0.0,0.000000
0.001115250,0.747473,0.0,0.000000
0.001115500,0.747567,0.0,0.000000
0.001115750,0.747661,0.0,0.000000
0.001116000,0.747755,0.0,0.000000
0.001116250,0.747850,0.0,0.000000
0.001116500,0.747944,0.0,0.000000
0.001116750,0.748038,0.0,0.000000
0.001117000,0.748132,0.0,0.000000
0.001117250,0.748226,0.0,0.000000
0.001117500,0.748320,0.0,0.000000
0.001117750,0.748414,0.0,0.000000
0.001118000,0.748508,0.0,0.000000
0.001118250,0.748603,0.0,0.000000
0.001118500,0.748697,0.0,0.000000
0.001118750,0.748791,0.0,0.000000
0.001119000,0.748885,0.0,0.000000
0.001119250,0.748979,0.0,0.000000
0.001119500,0.749072,0.0,0.000000
0.001119750,0.749166,0.0,0.000000
0.001120000,0.749260,0.0,0.000000
0.001120250,0.749354,0.0,0.000000
0.001120500,0.749448,0.0,0.000000
0.001120750,0.749542,0.0,0.000000
0.001121000,0.749636,0.0,0.000000
0.001121250,0.749730,0.0,0.000000
0.001121500,0.749823,0.0,0.000000
0.001121750,0.749917,0.0,0.000000
0.001122000,0.750011,0.0,0.000000
0.001122250,0.750105,0.0,0.000000
0.001122500,0.750198,0.0,0.000000
0.001122750,0.750292,0.0,0.000000
0.001123000,0.750386,0.0,0.000000
0.001123250,0.750479,0.0,0.000000
0.001123500,0.750573,0.0,0.000000
0.001123750,0.750667,0.0,0.000000
0.001124000,0.750760,0.0,0.000000
0.001124250,0.750854,0.0,0.000000
0.001124500,0.750947,0.0,0.000000
0.001124750,0.751041,0.0,0.000000
0.001125000,0.751135,0.0,0.000000
0.001125250,0.751228,0.0,0.000000
0.001125500,0.751321,0.0,0.000000
0.001125750,0.751415,0.0,0.000000
0.001126000,0.751508,0.0,0.000000
0.001126250,0.751602,0.0,0.000000
0.001126500,0.751695,0.0,0.000000
0.001126750,0.751789,0.0,0.000000
0.001127000,0.751882,0.0,0.000000
0.001127250,0.751975,0.0,0.000000
0.001127500,0.752069,0.0,0.000000
0.001127750,0.752162,0.0,0.000000
0.001128000,0.752255,0.0,0.000000
0.001128250,0.752349,0.0,0.000000
0.001128500,0.752442,0.0,0.000000
0.001128750,0.752535,0.0,0.000000
0.001129000,0.752628,0.0,0.000000
0.001129250,0.752721,0.0,0.000000
0.001129500,0.752815,0.0,0.000000
0.001129750,0.752908,0.0,0.000000
0.001130000,0.753001,0.0,0.000000
0.001130250,0.753094,0.0,0.000000
0.001130500,0.753187,0.0,0.000000
0.001130750,0.753280,0.0,0.000000
0.001131000,0.753373,0.0,0.000000
0.001131250,0.753466,0.0,0.000000
0.001131500,0.753559,0.0,0.000000
0.001131750,0.753652,0.0,0.000000
0.001132000,0.753745,0.0,0.000000
0.001132250,0.753838,0.0,0.000000
0.001132500,0.753931,0.0,0.000000
0.001132750,0.754024,0.0,0.000000
0.001133000,0.754117,0.0,0.000000
0.001133250,0.754210,0.0,0.000000
0.001133500,0.754303,0.0,0.000000
0.001133750,0.754396,0.0,0.000000
0.001134000,0.754489,0.0,0.000000
0.001134250,0.754581,0.0,0.000000
0.001134500,0.754674,0.0,0.000000
0.001134750,0.754767,0.0,0.000000
0.001135000,0.754860,0.0,0.000000
0.001135250,0.754952,0.0,0.000000
0.001135500,0.755045,0.0,0.000000
0.001135750,0.755138,0.0,0.000000
0.001136000,0.755230,0.0,0.000000
0.001136250,0.755323,0.0,0.000000
0.001136500,0.755416,0.0,0.000000
0.001136750,0.755508,0.0,0.000000
0.001137000,0.755601,0.0,0.000000
0.001137250,0.755693,0.0,0.000000
0.001137500,0.755786,0.0,0.000000
0.001137750,0.755879,0.0,0.000000
0.001138000,0.755971,0.0,0.000000
0.001138250,0.756064,0.0,0.000000
0.001138500,0.756156,0.0,0.000000
0.001138750,0.756249,0.0,0.000000
0.001139000,0.756341,0.0,0.000000
0.001139250,0.756433,0.0,0.000000
0.001139500,0.756526,0.0,0.000000
0.001139750,0.756618,0.0,0.000000
0.001140000,0.756711,0.0,0.000000
0.001140250,0.756803,0.0,0.000000
0.001140500,0.756895,0.0,0.000000
0.001140750,0.756988,0.0,0.000000
0.001141000,0.757080,0.0,0.000000
0.001141250,0.757172,0.0,0.000000
0.001141500,0.757264,0.0,0.000000
0.001141750,0.757357,0.0,0.000000
0.001142000,0.757449,0.0,0.000000
0.001142250,0.757541,0.0,0.000000
0.001142500,0.757633,0.0,0.000000
0.001142750,0.757725,0.0,0.000000
0.001143000,0.757817,0.0,0.000000
0.001143250,0.757910,0.0,0.000000
0.001143500,0.758002,0.0,0.000000
0.001143750,0.758094,0.0,0.000000
0.001144000,0.758186,0.0,0.000000
0.001144250,0.758278,0.0,0.000000
0.001144500,0.758370,0.0,0.000000
0.001144750,0.758462,0.0,0.000000
0.001145000,0.758554,0.0,0.000000
0.001145250,0.758646,0.0,0.000000
0.001145500,0.758738,0.0,0.000000
0.001145750,0.758830,0.0,0.000000
0.001146000,0.758922,0.0,0.000000
0.001146250,0.759013,0.0,0.000000
0.001146500,0.759105,0.0,0.000000
0.001146750,0.759197,0.0,0.000000
0.001147000,0.759289,0.0,0.000000
0.001147250,0.759381,0.0,0.000000
0.001147500,0.759473,0.0,0.000000
0.001147750,0.759564,0.0,0.000000
0.001148000,0.759656,0.0,0.000000
0.001148250,0.759748,0.0,0.000000
0.001148500,0.759840,0.0,0.000000
0.001148750,0.759931,0.0,0.000000
0.001149000,0.760023,0.0,0.000000
0.001149250,0.760115,0.0,0.000000
0.001149500,0.760206,0.0,0.000000
0.001149750,0.760298,0.0,0.000000
0.001150000,0.760389,0.0,0.000000
0.001150250,0.760481,0.0,0.000000
0.001150500,0.760572,0.0,0.000000
0.001150750,0.760664,0.0,0.000000
0.001151000,0.760756,0.0,0.000000
0.001151250,0.760847,0.0,0.000000
0.001151500,0.760939,0.0,0.000000
0.001151750,0.761030,0.0,0.000000
0.001152000,0.761121,0.0,0.000000
0.001152250,0.761213,0.0,0.000000
0.001152500,0.761304,0.0,0.000000
0.001152750,0.761396,0.0,0.000000
0.001153000,0.761487,0.0,0.000000
0.001153250,0.761578,0.0,0.000000
0.001153500,0.761670,0.0,0.000000
0.001153750,0.761761,0.0,0.000000
0.001154000,0.761852,0.0,0.000000
0.001154250,0.761944,0.0,0.000000
0.001154500,0.762035,0.0,0.000000
0.001154750,0.762126,0.0,0.000000
0.001155000,0.762217,0.0,0.000000
0.001155250,0.762309,0.0,0.000000
0.001155500,0.762400,0.0,0.000000
0.001155750,0.762491,0.0,0.000000
0.001156000,0.762582,0.0,0.000000
0.001156250,0.762673,0.0,0.000000
0.001156500,0.762764,0.0,0.000000
0.001156750,0.762855,0.0,0.000000
0.001157000,0.762946,0.0,0.000000
0.001157250,0.763037,0.0,0.000000
0.001157500,0.763128,0.0,0.000000
0.001157750,0.763219,0.0,0.000000
0.001158000,0.763310,0.0,0.000000
0.001158250,0.763401,0.0,0.000000
0.001158500,0.763492,0.0,0.000000
0.001158750,0.763583,0.0,0.000000
0.001159000,0.763674,0.0,0.000000
0.001159250,0.763765,0.0,0.000000
0.001159500,0.763856,0.0,0.000000
0.001159750,0.763947,0.0,0.000000
0.001160000,0.764038,0.0,0.000000
0.001160250,0.764129,0.0,0.000000
0.001160500,0.764219,0.0,0.000000
0.001160750,0.764310,0.0,0.000000
0.001161000,0.764401,0.0,0.000000
0.001161250,0.764492,0.0,0.000000
0.001161500,0.764582,0.0,0.000000
0.001161750,0.764673,0.0,0.000000
0.001162000,0.764764,0.0,0.000000
0.001162250,0.764854,0.0,0.000000
0.001162500,0.764945,0.0,0.000000
0.001162750,0.765036,0.0,0.000000
0.001163000,0.765126,0.0,0.000000
0.001163250,0.765217,0.0,0.000000
0.001163500,0.765307,0.0,0.000000
0.001163750,0.765398,0.0,0.000000
0.001164000,0.765489,0.0,0.000000
0.001164250,0.765579,0.0,0.000000
0.001164500,0.765670,0.0,0.000000
0.001164750,0.765760,0.0,0.000000
0.001165000,0.765851,0.0,0.000000
0.001165250,0.765941,0.0,0.000000
0.001165500,0.766031,0.0,0.000000
0.001165750,0.766122,0.0,0.000000
0.001166000,0.766212,0.0,0.000000
0.001166250,0.766303,0.0,0.000000
0.001166500,0.766393,0.0,0.000000
0.001166750,0.766483,0.0,0.000000
0.001167000,0.766573,0.0,0.000000
0.001167250,0.766664,0.0,0.000000
0.001167500,0.766754,0.0,0.000000
0.001167750,0.766844,0.0,0.000000
0.001168000,0.766935,0.0,0.000000
0.001168250,0.767025,0.0,0.000000
0.001168500,0.767115,0.0,0.000000
0.001168750,0.767205,0.0,0.000000
0.001169000,0.767295,0.0,0.000000
0.001169250,0.767385,0.0,0.000000
0.001169500,0.767476,0.0,0.000000
0.001169750,0.767566,0.0,0.000000
0.001170000,0.767656,0.0,0.000000
0.001170250,0.767746,0.0,0.000000
0.001170500,0.767836,0.0,0.000000
0.001170750,0.767926,0.0,0.000000
0.001171000,0.768016,0.0,0.000000
0.001171250,0.768106,0.0,0.000000
0.001171500,0.768196,0.0,0.000000
0.001171750,0.768286,0.0,0.000000
0.001172000,0.768376,0.0,0.000000
0.001172250,0.768466,0.0,0.000000
0.001172500,0.768556,0.0,0.000000
0.001172750,0.768645,0.0,0.000000
0.001173000,0.768735,0.0,0.000000
0.001173250,0.768825,0.0,0.000000
0.001173500,0.768915,0.0,0.000000
0.001173750,0.769005,0.0,0.000000
0.001174000,0.769095,0.0,0.000000
0.001174250,0.769184,0.0,0.000000
0.001174500,0.769274,0.0,0.000000
0.001174750,0.769364,0.0,0.000000
0.001175000,0.769454,0.0,0.000000
0.001175250,0.769543,0.0,0.000000
0.001175500,0.769633,0.0,0.000000
0.001175750,0.769723,0.0,0.000000
0.001176000,0.769812,0.0,0.000000
0.001176250,0.769902,0.0,0.000000
0.001176500,0.769991,0.0,0.000000
0.001176750,0.770081,0.0,0.000000
0.001177000,0.770171,0.0,0.000000
0.001177250,0.770260,0.0,0.000000
0.001177500,0.770350,0.0,0.000000
0.001177750,0.770439,0.0,0.000000
0.001178000,0.770529,0.0,0.000000
0.001178250,0.770618,0.0,0.000000
0.001178500,0.770708,0.0,0.000000
0.001178750,0.770797,0.0,0.000000
0.001179000,0.770886,0.0,0.000000
0.001179250,0.770976,0.0,0.000000
0.001179500,0.771065,0.0,0.000000
0.001179750,0.771154,0.0,0.000000
0.001180000,0.771244,0.0,0.000000
0.001180250,0.771333,0.0,0.000000
0.001180500,0.771422,0.0,0.000000
0.001180750,0.771512,0.0,0.000000
0.001181000,0.771601,0.0,0.000000
0.001181250,0.771690,0.0,0.000000
0.001181500,0.771779,0.0,0.000000
0.001181750,0.771869,0.0,0.000000
0.001182000,0.771958,0.0,0.000000
0.001182250,0.772047,0.0,0.000000
0.001182500,0.772136,0.0,0.000000
0.001182750,0.772225,0.0,0.000000
0.001183000,0.772314,0.0,0.000000
0.001183250,0.772404,0.0,0.000000
0.001183500,0.772493,0.0,0.000000
0.001183750,0.772582,0.0,0.000000
0.001184000,0.772671,0.0,0.000000
0.001184250,0.772760,0.0,0.000000
0.001184500,0.772849,0.0,0.000000
0.001184750,0.772938,0.0,0.000000
0.001185000,0.773027,0.0,0.000000
0.001185250,0.773116,0.0,0.000000
0.001185500,0.773205,1.0,4.180000
0.001185750,0.773293,0.0,3.538294
0.001186000,0.053910,0.0,2.995100
0.001186250,0.054148,0.0,2.535298
0.001186500,0.054387,0.0,2.146084
0.001186750,0.054626,0.0,1.816620
0.001187000,0.054864,0.0,1.537736
0.001187250,0.055103,0.0,1.301666
0.001187500,0.055342,0.0,1.101836
0.001187750,0.055580,0.0,0.932684
0.001188000,0.055818,0.0,0.789500
0.001188250,0.056057,0.0,0.668297
0.001188500,0.056295,0.0,0.565701
0.001188750,0.056533,0.0,0.478856
0.001189000,0.056772,0.0,0.405343
0.001189250,0.057010,0.0,0.343115
0.001189500,0.057248,0.0,0.290441
0.001189750,0.057486,0.0,0.245853
0.001190000,0.057724,0.0,0.208110
0.001190250,0.057962,0.0,0.176161
0.001190500,0.058200,0.0,0.149117
0.001190750,0.058438,0.0,0.126225
0.001191000,0.058676,0.0,0.106847
0.001191250,0.058913,0.0,0.090444
0.001191500,0.059151,0.0,0.076559
0.001191750,0.059389,0.0,0.064806
0.001192000,0.059626,0.0,0.054857
0.001192250,0.059864,0.0,0.046436
0.001192500,0.060102,0.0,0.039307
0.001192750,0.060339,0.0,0.033273
0.001193000,0.060576,0.0,0.000000
0.001193250,0.060814,0.0,0.000000
0.001193500,0.061051,0.0,0.000000
0.001193750,0.061288,0.0,0.000000
0.001194000,0.061526,0.0,0.000000
0.001194250,0.061763,0.0,0.000000
0.001194500,0.062000,0.0,0.000000
0.001194750,0.062237,0.0,0.000000
0.001195000,0.062474,0.0,0.000000
0.001195250,0.062711,0.0,0.000000
0.001195500,0.062948,0.0,0.000000
0.001195750,0.063185,0.0,0.000000
0.001196000,0.063422,0.0,0.000000
0.001196250,0.063659,0.0,0.000000
0.001196500,0.063895,0.0,0.000000
0.001196750,0.064132,0.0,0.000000
0.001197000,0.064369,0.0,0.000000
0.001197250,0.064605,0.0,0.000000
0.001197500,0.064842,0.0,0.000000
0.001197750,0.065078,0.0,0.000000
0.001198000,0.065315,0.0,0.000000
0.001198250,0.065551,0.0,0.000000
0.001198500,0.065787,0.0,0.000000
0.001198750,0.066024,0.0,0.000000
0.001199000,0.066260,0.0,0.000000
0.001199250,0.066496,0.0,0.000000
0.001199500,0.066732,0.0,0.000000
0.001199750,0.066968,0.0,0.000000
0.001200000,0.067204,0.0,0.000000
0.001200250,0.067440,0.0,0.000000
0.001200500,0.067676,0.0,0.000000
0.001200750,0.067912,0.0,0.000000
0.001201000,0.068148,0.0,0.000000
0.001201250,0.068384,0.0,0.000000
0.001201500,0.068620,0.0,0.000000
0.001201750,0.068855,0.0,0.000000
0.001202000,0.069091,0.0,0.000000
0.001202250,0.069327,0.0,0.000000
0.001202500,0.069562,0.0,0.000000
0.001202750,0.069798,0.0,0.000000
0.001203000,0.070033,0.0,0.000000
0.001203250,0.070269,0.0,0.000000
0.001203500,0.070504,0.0,0.000000
0.001203750,0.070739,0.0,0.000000
0.001204000,0.070974,0.0,0.000000
0.001204250,0.071210,0.0,0.000000
0.001204500,0.071445,0.0,0.000000
0.001204750,0.071680,0.0,0.000000
0.001205000,0.071915,0.0,0.000000
0.001205250,0.072150,0.0,0.000000
0.001205500,0.072385,0.0,0.000000
0.001205750,0.072620,0.0,0.000000
0.001206000,0.072855,0.0,0.000000
0.001206250,0.073090,0.0,0.000000
0.001206500,0.073324,0.0,0.000000
0.001206750,0.073559,0.0,0.000000
0.001207000,0.073794,0.0,0.000000
0.001207250,0.074028,0.0,0.000000
0.001207500,0.074263,0.0,0.000000
0.001207750,0.074497,0.0,0.000000
0.001208000,0.074732,0.0,0.000000
0.001208250,0.074966,0.0,0.000000
0.001208500,0.075201,0.0,0.000000
0.001208750,0.075435,0.0,0.000000
0.001209000,0.075669,0.0,0.000000
0.001209250,0.075904,0.0,0.000000
0.001209500,0.076138,0.0,0.000000
0.001209750,0.076372,0.0,0.000000
0.001210000,0.076606,0.0,0.000000
0.001210250,0.076840,0.0,0.000000
0.001210500,0.077074,0.0,0.000000
0.001210750,0.077308,0.0,0.000000
0.001211000,0.077542,0.0,0.000000
0.001211250,0.077776,0.0,0.000000
0.001211500,0.078010,0.0,0.000000
0.001211750,0.078243,0.0,0.000000
0.001212000,0.078477,0.0,0.000000
0.001212250,0.078711,0.0,0.000000
0.001212500,0.078944,0.0,0.000000
0.001212750,0.079178,0.0,0.000000
0.001213000,0.079411,0.0,0.000000
0.001213250,0.079645,0.0,0.000000
0.001213500,0.079878,0.0,0.000000
0.001213750,0.080111,0.0,0.000000
0.001214000,0.080345,0.0,0.000000
0.001214250,0.080578,0.0,0.000000
0.001214500,0.080811,0.0,0.000000
0.001214750,0.081044,0.0,0.000000
0.001215000,0.081278,0.0,0.000000
0.001215250,0.081511,0.0,0.000000
0.001215500,0.081744,0.0,0.000000
0.001215750,0.081977,0.0,0.000000
0.001216000,0.082209,0.0,0.000000
0.001216250,0.082442,0.0,0.000000
0.001216500,0.082675,0.0,0.000000
0.001216750,0.082908,0.0,0.000000
0.001217000,0.083141,0.0,0.000000
0.001217250,0.083373,0.0,0.000000
0.001217500,0.083606,0.0,0.000000
0.001217750,0.083839,0.0,0.000000
0.001218000,0.084071,0.0,0.000000
0.001218250,0.084304,0.0,0.000000
0.001218500,0.084536,0.0,0.000000
0.001218750,0.084768,0.0,0.000000
0.001219000,0.085001,0.0,0.000000
0.001219250,0.085233,0.0,0.000000
0.001219500,0.085465,0.0,0.000000
0.001219750,0.085697,0.0,0.000000
0.001220000,0.085930,0.0,0.000000
0.001220250,0.086162,0.0,0.000000
0.001220500,0.086394,0.0,0.000000
0.001220750,0.086626,0.0,0.000000
0.001221000,0.086858,0.0,0.000000
0.001221250,0.087090,0.0,0.000000
0.001221500,0.087321,0.0,0.000000
0.001221750,0.087553,0.0,0.000000
0.001222000,0.087785,0.0,0.000000
0.001222250,0.088017,0.0,0.000000
0.001222500,0.088248,0.0,0.000000
0.001222750,0.088480,0.0,0.000000
0.001223000,0.088712,0.0,0.000000
0.001223250,0.088943,0.0,0.000000
0.001223500,0.089175,0.0,0.000000
0.001223750,0.089406,0.0,0.000000
0.001224000,0.089637,0.0,0.000000
0.001224250,0.089869,0.0,0.000000
0.001224500,0.090100,0.0,0.000000
0.001224750,0.090331,0.0,0.000000
0.001225000,0.090562,0.0,0.000000
0.001225250,0.090793,0.0,0.000000
0.001225500,0.091025,0.0,0.000000
0.001225750,0.091256,0.0,0.000000
0.001226000,0.091487,0.0,0.000000
0.001226250,0.091718,0.0,0.000000
0.001226500,0.091948,0.0,0.000000
0.001226750,0.092179,0.0,0.000000
0.001227000,0.092410,0.0,0.000000
0.001227250,0.092641,0.0,0.000000
0.001227500,0.092871,0.0,0.000000
0.001227750,0.093102,0.0,0.000000
0.001228000,0.093333,0.0,0.000000
0.001228250,0.093563,0.0,0.000000
0.001228500,0.093794,0.0,0.000000
0.001228750,0.094024,0.0,0.000000
0.001229000,0.094255,0.0,0.000000
0.001229250,0.094485,0.0,0.000000
0.001229500,0.094715,0.0,0.000000
0.001229750,0.094946,0.0,0.000000
0.001230000,0.095176,0.0,0.000000
0.001230250,0.095406,0.0,0.000000
0.001230500,0.095636,0.0,0.000000
0.001230750,0.095866,0.0,0.000000
0.001231000,0.096096,0.0,0.000000
0.001231250,0.096326,0.0,0.000000
0.001231500,0.096556,0.0,0.000000
0.001231750,0.096786,0.0,0.000000
0.001232000,0.097016,0.0,0.000000
0.001232250,0.097246,0.0,0.000000
0.001232500,0.097475,0.0,0.000000
0.001232750,0.097705,0.0,0.000000
0.001233000,0.097935,0.0,0.000000
0.001233250,0.098164,0.0,0.000000
0.001233500,0.098394,0.0,0.000000
0.001233750,0.098623,0.0,0.000000
0.001234000,0.098853,0.0,0.000000
0.001234250,0.099082,0.0,0.000000
0.001234500,0.099312,0.0,0.000000
0.001234750,0.099541,0.0,0.000000
0.001235000,0.099770,0.0,0.000000
0.001235250,0.099999,0.0,0.000000
0.001235500,0.100228,0.0,0.000000
0.001235750,0.100458,0.0,0.000000
0.001236000,0.100687,0.0,0.000000
0.001236250,0.100916,0.0,0.000000
0.001236500,0.101145,0.0,0.000000
0.001236750,0.101374,0.0,0.000000
0.001237000,0.101602,0.0,0.000000
0.001237250,0.101831,0.0,0.000000
0.001237500,0.102060,0.0,0.000000
0.001237750,0.102289,0.0,0.000000
0.001238000,0.102518,0.0,0.000000
0.001238250,0.102746,0.0,0.000000
0.001238500,0.102975,0.0,0.000000
0.001238750,0.103203,0.0,0.000000
0.001239000,0.103432,0.0,0.000000
0.001239250,0.103660,0.0,0.000000
0.001239500,0.103889,0.0,0.000000
0.001239750,0.104117,0.0,0.000000
0.001240000,0.104345,0.0,0.000000
0.001240250,0.104574,0.0,0.000000
0.001240500,0.104802,0.0,0.000000
0.001240750,0.105030,0.0,0.000000
0.001241000,0.105258,0.0,0.000000
0.001241250,0.105486,0.0,0.000000
0.001241500,0.105714,0.0,0.000000
0.001241750,0.105942,0.0,0.000000
0.001242000,0.106170,0.0,0.000000
0.001242250,0.106398,0.0,0.000000
0.001242500,0.106626,0.0,0.000000
0.001242750,0.106854,0.0,0.000000
0.001243000,0.107081,0.0,0.000000
0.001243250,0.107309,0.0,0.000000
0.001243500,0.107537,0.0,0.000000
0.001243750,0.107764,0.0,0.000000
0.001244000,0.107992,0.0,0.000000
0.001244250,0.108219,0.0,0.000000
0.001244500,0.108447,0.0,0.000000
0.001244750,0.108674,0.0,0.000000
0.001245000,0.108901,0.0,0.000000
0.001245250,0.109129,0.0,0.000000
0.001245500,0.109356,0.0,0.000000
0.001245750,0.109583,0.0,0.000000
0.001246000,0.109810,0.0,0.000000
0.001246250,0.110038,0.0,0.000000
0.001246500,0.110265,0.0,0.000000
0.001246750,0.110492,0.0,0.000000
0.001247000,0.110719,0.0,0.000000
0.001247250,0.110946,0.0,0.000000
0.001247500,0.111172,0.0,0.000000
0.001247750,0.111399,0.0,0.000000
0.001248000,0.111626,0.0,0.000000
0.001248250,0.111853,0.0,0.000000
0.001248500,0.112080,0.0,0.000000
0.001248750,0.112306,0.0,0.000000
0.001249000,0.112533,0.0,0.000000
0.001249250,0.112759,0.0,0.000000
0.001249500,0.112986,0.0,0.000000
0.001249750,0.113212,0.0,0.000000
0.001250000,0.113439,0.0,0.000000
0.001250250,0.113665,0.0,0.000000
0.001250500,0.113891,0.0,0.000000
0.001250750,0.114118,0.0,0.000000
0.001251000,0.114344,0.0,0.000000
0.001251250,0.114570,0.0,0.000000
0.001251500,0.114796,0.0,0.000000
0.001251750,0.115022,0.0,0.000000
0.001252000,0.115248,0.0,0.000000
0.001252250,0.115474,0.0,0.000000
0.001252500,0.115700,0.0,0.000000
0.001252750,0.115926,0.0,0.000000
0.001253000,0.116152,0.0,0.000000
0.001253250,0.116378,0.0,0.000000
0.001253500,0.116604,0.0,0.000000
0.001253750,0.116829,0.0,0.000000
0.001254000,0.117055,0.0,0.000000
0.001254250,0.117281,0.0,0.000000
0.001254500,0.117506,0.0,0.000000
0.001254750,0.117732,0.0,0.000000
0.001255000,0.117957,0.0,0.000000
0.001255250,0.118182,0.0,0.000000
0.001255500,0.118408,0.0,0.000000
0.001255750,0.118633,0.0,0.000000
0.001256000,0.118858,0.0,0.000000
0.001256250,0.119084,0.0,0.000000
0.001256500,0.119309,0.0,0.000000
0.001256750,0.119534,0.0,0.000000
0.001257000,0.119759,0.0,0.000000
0.001257250,0.119984,0.0,0.000000
0.001257500,0.120209,0.0,0.000000
0.001257750,0.120434,0.0,0.000000
0.001258000,0.120659,0.0,0.000000
0.001258250,0.120884,0.0,0.000000
0.001258500,0.121109,0.0,0.000000
0.001258750,0.121334,0.0,0.000000
0.001259000,0.121558,0.0,0.000000
0.001259250,0.121783,0.0,0.000000
0.001259500,0.122008,0.0,0.000000
0.001259750,0.122232,0.0,0.000000
0.001260000,0.122457,0.0,0.000000
0.001260250,0.122681,0.0,0.000000
0.001260500,0.122906,0.0,0.000000
0.001260750,0.123130,0.0,0.000000
0.001261000,0.123354,0.0,0.000000
0.001261250,0.123579,0.0,0.000000
0.001261500,0.123803,0.0,0.000000
0.001261750,0.124027,0.0,0.000000
0.001262000,0.124251,0.0,0.000000
0.001262250,0.124475,0.0,0.000000
0.001262500,0.124699,0.0,0.000000
0.001262750,0.124923,0.0,0.000000
0.001263000,0.125147,0.0,0.000000
0.001263250,0.125371,0.0,0.000000
0.001263500,0.125595,0.0,0.000000
0.001263750,0.125819,0.0,0.000000
0.001264000,0.126043,0.0,0.000000
0.001264250,0.126267,0.0,0.000000
0.001264500,0.126490,0.0,0.000000
0.001264750,0.126714,0.0,0.000000
0.001265000,0.126938,0.0,0.000000
0.001265250,0.127161,0.0,0.000000
0.001265500,0.127385,0.0,0.000000
0.001265750,0.127608,0.0,0.000000
0.001266000,0.127831,0.0,0.000000
0.001266250,0.128055,0.0,0.000000
0.001266500,0.128278,0.0,0.000000
0.001266750,0.128501,0.0,0.000000
0.001267000,0.128725,0.0,0.000000
0.001267250,0.128948,0.0,0.000000
0.001267500,0.129171,0.0,0.000000
0.001267750,0.129394,0.0,0.000000
0.001268000,0.129617,0.0,0.000000
0.001268250,0.129840,0.0,0.000000
0.001268500,0.130063,0.0,0.000000
0.001268750,0.130286,0.0,0.000000
0.001269000,0.130509,0.0,0.000000
0.001269250,0.130732,0.0,0.000000
0.001269500,0.130954,0.0,0.000000
0.001269750,0.131177,0.0,0.000000
0.001270000,0.131400,0.0,0.000000
0.001270250,0.131622,0.0,0.000000
0.001270500,0.131845,0.0,0.000000
0.001270750,0.132067,0.0,0.000000
0.001271000,0.132290,0.0,0.000000
0.001271250,0.132512,0.0,0.000000
0.001271500,0.132735,0.0,0.000000
0.001271750,0.132957,0.0,0.000000
0.001272000,0.133179,0.0,0.000000
0.001272250,0.133402,0.0,0.000000
0.001272500,0.133624,0.0,0.000000
0.001272750,0.133846,0.0,0.000000
0.001273000,0.134068,0.0,0.000000
0.001273250,0.134290,0.0,0.000000
0.001273500,0.134512,0.0,0.000000
0.001273750,0.134734,0.0,0.000000
0.001274000,0.134956,0.0,0.000000
0.001274250,0.135178,0.0,0.000000
0.001274500,0.135400,0.0,0.000000
0.001274750,0.135622,0.0,0.000000
0.001275000,0.135843,0.0,0.000000
0.001275250,0.136065,0.0,0.000000
0.001275500,0.136287,0.0,0.000000
0.001275750,0.136508,0.0,0.000000
0.001276000,0.136730,0.0,0.000000
0.001276250,0.136951,0.0,0.000000
0.001276500,0.137173,0.0,0.000000
0.001276750,0.137394,0.0,0.000000
0.001277000,0.137616,0.0,0.000000
0.001277250,0.137837,0.0,0.000000
0.001277500,0.138058,0.0,0.000000
0.001277750,0.138280,0.0,0.000000
0.001278000,0.138501,0.0,0.000000
0.001278250,0.138722,0.0,0.000000
0.001278500,0.138943,0.0,0.000000
0.001278750,0.139164,0.0,0.000000
0.001279000,0.139385,0.0,0.000000
0.001279250,0.139606,0.0,0.000000
0.001279500,0.139827,0.0,0.000000
0.001279750,0.140048,0.0,0.000000
0.001280000,0.140269,0.0,0.000000
0.001280250,0.140489,0.0,0.000000
0.001280500,0.140710,0.0,0.000000
0.001280750,0.140931,0.0,0.000000
0.001281000,0.141151,0.0,0.000000
0.001281250,0.141372,0.0,0.000000
0.001281500,0.141593,0.0,0.000000
0.001281750,0.141813,0.0,0.000000
0.001282000,0.142034,0.0,0.000000
0.001282250,0.142254,0.0,0.000000
0.001282500,0.142474,0.0,0.000000
0.001282750,0.142695,0.0,0.000000
0.001283000,0.142915,0.0,0.000000
0.001283250,0.143135,0.0,0.000000
0.001283500,0.143355,0.0,0.000000
0.001283750,0.143575,0.0,0.000000
0.001284000,0.143796,0.0,0.000000
0.001284250,0.144016,0.0,0.000000
0.001284500,0.144236,0.0,0.000000
0.001284750,0.144456,0.0,0.000000
0.001285000,0.144675,0.0,0.000000
0.001285250,0.144895,0.0,0.000000
0.001285500,0.145115,0.0,0.000000
0.001285750,0.145335,0.0,0.000000
0.001286000,0.145555,0.0,0.000000
0.001286250,0.145774,0.0,0.000000
0.001286500,0.145994,0.0,0.000000
0.001286750,0.146213,0.0,0.000000
0.001287000,0.146433,0.0,0.000000
0.001287250,0.146652,0.0,0.000000
0.001287500,0.146872,0.0,0.000000
0.001287750,0.147091,0.0,0.000000
0.001288000,0.147311,0.0,0.000000
0.001288250,0.147530,0.0,0.000000
0.001288500,0.147749,0.0,0.000000
0.001288750,0.147968,0.0,0.000000
0.001289000,0.148188,0.0,0.000000
0.001289250,0.148407,0.0,0.000000
0.001289500,0.148626,0.0,0.000000
0.001289750,0.148845,0.0,0.000000
0.001290000,0.149064,0.0,0.000000
0.001290250,0.149283,0.0,0.000000
0.001290500,0.149502,0.0,0.000000
0.001290750,0.149721,0.0,0.000000
0.001291000,0.149939,0.0,0.000000
0.001291250,0.150158,0.0,0.000000
0.001291500,0.150377,0.0,0.000000
0.001291750,0.150596,0.0,0.000000
0.001292000,0.150814,0.0,0.000000
0.001292250,0.151033,0.0,0.000000
0.001292500,0.151251,0.0,0.000000
0.001292750,0.151470,0.0,0.000000
0.001293000,0.151688,0.0,0.000000
0.001293250,0.151907,0.0,0.000000
0.001293500,0.152125,0.0,0.000000
0.001293750,0.152343,0.0,0.000000
0.001294000,0.152562,0.0,0.000000
0.001294250,0.152780,0.0,0.000000
0.001294500,0.152998,0.0,0.000000
0.001294750,0.153216,0.0,0.000000
0.001295000,0.153434,0.0,0.000000
0.001295250,0.153652,0.0,0.000000
0.001295500,0.153870,0.0,0.000000
0.001295750,0.154088,0.0,0.000000
0.001296000,0.154306,0.0,0.000000
0.001296250,0.154524,0.0,0.000000
0.001296500,0.154742,0.0,0.000000
0.001296750,0.154959,0.0,0.000000
0.001297000,0.155177,0.0,0.000000
0.001297250,0.155395,0.0,0.000000
0.001297500,0.155612,0.0,0.000000
0.001297750,0.155830,0.0,0.000000
0.001298000,0.156048,0.0,0.000000
0.001298250,0.156265,0.0,0.000000
0.001298500,0.156482,0.0,0.000000
0.001298750,0.156700,0.0,0.000000
0.001299000,0.156917,0.0,0.000000
0.001299250,0.157135,0.0,0.000000
0.001299500,0.157352,0.0,0.000000
0.001299750,0.157569,0.0,0.000000
0.001300000,0.157786,0.0,0.000000
0.001300250,0.158003,0.0,0.000000
0.001300500,0.158220,0.0,0.000000
0.001300750,0.158437,0.0,0.000000
0.001301000,0.158654,0.0,0.000000
0.001301250,0.158871,0.0,0.000000
0.001301500,0.159088,0.0,0.000000
0.001301750,0.159305,0.0,0.000000
0.001302000,0.159522,0.0,0.000000
0.001302250,0.159739,0.0,0.000000
0.001302500,0.159955,0.0,0.000000
0.001302750,0.160172,0.0,0.000000
0.001303000,0.160389,0.0,0.000000
0.001303250,0.160605,0.0,0.000000
0.001303500,0.160822,0.0,0.000000
0.001303750,0.161038,0.0,0.000000
0.001304000,0.161255,0.0,0.000000
0.001304250,0.161471,0.0,0.000000
0.001304500,0.161688,0.0,0.000000
0.001304750,0.161904,0.0,0.000000
0.001305000,0.162120,0.0,0.000000
0.001305250,0.162336,0.0,0.000000
0.001305500,0.162553,0.0,0.000000
0.001305750,0.162769,0.0,0.000000
0.001306000,0.162985,0.0,0.000000
0.001306250,0.163201,0.0,0.000000
0.001306500,0.163417,0.0,0.000000
0.001306750,0.163633,0.0,0.000000
0.001307000,0.163849,0.0,0.000000
0.001307250,0.164065,0.0,0.000000
0.001307500,0.164280,0.0,0.000000
0.001307750,0.164496,0.0,0.000000
0.001308000,0.164712,0.0,0.000000
0.001308250,0.164928,0.0,0.000000
0.001308500,0.165143,0.0,0.000000
0.001308750,0.165359,0.0,0.000000
0.001309000,0.165574,0.0,0.000000
0.001309250,0.165790,0.0,0.000000
0.001309500,0.166005,0.0,0.000000
0.001309750,0.166221,0.0,0.000000
0.001310000,0.166436,0.0,0.000000
0.001310250,0.166651,0.0,0.000000
0.001310500,0.166867,0.0,0.000000
0.001310750,0.167082,0.0,0.000000
0.001311000,0.167297,0.0,0.000000
0.001311250,0.167512,0.0,0.000000
0.001311500,0.167727,0.0,0.000000
0.001311750,0.167942,0.0,0.000000
0.001312000,0.168157,0.0,0.000000
0.001312250,0.168372,0.0,0.000000
0.001312500,0.168587,0.0,0.000000
0.001312750,0.168802,0.0,0.000000
0.001313000,0.169017,0.0,0.000000
0.001313250,0.169232,0.0,0.000000
0.001313500,0.169446,0.0,0.000000
0.001313750,0.169661,0.0,0.000000
0.001314000,0.169876,0.0,0.000000
0.001314250,0.170090,0.0,0.000000
0.001314500,0.170305,0.0,0.000000
0.001314750,0.170519,0.0,0.000000
0.001315000,0.170734,0.0,0.000000
0.001315250,0.170948,0.0,0.000000
0.001315500,0.171163,0.0,0.000000
0.001315750,0.171377,0.0,0.000000
0.001316000,0.171591,0.0,0.000000
0.001316250,0.171806,0.0,0.000000
0.001316500,0.172020,0.0,0.000000
0.001316750,0.172234,0.0,0.000000
0.001317000,0.172448,0.0,0.000000
0.001317250,0.172662,0.0,0.000000
0.001317500,0.172876,0.0,0.000000
0.001317750,0.173090,0.0,0.000000
0.001318000,0.173304,0.0,0.000000
0.001318250,0.173518,0.0,0.000000
0.001318500,0.173732,0.0,0.000000
0.001318750,0.173946,0.0,0.000000
0.001319000,0.174159,0.0,0.000000
0.001319250,0.174373,0.0,0.000000
0.001319500,0.174587,0.0,0.000000
0.001319750,0.174800,0.0,0.000000
0.001320000,0.175014,0.0,0.000000
0.001320250,0.175228,0.0,0.000000
0.001320500,0.175441,0.0,0.000000
0.001320750,0.175654,0.0,0.000000
0.001321000,0.175868,0.0,0.000000
0.001321250,0.176081,0.0,0.000000
0.001321500,0.176295,0.0,0.000000
0.001321750,0.176508,0.0,0.000000
0.001322000,0.176721,0.0,0.000000
0.001322250,0.176934,0.0,0.000000
0.001322500,0.177147,0.0,0.000000
0.001322750,0.177360,0.0,0.000000
0.001323000,0.177573,0.0,0.000000
0.001323250,0.177786,0.0,0.000000
0.001323500,0.177999,0.0,0.000000
0.001323750,0.178212,0.0,0.000000
0.001324000,0.178425,0.0,0.000000
0.001324250,0.178638,0.0,0.000000
0.001324500,0.178851,0.0,0.000000
0.001324750,0.179064,0.0,0.000000
0.001325000,0.179276,0.0,0.000000
0.001325250,0.179489,0.0,0.000000
0.001325500,0.179702,0.0,0.000000
0.001325750,0.179914,0.0,0.000000
0.001326000,0.180127,0.0,0.000000
0.001326250,0.180339,0.0,0.000000
0.001326500,0.180552,0.0,0.000000
0.001326750,0.180764,0.0,0.000000
0.001327000,0.180976,0.0,0.000000
0.001327250,0.181189,0.0,0.000000
0.001327500,0.181401,0.0,0.000000
0.001327750,0.181613,0.0,0.000000
0.001328000,0.181825,0.0,0.000000
0.001328250,0.182037,0.0,0.000000
0.001328500,0.182249,0.0,0.000000
0.001328750,0.182461,0.0,0.000000
0.001329000,0.182673,0.0,0.000000
0.001329250,0.182885,0.0,0.000000
0.001329500,0.183097,0.0,0.000000
0.001329750,0.183309,0.0,0.000000
0.001330000,0.183521,0.0,0.000000
0.001330250,0.183733,0.0,0.000000
0.001330500,0.183944,0.0,0.000000
0.001330750,0.184156,0.0,0.000000
0.001331000,0.184368,0.0,0.000000
0.001331250,0.184579,0.0,0.000000
0.001331500,0.184791,0.0,0.000000
0.001331750,0.185002,0.0,0.000000
0.001332000,0.185214,0.0,0.000000
0.001332250,0.185425,0.0,0.000000
0.001332500,0.185637,0.0,0.000000
0.001332750,0.185848,0.0,0.000000
0.001333000,0.186059,0.0,0.000000
0.001333250,0.186270,0.0,0.000000
0.001333500,0.186482,0.0,0.000000
0.001333750,0.186693,0.0,0.000000
0.001334000,0.186904,0.0,0.000000
0.001334250,0.187115,0.0,0.000000
0.001334500,0.187326,0.0,0.000000
0.001334750,0.187537,0.0,0.000000
0.001335000,0.187748,0.0,0.000000
0.001335250,0.187959,0.0,0.000000
0.001335500,0.188170,0.0,0.000000
0.001335750,0.188380,0.0,0.000000
0.001336000,0.188591,0.0,0.000000
0.001336250,0.188802,0.0,0.000000
0.001336500,0.189013,0.0,0.000000
0.001336750,0.189223,0.0,0.000000
0.001337000,0.189434,0.0,0.000000
0.001337250,0.189644,0.0,0.000000
0.001337500,0.189855,0.0,0.000000
0.001337750,0.190065,0.0,0.000000
0.001338000,0.190276,0.0,0.000000
0.001338250,0.190486,0.0,0.000000
0.001338500,0.190696,0.0,0.000000
0.001338750,0.190907,0.0,0.000000
0.001339000,0.191117,0.0,0.000000
0.001339250,0.191327,0.0,0.000000
0.001339500,0.191537,0.0,0.000000
0.001339750,0.191747,0.0,0.000000
0.001340000,0.191957,0.0,0.000000
0.001340250,0.192167,0.0,0.000000
0.001340500,0.192377,0.0,0.000000
0.001340750,0.192587,0.0,0.000000
0.001341000,0.192797,0.0,0.000000
0.001341250,0.193007,0.0,0.000000
0.001341500,0.193217,0.0,0.000000
0.001341750,0.193426,0.0,0.000000
0.001342000,0.193636,0.0,0.000000
0.001342250,0.193846,0.0,0.000000
0.001342500,0.194055,0.0,0.000000
0.001342750,0.194265,0.0,0.000000
0.001343000,0.194474,0.0,0.000000
0.001343250,0.194684,0.0,0.000000
0.001343500,0.194893,0.0,0.000000
0.001343750,0.195103,0.0,0.000000
0.001344000,0.195312,0.0,0.000000
0.001344250,0.195521,0.0,0.000000
0.001344500,0.195731,0.0,0.000000
0.001344750,0.195940,0.0,0.000000
0.001345000,0.196149,0.0,0.000000
0.001345250,0.196358,0.0,0.000000
0.001345500,0.196567,0.0,0.000000
0.001345750,0.196776,0.0,0.000000
0.001346000,0.196985,0.0,0.000000
0.001346250,0.197194,0.0,0.000000
0.001346500,0.197403,0.0,0.000000
0.001346750,0.197612,0.0,0.000000
0.001347000,0.197821,0.0,0.000000
0.001347250,0.198030,0.0,0.000000
0.001347500,0.198239,0.0,0.000000
0.001347750,0.198447,0.0,0.000000
0.001348000,0.198656,0.0,0.000000
0.001348250,0.198864,0.0,0.000000
0.001348500,0.199073,0.0,0.000000
0.001348750,0.199282,0.0,0.000000
0.001349000,0.199490,0.0,0.000000
0.001349250,0.199699,0.0,0.000000
0.001349500,0.199907,0.0,0.000000
0.001349750,0.200115,0.0,0.000000
0.001350000,0.200324,0.0,0.000000
0.001350250,0.200532,0.0,0.000000
0.001350500,0.200740,0.0,0.000000
0.001350750,0.200948,0.0,0.000000
0.001351000,0.201156,0.0,0.000000
0.001351250,0.201364,0.0,0.000000
0.001351500,0.201573,0.0,0.000000
0.001351750,0.201781,0.0,0.000000
0.001352000,0.201988,0.0,0.000000
0.001352250,0.202196,0.0,0.000000
0.001352500,0.202404,0.0,0.000000
0.001352750,0.202612,0.0,0.000000
0.001353000,0.202820,0.0,0.000000
0.001353250,0.203028,0.0,0.000000
0.001353500,0.203235,0.0,0.000000
0.001353750,0.203443,0.0,0.000000
0.001354000,0.203651,0.0,0.000000
0.001354250,0.203858,0.0,0.000000
0.001354500,0.204066,0.0,0.000000
0.001354750,0.204273,0.0,0.000000
0.001355000,0.204481,0.0,0.000000
0.001355250,0.204688,0.0,0.000000
0.001355500,0.204895,0.0,0.000000
0.001355750,0.205103,0.0,0.000000
0.001356000,0.205310,0.0,0.000000
0.001356250,0.205517,0.0,0.000000
0.001356500,0.205724,0.0,0.000000
0.001356750,0.205932,0.0,0.000000
0.001357000,0.206139,0.0,0.000000
0.001357250,0.206346,0.0,0.000000
0.001357500,0.206553,0.0,0.000000
0.001357750,0.206760,0.0,0.000000
0.001358000,0.206967,0.0,0.000000
0.001358250,0.207173,0.0,0.000000
0.001358500,0.207380,0.0,0.000000
0.001358750,0.207587,0.0,0.000000
0.001359000,0.207794,0.0,0.000000
0.001359250,0.208001,0.0,0.000000
0.001359500,0.208207,0.0,0.000000
0.001359750,0.208414,0.0,0.000000
0.001360000,0.208620,0.0,0.000000
0.001360250,0.208827,0.0,0.000000
0.001360500,0.209033,0.0,0.000000
0.001360750,0.209240,0.0,0.000000
0.001361000,0.209446,0.0,0.000000
0.001361250,0.209653,0.0,0.000000
0.001361500,0.209859,0.0,0.000000
0.001361750,0.210065,0.0,0.000000
0.001362000,0.210272,0.0,0.000000
0.001362250,0.210478,0.0,0.000000
0.001362500,0.210684,0.0,0.000000
0.001362750,0.210890,0.0,0.000000
0.001363000,0.211096,0.0,0.000000
0.001363250,0.211302,0.0,0.000000
0.001363500,0.211508,0.0,0.000000
0.001363750,0.211714,0.0,0.000000
0.001364000,0.211920,0.0,0.000000
0.001364250,0.212126,0.0,0.000000
0.001364500,0.212332,0.0,0.000000
0.001364750,0.212537,0.0,0.000000
0.001365000,0.212743,0.0,0.000000
0.001365250,0.212949,0.0,0.000000
0.001365500,0.213154,0.0,0.000000
0.001365750,0.213360,0.0,0.000000
0.001366000,0.213565,0.0,0.000000
0.001366250,0.213771,0.0,0.000000
0.001366500,0.213976,0.0,0.000000
0.001366750,0.214182,0.0,0.000000
0.001367000,0.214387,0.0,0.000000
0.001367250,0.214593,0.0,0.000000
0.001367500,0.214798,0.0,0.000000
0.001367750,0.215003,0.0,0.000000
0.001368000,0.215208,0.0,0.000000
0.001368250,0.215413,0.0,0.000000
0.001368500,0.215619,0.0,0.000000
0.001368750,0.215824,0.0,0.000000
0.001369000,0.216029,0.0,0.000000
0.001369250,0.216234,0.0,0.000000
0.001369500,0.216439,0.0,0.000000
0.001369750,0.216644,0.0,0.000000
0.001370000,0.216848,0.0,0.000000
0.001370250,0.217053,0.0,0.000000
0.001370500,0.217258,0.0,0.000000
0.001370750,0.217463,0.0,0.000000
0.001371000,0.217667,0.0,0.000000
0.001371250,0.217872,0.0,0.000000
0.001371500,0.218077,0.0,0.000000
0.001371750,0.218281,0.0,0.000000
0.001372000,0.218486,0.0,0.000000
0.001372250,0.218690,0.0,0.000000
0.001372500,0.218895,0.0,0.000000
0.001372750,0.219099,0.0,0.000000
0.001373000,0.219304,0.0,0.000000
0.001373250,0.219508,0.0,0.000000
0.001373500,0.219712,0.0,0.000000
0.001373750,0.219916,0.0,0.000000
0.001374000,0.220121,0.0,0.000000
0.001374250,0.220325,0.0,0.000000
0.001374500,0.220529,0.0,0.000000
0.001374750,0.220733,0.0,0.000000
0.001375000,0.220937,0.0,0.000000
0.001375250,0.221141,0.0,0.000000
0.001375500,0.221345,0.0,0.000000
0.001375750,0.221549,0.0,0.000000
0.001376000,0.221752,0.0,0.000000
0.001376250,0.221956,0.0,0.000000
0.001376500,0.222160,0.0,0.000000
0.001376750,0.222364,0.0,0.000000
0.001377000,0.222567,0.0,0.000000
0.001377250,0.222771,0.0,0.000000
0.001377500,0.222975,0.0,0.000000
0.001377750,0.223178,0.0,0.000000
0.001378000,0.223382,0.0,0.000000
0.001378250,0.223585,0.0,0.000000
0.001378500,0.223789,0.0,0.000000
0.001378750,0.223992,0.0,0.000000
0.001379000,0.224195,0.0,0.000000
0.001379250,0.224399,0.0,0.000000
0.001379500,0.224602,0.0,0.000000
0.001379750,0.224805,0.0,0.000000
0.001380000,0.225008,0.0,0.000000
0.001380250,0.225211,0.0,0.000000
0.001380500,0.225414,0.0,0.000000
0.001380750,0.225617,0.0,0.000000
0.001381000,0.225820,0.0,0.000000
0.001381250,0.226023,0.0,0.000000
0.001381500,0.226226,0.0,0.000000
0.001381750,0.226429,0.0,0.000000
0.001382000,0.226632,0.0,0.000000
0.001382250,0.226835,0.0,0.000000
0.001382500,0.227038,0.0,0.000000
0.001382750,0.227240,0.0,0.000000
0.001383000,0.227443,0.0,0.000000
0.001383250,0.227646,0.0,0.000000
0.001383500,0.227848,0.0,0.000000
0.001383750,0.228051,0.0,0.000000
0.001384000,0.228253,0.0,0.000000
0.001384250,0.228456,0.0,0.000000
0.001384500,0.228658,0.0,0.000000
0.001384750,0.228860,0.0,0.000000
0.001385000,0.229063,0.0,0.000000
0.001385250,0.229265,0.0,0.000000
0.001385500,0.229467,0.0,0.000000
0.001385750,0.229669,0.0,0.000000
0.001386000,0.229872,0.0,0.000000
0.001386250,0.230074,0.0,0.000000
0.001386500,0.230276,0.0,0.000000
0.001386750,0.230478,0.0,0.000000
0.001387000,0.230680,0.0,0.000000
0.001387250,0.230882,0.0,0.000000
0.001387500,0.231084,0.0,0.000000
0.001387750,0.231285,0.0,0.000000
0.001388000,0.231487,0.0,0.000000
0.001388250,0.231689,0.0,0.000000
0.001388500,0.231891,0.0,0.000000
0.001388750,0.232092,0.0,0.000000
0.001389000,0.232294,0.0,0.000000
0.001389250,0.232496,0.0,0.000000
0.001389500,0.232697,0.0,0.000000
0.001389750,0.232899,0.0,0.000000
0.001390000,0.233100,0.0,0.000000
0.001390250,0.233302,0.0,0.000000
0.001390500,0.233503,0.0,0.000000
0.001390750,0.233704,0.0,0.000000
0.001391000,0.233906,0.0,0.000000
0.001391250,0.234107,0.0,0.000000
0.001391500,0.234308,0.0,0.000000
0.001391750,0.234509,0.0,0.000000
0.001392000,0.234711,0.0,0.000000
0.001392250,0.234912,0.0,0.000000
0.001392500,0.235113,0.0,0.000000
0.001392750,0.235314,0.0,0.000000
0.001393000,0.235515,0.0,0.000000
0.001393250,0.235716,0.0,0.000000
0.001393500,0.235917,0.0,0.000000
0.001393750,0.236117,0.0,0.000000
0.001394000,0.236318,0.0,0.000000
0.001394250,0.236519,0.0,0.000000
0.001394500,0.236720,0.0,0.000000
0.001394750,0.236920,0.0,0.000000
0.001395000,0.237121,0.0,0.000000
0.001395250,0.237322,0.0,0.000000
0.001395500,0.237522,0.0,0.000000
0.001395750,0.237723,0.0,0.000000
0.001396000,0.237923,0.0,0.000000
0.001396250,0.238124,0.0,0.000000
0.001396500,0.238324,0.0,0.000000
0.001396750,0.238524,0.0,0.000000
0.001397000,0.238725,0.0,0.000000
0.001397250,0.238925,0.0,0.000000
0.001397500,0.239125,0.0,0.000000
0.001397750,0.239325,0.0,0.000000
0.001398000,0.239525,0.0,0.000000
0.001398250,0.239726,0.0,0.000000
0.001398500,0.239926,0.0,0.000000
0.001398750,0.240126,0.0,0.000000
0.001399000,0.240326,0.0,0.000000
0.001399250,0.240526,0.0,0.000000
0.001399500,0.240725,0.0,0.000000
0.001399750,0.240925,0.0,0.000000
0.001400000,0.241125,0.0,0.000000
0.001400250,0.241325,0.0,0.000000
0.001400500,0.241525,0.0,0.000000
0.001400750,0.241724,0.0,0.000000
0.001401000,0.241924,0.0,0.000000
0.001401250,0.242123,0.0,0.000000
0.001401500,0.242323,0.0,0.000000
0.001401750,0.242523,0.0,0.000000
0.001402000,0.242722,0.0,0.000000
0.001402250,0.242921,0.0,0.000000
0.001402500,0.243121,0.0,0.000000
0.001402750,0.243320,0.0,0.000000
0.001403000,0.243520,0.0,0.000000
0.001403250,0.243719,0.0,0.000000
0.001403500,0.243918,0.0,0.000000
0.001403750,0.244117,0.0,0.000000
0.001404000,0.244316,0.0,0.000000
0.001404250,0.244515,0.0,0.000000
0.001404500,0.244715,0.0,0.000000
0.001404750,0.244914,0.0,0.000000
0.001405000,0.245113,0.0,0.000000
0.001405250,0.245311,0.0,0.000000
0.001405500,0.245510,0.0,0.000000
0.001405750,0.245709,0.0,0.000000
0.001406000,0.245908,0.0,0.000000
0.001406250,0.246107,0.0,0.000000
0.001406500,0.246305,0.0,0.000000
0.001406750,0.246504,0.0,0.000000
0.001407000,0.246703,0.0,0.000000
0.001407250,0.246901,0.0,0.000000
0.001407500,0.247100,0.0,0.000000
0.001407750,0.247299,0.0,0.000000
0.001408000,0.247497,0.0,0.000000
0.001408250,0.247695,0.0,0.000000
0.001408500,0.247894,0.0,0.000000
0.001408750,0.248092,0.0,0.000000
0.001409000,0.248291,0.0,0.000000
0.001409250,0.248489,0.0,0.000000
0.001409500,0.248687,0.0,0.000000
0.001409750,0.248885,0.0,0.000000
0.001410000,0.249083,0.0,0.000000
0.001410250,0.249281,0.0,0.000000
0.001410500,0.249480,0.0,0.000000
0.001410750,0.249678,0.0,0.000000
0.001411000,0.249876,0.0,0.000000
0.001411250,0.250073,0.0,0.000000
0.001411500,0.250271,0.0,0.000000
0.001411750,0.250469,0.0,0.000000
0.001412000,0.250667,0.0,0.000000
0.001412250,0.250865,0.0,0.000000
0.001412500,0.251063,0.0,0.000000
0.001412750,0.251260,0.0,0.000000
0.001413000,0.251458,0.0,0.000000
0.001413250,0.251656,0.0,0.000000
0.001413500,0.251853,0.0,0.000000
0.001413750,0.252051,0.0,0.000000
0.001414000,0.252248,0.0,0.000000
0.001414250,0.252446,0.0,0.000000
0.001414500,0.252643,0.0,0.000000
0.001414750,0.252841,0.0,0.000000
0.001415000,0.253038,0.0,0.000000
0.001415250,0.253235,0.0,0.000000
0.001415500,0.253432,0.0,0.000000
0.001415750,0.253630,0.0,0.000000
0.001416000,0.253827,0.0,0.000000
0.001416250,0.254024,0.0,0.000000
0.001416500,0.254221,0.0,0.000000
0.001416750,0.254418,0.0,0.000000
0.001417000,0.254615,0.0,0.000000
0.001417250,0.254812,0.0,0.000000
0.001417500,0.255009,0.0,0.000000
0.001417750,0.255206,0.0,0.000000
0.001418000,0.255403,0.0,0.000000
0.001418250,0.255600,0.0,0.000000
0.001418500,0.255796,0.0,0.000000
0.001418750,0.255993,0.0,0.000000
0.001419000,0.256190,0.0,0.000000
0.001419250,0.256386,0.0,0.000000
0.001419500,0.256583,0.0,0.000000
0.001419750,0.256780,0.0,0.000000
0.001420000,0.256976,0.0,0.000000
0.001420250,0.257173,0.0,0.000000
0.001420500,0.257369,0.0,0.000000
0.001420750,0.257565,0.0,0.000000
0.001421000,0.257762,0.0,0.000000
0.001421250,0.257958,0.0,0.000000
0.001421500,0.258154,0.0,0.000000
0.001421750,0.258351,0.0,0.000000
0.001422000,0.258547,0.0,0.000000
0.001422250,0.258743,0.0,0.000000
0.001422500,0.258939,0.0,0.000000
0.001422750,0.259135,0.0,0.000000
0.001423000,0.259331,0.0,0.000000
0.001423250,0.259527,0.0,0.000000
0.001423500,0.259723,0.0,0.000000
0.001423750,0.259919,0.0,0.000000
0.001424000,0.260115,0.0,0.000000
0.001424250,0.260311,0.0,0.000000
0.001424500,0.260506,0.0,0.000000
0.001424750,0.260702,0.0,0.000000
0.001425000,0.260898,0.0,0.000000
0.001425250,0.261094,0.0,0.000000
0.001425500,0.261289,0.0,0.000000
0.001425750,0.261485,0.0,0.000000
0.001426000,0.261680,0.0,0.000000
0.001426250,0.261876,0.0,0.000000
0.001426500,0.262071,0.0,0.000000
0.001426750,0.262267,0.0,0.000000
0.001427000,0.262462,0.0,0.000000
0.001427250,0.262657,0.0,0.000000
0.001427500,0.262853,0.0,0.000000
0.001427750,0.263048,0.0,0.000000
0.001428000,0.263243,0.0,0.000000
0.001428250,0.263438,0.0,0.000000
0.001428500,0.263633,0.0,0.000000
0.001428750,0.263829,0.0,0.000000
0.001429000,0.264024,0.0,0.000000
0.001429250,0.264219,0.0,0.000000
0.001429500,0.264414,0.0,0.000000
0.001429750,0.264609,0.0,0.000000
0.001430000,0.264803,0.0,0.000000
0.001430250,0.264998,0.0,0.000000
0.001430500,0.265193,0.0,0.000000
0.001430750,0.265388,0.0,0.000000
0.001431000,0.265583,0.0,0.000000
0.001431250,0.265777,0.0,0.000000
0.001431500,0.265972,0.0,0.000000
0.001431750,0.266167,0.0,0.000000
0.001432000,0.266361,0.0,0.000000
0.001432250,0.266556,0.0,0.000000
0.001432500,0.266750,0.0,0.000000
0.001432750,0.266944,0.0,0.000000
0.001433000,0.267139,0.0,0.000000
0.001433250,0.267333,0.0,0.000000
0.001433500,0.267528,0.0,0.000000
0.001433750,0.267722,0.0,0.000000
0.001434000,0.267916,0.0,0.000000
0.001434250,0.268110,0.0,0.000000
0.001434500,0.268304,0.0,0.000000
0.001434750,0.268499,0.0,0.000000
0.001435000,0.268693,0.0,0.000000
0.001435250,0.268887,0.0,0.000000
0.001435500,0.269081,0.0,0.000000
0.001435750,0.269275,0.0,0.000000
0.001436000,0.269469,0.0,0.000000
0.001436250,0.269662,0.0,0.000000
0.001436500,0.269856,0.0,0.000000
0.001436750,0.270050,0.0,0.000000
0.001437000,0.270244,0.0,0.000000
0.001437250,0.270438,0.0,0.000000
0.001437500,0.270631,0.0,0.000000
0.001437750,0.270825,0.0,0.000000
0.001438000,0.271018,0.0,0.000000
0.001438250,0.271212,0.0,0.000000
0.001438500,0.271406,0.0,0.000000
0.001438750,0.271599,0.0,0.000000
0.001439000,0.271792,0.0,0.000000
0.001439250,0.271986,0.0,0.000000
0.001439500,0.272179,0.0,0.000000
0.001439750,0.272372,0.0,0.000000
0.001440000,0.272566,0.0,0.000000
0.001440250,0.272759,0.0,0.000000
0.001440500,0.272952,0.0,0.000000
0.001440750,0.273145,0.0,0.000000
0.001441000,0.273338,0.0,0.000000
0.001441250,0.273531,0.0,0.000000
0.001441500,0.273725,0.0,0.000000
0.001441750,0.273918,0.0,0.000000
0.001442000,0.274110,0.0,0.000000
0.001442250,0.274303,0.0,0.000000
0.001442500,0.274496,0.0,0.000000
0.001442750,0.274689,0.0,0.000000
0.001443000,0.274882,0.0,0.000000
0.001443250,0.275075,0.0,0.000000
0.001443500,0.275267,0.0,0.000000
0.001443750,0.275460,0.0,0.000000
0.001444000,0.275653,0.0,0.000000
0.001444250,0.275845,0.0,0.000000
0.001444500,0.276038,0.0,0.000000
0.001444750,0.276230,0.0,0.000000
0.001445000,0.276423,0.0,0.000000
0.001445250,0.276615,0.0,0.000000
0.001445500,0.276808,0.0,0.000000
0.001445750,0.277000,0.0,0.000000
0.001446000,0.277192,0.0,0.000000
0.001446250,0.277384,0.0,0.000000
0.001446500,0.277577,0.0,0.000000
0.001446750,0.277769,0.0,0.000000
0.001447000,0.277961,0.0,0.000000
0.001447250,0.278153,0.0,0.000000
0.001447500,0.278345,0.0,0.000000
0.001447750,0.278537,0.0,0.000000
0.001448000,0.278729,0.0,0.000000
0.001448250,0.278921,0.0,0.000000
0.001448500,0.279113,0.0,0.000000
0.001448750,0.279305,0.0,0.000000
0.001449000,0.279497,0.0,0.000000
0.001449250,0.279689,0.0,0.000000
0.001449500,0.279880,0.0,0.000000
0.001449750,0.280072,0.0,0.000000
0.001450000,0.280264,0.0,0.000000
0.001450250,0.280455,0.0,0.000000
0.001450500,0.280647,0.0,0.000000
0.001450750,0.280838,0.0,0.000000
0.001451000,0.281030,0.0,0.000000
0.001451250,0.281221,0.0,0.000000
0.001451500,0.281413,0.0,0.000000
0.001451750,0.281604,0.0,0.000000
0.001452000,0.281796,0.0,0.000000
0.001452250,0.281987,0.0,0.000000
0.001452500,0.282178,0.0,0.000000
0.001452750,0.282369,0.0,0.000000
0.001453000,0.282561,0.0,0.000000
0.001453250,0.282752,0.0,0.000000
0.001453500,0.282943,0.0,0.000000
0.001453750,0.283134,0.0,0.000000
0.001454000,0.283325,0.0,0.000000
0.001454250,0.283516,0.0,0.000000
0.001454500,0.283707,0.0,0.000000
0.001454750,0.283898,0.0,0.000000
0.001455000,0.284089,0.0,0.000000
0.001455250,0.284280,0.0,0.000000
0.001455500,0.284470,0.0,0.000000
0.001455750,0.284661,0.0,0.000000
0.001456000,0.284852,0.0,0.000000
0.001456250,0.285042,0.0,0.000000
0.001456500,0.285233,0.0,0.000000
0.001456750,0.285424,0.0,0.000000
0.001457000,0.285614,0.0,0.000000
0.001457250,0.285805,0.0,0.000000
0.001457500,0.285995,0.0,0.000000
0.001457750,0.286186,0.0,0.000000
0.001458000,0.286376,0.0,0.000000
0.001458250,0.286566,0.0,0.000000
0.001458500,0.286757,0.0,0.000000
0.001458750,0.286947,0.0,0.000000
0.001459000,0.287137,0.0,0.000000
0.001459250,0.287327,0.0,0.000000
0.001459500,0.287518,0.0,0.000000
0.001459750,0.287708,0.0,0.000000
0.001460000,0.287898,0.0,0.000000
0.001460250,0.288088,0.0,0.000000
0.001460500,0.288278,0.0,0.000000
0.001460750,0.288468,0.0,0.000000
0.001461000,0.288658,0.0,0.000000
0.001461250,0.288848,0.0,0.000000
0.001461500,0.289037,0.0,0.000000
0.001461750,0.289227,0.0,0.000000
0.001462000,0.289417,0.0,0.000000
0.001462250,0.289607,0.0,0.000000
0.001462500,0.289796,0.0,0.000000
0.001462750,0.289986,0.0,0.000000
0.001463000,0.290176,0.0,0.000000
0.001463250,0.290365,0.0,0.000000
0.001463500,0.290555,0.0,0.000000
0.001463750,0.290744,0.0,0.000000
0.001464000,0.290934,0.0,0.000000
0.001464250,0.291123,0.0,0.000000
0.001464500,0.291312,0.0,0.000000
0.001464750,0.291502,0.0,0.000000
0.001465000,0.291691,0.0,0.000000
0.001465250,0.291880,0.0,0.000000
0.001465500,0.292070,0.0,0.000000
0.001465750,0.292259,0.0,0.000000
0.001466000,0.292448,0.0,0.000000
0.001466250,0.292637,0.0,0.000000
0.001466500,0.292826,0.0,0.000000
0.001466750,0.293015,0.0,0.000000
0.001467000,0.293204,0.0,0.000000
0.001467250,0.293393,0.0,0.000000
0.001467500,0.293582,0.0,0.000000
0.001467750,0.293771,0.0,0.000000
0.001468000,0.293959,0.0,0.000000
0.001468250,0.294148,0.0,0.000000
0.001468500,0.294337,0.0,0.000000
0.001468750,0.294526,0.0,0.000000
0.001469000,0.294714,0.0,0.000000
0.001469250,0.294903,0.0,0.000000
0.001469500,0.295092,0.0,0.000000
0.001469750,0.295280,0.0,0.000000
0.001470000,0.295469,0.0,0.000000
0.001470250,0.295657,0.0,0.000000
0.001470500,0.295845,0.0,0.000000
0.001470750,0.296034,0.0,0.000000
0.001471000,0.296222,0.0,0.000000
0.001471250,0.296410,0.0,0.000000
0.001471500,0.296599,0.0,0.000000
0.001471750,0.296787,0.0,0.000000
0.001472000,0.296975,0.0,0.000000
0.001472250,0.297163,0.0,0.000000
0.001472500,0.297351,0.0,0.000000
0.001472750,0.297539,0.0,0.000000
0.001473000,0.297727,0.0,0.000000
0.001473250,0.297915,0.0,0.000000
0.001473500,0.298103,0.0,0.000000
0.001473750,0.298291,0.0,0.000000
0.001474000,0.298479,0.0,0.000000
0.001474250,0.298667,0.0,0.000000
0.001474500,0.298855,0.0,0.000000
0.001474750,0.299043,0.0,0.000000
0.001475000,0.299230,0.0,0.000000
0.001475250,0.299418,0.0,0.000000
0.001475500,0.299606,0.0,0.000000
0.001475750,0.299793,0.0,0.000000
0.001476000,0.299981,0.0,0.000000
0.001476250,0.300168,0.0,0.000000
0.001476500,0.300356,0.0,0.000000
0.001476750,0.300543,0.0,0.000000
0.001477000,0.300731,0.0,0.000000
0.001477250,0.300918,0.0,0.000000
0.001477500,0.301105,0.0,0.000000
0.001477750,0.301293,0.0,0.000000
0.001478000,0.301480,0.0,0.000000
0.001478250,0.301667,0.0,0.000000
0.001478500,0.301854,0.0,0.000000
0.001478750,0.302041,0.0,0.000000
0.001479000,0.302228,0.0,0.000000
0.001479250,0.302415,0.0,0.000000
0.001479500,0.302602,0.0,0.000000
0.001479750,0.302789,0.0,0.000000
0.001480000,0.302976,0.0,0.000000
0.001480250,0.303163,0.0,0.000000
0.001480500,0.303350,0.0,0.000000
0.001480750,0.303537,0.0,0.000000
0.001481000,0.303724,0.0,0.000000
0.001481250,0.303911,0.0,0.000000
0.001481500,0.304097,0.0,0.000000
0.001481750,0.304284,0.0,0.000000
0.001482000,0.304471,0.0,0.000000
0.001482250,0.304657,0.0,0.000000
0.001482500,0.304844,0.0,0.000000
0.001482750,0.305030,0.0,0.000000
0.001483000,0.305217,0.0,0.000000
0.001483250,0.305403,0.0,0.000000
0.001483500,0.305589,0.0,0.000000
0.001483750,0.305776,0.0,0.000000
0.001484000,0.305962,0.0,0.000000
0.001484250,0.306148,0.0,0.000000
0.001484500,0.306335,0.0,0.000000
0.001484750,0.306521,0.0,0.000000
0.001485000,0.306707,0.0,0.000000
0.001485250,0.306893,0.0,0.000000
0.001485500,0.307079,0.0,0.000000
0.001485750,0.307265,0.0,0.000000
0.001486000,0.307451,0.0,0.000000
0.001486250,0.307637,0.0,0.000000
0.001486500,0.307823,0.0,0.000000
0.001486750,0.308009,0.0,0.000000
0.001487000,0.308195,0.0,0.000000
0.001487250,0.308381,0.0,0.000000
0.001487500,0.308566,0.0,0.000000
0.001487750,0.308752,0.0,0.000000
0.001488000,0.308938,0.0,0.000000
0.001488250,0.309124,0.0,0.000000
0.001488500,0.309309,0.0,0.000000
0.001488750,0.309495,0.0,0.000000
0.001489000,0.309680,0.0,0.000000
0.001489250,0.309866,0.0,0.000000
0.001489500,0.310051,0.0,0.000000
0.001489750,0.310237,0.0,0.000000
0.001490000,0.310422,0.0,0.000000
0.001490250,0.310607,0.0,0.000000
0.001490500,0.310793,0.0,0.000000
0.001490750,0.310978,0.0,0.000000
0.001491000,0.311163,0.0,0.000000
0.001491250,0.311348,0.0,0.000000
0.001491500,0.311534,0.0,0.000000
0.001491750,0.311719,0.0,0.000000
0.001492000,0.311904,0.0,0.000000
0.001492250,0.312089,0.0,0.000000
0.001492500,0.312274,0.0,0.000000
0.001492750,0.312459,0.0,0.000000
0.001493000,0.312644,0.0,0.000000
0.001493250,0.312828,0.0,0.000000
0.001493500,0.313013,0.0,0.000000
0.001493750,0.313198,0.0,0.000000
0.001494000,0.313383,0.0,0.000000
0.001494250,0.313568,0.0,0.000000
0.001494500,0.313752,0.0,0.000000
0.001494750,0.313937,0.0,0.000000
0.001495000,0.314122,0.0,0.000000
0.001495250,0.314306,0.0,0.000000
0.001495500,0.314491,0.0,0.000000
0.001495750,0.314675,0.0,0.000000
0.001496000,0.314860,0.0,0.000000
0.001496250,0.315044,0.0,0.000000
0.001496500,0.315228,0.0,0.000000
0.001496750,0.315413,0.0,0.000000
0.001497000,0.315597,0.0,0.000000
0.001497250,0.315781,0.0,0.000000
0.001497500,0.315966,0.0,0.000000
0.001497750,0.316150,0.0,0.000000
0.001498000,0.316334,0.0,0.000000
0.001498250,0.316518,0.0,0.000000
0.001498500,0.316702,0.0,0.000000
0.001498750,0.316886,0.0,0.000000
0.001499000,0.317070,0.0,0.000000
0.001499250,0.317254,0.0,0.000000
0.001499500,0.317438,0.0,0.000000
0.001499750,0.317622,0.0,0.000000
0.001500000,0.317806,0.0,0.000000
0.001500250,0.317990,0.0,0.000000
0.001500500,0.318173,0.0,0.000000
0.001500750,0.318357,0.0,0.000000
0.001501000,0.318541,0.0,0.000000
0.001501250,0.318724,0.0,0.000000
0.001501500,0.318908,0.0,0.000000
0.001501750,0.319092,0.0,0.000000
0.001502000,0.319275,0.0,0.000000
0.001502250,0.319459,0.0,0.000000
0.001502500,0.319642,0.0,0.000000
0.001502750,0.319826,0.0,0.000000
0.001503000,0.320009,0.0,0.000000
0.001503250,0.320192,0.0,0.000000
0.001503500,0.320376,0.0,0.000000
0.001503750,0.320559,0.0,0.000000
0.001504000,0.320742,0.0,0.000000
0.001504250,0.320925,0.0,0.000000
0.001504500,0.321108,0.0,0.000000
0.001504750,0.321292,0.0,0.000000
0.001505000,0.321475,0.0,0.000000
0.001505250,0.321658,0.0,0.000000
0.001505500,0.321841,0.0,0.000000
0.001505750,0.322024,0.0,0.000000
0.001506000,0.322207,0.0,0.000000
0.001506250,0.322389,0.0,0.000000
0.001506500,0.322572,0.0,0.000000
0.001506750,0.322755,0.0,0.000000
0.001507000,0.322938,0.0,0.000000
0.001507250,0.323121,0.0,0.000000
0.001507500,0.323303,0.0,0.000000
0.001507750,0.323486,0.0,0.000000
0.001508000,0.323669,0.0,0.000000
0.001508250,0.323851,0.0,0.000000
0.001508500,0.324034,0.0,0.000000
0.001508750,0.324216,0.0,0.000000
0.001509000,0.324399,0.0,0.000000
0.001509250,0.324581,0.0,0.000000
0.001509500,0.324764,0.0,0.000000
0.001509750,0.324946,0.0,0.000000
0.001510000,0.325128,0.0,0.000000
0.001510250,0.325311,0.0,0.000000
0.001510500,0.325493,0.0,0.000000
0.001510750,0.325675,0.0,0.000000
0.001511000,0.325857,0.0,0.000000
0.001511250,0.326039,0.0,0.000000
0.001511500,0.326221,0.0,0.000000
0.001511750,0.326403,0.0,0.000000
0.001512000,0.326585,0.0,0.000000
0.001512250,0.326767,0.0,0.000000
0.001512500,0.326949,0.0,0.000000
0.001512750,0.327131,0.0,0.000000
0.001513000,0.327313,0.0,0.000000
0.001513250,0.327495,0.0,0.000000
0.001513500,0.327677,0.0,0.000000
0.001513750,0.327859,0.0,0.000000
0.001514000,0.328040,0.0,0.000000
0.001514250,0.328222,0.0,0.000000
0.001514500,0.328404,0.0,0.000000
0.001514750,0.328585,0.0,0.000000
0.001515000,0.328767,0.0,0.000000
0.001515250,0.328948,0.0,0.000000
0.001515500,0.329130,0.0,0.000000
0.001515750,0.329311,0.0,0.000000
0.001516000,0.329493,0.0,0.000000
0.001516250,0.329674,0.0,0.000000
0.001516500,0.329855,0.0,0.000000
0.001516750,0.330037,0.0,0.000000
0.001517000,0.330218,0.0,0.000000
0.001517250,0.330399,0.0,0.000000
0.001517500,0.330580,0.0,0.000000
0.001517750,0.330761,0.0,0.000000
0.001518000,0.330942,0.0,0.000000
0.001518250,0.331124,0.0,0.000000
0.001518500,0.331305,0.0,0.000000
0.001518750,0.331486,0.0,0.000000
0.001519000,0.331667,0.0,0.000000
0.001519250,0.331847,0.0,0.000000
0.001519500,0.332028,0.0,0.000000
0.001519750,0.332209,0.0,0.000000
0.001520000,0.332390,0.0,0.000000
0.001520250,0.332571,0.0,0.000000
0.001520500,0.332751,0.0,0.000000
0.001520750,0.332932,0.0,0.000000
0.001521000,0.333113,0.0,0.000000
0.001521250,0.333293,0.0,0.000000
0.001521500,0.333474,0.0,0.000000
0.001521750,0.333655,0.0,0.000000
0.001522000,0.333835,0.0,0.000000
0.001522250,0.334016,0.0,0.000000
0.001522500,0.334196,0.0,0.000000
0.001522750,0.334376,0.0,0.000000
0.001523000,0.334557,0.0,0.000000
0.001523250,0.334737,0.0,0.000000
0.001523500,0.334917,0.0,0.000000
0.001523750,0.335098,0.0,0.000000
0.001524000,0.335278,0.0,0.000000
0.001524250,0.335458,0.0,0.000000
0.001524500,0.335638,0.0,0.000000
0.001524750,0.335818,0.0,0.000000
0.001525000,0.335998,0.0,0.000000
0.001525250,0.336178,0.0,0.000000
0.001525500,0.336358,0.0,0.000000
0.001525750,0.336538,0.0,0.000000
0.001526000,0.336718,0.0,0.000000
0.001526250,0.336898,0.0,0.000000
0.001526500,0.337078,0.0,0.000000
0.001526750,0.337258,0.0,0.000000
0.001527000,0.337437,0.0,0.000000
0.001527250,0.337617,0.0,0.000000
0.001527500,0.337797,0.0,0.000000
0.001527750,0.337976,0.0,0.000000
0.001528000,0.338156,0.0,0.000000
0.001528250,0.338336,0.0,0.000000
0.001528500,0.338515,0.0,0.000000
0.001528750,0.338695,0.0,0.000000
0.001529000,0.338874,0.0,0.000000
0.001529250,0.339053,0.0,0.000000
0.001529500,0.339233,0.0,0.000000
0.001529750,0.339412,0.0,0.000000
0.001530000,0.339591,0.0,0.000000
0.001530250,0.339771,0.0,0.000000
0.001530500,0.339950,0.0,0.000000
0.001530750,0.340129,0.0,0.000000
0.001531000,0.340308,0.0,0.000000
0.001531250,0.340487,0.0,0.000000
0.001531500,0.340667,0.0,0.000000
0.001531750,0.340846,0.0,0.000000
0.001532000,0.341025,0.0,0.000000
0.001532250,0.341204,0.0,0.000000
0.001532500,0.341382,0.0,0.000000
0.001532750,0.341561,0.0,0.000000
0.001533000,0.341740,0.0,0.000000
0.001533250,0.341919,0.0,0.000000
0.001533500,0.342098,0.0,0.000000
0.001533750,0.342277,0.0,0.000000
0.001534000,0.342455,0.0,0.000000
0.001534250,0.342634,0.0,0.000000
0.001534500,0.342813,0.0,0.000000
0.001534750,0.342991,0.0,0.000000
0.001535000,0.343170,0.0,0.000000
0.001535250,0.343348,0.0,0.000000
0.001535500,0.343527,0.0,0.000000
0.001535750,0.343705,0.0,0.000000
0.001536000,0.343884,0.0,0.000000
0.001536250,0.344062,0.0,0.000000
0.001536500,0.344240,0.0,0.000000
0.001536750,0.344419,0.0,0.000000
0.001537000,0.344597,0.0,0.000000
0.001537250,0.344775,0.0,0.000000
0.001537500,0.344953,0.0,0.000000
0.001537750,0.345131,0.0,0.000000
0.001538000,0.345310,0.0,0.000000
0.001538250,0.345488,0.0,0.000000
0.001538500,0.345666,0.0,0.000000
0.001538750,0.345844,0.0,0.000000
0.001539000,0.346022,0.0,0.000000
0.001539250,0.346200,0.0,0.000000
0.001539500,0.346377,0.0,0.000000
0.001539750,0.346555,0.0,0.000000
0.001540000,0.346733,0.0,0.000000
0.001540250,0.346911,0.0,0.000000
0.001540500,0.347089,0.0,0.000000
0.001540750,0.347266,0.0,0.000000
0.001541000,0.347444,0.0,0.000000
0.001541250,0.347622,0.0,0.000000
0.001541500,0.347799,0.0,0.000000
0.001541750,0.347977,0.0,0.000000
0.001542000,0.348154,0.0,0.000000
0.001542250,0.348332,0.0,0.000000
0.001542500,0.348509,0.0,0.000000
0.001542750,0.348687,0.0,0.000000
0.001543000,0.348864,0.0,0.000000
0.001543250,0.349041,0.0,0.000000
0.001543500,0.349219,0.0,0.000000
0.001543750,0.349396,0.0,0.000000
0.001544000,0.349573,0.0,0.000000
0.001544250,0.349750,0.0,0.000000
0.001544500,0.349928,0.0,0.000000
0.001544750,0.350105,0.0,0.000000
0.001545000,0.350282,0.0,0.000000
0.001545250,0.350459,0.0,0.000000
0.001545500,0.350636,0.0,0.000000
0.001545750,0.350813,0.0,0.000000
0.001546000,0.350990,0.0,0.000000
0.001546250,0.351167,0.0,0.000000
0.001546500,0.351343,0.0,0.000000
0.001546750,0.351520,0.0,0.000000
0.001547000,0.351697,0.0,0.000000
0.001547250,0.351874,0.0,0.000000
0.001547500,0.352050,0.0,0.000000
0.001547750,0.352227,0.0,0.000000
0.001548000,0.352404,0.0,0.000000
0.001548250,0.352580,0.0,0.000000
0.001548500,0.352757,0.0,0.000000
0.001548750,0.352933,0.0,0.000000
0.001549000,0.353110,0.0,0.000000
0.001549250,0.353286,0.0,0.000000
0.001549500,0.353463,0.0,0.000000
0.001549750,0.353639,0.0,0.000000
0.001550000,0.353816,0.0,0.000000
0.001550250,0.353992,0.0,0.000000
0.001550500,0.354168,0.0,0.000000
0.001550750,0.354344,0.0,0.000000
0.001551000,0.354521,0.0,0.000000
0.001551250,0.354697,0.0,0.000000
0.001551500,0.354873,0.0,0.000000
0.001551750,0.355049,0.0,0.000000
0.001552000,0.355225,0.0,0.000000
0.001552250,0.355401,0.0,0.000000
0.001552500,0.355577,0.0,0.000000
0.001552750,0.355753,0.0,0.000000
0.001553000,0.355929,0.0,0.000000
0.001553250,0.356105,0.0,0.000000
0.001553500,0.356281,0.0,0.000000
0.001553750,0.356456,0.0,0.000000
0.001554000,0.356632,0.0,0.000000
0.001554250,0.356808,0.0,0.000000
0.001554500,0.356983,0.0,0.000000
0.001554750,0.357159,0.0,0.000000
0.001555000,0.357335,0.0,0.000000
0.001555250,0.357510,0.0,0.000000
0.001555500,0.357686,0.0,0.000000
0.001555750,0.357861,0.0,0.000000
0.001556000,0.358037,0.0,0.000000
0.001556250,0.358212,0.0,0.000000
0.001556500,0.358388,0.0,0.000000
0.001556750,0.358563,0.0,0.000000
0.001557000,0.358738,0.0,0.000000
0.001557250,0.358914,0.0,0.000000
0.001557500,0.359089,0.0,0.000000
0.001557750,0.359264,0.0,0.000000
0.001558000,0.359439,0.0,0.000000
0.001558250,0.359614,0.0,0.000000
0.001558500,0.359789,0.0,0.000000
0.001558750,0.359964,0.0,0.000000
0.001559000,0.360139,0.0,0.000000
0.001559250,0.360314,0.0,0.000000
0.001559500,0.360489,0.0,0.000000
0.001559750,0.360664,0.0,0.000000
0.001560000,0.360839,0.0,0.000000
0.001560250,0.361014,0.0,0.000000
0.001560500,0.361189,0.0,0.000000
0.001560750,0.361364,0.0,0.000000
0.001561000,0.361538,0.0,0.000000
0.001561250,0.361713,0.0,0.000000
0.001561500,0.361888,0.0,0.000000
0.001561750,0.362062,0.0,0.000000
0.001562000,0.362237,0.0,0.000000
0.001562250,0.362411,0.0,0.000000
0.001562500,0.362586,0.0,0.000000
0.001562750,0.362761,0.0,0.000000
0.001563000,0.362935,0.0,0.000000
0.001563250,0.363109,0.0,0.000000
0.001563500,0.363284,0.0,0.000000
0.001563750,0.363458,0.0,0.000000
0.001564000,0.363632,0.0,0.000000
0.001564250,0.363807,0.0,0.000000
0.001564500,0.363981,0.0,0.000000
0.001564750,0.364155,0.0,0.000000
0.001565000,0.364329,0.0,0.000000
0.001565250,0.364503,0.0,0.000000
0.001565500,0.364677,0.0,0.000000
0.001565750,0.364851,0.0,0.000000
0.001566000,0.365025,0.0,0.000000
0.001566250,0.365199,0.0,0.000000
0.001566500,0.365373,0.0,0.000000
0.001566750,0.365547,0.0,0.000000
0.001567000,0.365721,0.0,0.000000
0.001567250,0.365895,0.0,0.000000
0.001567500,0.366069,0.0,0.000000
0.001567750,0.366242,0.0,0.000000
0.001568000,0.366416,0.0,0.000000
0.001568250,0.366590,0.0,0.000000
0.001568500,0.366764,0.0,0.000000
0.001568750,0.366937,0.0,0.000000
0.001569000,0.367111,0.0,0.000000
0.001569250,0.367284,0.0,0.000000
0.001569500,0.367458,0.0,0.000000
0.001569750,0.367631,0.0,0.000000
0.001570000,0.367805,0.0,0.000000
0.001570250,0.367978,0.0,0.000000
0.001570500,0.368151,0.0,0.000000
0.001570750,0.368325,0.0,0.000000
0.001571000,0.368498,0.0,0.000000
0.001571250,0.368671,0.0,0.000000
0.001571500,0.368844,0.0,0.000000
0.001571750,0.369018,0.0,0.000000
0.001572000,0.369191,0.0,0.000000
0.001572250,0.369364,0.0,0.000000
0.001572500,0.369537,0.0,0.000000
0.001572750,0.369710,0.0,0.000000
0.001573000,0.369883,0.0,0.000000
0.001573250,0.370056,0.0,0.000000
0.001573500,0.370229,0.0,0.000000
0.001573750,0.370402,0.0,0.000000
0.001574000,0.370575,0.0,0.000000
0.001574250,0.370747,0.0,0.000000
0.001574500,0.370920,0.0,0.000000
0.001574750,0.371093,0.0,0.000000
0.001575000,0.371266,0.0,0.000000
0.001575250,0.371438,0.0,0.000000
0.001575500,0.371611,0.0,0.000000
0.001575750,0.371783,0.0,0.000000
0.001576000,0.371956,0.0,0.000000
0.001576250,0.372129,0.0,0.000000
0.001576500,0.372301,0.0,0.000000
0.001576750,0.372474,0.0,0.000000
0.001577000,0.372646,0.0,0.000000
0.001577250,0.372818,0.0,0.000000
0.001577500,0.372991,0.0,0.000000
0.001577750,0.373163,0.0,0.000000
0.001578000,0.373335,0.0,0.000000
0.001578250,0.373507,0.0,0.000000
0.001578500,0.373680,0.0,0.000000
0.001578750,0.373852,0.0,0.000000
0.001579000,0.374024,0.0,0.000000
0.001579250,0.374196,0.0,0.000000
0.001579500,0.374368,0.0,0.000000
0.001579750,0.374540,0.0,0.000000
0.001580000,0.374712,0.0,0.000000
0.001580250,0.374884,0.0,0.000000
0.001580500,0.375056,0.0,0.000000
0.001580750,0.375228,0.0,0.000000
0.001581000,0.375400,0.0,0.000000
0.001581250,0.375572,0.0,0.000000
0.001581500,0.375743,0.0,0.000000
0.001581750,0.375915,0.0,0.000000
0.001582000,0.376087,0.0,0.000000
0.001582250,0.376258,0.0,0.000000
0.001582500,0.376430,0.0,0.000000
0.001582750,0.376602,0.0,0.000000
0.001583000,0.376773,0.0,0.000000
0.001583250,0.376945,0.0,0.000000
0.001583500,0.377116,0.0,0.000000
0.001583750,0.377288,0.0,0.000000
0.001584000,0.377459,0.0,0.000000
0.001584250,0.377631,0.0,0.000000
0.001584500,0.377802,0.0,0.000000
0.001584750,0.377973,0.0,0.000000
0.001585000,0.378144,0.0,0.000000
0.001585250,0.378316,0.0,0.000000
0.001585500,0.378487,0.0,0.000000
0.001585750,0.378658,0.0,0.000000
0.001586000,0.378829,0.0,0.000000
0.001586250,0.379000,0.0,0.000000
0.001586500,0.379171,0.0,0.000000
0.001586750,0.379342,0.0,0.000000
0.001587000,0.379513,0.0,0.000000
0.001587250,0.379684,0.0,0.000000
0.001587500,0.379855,0.0,0.000000
0.001587750,0.380026,0.0,0.000000
0.001588000,0.380197,0.0,0.000000
0.001588250,0.380368,0.0,0.000000
0.001588500,0.380538,0.0,0.000000
0.001588750,0.380709,0.0,0.000000
0.001589000,0.380880,0.0,0.000000
0.001589250,0.381051,0.0,0.000000
0.001589500,0.381221,0.0,0.000000
0.001589750,0.381392,0.0,0.000000
0.001590000,0.381562,0.0,0.000000
0.001590250,0.381733,0.0,0.000000
0.001590500,0.381903,0.0,0.000000
0.001590750,0.382074,0.0,0.000000
0.001591000,0.382244,0.0,0.000000
0.001591250,0.382415,0.0,0.000000
0.001591500,0.382585,0.0,0.000000
0.001591750,0.382755,0.0,0.000000
0.001592000,0.382926,0.0,0.000000
0.001592250,0.383096,0.0,0.000000
0.001592500,0.383266,0.0,0.000000
0.001592750,0.383436,0.0,0.000000
0.001593000,0.383606,0.0,0.000000
0.001593250,0.383776,0.0,0.000000
0.001593500,0.383947,0.0,0.000000
0.001593750,0.384117,0.0,0.000000
0.001594000,0.384287,0.0,0.000000
0.001594250,0.384456,0.0,0.000000
0.001594500,0.384626,0.0,0.000000
0.001594750,0.384796,0.0,0.000000
0.001595000,0.384966,0.0,0.000000
0.001595250,0.385136,0.0,0.000000
0.001595500,0.385306,0.0,0.000000
0.001595750,0.385475,0.0,0.000000
0.001596000,0.385645,0.0,0.000000
0.001596250,0.385815,0.0,0.000000
0.001596500,0.385985,0.0,0.000000
0.001596750,0.386154,0.0,0.000000
0.001597000,0.386324,0.0,0.000000
0.001597250,0.386493,0.0,0.000000
0.001597500,0.386663,0.0,0.000000
0.001597750,0.386832,0.0,0.000000
0.001598000,0.387002,0.0,0.000000
0.001598250,0.387171,0.0,0.000000
0.001598500,0.387340,0.0,0.000000
0.001598750,0.387510,0.0,0.000000
0.001599000,0.387679,0.0,0.000000
0.001599250,0.387848,0.0,0.000000
0.001599500,0.388017,0.0,0.000000
0.001599750,0.388187,0.0,0.000000
0.001600000,0.388356,0.0,0.000000
0.001600250,0.388525,0.0,0.000000
0.001600500,0.388694,0.0,0.000000
0.001600750,0.388863,0.0,0.000000
0.001601000,0.389032,0.0,0.000000
0.001601250,0.389201,0.0,0.000000
0.001601500,0.389370,0.0,0.000000
0.001601750,0.389539,0.0,0.000000
0.001602000,0.389708,0.0,0.000000
0.001602250,0.389876,0.0,0.000000
0.001602500,0.390045,0.0,0.000000
0.001602750,0.390214,0.0,0.000000
0.001603000,0.390383,0.0,0.000000
0.001603250,0.390551,0.0,0.000000
0.001603500,0.390720,0.0,0.000000
0.001603750,0.390889,0.0,0.000000
0.001604000,0.391057,0.0,0.000000
0.001604250,0.391226,0.0,0.000000
0.001604500,0.391394,0.0,0.000000
0.001604750,0.391563,0.0,0.000000
0.001605000,0.391731,0.0,0.000000
0.001605250,0.391900,0.0,0.000000
0.001605500,0.392068,0.0,0.000000
0.001605750,0.392236,0.0,0.000000
0.001606000,0.392405,0.0,0.000000
0.001606250,0.392573,0.0,0.000000
0.001606500,0.392741,0.0,0.000000
0.001606750,0.392909,0.0,0.000000
0.001607000,0.393078,0.0,0.000000
0.001607250,0.393246,0.0,0.000000
0.001607500,0.393414,0.0,0.000000
0.001607750,0.393582,0.0,0.000000
0.001608000,0.393750,0.0,0.000000
0.001608250,0.393918,0.0,0.000000
0.001608500,0.394086,0.0,0.000000
0.001608750,0.394254,0.0,0.000000
0.001609000,0.394422,0.0,0.000000
0.001609250,0.394589,0.0,0.000000
0.001609500,0.394757,0.0,0.000000
0.001609750,0.394925,0.0,0.000000
0.001610000,0.395093,0.0,0.000000
0.001610250,0.395260,0.0,0.000000
0.001610500,0.395428,0.0,0.000000
0.001610750,0.395596,0.0,0.000000
0.001611000,0.395763,0.0,0.000000
0.001611250,0.395931,0.0,0.000000
0.001611500,0.396098,0.0,0.000000
0.001611750,0.396266,0.0,0.000000
0.001612000,0.396433,0.0,0.000000
0.001612250,0.396601,0.0,0.000000
0.001612500,0.396768,0.0,0.000000
0.001612750,0.396936,0.0,0.000000
0.001613000,0.397103,0.0,0.000000
0.001613250,0.397270,0.0,0.000000
0.001613500,0.397437,0.0,0.000000
0.001613750,0.397605,0.0,0.000000
0.001614000,0.397772,0.0,0.000000
0.001614250,0.397939,0.0,0.000000
0.001614500,0.398106,0.0,0.000000
0.001614750,0.398273,0.0,0.000000
0.001615000,0.398440,0.0,0.000000
0.001615250,0.398607,0.0,0.000000
0.001615500,0.398774,0.0,0.000000
0.001615750,0.398941,0.0,0.000000
0.001616000,0.399108,0.0,0.000000
0.001616250,0.399275,0.0,0.000000
0.001616500,0.399442,0.0,0.000000
0.001616750,0.399609,0.0,0.000000
0.001617000,0.399775,0.0,0.000000
0.001617250,0.399942,0.0,0.000000
0.001617500,0.400109,0.0,0.000000
0.001617750,0.400275,0.0,0.000000
0.001618000,0.400442,0.0,0.000000
0.001618250,0.400609,0.0,0.000000
0.001618500,0.400775,0.0,0.000000
0.001618750,0.400942,0.0,0.000000
0.001619000,0.401108,0.0,0.000000
0.001619250,0.401275,0.0,0.000000
0.001619500,0.401441,0.0,0.000000
0.001619750,0.401607,0.0,0.000000
0.001620000,0.401774,0.0,0.000000
0.001620250,0.401940,0.0,0.000000
0.001620500,0.402106,0.0,0.000000
0.001620750,0.402273,0.0,0.000000
0.001621000,0.402439,0.0,0.000000
0.001621250,0.402605,0.0,0.000000
0.001621500,0.402771,0.0,0.000000
0.001621750,0.402937,0.0,0.000000
0.001622000,0.403103,0.0,0.000000
0.001622250,0.403269,0.0,0.000000
0.001622500,0.403435,0.0,0.000000
0.001622750,0.403601,0.0,0.000000
0.001623000,0.403767,0.0,0.000000
0.001623250,0.403933,0.0,0.000000
0.001623500,0.404099,0.0,0.000000
0.001623750,0.404265,0.0,0.000000
0.001624000,0.404431,0.0,0.000000
0.001624250,0.404596,0.0,0.000000
0.001624500,0.404762,0.0,0.000000
0.001624750,0.404928,0.0,0.000000
0.001625000,0.405094,0.0,0.000000
0.001625250,0.405259,0.0,0.000000
0.001625500,0.405425,0.0,0.000000
0.001625750,0.405590,0.0,0.000000
0.001626000,0.405756,0.0,0.000000
0.001626250,0.405921,0.0,0.000000
0.001626500,0.406087,0.0,0.000000
0.001626750,0.406252,0.0,0.000000
0.001627000,0.406418,0.0,0.000000
0.001627250,0.406583,0.0,0.000000
0.001627500,0.406748,0.0,0.000000
0.001627750,0.406914,0.0,0.000000
0.001628000,0.407079,0.0,0.000000
0.001628250,0.407244,0.0,0.000000
0.001628500,0.407409,0.0,0.000000
0.001628750,0.407574,0.0,0.000000
0.001629000,0.407739,0.0,0.000000
0.001629250,0.407904,0.0,0.000000
0.001629500,0.408070,0.0,0.000000
0.001629750,0.408235,0.0,0.000000
0.001630000,0.408399,0.0,0.000000
0.001630250,0.408564,0.0,0.000000
0.001630500,0.408729,0.0,0.000000
0.001630750,0.408894,0.0,0.000000
0.001631000,0.409059,0.0,0.000000
0.001631250,0.409224,0.0,0.000000
0.001631500,0.409389,0.0,0.000000
0.001631750,0.409553,0.0,0.000000
0.001632000,0.409718,0.0,0.000000
0.001632250,0.409883,0.0,0.000000
0.001632500,0.410047,0.0,0.000000
0.001632750,0.410212,0.0,0.000000
0.001633000,0.410376,0.0,0.000000
0.001633250,0.410541,0.0,0.000000
0.001633500,0.410705,0.0,0.000000
0.001633750,0.410870,0.0,0.000000
0.001634000,0.411034,0.0,0.000000
0.001634250,0.411199,0.0,0.000000
0.001634500,0.411363,0.0,0.000000
0.001634750,0.411527,0.0,0.000000
0.001635000,0.411692,0.0,0.000000
0.001635250,0.411856,0.0,0.000000
0.001635500,0.412020,0.0,0.000000
0.001635750,0.412184,0.0,0.000000
0.001636000,0.412348,0.0,0.000000
0.001636250,0.412513,0.0,0.000000
0.001636500,0.412677,0.0,0.000000
0.001636750,0.412841,0.0,0.000000
0.001637000,0.413005,0.0,0.000000
0.001637250,0.413169,0.0,0.000000
0.001637500,0.413333,0.0,0.000000
0.001637750,0.413497,0.0,0.000000
0.001638000,0.413660,0.0,0.000000
0.001638250,0.413824,0.0,0.000000
0.001638500,0.413988,0.0,0.000000
0.001638750,0.414152,0.0,0.000000
0.001639000,0.414316,0.0,0.000000
0.001639250,0.414479,0.0,0.000000
0.001639500,0.414643,0.0,0.000000
0.001639750,0.414807,0.0,0.000000
0.001640000,0.414970,0.0,0.000000
0.001640250,0.415134,0.0,0.000000
0.001640500,0.415297,0.0,0.000000
0.001640750,0.415461,0.0,0.000000
0.001641000,0.415624,0.0,0.000000
0.001641250,0.415788,0.0,0.000000
0.001641500,0.415951,0.0,0.000000
0.001641750,0.416114,0.0,0.000000
0.001642000,0.416278,0.0,0.000000
0.001642250,0.416441,0.0,0.000000
0.001642500,0.416604,0.0,0.000000
0.001642750,0.416768,0.0,0.000000
0.001643000,0.416931,0.0,0.000000
0.001643250,0.417094,0.0,0.000000
0.001643500,0.417257,0.0,0.000000
0.001643750,0.417420,0.0,0.000000
0.001644000,0.417583,0.0,0.000000
0.001644250,0.417746,0.0,0.000000
0.001644500,0.417909,0.0,0.000000
0.001644750,0.418072,0.0,0.000000
0.001645000,0.418235,0.0,0.000000
0.001645250,0.418398,0.0,0.000000
0.001645500,0.418561,0.0,0.000000
0.001645750,0.418724,0.0,0.000000
0.001646000,0.418886,0.0,0.000000
0.001646250,0.419049,0.0,0.000000
0.001646500,0.419212,0.0,0.000000
0.001646750,0.419375,0.0,0.000000
0.001647000,0.419537,0.0,0.000000
0.001647250,0.419700,0.0,0.000000
0.001647500,0.419862,0.0,0.000000
0.001647750,0.420025,0.0,0.000000
0.001648000,0.420187,0.0,0.000000
0.001648250,0.420350,0.0,0.000000
0.001648500,0.420512,0.0,0.000000
0.001648750,0.420675,0.0,0.000000
0.001649000,0.420837,0.0,0.000000
0.001649250,0.420999,0.0,0.000000
0.001649500,0.421162,0.0,0.000000
0.001649750,0.421324,0.0,0.000000
0.001650000,0.421486,0.0,0.000000
0.001650250,0.421649,0.0,0.000000
0.001650500,0.421811,0.0,0.000000
0.001650750,0.421973,0.0,0.000000
0.001651000,0.422135,0.0,0.000000
0.001651250,0.422297,0.0,0.000000
0.001651500,0.422459,0.0,0.000000
0.001651750,0.422621,0.0,0.000000
0.001652000,0.422783,0.0,0.000000
0.001652250,0.422945,0.0,0.000000
0.001652500,0.423107,0.0,0.000000
0.001652750,0.423269,0.0,0.000000
0.001653000,0.423431,0.0,0.000000
0.001653250,0.423592,0.0,0.000000
0.001653500,0.423754,0.0,0.000000
0.001653750,0.423916,0.0,0.000000
0.001654000,0.424078,0.0,0.000000
0.001654250,0.424239,0.0,0.000000
0.001654500,0.424401,0.0,0.000000
0.001654750,0.424563,0.0,0.000000
0.001655000,0.424724,0.0,0.000000
0.001655250,0.424886,0.0,0.000000
0.001655500,0.425047,0.0,0.000000
0.001655750,0.425209,0.0,0.000000
0.001656000,0.425370,0.0,0.000000
0.001656250,0.425531,0.0,0.000000
0.001656500,0.425693,0.0,0.000000
0.001656750,0.425854,0.0,0.000000
0.001657000,0.426015,0.0,0.000000
0.001657250,0.426177,0.0,0.000000
0.001657500,0.426338,0.0,0.000000
0.001657750,0.426499,0.0,0.000000
0.001658000,0.426660,0.0,0.000000
0.001658250,0.426821,0.0,0.000000
0.001658500,0.426983,0.0,0.000000
0.001658750,0.427144,0.0,0.000000
0.001659000,0.427305,0.0,0.000000
0.001659250,0.427466,0.0,0.000000
0.001659500,0.427627,0.0,0.000000
0.001659750,0.427787,0.0,0.000000
0.001660000,0.427948,0.0,0.000000
0.001660250,0.428109,0.0,0.000000
0.001660500,0.428270,0.0,0.000000
0.001660750,0.428431,0.0,0.000000
0.001661000,0.428592,0.0,0.000000
0.001661250,0.428752,0.0,0.000000
0.001661500,0.428913,0.0,0.000000
0.001661750,0.429074,0.0,0.000000
0.001662000,0.429234,0.0,0.000000
0.001662250,0.429395,0.0,0.000000
0.001662500,0.429556,0.0,0.000000
0.001662750,0.429716,0.0,0.000000
0.001663000,0.429877,0.0,0.000000
0.001663250,0.430037,0.0,0.000000
0.001663500,0.430197,0.0,0.000000
0.001663750,0.430358,0.0,0.000000
0.001664000,0.430518,0.0,0.000000
0.001664250,0.430679,0.0,0.000000
0.001664500,0.430839,0.0,0.000000
0.001664750,0.430999,0.0,0.000000
0.001665000,0.431159,0.0,0.000000
0.001665250,0.431319,0.0,0.000000
0.001665500,0.431480,0.0,0.000000
0.001665750,0.431640,0.0,0.000000
0.001666000,0.431800,0.0,0.000000
0.001666250,0.431960,0.0,0.000000
0.001666500,0.432120,0.0,0.000000
0.001666750,0.432280,0.0,0.000000
0.001667000,0.432440,0.0,0.000000
0.001667250,0.432600,0.0,0.000000
0.001667500,0.432760,0.0,0.000000
0.001667750,0.432920,0.0,0.000000
0.001668000,0.433079,0.0,0.000000
0.001668250,0.433239,0.0,0.000000
0.001668500,0.433399,0.0,0.000000
0.001668750,0.433559,0.0,0.000000
0.001669000,0.433718,0.0,0.000000
0.001669250,0.433878,0.0,0.000000
0.001669500,0.434038,0.0,0.000000
0.001669750,0.434197,0.0,0.000000
0.001670000,0.434357,0.0,0.000000
0.001670250,0.434516,0.0,0.000000
0.001670500,0.434676,0.0,0.000000
0.001670750,0.434835,0.0,0.000000
0.001671000,0.434995,0.0,0.000000
0.001671250,0.435154,0.0,0.000000
0.001671500,0.435313,0.0,0.000000
0.001671750,0.435473,0.0,0.000000
0.001672000,0.435632,0.0,0.000000
0.001672250,0.435791,0.0,0.000000
0.001672500,0.435951,0.0,0.000000
0.001672750,0.436110,0.0,0.000000
0.001673000,0.436269,0.0,0.000000
0.001673250,0.436428,0.0,0.000000
0.001673500,0.436587,0.0,0.000000
0.001673750,0.436746,0.0,0.000000
0.001674000,0.436905,0.0,0.000000
0.001674250,0.437064,0.0,0.000000
0.001674500,0.437223,0.0,0.000000
0.001674750,0.437382,0.0,0.000000
0.001675000,0.437541,0.0,0.000000
0.001675250,0.437700,0.0,0.000000
0.001675500,0.437859,0.0,0.000000
0.001675750,0.438018,0.0,0.000000
0.001676000,0.438176,0.0,0.000000
0.001676250,0.438335,0.0,0.000000
0.001676500,0.438494,0.0,0.000000
0.001676750,0.438652,0.0,0.000000
0.001677000,0.438811,0.0,0.000000
0.001677250,0.438970,0.0,0.000000
0.001677500,0.439128,0.0,0.000000
0.001677750,0.439287,0.0,0.000000
0.001678000,0.439445,0.0,0.000000
0.001678250,0.439604,0.0,0.000000
0.001678500,0.439762,0.0,0.000000
0.001678750,0.439921,0.0,0.000000
0.001679000,0.440079,0.0,0.000000
0.001679250,0.440237,0.0,0.000000
0.001679500,0.440396,0.0,0.000000
0.001679750,0.440554,0.0,0.000000
0.001680000,0.440712,0.0,0.000000
0.001680250,0.440870,0.0,0.000000
0.001680500,0.441028,0.0,0.000000
0.001680750,0.441187,0.0,0.000000
0.001681000,0.441345,0.0,0.000000
0.001681250,0.441503,0.0,0.000000
0.001681500,0.441661,0.0,0.000000
0.001681750,0.441819,0.0,0.000000
0.001682000,0.441977,0.0,0.000000
0.001682250,0.442135,0.0,0.000000
0.001682500,0.442293,0.0,0.000000
0.001682750,0.442450,0.0,0.000000
0.001683000,0.442608,0.0,0.000000
0.001683250,0.442766,0.0,0.000000
0.001683500,0.442924,0.0,0.000000
0.001683750,0.443082,0.0,0.000000
0.001684000,0.443239,0.0,0.000000
0.001684250,0.443397,0.0,0.000000
0.001684500,0.443555,0.0,0.000000
0.001684750,0.443712,0.0,0.000000
0.001685000,0.443870,0.0,0.000000
0.001685250,0.444027,0.0,0.000000
0.001685500,0.444185,0.0,0.000000
0.001685750,0.444342,0.0,0.000000
0.001686000,0.444500,0.0,0.000000
0.001686250,0.444657,0.0,0.000000
0.001686500,0.444815,0.0,0.000000
0.001686750,0.444972,0.0,0.000000
0.001687000,0.445129,0.0,0.000000
0.001687250,0.445287,0.0,0.000000
0.001687500,0.445444,0.0,0.000000
0.001687750,0.445601,0.0,0.000000
0.001688000,0.445758,0.0,0.000000
0.001688250,0.445915,0.0,0.000000
0.001688500,0.446072,0.0,0.000000
0.001688750,0.446230,0.0,0.000000
0.001689000,0.446387,0.0,0.000000
0.001689250,0.446544,0.0,0.000000
0.001689500,0.446701,0.0,0.000000
0.001689750,0.446858,0.0,0.000000
0.001690000,0.447015,0.0,0.000000
0.001690250,0.447171,0.0,0.000000
0.001690500,0.447328,0.0,0.000000
0.001690750,0.447485,0.0,0.000000
0.001691000,0.447642,0.0,0.000000
0.001691250,0.447799,0.0,0.000000
0.001691500,0.447955,0.0,0.000000
0.001691750,0.448112,0.0,0.000000
0.001692000,0.448269,0.0,0.000000
0.001692250,0.448425,0.0,0.000000
0.001692500,0.448582,0.0,0.000000
0.001692750,0.448739,0.0,0.000000
0.001693000,0.448895,0.0,0.000000
0.001693250,0.449052,0.0,0.000000
0.001693500,0.449208,0.0,0.000000
0.001693750,0.449364,0.0,0.000000
0.001694000,0.449521,0.0,0.000000
0.001694250,0.449677,0.0,0.000000
0.001694500,0.449834,0.0,0.000000
0.001694750,0.449990,0.0,0.000000
0.001695000,0.450146,0.0,0.000000
0.001695250,0.450302,0.0,0.000000
0.001695500,0.450459,0.0,0.000000
0.001695750,0.450615,0.0,0.000000
0.001696000,0.450771,0.0,0.000000
0.001696250,0.450927,0.0,0.000000
0.001696500,0.451083,0.0,0.000000
0.001696750,0.451239,0.0,0.000000
0.001697000,0.451395,0.0,0.000000
0.001697250,0.451551,0.0,0.000000
0.001697500,0.451707,0.0,0.000000
0.001697750,0.451863,0.0,0.000000
0.001698000,0.452019,0.0,0.000000
0.001698250,0.452175,0.0,0.000000
0.001698500,0.452330,0.0,0.000000
0.001698750,0.452486,0.0,0.000000
0.001699000,0.452642,0.0,0.000000
0.001699250,0.452798,0.0,0.000000
0.001699500,0.452953,0.0,0.000000
0.001699750,0.453109,0.0,0.000000
0.001700000,0.453265,0.0,0.000000
0.001700250,0.453420,0.0,0.000000
0.001700500,0.453576,0.0,0.000000
0.001700750,0.453731,0.0,0.000000
0.001701000,0.453887,0.0,0.000000
0.001701250,0.454042,0.0,0.000000
0.001701500,0.454198,0.0,0.000000
0.001701750,0.454353,0.0,0.000000
0.001702000,0.454509,0.0,0.000000
0.001702250,0.454664,0.0,0.000000
0.001702500,0.454819,0.0,0.000000
0.001702750,0.454974,0.0,0.000000
0.001703000,0.455130,0.0,0.000000
0.001703250,0.455285,0.0,0.000000
0.001703500,0.455440,0.0,0.000000
0.001703750,0.455595,0.0,0.000000
0.001704000,0.455750,0.0,0.000000
0.001704250,0.455905,0.0,0.000000
0.001704500,0.456060,0.0,0.000000
0.001704750,0.456215,0.0,0.000000
0.001705000,0.456370,0.0,0.000000
0.001705250,0.456525,0.0,0.000000
0.001705500,0.456680,0.0,0.000000
0.001705750,0.456835,0.0,0.000000
0.001706000,0.456990,0.0,0.000000
0.001706250,0.457145,0.0,0.000000
0.001706500,0.457300,0.0,0.000000
0.001706750,0.457454,0.0,0.000000
0.001707000,0.457609,0.0,0.000000
0.001707250,0.457764,0.0,0.000000
0.001707500,0.457918,0.0,0.000000
0.001707750,0.458073,0.0,0.000000
0.001708000,0.458227,0.0,0.000000
0.001708250,0.458382,0.0,0.000000
0.001708500,0.458537,0.0,0.000000
0.001708750,0.458691,0.0,0.000000
0.001709000,0.458846,0.0,0.000000
0.001709250,0.459000,0.0,0.000000
0.001709500,0.459154,0.0,0.000000
0.001709750,0.459309,0.0,0.000000
0.001710000,0.459463,0.0,0.000000
0.001710250,0.459617,0.0,0.000000
0.001710500,0.459772,0.0,0.000000
0.001710750,0.459926,0.0,0.000000
0.001711000,0.460080,0.0,0.000000
0.001711250,0.460234,0.0,0.000000
0.001711500,0.460388,0.0,0.000000
0.001711750,0.460542,0.0,0.000000
0.001712000,0.460697,0.0,0.000000
0.001712250,0.460851,0.0,0.000000
0.001712500,0.461005,0.0,0.000000
0.001712750,0.461159,0.0,0.000000
0.001713000,0.461313,0.0,0.000000
0.001713250,0.461466,0.0,0.000000
0.001713500,0.461620,0.0,0.000000
0.001713750,0.461774,0.0,0.000000
0.001714000,0.461928,0.0,0.000000
0.001714250,0.462082,0.0,0.000000
0.001714500,0.462235,0.0,0.000000
0.001714750,0.462389,0.0,0.000000
0.001715000,0.462543,0.0,0.000000
0.001715250,0.462697,0.0,0.000000
0.001715500,0.462850,0.0,0.000000
0.001715750,0.463004,0.0,0.000000
0.001716000,0.463157,0.0,0.000000
0.001716250,0.463311,0.0,0.000000
0.001716500,0.463464,0.0,0.000000
0.001716750,0.463618,0.0,0.000000
0.001717000,0.463771,0.0,0.000000
0.001717250,0.463925,0.0,0.000000
0.001717500,0.464078,0.0,0.000000
0.001717750,0.464231,0.0,0.000000
0.001718000,0.464385,0.0,0.000000
0.001718250,0.464538,0.0,0.000000
0.001718500,0.464691,0.0,0.000000
0.001718750,0.464844,0.0,0.000000
0.001719000,0.464998,0.0,0.000000
0.001719250,0.465151,0.0,0.000000
0.001719500,0.465304,0.0,0.000000
0.001719750,0.465457,0.0,0.000000
0.001720000,0.465610,0.0,0.000000
0.001720250,0.465763,0.0,0.000000
0.001720500,0.465916,0.0,0.000000
0.001720750,0.466069,0.0,0.000000
0.001721000,0.466222,0.0,0.000000
0.001721250,0.466375,0.0,0.000000
0.001721500,0.466528,0.0,0.000000
0.001721750,0.466680,0.0,0.000000
0.001722000,0.466833,0.0,0.000000
0.001722250,0.466986,0.0,0.000000
0.001722500,0.467139,0.0,0.000000
0.001722750,0.467291,0.0,0.000000
0.001723000,0.467444,0.0,0.000000
0.001723250,0.467597,0.0,0.000000
0.001723500,0.467749,0.0,0.000000
0.001723750,0.467902,0.0,0.000000
0.001724000,0.468054,0.0,0.000000
0.001724250,0.468207,0.0,0.000000
0.001724500,0.468359,0.0,0.000000
0.001724750,0.468512,0.0,0.000000
0.001725000,0.468664,0.0,0.000000
0.001725250,0.468817,0.0,0.000000
0.001725500,0.468969,0.0,0.000000
0.001725750,0.469121,0.0,0.000000
0.001726000,0.469274,0.0,0.000000
0.001726250,0.469426,0.0,0.000000
0.001726500,0.469578,0.0,0.000000
0.001726750,0.469730,0.0,0.000000
0.001727000,0.469882,0.0,0.000000
0.001727250,0.470035,0.0,0.000000
0.001727500,0.470187,0.0,0.000000
0.001727750,0.470339,0.0,0.000000
0.001728000,0.470491,0.0,0.000000
0.001728250,0.470643,0.0,0.000000
0.001728500,0.470795,0.0,0.000000
0.001728750,0.470947,0.0,0.000000
0.001729000,0.471098,0.0,0.000000
0.001729250,0.471250,0.0,0.000000
0.001729500,0.471402,0.0,0.000000
0.001729750,0.471554,0.0,0.000000
0.001730000,0.471706,0.0,0.000000
0.001730250,0.471858,0.0,0.000000
0.001730500,0.472009,0.0,0.000000
0.001730750,0.472161,0.0,0.000000
0.001731000,0.472313,0.0,0.000000
0.001731250,0.472464,0.0,0.000000
0.001731500,0.472616,0.0,0.000000
0.001731750,0.472767,0.0,0.000000
0.001732000,0.472919,0.0,0.000000
0.001732250,0.473070,0.0,0.000000
0.001732500,0.473222,0.0,0.000000
0.001732750,0.473373,0.0,0.000000
0.001733000,0.473525,0.0,0.000000
0.001733250,0.473676,0.0,0.000000
0.001733500,0.473827,0.0,0.000000
0.001733750,0.473979,0.0,0.000000
0.001734000,0.474130,0.0,0.000000
0.001734250,0.474281,0.0,0.000000
0.001734500,0.474432,0.0,0.000000
0.001734750,0.474584,0.0,0.000000
0.001735000,0.474735,0.0,0.000000
0.001735250,0.474886,0.0,0.000000
0.001735500,0.475037,0.0,0.000000
0.001735750,0.475188,0.0,0.000000
0.001736000,0.475339,0.0,0.000000
0.001736250,0.475490,0.0,0.000000
0.001736500,0.475641,0.0,0.000000
0.001736750,0.475792,0.0,0.000000
0.001737000,0.475943,0.0,0.000000
0.001737250,0.476094,0.0,0.000000
0.001737500,0.476244,0.0,0.000000
0.001737750,0.476395,0.0,0.000000
0.001738000,0.476546,0.0,0.000000
0.001738250,0.476697,0.0,0.000000
0.001738500,0.476847,0.0,0.000000
0.001738750,0.476998,0.0,0.000000
0.001739000,0.477149,0.0,0.000000
0.001739250,0.477299,0.0,0.000000
0.001739500,0.477450,0.0,0.000000
0.001739750,0.477601,0.0,0.000000
0.001740000,0.477751,0.0,0.000000
0.001740250,0.477902,0.0,0.000000
0.001740500,0.478052,0.0,0.000000
0.001740750,0.478202,0.0,0.000000
0.001741000,0.478353,0.0,0.000000
0.001741250,0.478503,0.0,0.000000
0.001741500,0.478654,0.0,0.000000
0.001741750,0.478804,0.0,0.000000
0.001742000,0.478954,0.0,0.000000
0.001742250,0.479104,0.0,0.000000
0.001742500,0.479255,0.0,0.000000
0.001742750,0.479405,0.0,0.000000
0.001743000,0.479555,0.0,0.000000
0.001743250,0.479705,0.0,0.000000
0.001743500,0.479855,0.0,0.000000
0.001743750,0.480005,0.0,0.000000
0.001744000,0.480155,0.0,0.000000
0.001744250,0.480305,0.0,0.000000
0.001744500,0.480455,0.0,0.000000
0.001744750,0.480605,0.0,0.000000
0.001745000,0.480755,0.0,0.000000
0.001745250,0.480905,0.0,0.000000
0.001745500,0.481055,0.0,0.000000
0.001745750,0.481204,0.0,0.000000
0.001746000,0.481354,0.0,0.000000
0.001746250,0.481504,0.0,0.000000
0.001746500,0.481654,0.0,0.000000
0.001746750,0.481803,0.0,0.000000
0.001747000,0.481953,0.0,0.000000
0.001747250,0.482102,0.0,0.000000
0.001747500,0.482252,0.0,0.000000
0.001747750,0.482402,0.0,0.000000
0.001748000,0.482551,0.0,0.000000
0.001748250,0.482701,0.0,0.000000
0.001748500,0.482850,0.0,0.000000
0.001748750,0.483000,0.0,0.000000
0.001749000,0.483149,0.0,0.000000
0.001749250,0.483298,0.0,0.000000
0.001749500,0.483448,0.0,0.000000
0.001749750,0.483597,0.0,0.000000
0.001750000,0.483746,0.0,0.000000
0.001750250,0.483895,0.0,0.000000
0.001750500,0.484045,0.0,0.000000
0.001750750,0.484194,0.0,0.000000
0.001751000,0.484343,0.0,0.000000
0.001751250,0.484492,0.0,0.000000
0.001751500,0.484641,0.0,0.000000
0.001751750,0.484790,0.0,0.000000
0.001752000,0.484939,0.0,0.000000
0.001752250,0.485088,0.0,0.000000
0.001752500,0.485237,0.0,0.000000
0.001752750,0.485386,0.0,0.000000
0.001753000,0.485535,0.0,0.000000
0.001753250,0.485684,0.0,0.000000
0.001753500,0.485833,0.0,0.000000
0.001753750,0.485981,0.0,0.000000
0.001754000,0.486130,0.0,0.000000
0.001754250,0.486279,0.0,0.000000
0.001754500,0.486428,0.0,0.000000
0.001754750,0.486576,0.0,0.000000
0.001755000,0.486725,0.0,0.000000
0.001755250,0.486874,0.0,0.000000
0.001755500,0.487022,0.0,0.000000
0.001755750,0.487171,0.0,0.000000
0.001756000,0.487319,0.0,0.000000
0.001756250,0.487468,0.0,0.000000
0.001756500,0.487616,0.0,0.000000
0.001756750,0.487765,0.0,0.000000
0.001757000,0.487913,0.0,0.000000
0.001757250,0.488062,0.0,0.000000
0.001757500,0.488210,0.0,0.000000
0.001757750,0.488358,0.0,0.000000
0.001758000,0.488506,0.0,0.000000
0.001758250,0.488655,0.0,0.000000
0.001758500,0.488803,0.0,0.000000
0.001758750,0.488951,0.0,0.000000
0.001759000,0.489099,0.0,0.000000
0.001759250,0.489247,0.0,0.000000
0.001759500,0.489395,0.0,0.000000
0.001759750,0.489543,0.0,0.000000
0.001760000,0.489691,0.0,0.000000
0.001760250,0.489839,0.0,0.000000
0.001760500,0.489987,0.0,0.000000
0.001760750,0.490135,0.0,0.000000
0.001761000,0.490283,0.0,0.000000
0.001761250,0.490431,0.0,0.000000
0.001761500,0.490579,0.0,0.000000
0.001761750,0.490727,0.0,0.000000
0.001762000,0.490875,0.0,0.000000
0.001762250,0.491022,0.0,0.000000
0.001762500,0.491170,0.0,0.000000
0.001762750,0.491318,0.0,0.000000
0.001763000,0.491466,0.0,0.000000
0.001763250,0.491613,0.0,0.000000
0.001763500,0.491761,0.0,0.000000
0.001763750,0.491908,0.0,0.000000
0.001764000,0.492056,0.0,0.000000
0.001764250,0.492203,0.0,0.000000
0.001764500,0.492351,0.0,0.000000
0.001764750,0.492498,0.0,0.000000
0.001765000,0.492646,0.0,0.000000
0.001765250,0.492793,0.0,0.000000
0.001765500,0.492940,0.0,0.000000
0.001765750,0.493088,0.0,0.000000
0.001766000,0.493235,0.0,0.000000
0.001766250,0.493382,0.0,0.000000
0.001766500,0.493529,0.0,0.000000
0.001766750,0.493677,0.0,0.000000
0.001767000,0.493824,0.0,0.000000
0.001767250,0.493971,0.0,0.000000
0.001767500,0.494118,0.0,0.000000
0.001767750,0.494265,0.0,0.000000
0.001768000,0.494412,0.0,0.000000
0.001768250,0.494559,0.0,0.000000
0.001768500,0.494706,0.0,0.000000
0.001768750,0.494853,0.0,0.000000
0.001769000,0.495000,0.0,0.000000
0.001769250,0.495147,0.0,0.000000
0.001769500,0.495294,0.0,0.000000
0.001769750,0.495441,0.0,0.000000
0.001770000,0.495587,0.0,0.000000
0.001770250,0.495734,0.0,0.000000
0.001770500,0.495881,0.0,0.000000
0.001770750,0.496028,0.0,0.000000
0.001771000,0.496174,0.0,0.000000
0.001771250,0.496321,0.0,0.000000
0.001771500,0.496468,0.0,0.000000
0.001771750,0.496614,0.0,0.000000
0.001772000,0.496761,0.0,0.000000
0.001772250,0.496907,0.0,0.000000
0.001772500,0.497054,0.0,0.000000
0.001772750,0.497200,0.0,0.000000
0.001773000,0.497347,0.0,0.000000
0.001773250,0.497493,0.0,0.000000
0.001773500,0.497640,0.0,0.000000
0.001773750,0.497786,0.0,0.000000
0.001774000,0.497932,0.0,0.000000
0.001774250,0.498079,0.0,0.000000
0.001774500,0.498225,0.0,0.000000
0.001774750,0.498371,0.0,0.000000
0.001775000,0.498517,0.0,0.000000
0.001775250,0.498663,0.0,0.000000
0.001775500,0.498809,0.0,0.000000
0.001775750,0.498956,0.0,0.000000
0.001776000,0.499102,0.0,0.000000
0.001776250,0.499248,0.0,0.000000
0.001776500,0.499394,0.0,0.000000
0.001776750,0.499540,0.0,0.000000
0.001777000,0.499686,0.0,0.000000
0.001777250,0.499831,0.0,0.000000
0.001777500,0.499977,0.0,0.000000
0.001777750,0.500123,0.0,0.000000
0.001778000,0.500269,0.0,0.000000
0.001778250,0.500415,0.0,0.000000
0.001778500,0.500561,0.0,0.000000
0.001778750,0.500706,0.0,0.000000
0.001779000,0.500852,0.0,0.000000
0.001779250,0.500998,0.0,0.000000
0.001779500,0.501143,0.0,0.000000
0.001779750,0.501289,0.0,0.000000
0.001780000,0.501434,0.0,0.000000
0.001780250,0.501580,0.0,0.000000
0.001780500,0.501725,0.0,0.000000
0.001780750,0.501871,0.0,0.000000
0.001781000,0.502016,0.0,0.000000
0.001781250,0.502162,0.0,0.000000
0.001781500,0.502307,0.0,0.000000
0.001781750,0.502452,0.0,0.000000
0.001782000,0.502598,0.0,0.000000
0.001782250,0.502743,0.0,0.000000
0.001782500,0.502888,0.0,0.000000
0.001782750,0.503033,0.0,0.000000
0.001783000,0.503179,0.0,0.000000
0.001783250,0.503324,0.0,0.000000
0.001783500,0.503469,0.0,0.000000
0.001783750,0.503614,0.0,0.000000
0.001784000,0.503759,0.0,0.000000
0.001784250,0.503904,0.0,0.000000
0.001784500,0.504049,0.0,0.000000
0.001784750,0.504194,0.0,0.000000
0.001785000,0.504339,0.0,0.000000
0.001785250,0.504484,0.0,0.000000
0.001785500,0.504629,0.0,0.000000
0.001785750,0.504774,0.0,0.000000
0.001786000,0.504918,0.0,0.000000
0.001786250,0.505063,0.0,0.000000
0.001786500,0.505208,0.0,0.000000
0.001786750,0.505353,0.0,0.000000
0.001787000,0.505497,0.0,0.000000
0.001787250,0.505642,0.0,0.000000
0.001787500,0.505787,0.0,0.000000
0.001787750,0.505931,0.0,0.000000
0.001788000,0.506076,0.0,0.000000
0.001788250,0.506220,0.0,0.000000
0.001788500,0.506365,0.0,0.000000
0.001788750,0.506509,0.0,0.000000
0.001789000,0.506654,0.0,0.000000
0.001789250,0.506798,0.0,0.000000
0.001789500,0.506943,0.0,0.000000
0.001789750,0.507087,0.0,0.000000
0.001790000,0.507232,0.0,0.000000
0.001790250,0.507376,0.0,0.000000
0.001790500,0.507520,0.0,0.000000
0.001790750,0.507664,0.0,0.000000
0.001791000,0.507809,0.0,0.000000
0.001791250,0.507953,0.0,0.000000
0.001791500,0.508097,0.0,0.000000
0.001791750,0.508241,0.0,0.000000
0.001792000,0.508385,0.0,0.000000
0.001792250,0.508529,0.0,0.000000
0.001792500,0.508673,0.0,0.000000
0.001792750,0.508817,0.0,0.000000
0.001793000,0.508961,0.0,0.000000
0.001793250,0.509105,0.0,0.000000
0.001793500,0.509249,0.0,0.000000
0.001793750,0.509393,0.0,0.000000
0.001794000,0.509537,0.0,0.000000
0.001794250,0.509681,0.0,0.000000
0.001794500,0.509825,0.0,0.000000
0.001794750,0.509968,0.0,0.000000
0.001795000,0.510112,0.0,0.000000
0.001795250,0.510256,0.0,0.000000
0.001795500,0.510400,0.0,0.000000
0.001795750,0.510543,0.0,0.000000
0.001796000,0.510687,0.0,0.000000
0.001796250,0.510831,0.0,0.000000
0.001796500,0.510974,0.0,0.000000
0.001796750,0.511118,0.0,0.000000
0.001797000,0.511261,0.0,0.000000
0.001797250,0.511405,0.0,0.000000
0.001797500,0.511548,0.0,0.000000
0.001797750,0.511692,0.0,0.000000
0.001798000,0.511835,0.0,0.000000
0.001798250,0.511978,0.0,0.000000
0.001798500,0.512122,0.0,0.000000
0.001798750,0.512265,0.0,0.000000
0.001799000,0.512408,0.0,0.000000
0.001799250,0.512551,0.0,0.000000
0.001799500,0.512695,0.0,0.000000
0.001799750,0.512838,0.0,0.000000
0.001800000,0.512981,0.0,0.000000
0.001800250,0.513124,0.0,0.000000
0.001800500,0.513267,0.0,0.000000
0.001800750,0.513410,0.0,0.000000
0.001801000,0.513553,0.0,0.000000
0.001801250,0.513696,0.0,0.000000
0.001801500,0.513839,0.0,0.000000
0.001801750,0.513982,0.0,0.000000
0.001802000,0.514125,0.0,0.000000
0.001802250,0.514268,0.0,0.000000
0.001802500,0.514411,0.0,0.000000
0.001802750,0.514554,0.0,0.000000
0.001803000,0.514697,0.0,0.000000
0.001803250,0.514839,0.0,0.000000
0.001803500,0.514982,0.0,0.000000
0.001803750,0.515125,0.0,0.000000
0.001804000,0.515267,0.0,0.000000
0.001804250,0.515410,0.0,0.000000
0.001804500,0.515553,0.0,0.000000
0.001804750,0.515695,0.0,0.000000
0.001805000,0.515838,0.0,0.000000
0.001805250,0.515980,0.0,0.000000
0.001805500,0.516123,0.0,0.000000
0.001805750,0.516265,0.0,0.000000
0.001806000,0.516408,0.0,0.000000
0.001806250,0.516550,0.0,0.000000
0.001806500,0.516693,0.0,0.000000
0.001806750,0.516835,0.0,0.000000
0.001807000,0.516977,0.0,0.000000
0.001807250,0.517120,0.0,0.000000
0.001807500,0.517262,0.0,0.000000
0.001807750,0.517404,0.0,0.000000
0.001808000,0.517546,0.0,0.000000
0.001808250,0.517688,0.0,0.000000
0.001808500,0.517831,0.0,0.000000
0.001808750,0.517973,0.0,0.000000
0.001809000,0.518115,0.0,0.000000
0.001809250,0.518257,0.0,0.000000
0.001809500,0.518399,0.0,0.000000
0.001809750,0.518541,0.0,0.000000
0.001810000,0.518683,0.0,0.000000
0.001810250,0.518825,0.0,0.000000
0.001810500,0.518967,0.0,0.000000
0.001810750,0.519108,0.0,0.000000
0.001811000,0.519250,0.0,0.000000
0.001811250,0.519392,0.0,0.000000
0.001811500,0.519534,0.0,0.000000
0.001811750,0.519676,0.0,0.000000
0.001812000,0.519817,0.0,0.000000
0.001812250,0.519959,0.0,0.000000
0.001812500,0.520101,0.0,0.000000
0.001812750,0.520242,0.0,0.000000
0.001813000,0.520384,0.0,0.000000
0.001813250,0.520526,0.0,0.000000
0.001813500,0.520667,0.0,0.000000
0.001813750,0.520809,0.0,0.000000
0.001814000,0.520950,0.0,0.000000
0.001814250,0.521092,0.0,0.000000
0.001814500,0.521233,0.0,0.000000
0.001814750,0.521374,0.0,0.000000
0.001815000,0.521516,0.0,0.000000
0.001815250,0.521657,0.0,0.000000
0.001815500,0.521798,0.0,0.000000
0.001815750,0.521940,0.0,0.000000
0.001816000,0.522081,0.0,0.000000
0.001816250,0.522222,0.0,0.000000
0.001816500,0.522363,0.0,0.000000
0.001816750,0.522505,0.0,0.000000
0.001817000,0.522646,0.0,0.000000
0.001817250,0.522787,0.0,0.000000
0.001817500,0.522928,0.0,0.000000
0.001817750,0.523069,0.0,0.000000
0.001818000,0.523210,0.0,0.000000
0.001818250,0.523351,0.0,0.000000
0.001818500,0.523492,0.0,0.000000
0.001818750,0.523633,0.0,0.000000
0.001819000,0.523774,0.0,0.000000
0.001819250,0.523914,0.0,0.000000
0.001819500,0.524055,0.0,0.000000
0.001819750,0.524196,0.0,0.000000
0.001820000,0.524337,0.0,0.000000
0.001820250,0.524478,0.0,0.000000
0.001820500,0.524618,0.0,0.000000
0.001820750,0.524759,0.0,0.000000
0.001821000,0.524900,0.0,0.000000
0.001821250,0.525040,0.0,0.000000
0.001821500,0.525181,0.0,0.000000
0.001821750,0.525321,0.0,0.000000
0.001822000,0.525462,0.0,0.000000
0.001822250,0.525603,0.0,0.000000
0.001822500,0.525743,0.0,0.000000
0.001822750,0.525883,0.0,0.000000
0.001823000,0.526024,0.0,0.000000
0.001823250,0.526164,0.0,0.000000
0.001823500,0.526305,0.0,0.000000
0.001823750,0.526445,0.0,0.000000
0.001824000,0.526585,0.0,0.000000
0.001824250,0.526726,0.0,0.000000
0.001824500,0.526866,0.0,0.000000
0.001824750,0.527006,0.0,0.000000
0.001825000,0.527146,0.0,0.000000
0.001825250,0.527287,0.0,0.000000
0.001825500,0.527427,0.0,0.000000
0.001825750,0.527567,0.0,0.000000
0.001826000,0.527707,0.0,0.000000
0.001826250,0.527847,0.0,0.000000
0.001826500,0.527987,0.0,0.000000
0.001826750,0.528127,0.0,0.000000
0.001827000,0.528267,0.0,0.000000
0.001827250,0.528407,0.0,0.000000
0.001827500,0.528547,0.0,0.000000
0.001827750,0.528687,0.0,0.000000
0.001828000,0.528827,0.0,0.000000
0.001828250,0.528966,0.0,0.000000
0.001828500,0.529106,0.0,0.000000
0.001828750,0.529246,0.0,0.000000
0.001829000,0.529386,0.0,0.000000
0.001829250,0.529525,0.0,0.000000
0.001829500,0.529665,0.0,0.000000
0.001829750,0.529805,0.0,0.000000
0.001830000,0.529944,0.0,0.000000
0.001830250,0.530084,0.0,0.000000
0.001830500,0.530223,0.0,0.000000
0.001830750,0.530363,0.0,0.000000
0.001831000,0.530502,0.0,0.000000
0.001831250,0.530642,0.0,0.000000
0.001831500,0.530781,0.0,0.000000
0.001831750,0.530921,0.0,0.000000
0.001832000,0.531060,0.0,0.000000
0.001832250,0.531199,0.0,0.000000
0.001832500,0.531339,0.0,0.000000
0.001832750,0.531478,0.0,0.000000
0.001833000,0.531617,0.0,0.000000
0.001833250,0.531756,0.0,0.000000
0.001833500,0.531896,0.0,0.000000
0.001833750,0.532035,0.0,0.000000
0.001834000,0.532174,0.0,0.000000
0.001834250,0.532313,0.0,0.000000
0.001834500,0.532452,0.0,0.000000
0.001834750,0.532591,0.0,0.000000
0.001835000,0.532730,0.0,0.000000
0.001835250,0.532869,0.0,0.000000
0.001835500,0.533008,0.0,0.000000
0.001835750,0.533147,0.0,0.000000
0.001836000,0.533286,0.0,0.000000
0.001836250,0.533425,0.0,0.000000
0.001836500,0.533564,0.0,0.000000
0.001836750,0.533703,0.0,0.000000
0.001837000,0.533842,0.0,0.000000
0.001837250,0.533980,0.0,0.000000
0.001837500,0.534119,0.0,0.000000
0.001837750,0.534258,0.0,0.000000
0.001838000,0.534397,0.0,0.000000
0.001838250,0.534535,0.0,0.000000
0.001838500,0.534674,0.0,0.000000
0.001838750,0.534812,0.0,0.000000
0.001839000,0.534951,0.0,0.000000
0.001839250,0.535090,0.0,0.000000
0.001839500,0.535228,0.0,0.000000
0.001839750,0.535367,0.0,0.000000
0.001840000,0.535505,0.0,0.000000
0.001840250,0.535643,0.0,0.000000
0.001840500,0.535782,0.0,0.000000
0.001840750,0.535920,0.0,0.000000
0.001841000,0.536058,0.0,0.000000
0.001841250,0.536197,0.0,0.000000
0.001841500,0.536335,0.0,0.000000
0.001841750,0.536473,0.0,0.000000
0.001842000,0.536612,0.0,0.000000
0.001842250,0.536750,0.0,0.000000
0.001842500,0.536888,0.0,0.000000
0.001842750,0.537026,0.0,0.000000
0.001843000,0.537164,0.0,0.000000
0.001843250,0.537302,0.0,0.000000
0.001843500,0.537440,0.0,0.000000
0.001843750,0.537578,0.0,0.000000
0.001844000,0.537716,0.0,0.000000
0.001844250,0.537854,0.0,0.000000
0.001844500,0.537992,0.0,0.000000
0.001844750,0.538130,0.0,0.000000
0.001845000,0.538268,0.0,0.000000
0.001845250,0.538406,0.0,0.000000
0.001845500,0.538544,0.0,0.000000
0.001845750,0.538682,0.0,0.000000
0.001846000,0.538819,0.0,0.000000
0.001846250,0.538957,0.0,0.000000
0.001846500,0.539095,0.0,0.000000
0.001846750,0.539232,0.0,0.000000
0.001847000,0.539370,0.0,0.000000
0.001847250,0.539508,0.0,0.000000
0.001847500,0.539645,0.0,0.000000
0.001847750,0.539783,0.0,0.000000
0.001848000,0.539920,0.0,0.000000
0.001848250,0.540058,0.0,0.000000
0.001848500,0.540195,0.0,0.000000
0.001848750,0.540333,0.0,0.000000
0.001849000,0.540470,0.0,0.000000
0.001849250,0.540608,0.0,0.000000
0.001849500,0.540745,0.0,0.000000
0.001849750,0.540882,0.0,0.000000
0.001850000,0.541020,0.0,0.000000
0.001850250,0.541157,0.0,0.000000
0.001850500,0.541294,0.0,0.000000
0.001850750,0.541431,0.0,0.000000
0.001851000,0.541569,0.0,0.000000
0.001851250,0.541706,0.0,0.000000
0.001851500,0.541843,0.0,0.000000
0.001851750,0.541980,0.0,0.000000
0.001852000,0.542117,0.0,0.000000
0.001852250,0.542254,0.0,0.000000
0.001852500,0.542391,0.0,0.000000
0.001852750,0.542528,0.0,0.000000
0.001853000,0.542665,0.0,0.000000
0.001853250,0.542802,0.0,0.000000
0.001853500,0.542939,0.0,0.000000
0.001853750,0.543076,0.0,0.000000
0.001854000,0.543213,0.0,0.000000
0.001854250,0.543349,0.0,0.000000
0.001854500,0.543486,0.0,0.000000
0.001854750,0.543623,0.0,0.000000
0.001855000,0.543760,0.0,0.000000
0.001855250,0.543896,0.0,0.000000
0.001855500,0.544033,0.0,0.000000
0.001855750,0.544170,0.0,0.000000
0.001856000,0.544306,0.0,0.000000
0.001856250,0.544443,0.0,0.000000
0.001856500,0.544580,0.0,0.000000
0.001856750,0.544716,0.0,0.000000
0.001857000,0.544853,0.0,0.000000
0.001857250,0.544989,0.0,0.000000
0.001857500,0.545126,0.0,0.000000
0.001857750,0.545262,0.0,0.000000
0.001858000,0.545398,0.0,0.000000
0.001858250,0.545535,0.0,0.000000
0.001858500,0.545671,0.0,0.000000
0.001858750,0.545807,0.0,0.000000
0.001859000,0.545944,0.0,0.000000
0.001859250,0.546080,0.0,0.000000
0.001859500,0.546216,0.0,0.000000
0.001859750,0.546352,0.0,0.000000
0.001860000,0.546488,0.0,0.000000
0.001860250,0.546625,0.0,0.000000
0.001860500,0.546761,0.0,0.000000
0.001860750,0.546897,0.0,0.000000
0.001861000,0.547033,0.0,0.000000
0.001861250,0.547169,0.0,0.000000
0.001861500,0.547305,0.0,0.000000
0.001861750,0.547441,0.0,0.000000
0.001862000,0.547577,0.0,0.000000
0.001862250,0.547713,0.0,0.000000
0.001862500,0.547849,0.0,0.000000
0.001862750,0.547984,0.0,0.000000
0.001863000,0.548120,0.0,0.000000
0.001863250,0.548256,0.0,0.000000
0.001863500,0.548392,0.0,0.000000
0.001863750,0.548528,0.0,0.000000
0.001864000,0.548663,0.0,0.000000
0.001864250,0.548799,0.0,0.000000
0.001864500,0.548935,0.0,0.000000
0.001864750,0.549070,0.0,0.000000
0.001865000,0.549206,0.0,0.000000
0.001865250,0.549341,0.0,0.000000
0.001865500,0.549477,0.0,0.000000
0.001865750,0.549612,0.0,0.000000
0.001866000,0.549748,0.0,0.000000
0.001866250,0.549883,0.0,0.000000
0.001866500,0.550019,0.0,0.000000
0.001866750,0.550154,0.0,0.000000
0.001867000,0.550290,0.0,0.000000
0.001867250,0.550425,0.0,0.000000
0.001867500,0.550560,0.0,0.000000
0.001867750,0.550696,0.0,0.000000
0.001868000,0.550831,0.0,0.000000
0.001868250,0.550966,0.0,0.000000
0.001868500,0.551101,0.0,0.000000
0.001868750,0.551236,0.0,0.000000
0.001869000,0.551372,0.0,0.000000
0.001869250,0.551507,0.0,0.000000
0.001869500,0.551642,0.0,0.000000
0.001869750,0.551777,0.0,0.000000
0.001870000,0.551912,0.0,0.000000
0.001870250,0.552047,0.0,0.000000
0.001870500,0.552182,0.0,0.000000
0.001870750,0.552317,0.0,0.000000
0.001871000,0.552452,0.0,0.000000
0.001871250,0.552587,0.0,0.000000
0.001871500,0.552722,0.0,0.000000
0.001871750,0.552856,0.0,0.000000
0.001872000,0.552991,0.0,0.000000
0.001872250,0.553126,0.0,0.000000
0.001872500,0.553261,0.0,0.000000
0.001872750,0.553395,0.0,0.000000
0.001873000,0.553530,0.0,0.000000
0.001873250,0.553665,0.0,0.000000
0.001873500,0.553799,0.0,0.000000
0.001873750,0.553934,0.0,0.000000
0.001874000,0.554069,0.0,0.000000
0.001874250,0.554203,0.0,0.000000
0.001874500,0.554338,0.0,0.000000
0.001874750,0.554472,0.0,0.000000
0.001875000,0.554607,0.0,0.000000
0.001875250,0.554741,0.0,0.000000
0.001875500,0.554876,0.0,0.000000
0.001875750,0.555010,0.0,0.000000
0.001876000,0.555144,0.0,0.000000
0.001876250,0.555279,0.0,0.000000
0.001876500,0.555413,0.0,0.000000
0.001876750,0.555547,0.0,0.000000
0.001877000,0.555682,0.0,0.000000
0.001877250,0.555816,0.0,0.000000
0.001877500,0.555950,0.0,0.000000
0.001877750,0.556084,0.0,0.000000
0.001878000,0.556218,0.0,0.000000
0.001878250,0.556352,0.0,0.000000
0.001878500,0.556486,0.0,0.000000
0.001878750,0.556620,0.0,0.000000
0.001879000,0.556755,0.0,0.000000
0.001879250,0.556889,0.0,0.000000
0.001879500,0.557023,0.0,0.000000
0.001879750,0.557156,0.0,0.000000
0.001880000,0.557290,0.0,0.000000
0.001880250,0.557424,0.0,0.000000
0.001880500,0.557558,0.0,0.000000
0.001880750,0.557692,0.0,0.000000
0.001881000,0.557826,0.0,0.000000
0.001881250,0.557959,0.0,0.000000
0.001881500,0.558093,0.0,0.000000
0.001881750,0.558227,0.0,0.000000
0.001882000,0.558361,0.0,0.000000
0.001882250,0.558494,0.0,0.000000
0.001882500,0.558628,0.0,0.000000
0.001882750,0.558762,0.0,0.000000
0.001883000,0.558895,0.0,0.000000
0.001883250,0.559029,0.0,0.000000
0.001883500,0.559162,0.0,0.000000
0.001883750,0.559296,0.0,0.000000
0.001884000,0.559429,0.0,0.000000
0.001884250,0.559563,0.0,0.000000
0.001884500,0.559696,0.0,0.000000
0.001884750,0.559829,0.0,0.000000
0.001885000,0.559963,0.0,0.000000
0.001885250,0.560096,0.0,0.000000
0.001885500,0.560229,0.0,0.000000
0.001885750,0.560363,0.0,0.000000
0.001886000,0.560496,0.0,0.000000
0.001886250,0.560629,0.0,0.000000
0.001886500,0.560762,0.0,0.000000
0.001886750,0.560896,0.0,0.000000
0.001887000,0.561029,0.0,0.000000
0.001887250,0.561162,0.0,0.000000
0.001887500,0.561295,0.0,0.000000
0.001887750,0.561428,0.0,0.000000
0.001888000,0.561561,0.0,0.000000
0.001888250,0.561694,0.0,0.000000
0.001888500,0.561827,0.0,0.000000
0.001888750,0.561960,0.0,0.000000
0.001889000,0.562093,0.0,0.000000
0.001889250,0.562226,0.0,0.000000
0.001889500,0.562358,0.0,0.000000
0.001889750,0.562491,0.0,0.000000
0.001890000,0.562624,0.0,0.000000
0.001890250,0.562757,0.0,0.000000
0.001890500,0.562890,0.0,0.000000
0.001890750,0.563022,0.0,0.000000
0.001891000,0.563155,0.0,0.000000
0.001891250,0.563288,0.0,0.000000
0.001891500,0.563420,0.0,0.000000
0.001891750,0.563553,0.0,0.000000
0.001892000,0.563686,0.0,0.000000
0.001892250,0.563818,0.0,0.000000
0.001892500,0.563951,0.0,0.000000
0.001892750,0.564083,0.0,0.000000
0.001893000,0.564216,0.0,0.000000
0.001893250,0.564348,0.0,0.000000
0.001893500,0.564481,0.0,0.000000
0.001893750,0.564613,0.0,0.000000
0.001894000,0.564745,0.0,0.000000
0.001894250,0.564878,0.0,0.000000
0.001894500,0.565010,0.0,0.000000
0.001894750,0.565142,0.0,0.000000
0.001895000,0.565274,0.0,0.000000
0.001895250,0.565407,0.0,0.000000
0.001895500,0.565539,0.0,0.000000
0.001895750,0.565671,0.0,0.000000
0.001896000,0.565803,0.0,0.000000
0.001896250,0.565935,0.0,0.000000
0.001896500,0.566067,0.0,0.000000
0.001896750,0.566199,0.0,0.000000
0.001897000,0.566332,0.0,0.000000
0.001897250,0.566464,0.0,0.000000
0.001897500,0.566595,0.0,0.000000
0.001897750,0.566727,0.0,0.000000
0.001898000,0.566859,0.0,0.000000
0.001898250,0.566991,0.0,0.000000
0.001898500,0.567123,0.0,0.000000
0.001898750,0.567255,0.0,0.000000
0.001899000,0.567387,0.0,0.000000
0.001899250,0.567519,0.0,0.000000
0.001899500,0.567650,0.0,0.000000
0.001899750,0.567782,0.0,0.000000
0.001900000,0.567914,0.0,0.000000
0.001900250,0.568045,0.0,0.000000
0.001900500,0.568177,0.0,0.000000
0.001900750,0.568309,0.0,0.000000
0.001901000,0.568440,0.0,0.000000
0.001901250,0.568572,0.0,0.000000
0.001901500,0.568703,0.0,0.000000
0.001901750,0.568835,0.0,0.000000
0.001902000,0.568966,0.0,0.000000
0.001902250,0.569098,0.0,0.000000
0.001902500,0.569229,0.0,0.000000
0.001902750,0.569361,0.0,0.000000
0.001903000,0.569492,0.0,0.000000
0.001903250,0.569623,0.0,0.000000
0.001903500,0.569755,0.0,0.000000
0.001903750,0.569886,0.0,0.000000
0.001904000,0.570017,0.0,0.000000
0.001904250,0.570149,0.0,0.000000
0.001904500,0.570280,0.0,0.000000
0.001904750,0.570411,0.0,0.000000
0.001905000,0.570542,0.0,0.000000
0.001905250,0.570673,0.0,0.000000
0.001905500,0.570804,0.0,0.000000
0.001905750,0.570935,0.0,0.000000
0.001906000,0.571066,0.0,0.000000
0.001906250,0.571197,0.0,0.000000
0.001906500,0.571328,0.0,0.000000
0.001906750,0.571459,0.0,0.000000
0.001907000,0.571590,0.0,0.000000
0.001907250,0.571721,0.0,0.000000
0.001907500,0.571852,0.0,0.000000
0.001907750,0.571983,0.0,0.000000
0.001908000,0.572114,0.0,0.000000
0.001908250,0.572245,0.0,0.000000
0.001908500,0.572375,0.0,0.000000
0.001908750,0.572506,0.0,0.000000
0.001909000,0.572637,0.0,0.000000
0.001909250,0.572767,0.0,0.000000
0.001909500,0.572898,0.0,0.000000
0.001909750,0.573029,0.0,0.000000
0.001910000,0.573159,0.0,0.000000
0.001910250,0.573290,0.0,0.000000
0.001910500,0.573421,0.0,0.000000
0.001910750,0.573551,0.0,0.000000
0.001911000,0.573682,0.0,0.000000
0.001911250,0.573812,0.0,0.000000
0.001911500,0.573942,0.0,0.000000
0.001911750,0.574073,0.0,0.000000
0.001912000,0.574203,0.0,0.000000
0.001912250,0.574334,0.0,0.000000
0.001912500,0.574464,0.0,0.000000
0.001912750,0.574594,0.0,0.000000
0.001913000,0.574725,0.0,0.000000
0.001913250,0.574855,0.0,0.000000
0.001913500,0.574985,0.0,0.000000
0.001913750,0.575115,0.0,0.000000
0.001914000,0.575245,0.0,0.000000
0.001914250,0.575376,0.0,0.000000
0.001914500,0.575506,0.0,0.000000
0.001914750,0.575636,0.0,0.000000
0.001915000,0.575766,0.0,0.000000
0.001915250,0.575896,0.0,0.000000
0.001915500,0.576026,0.0,0.000000
0.001915750,0.576156,0.0,0.000000
0.001916000,0.576286,0.0,0.000000
0.001916250,0.576416,0.0,0.000000
0.001916500,0.576546,0.0,0.000000
0.001916750,0.576676,0.0,0.000000
0.001917000,0.576805,0.0,0.000000
0.001917250,0.576935,0.0,0.000000
0.001917500,0.577065,0.0,0.000000
0.001917750,0.577195,0.0,0.000000
0.001918000,0.577325,0.0,0.000000
0.001918250,0.577454,0.0,0.000000
0.001918500,0.577584,0.0,0.000000
0.001918750,0.577714,0.0,0.000000
0.001919000,0.577843,0.0,0.000000
0.001919250,0.577973,0.0,0.000000
0.001919500,0.578102,0.0,0.000000
0.001919750,0.578232,0.0,0.000000
0.001920000,0.578362,0.0,0.000000
0.001920250,0.578491,0.0,0.000000
0.001920500,0.578621,0.0,0.000000
0.001920750,0.578750,0.0,0.000000
0.001921000,0.578879,0.0,0.000000
0.001921250,0.579009,0.0,0.000000
0.001921500,0.579138,0.0,0.000000
0.001921750,0.579268,0.0,0.000000
0.001922000,0.579397,0.0,0.000000
0.001922250,0.579526,0.0,0.000000
0.001922500,0.579655,0.0,0.000000
0.001922750,0.579785,0.0,0.000000
0.001923000,0.579914,0.0,0.000000
0.001923250,0.580043,0.0,0.000000
0.001923500,0.580172,0.0,0.000000
0.001923750,0.580301,0.0,0.000000
0.001924000,0.580430,0.0,0.000000
0.001924250,0.580559,0.0,0.000000
0.001924500,0.580688,0.0,0.000000
0.001924750,0.580817,0.0,0.000000
0.001925000,0.580946,0.0,0.000000
0.001925250,0.581075,0.0,0.000000
0.001925500,0.581204,0.0,0.000000
0.001925750,0.581333,0.0,0.000000
0.001926000,0.581462,0.0,0.000000
0.001926250,0.581591,0.0,0.000000
0.001926500,0.581720,0.0,0.000000
0.001926750,0.581849,0.0,0.000000
0.001927000,0.581977,0.0,0.000000
0.001927250,0.582106,0.0,0.000000
0.001927500,0.582235,0.0,0.000000
0.001927750,0.582363,0.0,0.000000
0.001928000,0.582492,0.0,0.000000
0.001928250,0.582621,0.0,0.000000
0.001928500,0.582749,0.0,0.000000
0.001928750,0.582878,0.0,0.000000
0.001929000,0.583007,0.0,0.000000
0.001929250,0.583135,0.0,0.000000
0.001929500,0.583264,0.0,0.000000
0.001929750,0.583392,0.0,0.000000
0.001930000,0.583520,0.0,0.000000
0.001930250,0.583649,0.0,0.000000
0.001930500,0.583777,0.0,0.000000
0.001930750,0.583906,0.0,0.000000
0.001931000,0.584034,0.0,0.000000
0.001931250,0.584162,0.0,0.000000
0.001931500,0.584291,0.0,0.000000
0.001931750,0.584419,0.0,0.000000
0.001932000,0.584547,0.0,0.000000
0.001932250,0.584675,0.0,0.000000
0.001932500,0.584804,0.0,0.000000
0.001932750,0.584932,0.0,0.000000
0.001933000,0.585060,0.0,0.000000
0.001933250,0.585188,0.0,0.000000
0.001933500,0.585316,0.0,0.000000
0.001933750,0.585444,0.0,0.000000
0.001934000,0.585572,0.0,0.000000
0.001934250,0.585700,0.0,0.000000
0.001934500,0.585828,0.0,0.000000
0.001934750,0.585956,0.0,0.000000
0.001935000,0.586084,0.0,0.000000
0.001935250,0.586212,0.0,0.000000
0.001935500,0.586340,0.0,0.000000
0.001935750,0.586468,0.0,0.000000
0.001936000,0.586595,0.0,0.000000
0.001936250,0.586723,0.0,0.000000
0.001936500,0.586851,0.0,0.000000
0.001936750,0.586979,0.0,0.000000
0.001937000,0.587106,0.0,0.000000
0.001937250,0.587234,0.0,0.000000
0.001937500,0.587362,0.0,0.000000
0.001937750,0.587489,0.0,0.000000
0.001938000,0.587617,0.0,0.000000
0.001938250,0.587744,0.0,0.000000
0.001938500,0.587872,0.0,0.000000
0.001938750,0.587999,0.0,0.000000
0.001939000,0.588127,0.0,0.000000
0.001939250,0.588254,0.0,0.000000
0.001939500,0.588382,0.0,0.000000
0.001939750,0.588509,0.0,0.000000
0.001940000,0.588637,0.0,0.000000
0.001940250,0.588764,0.0,0.000000
0.001940500,0.588891,0.0,0.000000
0.001940750,0.589019,0.0,0.000000
0.001941000,0.589146,0.0,0.000000
0.001941250,0.589273,0.0,0.000000
0.001941500,0.589400,0.0,0.000000
0.001941750,0.589528,0.0,0.000000
0.001942000,0.589655,0.0,0.000000
0.001942250,0.589782,0.0,0.000000
0.001942500,0.589909,0.0,0.000000
0.001942750,0.590036,0.0,0.000000
0.001943000,0.590163,0.0,0.000000
0.001943250,0.590290,0.0,0.000000
0.001943500,0.590417,0.0,0.000000
0.001943750,0.590544,0.0,0.000000
0.001944000,0.590671,0.0,0.000000
0.001944250,0.590798,0.0,0.000000
0.001944500,0.590925,0.0,0.000000
0.001944750,0.591052,0.0,0.000000
0.001945000,0.591179,0.0,0.000000
0.001945250,0.591306,0.0,0.000000
0.001945500,0.591432,0.0,0.000000
0.001945750,0.591559,0.0,0.000000
0.001946000,0.591686,0.0,0.000000
0.001946250,0.591813,0.0,0.000000
0.001946500,0.591939,0.0,0.000000
0.001946750,0.592066,0.0,0.000000
0.001947000,0.592193,0.0,0.000000
0.001947250,0.592319,0.0,0.000000
0.001947500,0.592446,0.0,0.000000
0.001947750,0.592572,0.0,0.000000
0.001948000,0.592699,0.0,0.000000
0.001948250,0.592825,0.0,0.000000
0.001948500,0.592952,0.0,0.000000
0.001948750,0.593078,0.0,0.000000
0.001949000,0.593205,0.0,0.000000
0.001949250,0.593331,0.0,0.000000
0.001949500,0.593458,0.0,0.000000
0.001949750,0.593584,0.0,0.000000
0.001950000,0.593710,0.0,0.000000
0.001950250,0.593837,0.0,0.000000
0.001950500,0.593963,0.0,0.000000
0.001950750,0.594089,0.0,0.000000
0.001951000,0.594215,0.0,0.000000
0.001951250,0.594342,0.0,0.000000
0.001951500,0.594468,0.0,0.000000
0.001951750,0.594594,0.0,0.000000
0.001952000,0.594720,0.0,0.000000
0.001952250,0.594846,0.0,0.000000
0.001952500,0.594972,0.0,0.000000
0.001952750,0.595098,0.0,0.000000
0.001953000,0.595224,0.0,0.000000
0.001953250,0.595350,0.0,0.000000
0.001953500,0.595476,0.0,0.000000
0.001953750,0.595602,0.0,0.000000
0.001954000,0.595728,0.0,0.000000
0.001954250,0.595854,0.0,0.000000
0.001954500,0.595980,0.0,0.000000
0.001954750,0.596106,0.0,0.000000
0.001955000,0.596231,0.0,0.000000
0.001955250,0.596357,0.0,0.000000
0.001955500,0.596483,0.0,0.000000
0.001955750,0.596609,0.0,0.000000
0.001956000,0.596734,0.0,0.000000
0.001956250,0.596860,0.0,0.000000
0.001956500,0.596986,0.0,0.000000
0.001956750,0.597111,0.0,0.000000
0.001957000,0.597237,0.0,0.000000
0.001957250,0.597362,0.0,0.000000
0.001957500,0.597488,0.0,0.000000
0.001957750,0.597613,0.0,0.000000
0.001958000,0.597739,0.0,0.000000
0.001958250,0.597864,0.0,0.000000
0.001958500,0.597990,0.0,0.000000
0.001958750,0.598115,0.0,0.000000
0.001959000,0.598241,0.0,0.000000
0.001959250,0.598366,0.0,0.000000
0.001959500,0.598491,0.0,0.000000
0.001959750,0.598617,0.0,0.000000
0.001960000,0.598742,0.0,0.000000
0.001960250,0.598867,0.0,0.000000
0.001960500,0.598992,0.0,0.000000
0.001960750,0.599118,0.0,0.000000
0.001961000,0.599243,0.0,0.000000
0.001961250,0.599368,0.0,0.000000
0.001961500,0.599493,0.0,0.000000
0.001961750,0.599618,0.0,0.000000
0.001962000,0.599743,0.0,0.000000
0.001962250,0.599868,0.0,0.000000
0.001962500,0.599993,0.0,0.000000
0.001962750,0.600118,0.0,0.000000
0.001963000,0.600243,0.0,0.000000
0.001963250,0.600368,0.0,0.000000
0.001963500,0.600493,0.0,0.000000
0.001963750,0.600618,0.0,0.000000
0.001964000,0.600743,0.0,0.000000
0.001964250,0.600868,0.0,0.000000
0.001964500,0.600992,0.0,0.000000
0.001964750,0.601117,0.0,0.000000
0.001965000,0.601242,0.0,0.000000
0.001965250,0.601367,0.0,0.000000
0.001965500,0.601491,0.0,0.000000
0.001965750,0.601616,0.0,0.000000
0.001966000,0.601741,0.0,0.000000
0.001966250,0.601865,0.0,0.000000
0.001966500,0.601990,0.0,0.000000
0.001966750,0.602115,0.0,0.000000
0.001967000,0.602239,0.0,0.000000
0.001967250,0.602364,0.0,0.000000
0.001967500,0.602488,0.0,0.000000
0.001967750,0.602613,0.0,0.000000
0.001968000,0.602737,0.0,0.000000
0.001968250,0.602861,0.0,0.000000
0.001968500,0.602986,0.0,0.000000
0.001968750,0.603110,0.0,0.000000
0.001969000,0.603235,0.0,0.000000
0.001969250,0.603359,0.0,0.000000
0.001969500,0.603483,0.0,0.000000
0.001969750,0.603607,0.0,0.000000
0.001970000,0.603732,0.0,0.000000
0.001970250,0.603856,0.0,0.000000
0.001970500,0.603980,0.0,0.000000
0.001970750,0.604104,0.0,0.000000
0.001971000,0.604228,0.0,0.000000
0.001971250,0.604353,0.0,0.000000
0.001971500,0.604477,0.0,0.000000
0.001971750,0.604601,0.0,0.000000
0.001972000,0.604725,0.0,0.000000
0.001972250,0.604849,0.0,0.000000
0.001972500,0.604973,0.0,0.000000
0.001972750,0.605097,0.0,0.000000
0.001973000,0.605221,0.0,0.000000
0.001973250,0.605344,0.0,0.000000
0.001973500,0.605468,0.0,0.000000
0.001973750,0.605592,0.0,0.000000
0.001974000,0.605716,0.0,0.000000
0.001974250,0.605840,0.0,0.000000
0.001974500,0.605964,0.0,0.000000
0.001974750,0.606087,0.0,0.000000
0.001975000,0.606211,0.0,0.000000
0.001975250,0.606335,0.0,0.000000
0.001975500,0.606458,0.0,0.000000
0.001975750,0.606582,0.0,0.000000
0.001976000,0.606706,0.0,0.000000
0.001976250,0.606829,0.0,0.000000
0.001976500,0.606953,0.0,0.000000
0.001976750,0.607076,0.0,0.000000
0.001977000,0.607200,0.0,0.000000
0.001977250,0.607323,0.0,0.000000
0.001977500,0.607447,0.0,0.000000
0.001977750,0.607570,0.0,0.000000
0.001978000,0.607694,0.0,0.000000
0.001978250,0.607817,0.0,0.000000
0.001978500,0.607940,0.0,0.000000
0.001978750,0.608064,0.0,0.000000
0.001979000,0.608187,0.0,0.000000
0.001979250,0.608310,0.0,0.000000
0.001979500,0.608434,0.0,0.000000
0.001979750,0.608557,0.0,0.000000
0.001980000,0.608680,0.0,0.000000
0.001980250,0.608803,0.0,0.000000
0.001980500,0.608926,0.0,0.000000
0.001980750,0.609050,0.0,0.000000
0.001981000,0.609173,0.0,0.000000
0.001981250,0.609296,0.0,0.000000
0.001981500,0.609419,0.0,0.000000
0.001981750,0.609542,0.0,0.000000
0.001982000,0.609665,0.0,0.000000
0.001982250,0.609788,0.0,0.000000
0.001982500,0.609911,0.0,0.000000
0.001982750,0.610034,0.0,0.000000
0.001983000,0.610157,0.0,0.000000
0.001983250,0.610280,0.0,0.000000
0.001983500,0.610402,0.0,0.000000
0.001983750,0.610525,0.0,0.000000
0.001984000,0.610648,0.0,0.000000
0.001984250,0.610771,0.0,0.000000
0.001984500,0.610894,0.0,0.000000
0.001984750,0.611016,0.0,0.000000
0.001985000,0.611139,0.0,0.000000
0.001985250,0.611262,0.0,0.000000
0.001985500,0.611384,0.0,0.000000
0.001985750,0.611507,0.0,0.000000
0.001986000,0.611629,0.0,0.000000
0.001986250,0.611752,0.0,0.000000
0.001986500,0.611875,0.0,0.000000
0.001986750,0.611997,0.0,0.000000
0.001987000,0.612120,0.0,0.000000
0.001987250,0.612242,0.0,0.000000
0.001987500,0.612364,0.0,0.000000
0.001987750,0.612487,0.0,0.000000
0.001988000,0.612609,0.0,0.000000
0.001988250,0.612732,0.0,0.000000
0.001988500,0.612854,0.0,0.000000
0.001988750,0.612976,0.0,0.000000
0.001989000,0.613099,0.0,0.000000
0.001989250,0.613221,0.0,0.000000
0.001989500,0.613343,0.0,0.000000
0.001989750,0.613465,0.0,0.000000
0.001990000,0.613587,0.0,0.000000
0.001990250,0.613710,0.0,0.000000
0.001990500,0.613832,0.0,0.000000
0.001990750,0.613954,0.0,0.000000
0.001991000,0.614076,0.0,0.000000
0.001991250,0.614198,0.0,0.000000
0.001991500,0.614320,0.0,0.000000
0.001991750,0.614442,0.0,0.000000
0.001992000,0.614564,0.0,0.000000
0.001992250,0.614686,0.0,0.000000
0.001992500,0.614808,0.0,0.000000
0.001992750,0.614930,0.0,0.000000
0.001993000,0.615052,0.0,0.000000
0.001993250,0.615174,0.0,0.000000
0.001993500,0.615295,0.0,0.000000
0.001993750,0.615417,0.0,0.000000
0.001994000,0.615539,0.0,0.000000
0.001994250,0.615661,0.0,0.000000
0.001994500,0.615783,0.0,0.000000
0.001994750,0.615904,0.0,0.000000
0.001995000,0.616026,0.0,0.000000
0.001995250,0.616148,0.0,0.000000
0.001995500,0.616269,0.0,0.000000
0.001995750,0.616391,0.0,0.000000
0.001996000,0.616512,0.0,0.000000
0.001996250,0.616634,0.0,0.000000
0.001996500,0.616755,0.0,0.000000
0.001996750,0.616877,0.0,0.000000
0.001997000,0.616998,0.0,0.000000
0.001997250,0.617120,0.0,0.000000
0.001997500,0.617241,0.0,0.000000
0.001997750,0.617363,0.0,0.000000
0.001998000,0.617484,0.0,0.000000
0.001998250,0.617605,0.0,0.000000
0.001998500,0.617727,0.0,0.000000
0.001998750,0.617848,0.0,0.000000
0.001999000,0.617969,0.0,0.000000
0.001999250,0.618091,0.0,0.000000
0.001999500,0.618212,0.0,0.000000
0.001999750,0.618333,0.0,0.000000
0.002000000,0.618454,0.0,0.000000
0.002000250,0.618575,0.0,0.000000
0.002000500,0.618696,0.0,0.000000
0.002000750,0.618818,0.0,0.000000
0.002001000,0.618939,0.0,0.000000
0.002001250,0.619060,0.0,0.000000
0.002001500,0.619181,0.0,0.000000
0.002001750,0.619302,0.0,0.000000
0.002002000,0.619423,0.0,0.000000
0.002002250,0.619544,0.0,0.000000
0.002002500,0.619665,0.0,0.000000
0.002002750,0.619785,0.0,0.000000
0.002003000,0.619906,0.0,0.000000
0.002003250,0.620027,0.0,0.000000
0.002003500,0.620148,0.0,0.000000
0.002003750,0.620269,0.0,0.000000
0.002004000,0.620390,0.0,0.000000
0.002004250,0.620510,0.0,0.000000
0.002004500,0.620631,0.0,0.000000
0.002004750,0.620752,0.0,0.000000
0.002005000,0.620872,0.0,0.000000
0.002005250,0.620993,0.0,0.000000
0.002005500,0.621114,0.0,0.000000
0.002005750,0.621234,0.0,0.000000
0.002006000,0.621355,0.0,0.000000
0.002006250,0.621475,0.0,0.000000
0.002006500,0.621596,0.0,0.000000
0.002006750,0.621716,0.0,0.000000
0.002007000,0.621837,0.0,0.000000
0.002007250,0.621957,0.0,0.000000
0.002007500,0.622078,0.0,0.000000
0.002007750,0.622198,0.0,0.000000
0.002008000,0.622318,0.0,0.000000
0.002008250,0.622439,0.0,0.000000
0.002008500,0.622559,0.0,0.000000
0.002008750,0.622679,0.0,0.000000
0.002009000,0.622800,0.0,0.000000
0.002009250,0.622920,0.0,0.000000
0.002009500,0.623040,0.0,0.000000
0.002009750,0.623160,0.0,0.000000
0.002010000,0.623280,0.0,0.000000
0.002010250,0.623401,0.0,0.000000
0.002010500,0.623521,0.0,0.000000
0.002010750,0.623641,0.0,0.000000
0.002011000,0.623761,0.0,0.000000
0.002011250,0.623881,0.0,0.000000
0.002011500,0.624001,0.0,0.000000
0.002011750,0.624121,0.0,0.000000
0.002012000,0.624241,0.0,0.000000
0.002012250,0.624361,0.0,0.000000
0.002012500,0.624481,0.0,0.000000
0.002012750,0.624601,0.0,0.000000
0.002013000,0.624720,0.0,0.000000
0.002013250,0.624840,0.0,0.000000
0.002013500,0.624960,0.0,0.000000
0.002013750,0.625080,0.0,0.000000
0.002014000,0.625200,0.0,0.000000
0.002014250,0.625319,0.0,0.000000
0.002014500,0.625439,0.0,0.000000
0.002014750,0.625559,0.0,0.000000
0.002015000,0.625679,0.0,0.000000
0.002015250,0.625798,0.0,0.000000
0.002015500,0.625918,0.0,0.000000
0.002015750,0.626037,0.0,0.000000
0.002016000,0.626157,0.0,0.000000
0.002016250,0.626276,0.0,0.000000
0.002016500,0.626396,0.0,0.000000
0.002016750,0.626516,0.0,0.000000
0.002017000,0.626635,0.0,0.000000
0.002017250,0.626754,0.0,0.000000
0.002017500,0.626874,0.0,0.000000
0.002017750,0.626993,0.0,0.000000
0.002018000,0.627113,0.0,0.000000
0.002018250,0.627232,0.0,0.000000
0.002018500,0.627351,0.0,0.000000
0.002018750,0.627470,0.0,0.000000
0.002019000,0.627590,0.0,0.000000
0.002019250,0.627709,0.0,0.000000
0.002019500,0.627828,0.0,0.000000
0.002019750,0.627947,0.0,0.000000
0.002020000,0.628067,0.0,0.000000
0.002020250,0.628186,0.0,0.000000
0.002020500,0.628305,0.0,0.000000
0.002020750,0.628424,0.0,0.000000
0.002021000,0.628543,0.0,0.000000
0.002021250,0.628662,0.0,0.000000
0.002021500,0.628781,0.0,0.000000
0.002021750,0.628900,0.0,0.000000
0.002022000,0.629019,0.0,0.000000
0.002022250,0.629138,0.0,0.000000
0.002022500,0.629257,0.0,0.000000
0.002022750,0.629376,0.0,0.000000
0.002023000,0.629495,0.0,0.000000
0.002023250,0.629614,0.0,0.000000
0.002023500,0.629732,0.0,0.000000
0.002023750,0.629851,0.0,0.000000
0.002024000,0.629970,0.0,0.000000
0.002024250,0.630089,0.0,0.000000
0.002024500,0.630207,0.0,0.000000
0.002024750,0.630326,0.0,0.000000
0.002025000,0.630445,0.0,0.000000
0.002025250,0.630563,0.0,0.000000
0.002025500,0.630682,0.0,0.000000
0.002025750,0.630801,0.0,0.000000
0.002026000,0.630919,0.0,0.000000
0.002026250,0.631038,0.0,0.000000
0.002026500,0.631156,0.0,0.000000
0.002026750,0.631275,0.0,0.000000
0.002027000,0.631393,0.0,0.000000
0.002027250,0.631512,0.0,0.000000
0.002027500,0.631630,0.0,0.000000
0.002027750,0.631749,0.0,0.000000
0.002028000,0.631867,0.0,0.000000
0.002028250,0.631985,0.0,0.000000
0.002028500,0.632104,0.0,0.000000
0.002028750,0.632222,0.0,0.000000
0.002029000,0.632340,0.0,0.000000
0.002029250,0.632458,0.0,0.000000
0.002029500,0.632577,0.0,0.000000
0.002029750,0.632695,0.0,0.000000
0.002030000,0.632813,0.0,0.000000
0.002030250,0.632931,0.0,0.000000
0.002030500,0.633049,0.0,0.000000
0.002030750,0.633167,0.0,0.000000
0.002031000,0.633286,0.0,0.000000
0.002031250,0.633404,0.0,0.000000
0.002031500,0.633522,0.0,0.000000
0.002031750,0.633640,0.0,0.000000
0.002032000,0.633758,0.0,0.000000
0.002032250,0.633876,0.0,0.000000
0.002032500,0.633994,0.0,0.000000
0.002032750,0.634111,0.0,0.000000
0.002033000,0.634229,0.0,0.000000
0.002033250,0.634347,0.0,0.000000
0.002033500,0.634465,0.0,0.000000
0.002033750,0.634583,0.0,0.000000
0.002034000,0.634701,0.0,0.000000
0.002034250,0.634818,0.0,0.000000
0.002034500,0.634936,0.0,0.000000
0.002034750,0.635054,0.0,0.000000
0.002035000,0.635171,0.0,0.000000
0.002035250,0.635289,0.0,0.000000
0.002035500,0.635407,0.0,0.000000
0.002035750,0.635524,0.0,0.000000
0.002036000,0.635642,0.0,0.000000
0.002036250,0.635760,0.0,0.000000
0.002036500,0.635877,0.0,0.000000
0.002036750,0.635995,0.0,0.000000
0.002037000,0.636112,0.0,0.000000
0.002037250,0.636230,0.0,0.000000
0.002037500,0.636347,0.0,0.000000
0.002037750,0.636464,0.0,0.000000
0.002038000,0.636582,0.0,0.000000
0.002038250,0.636699,0.0,0.000000
0.002038500,0.636817,0.0,0.000000
0.002038750,0.636934,0.0,0.000000
0.002039000,0.637051,0.0,0.000000
0.002039250,0.637168,0.0,0.000000
0.002039500,0.637286,0.0,0.000000
0.002039750,0.637403,0.0,0.000000
0.002040000,0.637520,0.0,0.000000
0.002040250,0.637637,0.0,0.000000
0.002040500,0.637754,0.0,0.000000
0.002040750,0.637872,0.0,0.000000
0.002041000,0.637989,0.0,0.000000
0.002041250,0.638106,0.0,0.000000
0.002041500,0.638223,0.0,0.000000
0.002041750,0.638340,0.0,0.000000
0.002042000,0.638457,0.0,0.000000
0.002042250,0.638574,0.0,0.000000
0.002042500,0.638691,0.0,0.000000
0.002042750,0.638808,0.0,0.000000
0.002043000,0.638925,0.0,0.000000
0.002043250,0.639041,0.0,0.000000
0.002043500,0.639158,0.0,0.000000
0.002043750,0.639275,0.0,0.000000
0.002044000,0.639392,0.0,0.000000
0.002044250,0.639509,0.0,0.000000
0.002044500,0.639626,0.0,0.000000
0.002044750,0.639742,0.0,0.000000
0.002045000,0.639859,0.0,0.000000
0.002045250,0.639976,0.0,0.000000
0.002045500,0.640092,0.0,0.000000
0.002045750,0.640209,0.0,0.000000
0.002046000,0.640326,0.0,0.000000
0.002046250,0.640442,0.0,0.000000
0.002046500,0.640559,0.0,0.000000
0.002046750,0.640675,0.0,0.000000
0.002047000,0.640792,0.0,0.000000
0.002047250,0.640908,0.0,0.000000
0.002047500,0.641025,0.0,0.000000
0.002047750,0.641141,0.0,0.000000
0.002048000,0.641258,0.0,0.000000
0.002048250,0.641374,0.0,0.000000
0.002048500,0.641490,0.0,0.000000
0.002048750,0.641607,0.0,0.000000
0.002049000,0.641723,0.0,0.000000
0.002049250,0.641839,0.0,0.000000
0.002049500,0.641956,0.0,0.000000
0.002049750,0.642072,0.0,0.000000
0.002050000,0.642188,0.0,0.000000
0.002050250,0.642304,0.0,0.000000
0.002050500,0.642421,0.0,0.000000
0.002050750,0.642537,0.0,0.000000
0.002051000,0.642653,0.0,0.000000
0.002051250,0.642769,0.0,0.000000
0.002051500,0.642885,0.0,0.000000
0.002051750,0.643001,0.0,0.000000
0.002052000,0.643117,0.0,0.000000
0.002052250,0.643233,0.0,0.000000
0.002052500,0.643349,0.0,0.000000
0.002052750,0.643465,0.0,0.000000
0.002053000,0.643581,0.0,0.000000
0.002053250,0.643697,0.0,0.000000
0.002053500,0.643813,0.0,0.000000
0.002053750,0.643929,0.0,0.000000
0.002054000,0.644044,0.0,0.000000
0.002054250,0.644160,0.0,0.000000
0.002054500,0.644276,0.0,0.000000
0.002054750,0.644392,0.0,0.000000
0.002055000,0.644508,0.0,0.000000
0.002055250,0.644623,0.0,0.000000
0.002055500,0.644739,0.0,0.000000
0.002055750,0.644855,0.0,0.000000
0.002056000,0.644970,0.0,0.000000
0.002056250,0.645086,0.0,0.000000
0.002056500,0.645202,0.0,0.000000
0.002056750,0.645317,0.0,0.000000
0.002057000,0.645433,0.0,0.000000
0.002057250,0.645548,0.0,0.000000
0.002057500,0.645664,0.0,0.000000
0.002057750,0.645779,0.0,0.000000
0.002058000,0.645895,0.0,0.000000
0.002058250,0.646010,0.0,0.000000
0.002058500,0.646125,0.0,0.000000
0.002058750,0.646241,0.0,0.000000
0.002059000,0.646356,0.0,0.000000
0.002059250,0.646472,0.0,0.000000
0.002059500,0.646587,0.0,0.000000
0.002059750,0.646702,0.0,0.000000
0.002060000,0.646817,0.0,0.000000
0.002060250,0.646933,0.0,0.000000
0.002060500,0.647048,0.0,0.000000
0.002060750,0.647163,0.0,0.000000
0.002061000,0.647278,0.0,0.000000
0.002061250,0.647393,0.0,0.000000
0.002061500,0.647508,0.0,0.000000
0.002061750,0.647624,0.0,0.000000
0.002062000,0.647739,0.0,0.000000
0.002062250,0.647854,0.0,0.000000
0.002062500,0.647969,0.0,0.000000
0.002062750,0.648084,0.0,0.000000
0.002063000,0.648199,0.0,0.000000
0.002063250,0.648314,0.0,0.000000
0.002063500,0.648429,0.0,0.000000
0.002063750,0.648543,0.0,0.000000
0.002064000,0.648658,0.0,0.000000
0.002064250,0.648773,0.0,0.000000
0.002064500,0.648888,0.0,0.000000
0.002064750,0.649003,0.0,0.000000
0.002065000,0.649118,0.0,0.000000
0.002065250,0.649232,0.0,0.000000
0.002065500,0.649347,0.0,0.000000
0.002065750,0.649462,0.0,0.000000
0.002066000,0.649577,0.0,0.000000
0.002066250,0.649691,0.0,0.000000
0.002066500,0.649806,0.0,0.000000
0.002066750,0.649920,0.0,0.000000
0.002067000,0.650035,0.0,0.000000
0.002067250,0.650150,0.0,0.000000
0.002067500,0.650264,0.0,0.000000
0.002067750,0.650379,0.0,0.000000
0.002068000,0.650493,0.0,0.000000
0.002068250,0.650608,0.0,0.000000
0.002068500,0.650722,0.0,0.000000
0.002068750,0.650837,0.0,0.000000
0.002069000,0.650951,0.0,0.000000
0.002069250,0.651065,0.0,0.000000
0.002069500,0.651180,0.0,0.000000
0.002069750,0.651294,0.0,0.000000
0.002070000,0.651408,0.0,0.000000
0.002070250,0.651523,0.0,0.000000
0.002070500,0.651637,0.0,0.000000
0.002070750,0.651751,0.0,0.000000
0.002071000,0.651865,0.0,0.000000
0.002071250,0.651980,0.0,0.000000
0.002071500,0.652094,0.0,0.000000
0.002071750,0.652208,0.0,0.000000
0.002072000,0.652322,0.0,0.000000
0.002072250,0.652436,0.0,0.000000
0.002072500,0.652550,0.0,0.000000
0.002072750,0.652664,0.0,0.000000
0.002073000,0.652778,0.0,0.000000
0.002073250,0.652892,0.0,0.000000
0.002073500,0.653006,0.0,0.000000
0.002073750,0.653120,0.0,0.000000
0.002074000,0.653234,0.0,0.000000
0.002074250,0.653348,0.0,0.000000
0.002074500,0.653462,0.0,0.000000
0.002074750,0.653576,0.0,0.000000
0.002075000,0.653690,0.0,0.000000
0.002075250,0.653803,0.0,0.000000
0.002075500,0.653917,0.0,0.000000
0.002075750,0.654031,0.0,0.000000
0.002076000,0.654145,0.0,0.000000
0.002076250,0.654258,0.0,0.000000
0.002076500,0.654372,0.0,0.000000
0.002076750,0.654486,0.0,0.000000
0.002077000,0.654599,0.0,0.000000
0.002077250,0.654713,0.0,0.000000
0.002077500,0.654827,0.0,0.000000
0.002077750,0.654940,0.0,0.000000
0.002078000,0.655054,0.0,0.000000
0.002078250,0.655167,0.0,0.000000
0.002078500,0.655281,0.0,0.000000
0.002078750,0.655394,0.0,0.000000
0.002079000,0.655508,0.0,0.000000
0.002079250,0.655621,0.0,0.000000
0.002079500,0.655734,0.0,0.000000
0.002079750,0.655848,0.0,0.000000
0.002080000,0.655961,0.0,0.000000
0.002080250,0.656075,0.0,0.000000
0.002080500,0.656188,0.0,0.000000
0.002080750,0.656301,0.0,0.000000
0.002081000,0.656414,0.0,0.000000
0.002081250,0.656528,0.0,0.000000
0.002081500,0.656641,0.0,0.000000
0.002081750,0.656754,0.0,0.000000
0.002082000,0.656867,0.0,0.000000
0.002082250,0.656980,0.0,0.000000
0.002082500,0.657093,0.0,0.000000
0.002082750,0.657207,0.0,0.000000
0.002083000,0.657320,0.0,0.000000
0.002083250,0.657433,0.0,0.000000
0.002083500,0.657546,0.0,0.000000
0.002083750,0.657659,0.0,0.000000
0.002084000,0.657772,0.0,0.000000
0.002084250,0.657885,0.0,0.000000
0.002084500,0.657998,0.0,0.000000
0.002084750,0.658110,0.0,0.000000
0.002085000,0.658223,0.0,0.000000
0.002085250,0.658336,0.0,0.000000
0.002085500,0.658449,0.0,0.000000
0.002085750,0.658562,0.0,0.000000
0.002086000,0.658675,0.0,0.000000
0.002086250,0.658787,0.0,0.000000
0.002086500,0.658900,0.0,0.000000
0.002086750,0.659013,0.0,0.000000
0.002087000,0.659126,0.0,0.000000
0.002087250,0.659238,0.0,0.000000
0.002087500,0.659351,0.0,0.000000
0.002087750,0.659464,0.0,0.000000
0.002088000,0.659576,0.0,0.000000
0.002088250,0.659689,0.0,0.000000
0.002088500,0.659801,0.0,0.000000
0.002088750,0.659914,0.0,0.000000
0.002089000,0.660026,0.0,0.000000
0.002089250,0.660139,0.0,0.000000
0.002089500,0.660251,0.0,0.000000
0.002089750,0.660364,0.0,0.000000
0.002090000,0.660476,0.0,0.000000
0.002090250,0.660589,0.0,0.000000
0.002090500,0.660701,0.0,0.000000
0.002090750,0.660813,0.0,0.000000
0.002091000,0.660926,0.0,0.000000
0.002091250,0.661038,0.0,0.000000
0.002091500,0.661150,0.0,0.000000
0.002091750,0.661262,0.0,0.000000
0.002092000,0.661375,0.0,0.000000
0.002092250,0.661487,0.0,0.000000
0.002092500,0.661599,0.0,0.000000
0.002092750,0.661711,0.0,0.000000
0.002093000,0.661823,0.0,0.000000
0.002093250,0.661935,0.0,0.000000
0.002093500,0.662048,0.0,0.000000
0.002093750,0.662160,0.0,0.000000
0.002094000,0.662272,0.0,0.000000
0.002094250,0.662384,0.0,0.000000
0.002094500,0.662496,0.0,0.000000
0.002094750,0.662608,0.0,0.000000
0.002095000,0.662720,0.0,0.000000
0.002095250,0.662831,0.0,0.000000
0.002095500,0.662943,0.0,0.000000
0.002095750,0.663055,0.0,0.000000
0.002096000,0.663167,0.0,0.000000
0.002096250,0.663279,0.0,0.000000
0.002096500,0.663391,0.0,0.000000
0.002096750,0.663503,0.0,0.000000
0.002097000,0.663614,0.0,0.000000
0.002097250,0.663726,0.0,0.000000
0.002097500,0.663838,0.0,0.000000
0.002097750,0.663949,0.0,0.000000
0.002098000,0.664061,0.0,0.000000
0.002098250,0.664173,0.0,0.000000
0.002098500,0.664284,0.0,0.000000
0.002098750,0.664396,0.0,0.000000
0.002099000,0.664508,0.0,0.000000
0.002099250,0.664619,0.0,0.000000
0.002099500,0.664731,0.0,0.000000
0.002099750,0.664842,0.0,0.000000
0.002100000,0.664954,0.0,0.000000
0.002100250,0.665065,0.0,0.000000
0.002100500,0.665177,0.0,0.000000
0.002100750,0.665288,0.0,0.000000
0.002101000,0.665399,0.0,0.000000
0.002101250,0.665511,0.0,0.000000
0.002101500,0.665622,0.0,0.000000
0.002101750,0.665733,0.0,0.000000
0.002102000,0.665845,0.0,0.000000
0.002102250,0.665956,0.0,0.000000
0.002102500,0.666067,0.0,0.000000
0.002102750,0.666178,0.0,0.000000
0.002103000,0.666290,0.0,0.000000
0.002103250,0.666401,0.0,0.000000
0.002103500,0.666512,0.0,0.000000
0.002103750,0.666623,0.0,0.000000
0.002104000,0.666734,0.0,0.000000
0.002104250,0.666845,0.0,0.000000
0.002104500,0.666956,0.0,0.000000
0.002104750,0.667067,0.0,0.000000
0.002105000,0.667178,0.0,0.000000
0.002105250,0.667289,0.0,0.000000
0.002105500,0.667400,0.0,0.000000
0.002105750,0.667511,0.0,0.000000
0.002106000,0.667622,0.0,0.000000
0.002106250,0.667733,0.0,0.000000
0.002106500,0.667844,0.0,0.000000
0.002106750,0.667955,0.0,0.000000
0.002107000,0.668066,0.0,0.000000
0.002107250,0.668176,0.0,0.000000
0.002107500,0.668287,0.0,0.000000
0.002107750,0.668398,0.0,0.000000
0.002108000,0.668509,0.0,0.000000
0.002108250,0.668620,0.0,0.000000
0.002108500,0.668730,0.0,0.000000
0.002108750,0.668841,0.0,0.000000
0.002109000,0.668952,0.0,0.000000
0.002109250,0.669062,0.0,0.000000
0.002109500,0.669173,0.0,0.000000
0.002109750,0.669283,0.0,0.000000
0.002110000,0.669394,0.0,0.000000
0.002110250,0.669504,0.0,0.000000
0.002110500,0.669615,0.0,0.000000
0.002110750,0.669725,0.0,0.000000
0.002111000,0.669836,0.0,0.000000
0.002111250,0.669946,0.0,0.000000
0.002111500,0.670057,0.0,0.000000
0.002111750,0.670167,0.0,0.000000
0.002112000,0.670278,0.0,0.000000
0.002112250,0.670388,0.0,0.000000
0.002112500,0.670498,0.0,0.000000
0.002112750,0.670609,0.0,0.000000
0.002113000,0.670719,0.0,0.000000
0.002113250,0.670829,0.0,0.000000
0.002113500,0.670939,0.0,0.000000
0.002113750,0.671049,0.0,0.000000
0.002114000,0.671160,0.0,0.000000
0.002114250,0.671270,0.0,0.000000
0.002114500,0.671380,0.0,0.000000
0.002114750,0.671490,0.0,0.000000
0.002115000,0.671600,0.0,0.000000
0.002115250,0.671710,0.0,0.000000
0.002115500,0.671820,0.0,0.000000
0.002115750,0.671930,0.0,0.000000
0.002116000,0.672040,0.0,0.000000
0.002116250,0.672150,0.0,0.000000
0.002116500,0.672260,0.0,0.000000
0.002116750,0.672370,0.0,0.000000
0.002117000,0.672480,0.0,0.000000
0.002117250,0.672590,0.0,0.000000
0.002117500,0.672700,0.0,0.000000
0.002117750,0.672810,0.0,0.000000
0.002118000,0.672920,0.0,0.000000
0.002118250,0.673029,0.0,0.000000
0.002118500,0.673139,0.0,0.000000
0.002118750,0.673249,0.0,0.000000
0.002119000,0.673359,0.0,0.000000
0.002119250,0.673468,0.0,0.000000
0.002119500,0.673578,0.0,0.000000
0.002119750,0.673688,0.0,0.000000
0.002120000,0.673797,0.0,0.000000
0.002120250,0.673907,0.0,0.000000
0.002120500,0.674017,0.0,0.000000
0.002120750,0.674126,0.0,0.000000
0.002121000,0.674236,0.0,0.000000
0.002121250,0.674345,0.0,0.000000
0.002121500,0.674455,0.0,0.000000
0.002121750,0.674564,0.0,0.000000
0.002122000,0.674674,0.0,0.000000
0.002122250,0.674783,0.0,0.000000
0.002122500,0.674893,0.0,0.000000
0.002122750,0.675002,0.0,0.000000
0.002123000,0.675111,0.0,0.000000
0.002123250,0.675221,0.0,0.000000
0.002123500,0.675330,0.0,0.000000
0.002123750,0.675439,0.0,0.000000
0.002124000,0.675548,0.0,0.000000
0.002124250,0.675658,0.0,0.000000
0.002124500,0.675767,0.0,0.000000
0.002124750,0.675876,0.0,0.000000
0.002125000,0.675985,0.0,0.000000
0.002125250,0.676095,0.0,0.000000
0.002125500,0.676204,0.0,0.000000
0.002125750,0.676313,0.0,0.000000
0.002126000,0.676422,0.0,0.000000
0.002126250,0.676531,0.0,0.000000
0.002126500,0.676640,0.0,0.000000
0.002126750,0.676749,0.0,0.000000
0.002127000,0.676858,0.0,0.000000
0.002127250,0.676967,0.0,0.000000
0.002127500,0.677076,0.0,0.000000
0.002127750,0.677185,0.0,0.000000
0.002128000,0.677294,0.0,0.000000
0.002128250,0.677403,0.0,0.000000
0.002128500,0.677512,0.0,0.000000
0.002128750,0.677620,0.0,0.000000
0.002129000,0.677729,0.0,0.000000
0.002129250,0.677838,0.0,0.000000
0.002129500,0.677947,0.0,0.000000
0.002129750,0.678056,0.0,0.000000
0.002130000,0.678164,0.0,0.000000
0.002130250,0.678273,0.0,0.000000
0.002130500,0.678382,0.0,0.000000
0.002130750,0.678490,0.0,0.000000
0.002131000,0.678599,0.0,0.000000
0.002131250,0.678708,0.0,0.000000
0.002131500,0.678816,0.0,0.000000
0.002131750,0.678925,0.0,0.000000
0.002132000,0.679033,0.0,0.000000
0.002132250,0.679142,0.0,0.000000
0.002132500,0.679250,0.0,0.000000
0.002132750,0.679359,0.0,0.000000
0.002133000,0.679467,0.0,0.000000
0.002133250,0.679576,0.0,0.000000
0.002133500,0.679684,0.0,0.000000
0.002133750,0.679793,0.0,0.000000
0.002134000,0.679901,0.0,0.000000
0.002134250,0.680009,0.0,0.000000
0.002134500,0.680118,0.0,0.000000
0.002134750,0.680226,0.0,0.000000
0.002135000,0.680334,0.0,0.000000
0.002135250,0.680442,0.0,0.000000
0.002135500,0.680551,0.0,0.000000
0.002135750,0.680659,0.0,0.000000
0.002136000,0.680767,0.0,0.000000
0.002136250,0.680875,0.0,0.000000
0.002136500,0.680983,0.0,0.000000
0.002136750,0.681091,0.0,0.000000
0.002137000,0.681200,0.0,0.000000
0.002137250,0.681308,0.0,0.000000
0.002137500,0.681416,0.0,0.000000
0.002137750,0.681524,0.0,0.000000
0.002138000,0.681632,0.0,0.000000
0.002138250,0.681740,0.0,0.000000
0.002138500,0.681848,0.0,0.000000
0.002138750,0.681956,0.0,0.000000
0.002139000,0.682064,0.0,0.000000
0.002139250,0.682171,0.0,0.000000
0.002139500,0.682279,0.0,0.000000
0.002139750,0.682387,0.0,0.000000
0.002140000,0.682495,0.0,0.000000
0.002140250,0.682603,0.0,0.000000
0.002140500,0.682711,0.0,0.000000
0.002140750,0.682818,0.0,0.000000
0.002141000,0.682926,0.0,0.000000
0.002141250,0.683034,0.0,0.000000
0.002141500,0.683142,0.0,0.000000
0.002141750,0.683249,0.0,0.000000
0.002142000,0.683357,0.0,0.000000
0.002142250,0.683464,0.0,0.000000
0.002142500,0.683572,0.0,0.000000
0.002142750,0.683680,0.0,0.000000
0.002143000,0.683787,0.0,0.000000
0.002143250,0.683895,0.0,0.000000
0.002143500,0.684002,0.0,0.000000
0.002143750,0.684110,0.0,0.000000
0.002144000,0.684217,0.0,0.000000
0.002144250,0.684325,0.0,0.000000
0.002144500,0.684432,0.0,0.000000
0.002144750,0.684539,0.0,0.000000
0.002145000,0.684647,0.0,0.000000
0.002145250,0.684754,0.0,0.000000
0.002145500,0.684862,0.0,0.000000
0.002145750,0.684969,0.0,0.000000
0.002146000,0.685076,0.0,0.000000
0.002146250,0.685183,0.0,0.000000
0.002146500,0.685291,0.0,0.000000
0.002146750,0.685398,0.0,0.000000
0.002147000,0.685505,0.0,0.000000
0.002147250,0.685612,0.0,0.000000
0.002147500,0.685719,0.0,0.000000
0.002147750,0.685827,0.0,0.000000
0.002148000,0.685934,0.0,0.000000
0.002148250,0.686041,0.0,0.000000
0.002148500,0.686148,0.0,0.000000
0.002148750,0.686255,0.0,0.000000
0.002149000,0.686362,0.0,0.000000
0.002149250,0.686469,0.0,0.000000
0.002149500,0.686576,0.0,0.000000
0.002149750,0.686683,0.0,0.000000
0.002150000,0.686790,0.0,0.000000
0.002150250,0.686897,0.0,0.000000
0.002150500,0.687004,0.0,0.000000
0.002150750,0.687110,0.0,0.000000
0.002151000,0.687217,0.0,0.000000
0.002151250,0.687324,0.0,0.000000
0.002151500,0.687431,0.0,0.000000
0.002151750,0.687538,0.0,0.000000
0.002152000,0.687644,0.0,0.000000
0.002152250,0.687751,0.0,0.000000
0.002152500,0.687858,0.0,0.000000
0.002152750,0.687965,0.0,0.000000
0.002153000,0.688071,0.0,0.000000
0.002153250,0.688178,0.0,0.000000
0.002153500,0.688285,0.0,0.000000
0.002153750,0.688391,0.0,0.000000
0.002154000,0.688498,0.0,0.000000
0.002154250,0.688604,0.0,0.000000
0.002154500,0.688711,0.0,0.000000
0.002154750,0.688817,0.0,0.000000
0.002155000,0.688924,0.0,0.000000
0.002155250,0.689030,0.0,0.000000
0.002155500,0.689137,0.0,0.000000
0.002155750,0.689243,0.0,0.000000
0.002156000,0.689350,0.0,0.000000
0.002156250,0.689456,0.0,0.000000
0.002156500,0.689562,0.0,0.000000
0.002156750,0.689669,0.0,0.000000
0.002157000,0.689775,0.0,0.000000
0.002157250,0.689881,0.0,0.000000
0.002157500,0.689987,0.0,0.000000
0.002157750,0.690094,0.0,0.000000
0.002158000,0.690200,0.0,0.000000
0.002158250,0.690306,0.0,0.000000
0.002158500,0.690412,0.0,0.000000
0.002158750,0.690518,0.0,0.000000
0.002159000,0.690625,0.0,0.000000
0.002159250,0.690731,0.0,0.000000
0.002159500,0.690837,0.0,0.000000
0.002159750,0.690943,0.0,0.000000
0.002160000,0.691049,0.0,0.000000
0.002160250,0.691155,0.0,0.000000
0.002160500,0.691261,0.0,0.000000
0.002160750,0.691367,0.0,0.000000
0.002161000,0.691473,0.0,0.000000
0.002161250,0.691579,0.0,0.000000
0.002161500,0.691685,0.0,0.000000
0.002161750,0.691791,0.0,0.000000
0.002162000,0.691896,0.0,0.000000
0.002162250,0.692002,0.0,0.000000
0.002162500,0.692108,0.0,0.000000
0.002162750,0.692214,0.0,0.000000
0.002163000,0.692320,0.0,0.000000
0.002163250,0.692425,0.0,0.000000
0.002163500,0.692531,0.0,0.000000
0.002163750,0.692637,0.0,0.000000
0.002164000,0.692743,0.0,0.000000
0.002164250,0.692848,0.0,0.000000
0.002164500,0.692954,0.0,0.000000
0.002164750,0.693060,0.0,0.000000
0.002165000,0.693165,0.0,0.000000
0.002165250,0.693271,0.0,0.000000
0.002165500,0.693376,0.0,0.000000
0.002165750,0.693482,0.0,0.000000
0.002166000,0.693587,0.0,0.000000
0.002166250,0.693693,0.0,0.000000
0.002166500,0.693798,0.0,0.000000
0.002166750,0.693904,0.0,0.000000
0.002167000,0.694009,0.0,0.000000
0.002167250,0.694115,0.0,0.000000
0.002167500,0.694220,0.0,0.000000
0.002167750,0.694325,0.0,0.000000
0.002168000,0.694431,0.0,0.000000
0.002168250,0.694536,0.0,0.000000
0.002168500,0.694641,0.0,0.000000
0.002168750,0.694747,0.0,0.000000
0.002169000,0.694852,0.0,0.000000
0.002169250,0.694957,0.0,0.000000
0.002169500,0.695062,0.0,0.000000
0.002169750,0.695167,0.0,0.000000
0.002170000,0.695273,0.0,0.000000
0.002170250,0.695378,0.0,0.000000
0.002170500,0.695483,0.0,0.000000
0.002170750,0.695588,0.0,0.000000
0.002171000,0.695693,0.0,0.000000
0.002171250,0.695798,0.0,0.000000
0.002171500,0.695903,0.0,0.000000
0.002171750,0.696008,0.0,0.000000
0.002172000,0.696113,0.0,0.000000
0.002172250,0.696218,0.0,0.000000
0.002172500,0.696323,0.0,0.000000
0.002172750,0.696428,0.0,0.000000
0.002173000,0.696533,0.0,0.000000
0.002173250,0.696638,0.0,0.000000
0.002173500,0.696743,0.0,0.000000
0.002173750,0.696847,0.0,0.000000
0.002174000,0.696952,0.0,0.000000
0.002174250,0.697057,0.0,0.000000
0.002174500,0.697162,0.0,0.000000
0.002174750,0.697267,0.0,0.000000
0.002175000,0.697371,0.0,0.000000
0.002175250,0.697476,0.0,0.000000
0.002175500,0.697581,0.0,0.000000
0.002175750,0.697685,0.0,0.000000
0.002176000,0.697790,0.0,0.000000
0.002176250,0.697895,0.0,0.000000
0.002176500,0.697999,0.0,0.000000
0.002176750,0.698104,0.0,0.000000
0.002177000,0.698208,0.0,0.000000
0.002177250,0.698313,0.0,0.000000
0.002177500,0.698417,0.0,0.000000
0.002177750,0.698522,0.0,0.000000
0.002178000,0.698626,0.0,0.000000
0.002178250,0.698731,0.0,0.000000
0.002178500,0.698835,0.0,0.000000
0.002178750,0.698940,0.0,0.000000
0.002179000,0.699044,0.0,0.000000
0.002179250,0.699148,0.0,0.000000
0.002179500,0.699253,0.0,0.000000
0.002179750,0.699357,0.0,0.000000
0.002180000,0.699461,0.0,0.000000
0.002180250,0.699566,0.0,0.000000
0.002180500,0.699670,0.0,0.000000
0.002180750,0.699774,0.0,0.000000
0.002181000,0.699878,0.0,0.000000
0.002181250,0.699982,0.0,0.000000
0.002181500,0.700087,0.0,0.000000
0.002181750,0.700191,0.0,0.000000
0.002182000,0.700295,0.0,0.000000
0.002182250,0.700399,0.0,0.000000
0.002182500,0.700503,0.0,0.000000
0.002182750,0.700607,0.0,0.000000
0.002183000,0.700711,0.0,0.000000
0.002183250,0.700815,0.0,0.000000
0.002183500,0.700919,0.0,0.000000
0.002183750,0.701023,0.0,0.000000
0.002184000,0.701127,0.0,0.000000
0.002184250,0.701231,0.0,0.000000
0.002184500,0.701335,0.0,0.000000
0.002184750,0.701439,0.0,0.000000
0.002185000,0.701543,0.0,0.000000
0.002185250,0.701646,0.0,0.000000
0.002185500,0.701750,0.0,0.000000
0.002185750,0.701854,0.0,0.000000
0.002186000,0.701958,0.0,0.000000
0.002186250,0.702062,0.0,0.000000
0.002186500,0.702165,0.0,0.000000
0.002186750,0.702269,0.0,0.000000
0.002187000,0.702373,0.0,0.000000
0.002187250,0.702476,0.0,0.000000
0.002187500,0.702580,0.0,0.000000
0.002187750,0.702684,0.0,0.000000
0.002188000,0.702787,0.0,0.000000
0.002188250,0.702891,0.0,0.000000
0.002188500,0.702994,0.0,0.000000
0.002188750,0.703098,0.0,0.000000
0.002189000,0.703201,0.0,0.000000
0.002189250,0.703305,0.0,0.000000
0.002189500,0.703408,0.0,0.000000
0.002189750,0.703512,0.0,0.000000
0.002190000,0.703615,0.0,0.000000
0.002190250,0.703719,0.0,0.000000
0.002190500,0.703822,0.0,0.000000
0.002190750,0.703925,0.0,0.000000
0.002191000,0.704029,0.0,0.000000
0.002191250,0.704132,0.0,0.000000
0.002191500,0.704235,0.0,0.000000
0.002191750,0.704339,0.0,0.000000
0.002192000,0.704442,0.0,0.000000
0.002192250,0.704545,0.0,0.000000
0.002192500,0.704648,0.0,0.000000
0.002192750,0.704752,0.0,0.000000
0.002193000,0.704855,0.0,0.000000
0.002193250,0.704958,0.0,0.000000
0.002193500,0.705061,0.0,0.000000
0.002193750,0.705164,0.0,0.000000
0.002194000,0.705267,0.0,0.000000
0.002194250,0.705370,0.0,0.000000
0.002194500,0.705473,0.0,0.000000
0.002194750,0.705576,0.0,0.000000
0.002195000,0.705679,0.0,0.000000
0.002195250,0.705782,0.0,0.000000
0.002195500,0.705885,0.0,0.000000
0.002195750,0.705988,0.0,0.000000
0.002196000,0.706091,0.0,0.000000
0.002196250,0.706194,0.0,0.000000
0.002196500,0.706297,0.0,0.000000
0.002196750,0.706400,0.0,0.000000
0.002197000,0.706502,0.0,0.000000
0.002197250,0.706605,0.0,0.000000
0.002197500,0.706708,0.0,0.000000
0.002197750,0.706811,0.0,0.000000
0.002198000,0.706914,0.0,0.000000
0.002198250,0.707016,0.0,0.000000
0.002198500,0.707119,0.0,0.000000
0.002198750,0.707222,0.0,0.000000
0.002199000,0.707324,0.0,0.000000
0.002199250,0.707427,0.0,0.000000
0.002199500,0.707530,0.0,0.000000
0.002199750,0.707632,0.0,0.000000
0.002200000,0.707735,0.0,0.000000
0.002200250,0.707837,0.0,0.000000
0.002200500,0.707940,0.0,0.000000
0.002200750,0.708042,0.0,0.000000
0.002201000,0.708145,0.0,0.000000
0.002201250,0.708247,0.0,0.000000
0.002201500,0.708350,0.0,0.000000
0.002201750,0.708452,0.0,0.000000
0.002202000,0.708555,0.0,0.000000
0.002202250,0.708657,0.0,0.000000
0.002202500,0.708759,0.0,0.000000
0.002202750,0.708862,0.0,0.000000
0.002203000,0.708964,0.0,0.000000
0.002203250,0.709066,0.0,0.000000
0.002203500,0.709168,0.0,0.000000
0.002203750,0.709271,0.0,0.000000
0.002204000,0.709373,0.0,0.000000
0.002204250,0.709475,0.0,0.000000
0.002204500,0.709577,0.0,0.000000
0.002204750,0.709679,0.0,0.000000
0.002205000,0.709782,0.0,0.000000
0.002205250,0.709884,0.0,0.000000
0.002205500,0.709986,0.0,0.000000
0.002205750,0.710088,0.0,0.000000
0.002206000,0.710190,0.0,0.000000
0.002206250,0.710292,0.0,0.000000
0.002206500,0.710394,0.0,0.000000
0.002206750,0.710496,0.0,0.000000
0.002207000,0.710598,0.0,0.000000
0.002207250,0.710700,0.0,0.000000
0.002207500,0.710802,0.0,0.000000
0.002207750,0.710904,0.0,0.000000
0.002208000,0.711006,0.0,0.000000
0.002208250,0.711108,0.0,0.000000
0.002208500,0.711209,0.0,0.000000
0.002208750,0.711311,0.0,0.000000
0.002209000,0.711413,0.0,0.000000
0.002209250,0.711515,0.0,0.000000
0.002209500,0.711617,0.0,0.000000
0.002209750,0.711718,0.0,0.000000
0.002210000,0.711820,0.0,0.000000
0.002210250,0.711922,0.0,0.000000
0.002210500,0.712023,0.0,0.000000
0.002210750,0.712125,0.0,0.000000
0.002211000,0.712227,0.0,0.000000
0.002211250,0.712328,0.0,0.000000
0.002211500,0.712430,0.0,0.000000
0.002211750,0.712531,0.0,0.000000
0.002212000,0.712633,0.0,0.000000
0.002212250,0.712735,0.0,0.000000
0.002212500,0.712836,0.0,0.000000
0.002212750,0.712938,0.0,0.000000
0.002213000,0.713039,0.0,0.000000
0.002213250,0.713140,0.0,0.000000
0.002213500,0.713242,0.0,0.000000
0.002213750,0.713343,0.0,0.000000
0.002214000,0.713445,0.0,0.000000
0.002214250,0.713546,0.0,0.000000
0.002214500,0.713647,0.0,0.000000
0.002214750,0.713749,0.0,0.000000
0.002215000,0.713850,0.0,0.000000
0.002215250,0.713951,0.0,0.000000
0.002215500,0.714052,0.0,0.000000
0.002215750,0.714154,0.0,0.000000
0.002216000,0.714255,0.0,0.000000
0.002216250,0.714356,0.0,0.000000
0.002216500,0.714457,0.0,0.000000
0.002216750,0.714558,0.0,0.000000
0.002217000,0.714660,0.0,0.000000
0.002217250,0.714761,0.0,0.000000
0.002217500,0.714862,0.0,0.000000
0.002217750,0.714963,0.0,0.000000
0.002218000,0.715064,0.0,0.000000
0.002218250,0.715165,0.0,0.000000
0.002218500,0.715266,0.0,0.000000
0.002218750,0.715367,0.0,0.000000
0.002219000,0.715468,0.0,0.000000
0.002219250,0.715569,0.0,0.000000
0.002219500,0.715670,0.0,0.000000
0.002219750,0.715771,0.0,0.000000
0.002220000,0.715871,0.0,0.000000
0.002220250,0.715972,0.0,0.000000
0.002220500,0.716073,0.0,0.000000
0.002220750,0.716174,0.0,0.000000
0.002221000,0.716275,0.0,0.000000
0.002221250,0.716375,0.0,0.000000
0.002221500,0.716476,0.0,0.000000
0.002221750,0.716577,0.0,0.000000
0.002222000,0.716678,0.0,0.000000
0.002222250,0.716778,0.0,0.000000
0.002222500,0.716879,0.0,0.000000
0.002222750,0.716980,0.0,0.000000
0.002223000,0.717080,0.0,0.000000
0.002223250,0.717181,0.0,0.000000
0.002223500,0.717281,0.0,0.000000
0.002223750,0.717382,0.0,0.000000
0.002224000,0.717483,0.0,0.000000
0.002224250,0.717583,0.0,0.000000
0.002224500,0.717684,0.0,0.000000
0.002224750,0.717784,0.0,0.000000
0.002225000,0.717884,0.0,0.000000
0.002225250,0.717985,0.0,0.000000
0.002225500,0.718085,0.0,0.000000
0.002225750,0.718186,0.0,0.000000
0.002226000,0.718286,0.0,0.000000
0.002226250,0.718386,0.0,0.000000
0.002226500,0.718487,0.0,0.000000
0.002226750,0.718587,0.0,0.000000
0.002227000,0.718687,0.0,0.000000
0.002227250,0.718788,0.0,0.000000
0.002227500,0.718888,0.0,0.000000
0.002227750,0.718988,0.0,0.000000
0.002228000,0.719088,0.0,0.000000
0.002228250,0.719189,0.0,0.000000
0.002228500,0.719289,0.0,0.000000
0.002228750,0.719389,0.0,0.000000
0.002229000,0.719489,0.0,0.000000
0.002229250,0.719589,0.0,0.000000
0.002229500,0.719689,0.0,0.000000
0.002229750,0.719789,0.0,0.000000
0.002230000,0.719889,0.0,0.000000
0.002230250,0.719989,0.0,0.000000
0.002230500,0.720089,0.0,0.000000
0.002230750,0.720189,0.0,0.000000
0.002231000,0.720289,0.0,0.000000
0.002231250,0.720389,0.0,0.000000
0.002231500,0.720489,0.0,0.000000
0.002231750,0.720589,0.0,0.000000
0.002232000,0.720689,0.0,0.000000
0.002232250,0.720789,0.0,0.000000
0.002232500,0.720888,0.0,0.000000
0.002232750,0.720988,0.0,0.000000
0.002233000,0.721088,0.0,0.000000
0.002233250,0.721188,0.0,0.000000
0.002233500,0.721287,0.0,0.000000
0.002233750,0.721387,0.0,0.000000
0.002234000,0.721487,0.0,0.000000
0.002234250,0.721587,0.0,0.000000
0.002234500,0.721686,0.0,0.000000
0.002234750,0.721786,0.0,0.000000
0.002235000,0.721886,0.0,0.000000
0.002235250,0.721985,0.0,0.000000
0.002235500,0.722085,0.0,0.000000
0.002235750,0.722184,0.0,0.000000
0.002236000,0.722284,0.0,0.000000
0.002236250,0.722383,0.0,0.000000
0.002236500,0.722483,0.0,0.000000
0.002236750,0.722582,0.0,0.000000
0.002237000,0.722682,0.0,0.000000
0.002237250,0.722781,0.0,0.000000
0.002237500,0.722881,0.0,0.000000
0.002237750,0.722980,0.0,0.000000
0.002238000,0.723079,0.0,0.000000
0.002238250,0.723179,0.0,0.000000
0.002238500,0.723278,0.0,0.000000
0.002238750,0.723377,0.0,0.000000
0.002239000,0.723477,0.0,0.000000
0.002239250,0.723576,0.0,0.000000
0.002239500,0.723675,0.0,0.000000
0.002239750,0.723774,0.0,0.000000
0.002240000,0.723874,0.0,0.000000
0.002240250,0.723973,0.0,0.000000
0.002240500,0.724072,0.0,0.000000
0.002240750,0.724171,0.0,0.000000
0.002241000,0.724270,0.0,0.000000
0.002241250,0.724369,0.0,0.000000
0.002241500,0.724468,0.0,0.000000
0.002241750,0.724567,0.0,0.000000
0.002242000,0.724666,0.0,0.000000
0.002242250,0.724765,0.0,0.000000
0.002242500,0.724864,0.0,0.000000
0.002242750,0.724963,0.0,0.000000
0.002243000,0.725062,0.0,0.000000
0.002243250,0.725161,0.0,0.000000
0.002243500,0.725260,0.0,0.000000
0.002243750,0.725359,0.0,0.000000
0.002244000,0.725458,0.0,0.000000
0.002244250,0.725557,0.0,0.000000
0.002244500,0.725656,0.0,0.000000
0.002244750,0.725755,0.0,0.000000
0.002245000,0.725853,0.0,0.000000
0.002245250,0.725952,0.0,0.000000
0.002245500,0.726051,0.0,0.000000
0.002245750,0.726150,0.0,0.000000
0.002246000,0.726248,0.0,0.000000
0.002246250,0.726347,0.0,0.000000
0.002246500,0.726446,0.0,0.000000
0.002246750,0.726544,0.0,0.000000
0.002247000,0.726643,0.0,0.000000
0.002247250,0.726742,0.0,0.000000
0.002247500,0.726840,0.0,0.000000
0.002247750,0.726939,0.0,0.000000
0.002248000,0.727037,0.0,0.000000
0.002248250,0.727136,0.0,0.000000
0.002248500,0.727234,0.0,0.000000
0.002248750,0.727333,0.0,0.000000
0.002249000,0.727431,0.0,0.000000
0.002249250,0.727530,0.0,0.000000
0.002249500,0.727628,0.0,0.000000
0.002249750,0.727727,0.0,0.000000
0.002250000,0.727825,0.0,0.000000
0.002250250,0.727923,0.0,0.000000
0.002250500,0.728022,0.0,0.000000
0.002250750,0.728120,0.0,0.000000
0.002251000,0.728218,0.0,0.000000
0.002251250,0.728317,0.0,0.000000
0.002251500,0.728415,0.0,0.000000
0.002251750,0.728513,0.0,0.000000
0.002252000,0.728611,0.0,0.000000
0.002252250,0.728710,0.0,0.000000
0.002252500,0.728808,0.0,0.000000
0.002252750,0.728906,0.0,0.000000
0.002253000,0.729004,0.0,0.000000
0.002253250,0.729102,0.0,0.000000
0.002253500,0.729200,0.0,0.000000
0.002253750,0.729298,0.0,0.000000
0.002254000,0.729396,0.0,0.000000
0.002254250,0.729494,0.0,0.000000
0.002254500,0.729592,0.0,0.000000
0.002254750,0.729690,0.0,0.000000
0.002255000,0.729788,0.0,0.000000
0.002255250,0.729886,0.0,0.000000
0.002255500,0.729984,0.0,0.000000
0.002255750,0.730082,0.0,0.000000
0.002256000,0.730180,0.0,0.000000
0.002256250,0.730278,0.0,0.000000
0.002256500,0.730376,0.0,0.000000
0.002256750,0.730474,0.0,0.000000
0.002257000,0.730571,0.0,0.000000
0.002257250,0.730669,0.0,0.000000
0.002257500,0.730767,0.0,0.000000
0.002257750,0.730865,0.0,0.000000
0.002258000,0.730962,0.0,0.000000
0.002258250,0.731060,0.0,0.000000
0.002258500,0.731158,0.0,0.000000
0.002258750,0.731255,0.0,0.000000
0.002259000,0.731353,0.0,0.000000
0.002259250,0.731451,0.0,0.000000
0.002259500,0.731548,0.0,0.000000
0.002259750,0.731646,0.0,0.000000
0.002260000,0.731744,0.0,0.000000
0.002260250,0.731841,0.0,0.000000
0.002260500,0.731939,0.0,0.000000
0.002260750,0.732036,0.0,0.000000
0.002261000,0.732134,0.0,0.000000
0.002261250,0.732231,0.0,0.000000
0.002261500,0.732329,0.0,0.000000
0.002261750,0.732426,0.0,0.000000
0.002262000,0.732523,0.0,0.000000
0.002262250,0.732621,0.0,0.000000
0.002262500,0.732718,0.0,0.000000
0.002262750,0.732815,0.0,0.000000
0.002263000,0.732913,0.0,0.000000
0.002263250,0.733010,0.0,0.000000
0.002263500,0.733107,0.0,0.000000
0.002263750,0.733205,0.0,0.000000
0.002264000,0.733302,0.0,0.000000
0.002264250,0.733399,0.0,0.000000
0.002264500,0.733496,0.0,0.000000
0.002264750,0.733593,0.0,0.000000
0.002265000,0.733691,0.0,0.000000
0.002265250,0.733788,0.0,0.000000
0.002265500,0.733885,0.0,0.000000
0.002265750,0.733982,0.0,0.000000
0.002266000,0.734079,0.0,0.000000
0.002266250,0.734176,0.0,0.000000
0.002266500,0.734273,0.0,0.000000
0.002266750,0.734370,0.0,0.000000
0.002267000,0.734467,0.0,0.000000
0.002267250,0.734564,0.0,0.000000
0.002267500,0.734661,0.0,0.000000
0.002267750,0.734758,0.0,0.000000
0.002268000,0.734855,0.0,0.000000
0.002268250,0.734952,0.0,0.000000
0.002268500,0.735049,0.0,0.000000
0.002268750,0.735146,0.0,0.000000
0.002269000,0.735242,0.0,0.000000
0.002269250,0.735339,0.0,0.000000
0.002269500,0.735436,0.0,0.000000
0.002269750,0.735533,0.0,0.000000
0.002270000,0.735629,0.0,0.000000
0.002270250,0.735726,0.0,0.000000
0.002270500,0.735823,0.0,0.000000
0.002270750,0.735920,0.0,0.000000
0.002271000,0.736016,0.0,0.000000
0.002271250,0.736113,0.0,0.000000
0.002271500,0.736210,0.0,0.000000
0.002271750,0.736306,0.0,0.000000
0.002272000,0.736403,0.0,0.000000
0.002272250,0.736499,0.0,0.000000
0.002272500,0.736596,0.0,0.000000
0.002272750,0.736693,0.0,0.000000
0.002273000,0.736789,0.0,0.000000
0.002273250,0.736886,0.0,0.000000
0.002273500,0.736982,0.0,0.000000
0.002273750,0.737078,0.0,0.000000
0.002274000,0.737175,0.0,0.000000
0.002274250,0.737271,0.0,0.000000
0.002274500,0.737368,0.0,0.000000
0.002274750,0.737464,0.0,0.000000
0.002275000,0.737561,0.0,0.000000
0.002275250,0.737657,0.0,0.000000
0.002275500,0.737753,0.0,0.000000
0.002275750,0.737849,0.0,0.000000
0.002276000,0.737946,0.0,0.000000
0.002276250,0.738042,0.0,0.000000
0.002276500,0.738138,0.0,0.000000
0.002276750,0.738234,0.0,0.000000
0.002277000,0.738331,0.0,0.000000
0.002277250,0.738427,0.0,0.000000
0.002277500,0.738523,0.0,0.000000
0.002277750,0.738619,0.0,0.000000
0.002278000,0.738715,0.0,0.000000
0.002278250,0.738811,0.0,0.000000
0.002278500,0.738907,0.0,0.000000
0.002278750,0.739004,0.0,0.000000
0.002279000,0.739100,0.0,0.000000
0.002279250,0.739196,0.0,0.000000
0.002279500,0.739292,0.0,0.000000
0.002279750,0.739388,0.0,0.000000
0.002280000,0.739484,0.0,0.000000
0.002280250,0.739579,0.0,0.000000
0.002280500,0.739675,0.0,0.000000
0.002280750,0.739771,0.0,0.000000
0.002281000,0.739867,0.0,0.000000
0.002281250,0.739963,0.0,0.000000
0.002281500,0.740059,0.0,0.000000
0.002281750,0.740155,0.0,0.000000
0.002282000,0.740250,0.0,0.000000
0.002282250,0.740346,0.0,0.000000
0.002282500,0.740442,0.0,0.000000
0.002282750,0.740538,0.0,0.000000
0.002283000,0.740633,0.0,0.000000
0.002283250,0.740729,0.0,0.000000
0.002283500,0.740825,0.0,0.000000
0.002283750,0.740920,0.0,0.000000
0.002284000,0.741016,0.0,0.000000
0.002284250,0.741112,0.0,0.000000
0.002284500,0.741207,0.0,0.000000
0.002284750,0.741303,0.0,0.000000
0.002285000,0.741398,0.0,0.000000
0.002285250,0.741494,0.0,0.000000
0.002285500,0.741589,0.0,0.000000
0.002285750,0.741685,0.0,0.000000
0.002286000,0.741780,0.0,0.000000
0.002286250,0.741876,0.0,0.000000
0.002286500,0.741971,0.0,0.000000
0.002286750,0.742067,0.0,0.000000
0.002287000,0.742162,0.0,0.000000
0.002287250,0.742257,0.0,0.000000
0.002287500,0.742353,0.0,0.000000
0.002287750,0.742448,0.0,0.000000
0.002288000,0.742543,0.0,0.000000
0.002288250,0.742639,0.0,0.000000
0.002288500,0.742734,0.0,0.000000
0.002288750,0.742829,0.0,0.000000
0.002289000,0.742924,0.0,0.000000
0.002289250,0.743020,0.0,0.000000
0.002289500,0.743115,0.0,0.000000
0.002289750,0.743210,0.0,0.000000
0.002290000,0.743305,0.0,0.000000
0.002290250,0.743400,0.0,0.000000
0.002290500,0.743495,0.0,0.000000
0.002290750,0.743590,0.0,0.000000
0.002291000,0.743685,0.0,0.000000
0.002291250,0.743780,0.0,0.000000
0.002291500,0.743876,0.0,0.000000
0.002291750,0.743971,0.0,0.000000
0.002292000,0.744066,0.0,0.000000
0.002292250,0.744160,0.0,0.000000
0.002292500,0.744255,0.0,0.000000
0.002292750,0.744350,0.0,0.000000
0.002293000,0.744445,0.0,0.000000
0.002293250,0.744540,0.0,0.000000
0.002293500,0.744635,0.0,0.000000
0.002293750,0.744730,0.0,0.000000
0.002294000,0.744825,0.0,0.000000
0.002294250,0.744920,0.0,0.000000
0.002294500,0.745014,0.0,0.000000
0.002294750,0.745109,0.0,0.000000
0.002295000,0.745204,0.0,0.000000
0.002295250,0.745299,0.0,0.000000
0.002295500,0.745393,0.0,0.000000
0.002295750,0.745488,0.0,0.000000
0.002296000,0.745583,0.0,0.000000
0.002296250,0.745678,0.0,0.000000
0.002296500,0.745772,0.0,0.000000
0.002296750,0.745867,0.0,0.000000
0.002297000,0.745961,0.0,0.000000
0.002297250,0.746056,0.0,0.000000
0.002297500,0.746151,0.0,0.000000
0.002297750,0.746245,0.0,0.000000
0.002298000,0.746340,0.0,0.000000
0.002298250,0.746434,0.0,0.000000
0.002298500,0.746529,0.0,0.000000
0.002298750,0.746623,0.0,0.000000
0.002299000,0.746718,0.0,0.000000
0.002299250,0.746812,0.0,0.000000
0.002299500,0.746906,0.0,0.000000
0.002299750,0.747001,0.0,0.000000
0.002300000,0.747095,0.0,0.000000
0.002300250,0.747190,0.0,0.000000
0.002300500,0.747284,0.0,0.000000
0.002300750,0.747378,0.0,0.000000
0.002301000,0.747473,0.0,0.000000
0.002301250,0.747567,0.0,0.000000
0.002301500,0.747661,0.0,0.000000
0.002301750,0.747755,0.0,0.000000
0.002302000,0.747850,0.0,0.000000
0.002302250,0.747944,0.0,0.000000
0.002302500,0.748038,0.0,0.000000
0.002302750,0.748132,0.0,0.000000
0.002303000,0.748226,0.0,0.000000
0.002303250,0.748320,0.0,0.000000
0.002303500,0.748414,0.0,0.000000
0.002303750,0.748508,0.0,0.000000
0.002304000,0.748603,0.0,0.000000
0.002304250,0.748697,0.0,0.000000
0.002304500,0.748791,0.0,0.000000
0.002304750,0.748885,0.0,0.000000
0.002305000,0.748979,0.0,0.000000
0.002305250,0.749072,0.0,0.000000
0.002305500,0.749166,0.0,0.000000
0.002305750,0.749260,0.0,0.000000
0.002306000,0.749354,0.0,0.000000
0.002306250,0.749448,0.0,0.000000
0.002306500,0.749542,0.0,0.000000
0.002306750,0.749636,0.0,0.000000
0.002307000,0.749730,0.0,0.000000
0.002307250,0.749823,0.0,0.000000
0.002307500,0.749917,0.0,0.000000
0.002307750,0.750011,0.0,0.000000
0.002308000,0.750105,0.0,0.000000
0.002308250,0.750198,0.0,0.000000
0.002308500,0.750292,0.0,0.000000
0.002308750,0.750386,0.0,0.000000
0.002309000,0.750479,0.0,0.000000
0.002309250,0.750573,0.0,0.000000
0.002309500,0.750667,0.0,0.000000
0.002309750,0.750760,0.0,0.000000
0.002310000,0.750854,0.0,0.000000
0.002310250,0.750947,0.0,0.000000
0.002310500,0.751041,0.0,0.000000
0.002310750,0.751135,0.0,0.000000
0.002311000,0.751228,0.0,0.000000
0.002311250,0.751321,0.0,0.000000
0.002311500,0.751415,0.0,0.000000
0.002311750,0.751508,0.0,0.000000
0.002312000,0.751602,0.0,0.000000
0.002312250,0.751695,0.0,0.000000
0.002312500,0.751789,0.0,0.000000
0.002312750,0.751882,0.0,0.000000
0.002313000,0.751975,0.0,0.000000
0.002313250,0.752069,0.0,0.000000
0.002313500,0.752162,0.0,0.000000
0.002313750,0.752255,0.0,0.000000
0.002314000,0.752349,0.0,0.000000
0.002314250,0.752442,0.0,0.000000
0.002314500,0.752535,0.0,0.000000
0.002314750,0.752628,0.0,0.000000
0.002315000,0.752721,0.0,0.000000
0.002315250,0.752815,0.0,0.000000
0.002315500,0.752908,0.0,0.000000
0.002315750,0.753001,0.0,0.000000
0.002316000,0.753094,0.0,0.000000
0.002316250,0.753187,0.0,0.000000
0.002316500,0.753280,0.0,0.000000
0.002316750,0.753373,0.0,0.000000
0.002317000,0.753466,0.0,0.000000
0.002317250,0.753559,0.0,0.000000
0.002317500,0.753652,0.0,0.000000
0.002317750,0.753745,0.0,0.000000
0.002318000,0.753838,0.0,0.000000
0.002318250,0.753931,0.0,0.000000
0.002318500,0.754024,0.0,0.000000
0.002318750,0.754117,0.0,0.000000
0.002319000,0.754210,0.0,0.000000
0.002319250,0.754303,0.0,0.000000
0.002319500,0.754396,0.0,0.000000
0.002319750,0.754489,0.0,0.000000
0.002320000,0.754581,0.0,0.000000
0.002320250,0.754674,0.0,0.000000
0.002320500,0.754767,0.0,0.000000
0.002320750,0.754860,0.0,0.000000
0.002321000,0.754952,0.0,0.000000
0.002321250,0.755045,0.0,0.000000
0.002321500,0.755138,0.0,0.000000
0.002321750,0.755230,0.0,0.000000
0.002322000,0.755323,0.0,0.000000
0.002322250,0.755416,0.0,0.000000
0.002322500,0.755508,0.0,0.000000
0.002322750,0.755601,0.0,0.000000
0.002323000,0.755693,0.0,0.000000
0.002323250,0.755786,0.0,0.000000
0.002323500,0.755879,0.0,0.000000
0.002323750,0.755971,0.0,0.000000
0.002324000,0.756064,0.0,0.000000
0.002324250,0.756156,0.0,0.000000
0.002324500,0.756249,0.0,0.000000
0.002324750,0.756341,0.0,0.000000
0.002325000,0.756433,0.0,0.000000
0.002325250,0.756526,0.0,0.000000
0.002325500,0.756618,0.0,0.000000
0.002325750,0.756711,0.0,0.000000
0.002326000,0.756803,0.0,0.000000
0.002326250,0.756895,0.0,0.000000
0.002326500,0.756988,0.0,0.000000
0.002326750,0.757080,0.0,0.000000
0.002327000,0.757172,0.0,0.000000
0.002327250,0.757264,0.0,0.000000
0.002327500,0.757357,0.0,0.000000
0.002327750,0.757449,0.0,0.000000
0.002328000,0.757541,0.0,0.000000
0.002328250,0.757633,0.0,0.000000
0.002328500,0.757725,0.0,0.000000
0.002328750,0.757817,0.0,0.000000
0.002329000,0.757910,0.0,0.000000
0.002329250,0.758002,0.0,0.000000
0.002329500,0.758094,0.0,0.000000
0.002329750,0.758186,0.0,0.000000
0.002330000,0.758278,0.0,0.000000
0.002330250,0.758370,0.0,0.000000
0.002330500,0.758462,0.0,0.000000
0.002330750,0.758554,0.0,0.000000
0.002331000,0.758646,0.0,0.000000
0.002331250,0.758738,0.0,0.000000
0.002331500,0.758830,0.0,0.000000
0.002331750,0.758922,0.0,0.000000
0.002332000,0.759013,0.0,0.000000
0.002332250,0.759105,0.0,0.000000
0.002332500,0.759197,0.0,0.000000
0.002332750,0.759289,0.0,0.000000
0.002333000,0.759381,0.0,0.000000
0.002333250,0.759473,0.0,0.000000
0.002333500,0.759564,0.0,0.000000
0.002333750,0.759656,0.0,0.000000
0.002334000,0.759748,0.0,0.000000
0.002334250,0.759840,0.0,0.000000
0.002334500,0.759931,0.0,0.000000
0.002334750,0.760023,0.0,0.000000
0.002335000,0.760115,0.0,0.000000
0.002335250,0.760206,0.0,0.000000
0.002335500,0.760298,0.0,0.000000
0.002335750,0.760389,0.0,0.000000
0.002336000,0.760481,0.0,0.000000
0.002336250,0.760572,0.0,0.000000
0.002336500,0.760664,0.0,0.000000
0.002336750,0.760756,0.0,0.000000
0.002337000,0.760847,0.0,0.000000
0.002337250,0.760939,0.0,0.000000
0.002337500,0.761030,0.0,0.000000
0.002337750,0.761121,0.0,0.000000
0.002338000,0.761213,0.0,0.000000
0.002338250,0.761304,0.0,0.000000
0.002338500,0.761396,0.0,0.000000
0.002338750,0.761487,0.0,0.000000
0.002339000,0.761578,0.0,0.000000
0.002339250,0.761670,0.0,0.000000
0.002339500,0.761761,0.0,0.000000
0.002339750,0.761852,0.0,0.000000
0.002340000,0.761944,0.0,0.000000
0.002340250,0.762035,0.0,0.000000
0.002340500,0.762126,0.0,0.000000
0.002340750,0.762217,0.0,0.000000
0.002341000,0.762309,0.0,0.000000
0.002341250,0.762400,0.0,0.000000
0.002341500,0.762491,0.0,0.000000
0.002341750,0.762582,0.0,0.000000
0.002342000,0.762673,0.0,0.000000
0.002342250,0.762764,0.0,0.000000
0.002342500,0.762855,0.0,0.000000
0.002342750,0.762946,0.0,0.000000
0.002343000,0.763037,0.0,0.000000
0.002343250,0.763128,0.0,0.000000
0.002343500,0.763219,0.0,0.000000
0.002343750,0.763310,0.0,0.000000
0.002344000,0.763401,0.0,0.000000
0.002344250,0.763492,0.0,0.000000
0.002344500,0.763583,0.0,0.000000
0.002344750,0.763674,0.0,0.000000
0.002345000,0.763765,0.0,0.000000
0.002345250,0.763856,0.0,0.000000
0.002345500,0.763947,0.0,0.000000
0.002345750,0.764038,0.0,0.000000
0.002346000,0.764129,0.0,0.000000
0.002346250,0.764219,0.0,0.000000
0.002346500,0.764310,0.0,0.000000
0.002346750,0.764401,0.0,0.000000
0.002347000,0.764492,0.0,0.000000
0.002347250,0.764582,0.0,0.000000
0.002347500,0.764673,0.0,0.000000
0.002347750,0.764764,0.0,0.000000
0.002348000,0.764854,0.0,0.000000
0.002348250,0.764945,0.0,0.000000
0.002348500,0.765036,0.0,0.000000
0.002348750,0.765126,0.0,0.000000
0.002349000,0.765217,0.0,0.000000
0.002349250,0.765307,0.0,0.000000
0.002349500,0.765398,0.0,0.000000
0.002349750,0.765489,0.0,0.000000
0.002350000,0.765579,0.0,0.000000
0.002350250,0.765670,0.0,0.000000
0.002350500,0.765760,0.0,0.000000
0.002350750,0.765851,0.0,0.000000
0.002351000,0.765941,0.0,0.000000
0.002351250,0.766031,0.0,0.000000
0.002351500,0.766122,0.0,0.000000
0.002351750,0.766212,0.0,0.000000
0.002352000,0.766303,0.0,0.000000
0.002352250,0.766393,0.0,0.000000
0.002352500,0.766483,0.0,0.000000
0.002352750,0.766573,0.0,0.000000
0.002353000,0.766664,0.0,0.000000
0.002353250,0.766754,0.0,0.000000
0.002353500,0.766844,0.0,0.000000
0.002353750,0.766935,0.0,0.000000
0.002354000,0.767025,0.0,0.000000
0.002354250,0.767115,0.0,0.000000
0.002354500,0.767205,0.0,0.000000
0.002354750,0.767295,0.0,0.000000
0.002355000,0.767385,0.0,0.000000
0.002355250,0.767476,0.0,0.000000
0.002355500,0.767566,0.0,0.000000
0.002355750,0.767656,0.0,0.000000
0.002356000,0.767746,0.0,0.000000
0.002356250,0.767836,0.0,0.000000
0.002356500,0.767926,0.0,0.000000
0.002356750,0.768016,0.0,0.000000
0.002357000,0.768106,0.0,0.000000
0.002357250,0.768196,0.0,0.000000
0.002357500,0.768286,0.0,0.000000
0.002357750,0.768376,0.0,0.000000
0.002358000,0.768466,0.0,0.000000
0.002358250,0.768556,0.0,0.000000
0.002358500,0.768645,0.0,0.000000
0.002358750,0.768735,0.0,0.000000
0.002359000,0.768825,0.0,0.000000
0.002359250,0.768915,0.0,0.000000
0.002359500,0.769005,0.0,0.000000
0.002359750,0.769095,0.0,0.000000
0.002360000,0.769184,0.0,0.000000
0.002360250,0.769274,0.0,0.000000
0.002360500,0.769364,0.0,0.000000
0.002360750,0.769454,0.0,0.000000
0.002361000,0.769543,0.0,0.000000
0.002361250,0.769633,0.0,0.000000
0.002361500,0.769723,0.0,0.000000
0.002361750,0.769812,0.0,0.000000
0.002362000,0.769902,0.0,0.000000
0.002362250,0.769991,0.0,0.000000
0.002362500,0.770081,0.0,0.000000
0.002362750,0.770171,0.0,0.000000
0.002363000,0.770260,0.0,0.000000
0.002363250,0.770350,0.0,0.000000
0.002363500,0.770439,0.0,0.000000
0.002363750,0.770529,0.0,0.000000
0.002364000,0.770618,0.0,0.000000
0.002364250,0.770708,0.0,0.000000
0.002364500,0.770797,0.0,0.000000
0.002364750,0.770886,0.0,0.000000
0.002365000,0.770976,0.0,0.000000
0.002365250,0.771065,0.0,0.000000
0.002365500,0.771154,0.0,0.000000
0.002365750,0.771244,0.0,0.000000
0.002366000,0.771333,0.0,0.000000
0.002366250,0.771422,0.0,0.000000
0.002366500,0.771512,0.0,0.000000
0.002366750,0.771601,0.0,0.000000
0.002367000,0.771690,0.0,0.000000
0.002367250,0.771779,0.0,0.000000
0.002367500,0.771869,0.0,0.000000
0.002367750,0.771958,0.0,0.000000
0.002368000,0.772047,0.0,0.000000
0.002368250,0.772136,0.0,0.000000
0.002368500,0.772225,0.0,0.000000
0.002368750,0.772314,0.0,0.000000
0.002369000,0.772404,0.0,0.000000
0.002369250,0.772493,0.0,0.000000
0.002369500,0.772582,0.0,0.000000
0.002369750,0.772671,0.0,0.000000
0.002370000,0.772760,0.0,0.000000
0.002370250,0.772849,0.0,0.000000
0.002370500,0.772938,0.0,0.000000
0.002370750,0.773027,0.0,0.000000
0.002371000,0.773116,0.0,0.000000
0.002371250,0.773205,0.0,0.000000
0.002371500,0.773293,1.0,4.180000
0.002371750,0.773382,0.0,3.538294
0.002372000,0.053910,0.0,2.995100
0.002372250,0.054148,0.0,2.535298
0.002372500,0.054387,0.0,2.146084
0.002372750,0.054626,0.0,1.816620
0.002373000,0.054864,0.0,1.537736
0.002373250,0.055103,0.0,1.301666
0.002373500,0.055342,0.0,1.101836
0.002373750,0.055580,0.0,0.932684
0.002374000,0.055818,0.0,0.789500
0.002374250,0.056057,0.0,0.668297
0.002374500,0.056295,0.0,0.565701
0.002374750,0.056533,0.0,0.478856
0.002375000,0.056772,0.0,0.405343
0.002375250,0.057010,0.0,0.343115
0.002375500,0.057248,0.0,0.290441
0.002375750,0.057486,0.0,0.245853
0.002376000,0.057724,0.0,0.208110
0.002376250,0.057962,0.0,0.176161
0.002376500,0.058200,0.0,0.149117
0.002376750,0.058438,0.0,0.126225
0.002377000,0.058676,0.0,0.106847
0.002377250,0.058913,0.0,0.090444
0.002377500,0.059151,0.0,0.076559
0.002377750,0.059389,0.0,0.064806
0.002378000,0.059626,0.0,0.054857
0.002378250,0.059864,0.0,0.046436
0.002378500,0.060102,0.0,0.039307
0.002378750,0.060339,0.0,0.033273
0.002379000,0.060576,0.0,0.000000
0.002379250,0.060814,0.0,0.000000
0.002379500,0.061051,0.0,0.000000
0.002379750,0.061288,0.0,0.000000
0.002380000,0.061526,0.0,0.000000
0.002380250,0.061763,0.0,0.000000
0.002380500,0.062000,0.0,0.000000
0.002380750,0.062237,0.0,0.000000
0.002381000,0.062474,0.0,0.000000
0.002381250,0.062711,0.0,0.000000
0.002381500,0.062948,0.0,0.000000
0.002381750,0.063185,0.0,0.000000
0.002382000,0.063422,0.0,0.000000
0.002382250,0.063659,0.0,0.000000
0.002382500,0.063895,0.0,0.000000
0.002382750,0.064132,0.0,0.000000
0.002383000,0.064369,0.0,0.000000
0.002383250,0.064605,0.0,0.000000
0.002383500,0.064842,0.0,0.000000
0.002383750,0.065078,0.0,0.000000
0.002384000,0.065315,0.0,0.000000
0.002384250,0.065551,0.0,0.000000
0.002384500,0.065787,0.0,0.000000
0.002384750,0.066024,0.0,0.000000
0.002385000,0.066260,0.0,0.000000
0.002385250,0.066496,0.0,0.000000
0.002385500,0.066732,0.0,0.000000
0.002385750,0.066968,0.0,0.000000
0.002386000,0.067204,0.0,0.000000
0.002386250,0.067440,0.0,0.000000
0.002386500,0.067676,0.0,0.000000
0.002386750,0.067912,0.0,0.000000
0.002387000,0.068148,0.0,0.000000
0.002387250,0.068384,0.0,0.000000
0.002387500,0.068620,0.0,0.000000
0.002387750,0.068855,0.0,0.000000
0.002388000,0.069091,0.0,0.000000
0.002388250,0.069327,0.0,0.000000
0.002388500,0.069562,0.0,0.000000
0.002388750,0.069798,0.0,0.000000
0.002389000,0.070033,0.0,0.000000
0.002389250,0.070269,0.0,0.000000
0.002389500,0.070504,0.0,0.000000
0.002389750,0.070739,0.0,0.000000
0.002390000,0.070974,0.0,0.000000
0.002390250,0.071210,0.0,0.000000
0.002390500,0.071445,0.0,0.000000
0.002390750,0.071680,0.0,0.000000
0.002391000,0.071915,0.0,0.000000
0.002391250,0.072150,0.0,0.000000
0.002391500,0.072385,0.0,0.000000
0.002391750,0.072620,0.0,0.000000
0.002392000,0.072855,0.0,0.000000
0.002392250,0.073090,0.0,0.000000
0.002392500,0.073324,0.0,0.000000
0.002392750,0.073559,0.0,0.000000
0.002393000,0.073794,0.0,0.000000
0.002393250,0.074028,0.0,0.000000
0.002393500,0.074263,0.0,0.000000
0.002393750,0.074497,0.0,0.000000
0.002394000,0.074732,0.0,0.000000
0.002394250,0.074966,0.0,0.000000
0.002394500,0.075201,0.0,0.000000
0.002394750,0.075435,0.0,0.000000
0.002395000,0.075669,0.0,0.000000
0.002395250,0.075904,0.0,0.000000
0.002395500,0.076138,0.0,0.000000
0.002395750,0.076372,0.0,0.000000
0.002396000,0.076606,0.0,0.000000
0.002396250,0.076840,0.0,0.000000
0.002396500,0.077074,0.0,0.000000
0.002396750,0.077308,0.0,0.000000
0.002397000,0.077542,0.0,0.000000
0.002397250,0.077776,0.0,0.000000
0.002397500,0.078010,0.0,0.000000
0.002397750,0.078243,0.0,0.000000
0.002398000,0.078477,0.0,0.000000
0.002398250,0.078711,0.0,0.000000
0.002398500,0.078944,0.0,0.000000
0.002398750,0.079178,0.0,0.000000
0.002399000,0.079411,0.0,0.000000
0.002399250,0.079645,0.0,0.000000
0.002399500,0.079878,0.0,0.000000
0.002399750,0.080111,0.0,0.000000
0.002400000,0.080345,0.0,0.000000
0.002400250,0.080578,0.0,0.000000
0.002400500,0.080811,0.0,0.000000
0.002400750,0.081044,0.0,0.000000
0.002401000,0.081278,0.0,0.000000
0.002401250,0.081511,0.0,0.000000
0.002401500,0.081744,0.0,0.000000
0.002401750,0.081977,0.0,0.000000
0.002402000,0.082209,0.0,0.000000
0.002402250,0.082442,0.0,0.000000
0.002402500,0.082675,0.0,0.000000
0.002402750,0.082908,0.0,0.000000
0.002403000,0.083141,0.0,0.000000
0.002403250,0.083373,0.0,0.000000
0.002403500,0.083606,0.0,0.000000
0.002403750,0.083839,0.0,0.000000
0.002404000,0.084071,0.0,0.000000
0.002404250,0.084304,0.0,0.000000
0.002404500,0.084536,0.0,0.000000
0.002404750,0.084768,0.0,0.000000
0.002405000,0.085001,0.0,0.000000
0.002405250,0.085233,0.0,0.000000
0.002405500,0.085465,0.0,0.000000
0.002405750,0.085697,0.0,0.000000
0.002406000,0.085930,0.0,0.000000
0.002406250,0.086162,0.0,0.000000
0.002406500,0.086394,0.0,0.000000
0.002406750,0.086626,0.0,0.000000
0.002407000,0.086858,0.0,0.000000
0.002407250,0.087090,0.0,0.000000
0.002407500,0.087321,0.0,0.000000
0.002407750,0.087553,0.0,0.000000
0.002408000,0.087785,0.0,0.000000
0.002408250,0.088017,0.0,0.000000
0.002408500,0.088248,0.0,0.000000
0.002408750,0.088480,0.0,0.000000
0.002409000,0.088712,0.0,0.000000
0.002409250,0.088943,0.0,0.000000
0.002409500,0.089175,0.0,0.000000
0.002409750,0.089406,0.0,0.000000
0.002410000,0.089637,0.0,0.000000
0.002410250,0.089869,0.0,0.000000
0.002410500,0.090100,0.0,0.000000
0.002410750,0.090331,0.0,0.000000
0.002411000,0.090562,0.0,0.000000
0.002411250,0.090793,0.0,0.000000
0.002411500,0.091025,0.0,0.000000
0.002411750,0.091256,0.0,0.000000
0.002412000,0.091487,0.0,0.000000
0.002412250,0.091718,0.0,0.000000
0.002412500,0.091948,0.0,0.000000
0.002412750,0.092179,0.0,0.000000
0.002413000,0.092410,0.0,0.000000
0.002413250,0.092641,0.0,0.000000
0.002413500,0.092871,0.0,0.000000
0.002413750,0.093102,0.0,0.000000
0.002414000,0.093333,0.0,0.000000
0.002414250,0.093563,0.0,0.000000
0.002414500,0.093794,0.0,0.000000
0.002414750,0.094024,0.0,0.000000
0.002415000,0.094255,0.0,0.000000
0.002415250,0.094485,0.0,0.000000
0.002415500,0.094715,0.0,0.000000
0.002415750,0.094946,0.0,0.000000
0.002416000,0.095176,0.0,0.000000
0.002416250,0.095406,0.0,0.000000
0.002416500,0.095636,0.0,0.000000
0.002416750,0.095866,0.0,0.000000
0.002417000,0.096096,0.0,0.000000
0.002417250,0.096326,0.0,0.000000
0.002417500,0.096556,0.0,0.000000
0.002417750,0.096786,0.0,0.000000
0.002418000,0.097016,0.0,0.000000
0.002418250,0.097246,0.0,0.000000
0.002418500,0.097475,0.0,0.000000
0.002418750,0.097705,0.0,0.000000
0.002419000,0.097935,0.0,0.000000
0.002419250,0.098164,0.0,0.000000
0.002419500,0.098394,0.0,0.000000
0.002419750,0.098623,0.0,0.000000
0.002420000,0.098853,0.0,0.000000
0.002420250,0.099082,0.0,0.000000
0.002420500,0.099312,0.0,0.000000
0.002420750,0.099541,0.0,0.000000
0.002421000,0.099770,0.0,0.000000
0.002421250,0.099999,0.0,0.000000
0.002421500,0.100228,0.0,0.000000
0.002421750,0.100458,0.0,0.000000
0.002422000,0.100687,0.0,0.000000
0.002422250,0.100916,0.0,0.000000
0.002422500,0.101145,0.0,0.000000
0.002422750,0.101374,0.0,0.000000
0.002423000,0.101602,0.0,0.000000
0.002423250,0.101831,0.0,0.000000
0.002423500,0.102060,0.0,0.000000
0.002423750,0.102289,0.0,0.000000
0.002424000,0.102518,0.0,0.000000
0.002424250,0.102746,0.0,0.000000
0.002424500,0.102975,0.0,0.000000
0.002424750,0.103203,0.0,0.000000
0.002425000,0.103432,0.0,0.000000
0.002425250,0.103660,0.0,0.000000
0.002425500,0.103889,0.0,0.000000
0.002425750,0.104117,0.0,0.000000
0.002426000,0.104345,0.0,0.000000
0.002426250,0.104574,0.0,0.000000
0.002426500,0.104802,0.0,0.000000
0.002426750,0.105030,0.0,0.000000
0.002427000,0.105258,0.0,0.000000
0.002427250,0.105486,0.0,0.000000
0.002427500,0.105714,0.0,0.000000
0.002427750,0.105942,0.0,0.000000
0.002428000,0.106170,0.0,0.000000
0.002428250,0.106398,0.0,0.000000
0.002428500,0.106626,0.0,0.000000
0.002428750,0.106854,0.0,0.000000
0.002429000,0.107081,0.0,0.000000
0.002429250,0.107309,0.0,0.000000
0.002429500,0.107537,0.0,0.000000
0.002429750,0.107764,0.0,0.000000
0.002430000,0.107992,0.0,0.000000
0.002430250,0.108219,0.0,0.000000
0.002430500,0.108447,0.0,0.000000
0.002430750,0.108674,0.0,0.000000
0.002431000,0.108901,0.0,0.000000
0.002431250,0.109129,0.0,0.000000
0.002431500,0.109356,0.0,0.000000
0.002431750,0.109583,0.0,0.000000
0.002432000,0.109810,0.0,0.000000
0.002432250,0.110038,0.0,0.000000
0.002432500,0.110265,0.0,0.000000
0.002432750,0.110492,0.0,0.000000
0.002433000,0.110719,0.0,0.000000
0.002433250,0.110946,0.0,0.000000
0.002433500,0.111172,0.0,0.000000
0.002433750,0.111399,0.0,0.000000
0.002434000,0.111626,0.0,0.000000
0.002434250,0.111853,0.0,0.000000
0.002434500,0.112080,0.0,0.000000
0.002434750,0.112306,0.0,0.000000
0.002435000,0.112533,0.0,0.000000
0.002435250,0.112759,0.0,0.000000
0.002435500,0.112986,0.0,0.000000
0.002435750,0.113212,0.0,0.000000
0.002436000,0.113439,0.0,0.000000
0.002436250,0.113665,0.0,0.000000
0.002436500,0.113891,0.0,0.000000
0.002436750,0.114118,0.0,0.000000
0.002437000,0.114344,0.0,0.000000
0.002437250,0.114570,0.0,0.000000
0.002437500,0.114796,0.0,0.000000
0.002437750,0.115022,0.0,0.000000
0.002438000,0.115248,0.0,0.000000
0.002438250,0.115474,0.0,0.000000
0.002438500,0.115700,0.0,0.000000
0.002438750,0.115926,0.0,0.000000
0.002439000,0.116152,0.0,0.000000
0.002439250,0.116378,0.0,0.000000
0.002439500,0.116604,0.0,0.000000
0.002439750,0.116829,0.0,0.000000
0.002440000,0.117055,0.0,0.000000
0.002440250,0.117281,0.0,0.000000
0.002440500,0.117506,0.0,0.000000
0.002440750,0.117732,0.0,0.000000
0.002441000,0.117957,0.0,0.000000
0.002441250,0.118182,0.0,0.000000
0.002441500,0.118408,0.0,0.000000
0.002441750,0.118633,0.0,0.000000
0.002442000,0.118858,0.0,0.000000
0.002442250,0.119084,0.0,0.000000
0.002442500,0.119309,0.0,0.000000
0.002442750,0.119534,0.0,0.000000
0.002443000,0.119759,0.0,0.000000
0.002443250,0.119984,0.0,0.000000
0.002443500,0.120209,0.0,0.000000
0.002443750,0.120434,0.0,0.000000
0.002444000,0.120659,0.0,0.000000
0.002444250,0.120884,0.0,0.000000
0.002444500,0.121109,0.0,0.000000
0.002444750,0.121334,0.0,0.000000
0.002445000,0.121558,0.0,0.000000
0.002445250,0.121783,0.0,0.000000
0.002445500,0.122008,0.0,0.000000
0.002445750,0.122232,0.0,0.000000
0.002446000,0.122457,0.0,0.000000
0.002446250,0.122681,0.0,0.000000
0.002446500,0.122906,0.0,0.000000
0.002446750,0.123130,0.0,0.000000
0.002447000,0.123354,0.0,0.000000
0.002447250,0.123579,0.0,0.000000
0.002447500,0.123803,0.0,0.000000
0.002447750,0.124027,0.0,0.000000
0.002448000,0.124251,0.0,0.000000
0.002448250,0.124475,0.0,0.000000
0.002448500,0.124699,0.0,0.000000
0.002448750,0.124923,0.0,0.000000
0.002449000,0.125147,0.0,0.000000
0.002449250,0.125371,0.0,0.000000
0.002449500,0.125595,0.0,0.000000
0.002449750,0.125819,0.0,0.000000
0.002450000,0.126043,0.0,0.000000
0.002450250,0.126267,0.0,0.000000
0.002450500,0.126490,0.0,0.000000
0.002450750,0.126714,0.0,0.000000
0.002451000,0.126938,0.0,0.000000
0.002451250,0.127161,0.0,0.000000
0.002451500,0.127385,0.0,0.000000
0.002451750,0.127608,0.0,0.000000
0.002452000,0.127831,0.0,0.000000
0.002452250,0.128055,0.0,0.000000
0.002452500,0.128278,0.0,0.000000
0.002452750,0.128501,0.0,0.000000
0.002453000,0.128725,0.0,0.000000
0.002453250,0.128948,0.0,0.000000
0.002453500,0.129171,0.0,0.000000
0.002453750,0.129394,0.0,0.000000
0.002454000,0.129617,0.0,0.000000
0.002454250,0.129840,0.0,0.000000
0.002454500,0.130063,0.0,0.000000
0.002454750,0.130286,0.0,0.000000
0.002455000,0.130509,0.0,0.000000
0.002455250,0.130732,0.0,0.000000
0.002455500,0.130954,0.0,0.000000
0.002455750,0.131177,0.0,0.000000
0.002456000,0.131400,0.0,0.000000
0.002456250,0.131622,0.0,0.000000
0.002456500,0.131845,0.0,0.000000
0.002456750,0.132067,0.0,0.000000
0.002457000,0.132290,0.0,0.000000
0.002457250,0.132512,0.0,0.000000
0.002457500,0.132735,0.0,0.000000
0.002457750,0.132957,0.0,0.000000
0.002458000,0.133179,0.0,0.000000
0.002458250,0.133402,0.0,0.000000
0.002458500,0.133624,0.0,0.000000
0.002458750,0.133846,0.0,0.000000
0.002459000,0.134068,0.0,0.000000
0.002459250,0.134290,0.0,0.000000
0.002459500,0.134512,0.0,0.000000
0.002459750,0.134734,0.0,0.000000
0.002460000,0.134956,0.0,0.000000
0.002460250,0.135178,0.0,0.000000
0.002460500,0.135400,0.0,0.000000
0.002460750,0.135622,0.0,0.000000
0.002461000,0.135843,0.0,0.000000
0.002461250,0.136065,0.0,0.000000
0.002461500,0.136287,0.0,0.000000
0.002461750,0.136508,0.0,0.000000
0.002462000,0.136730,0.0,0.000000
0.002462250,0.136951,0.0,0.000000
0.002462500,0.137173,0.0,0.000000
0.002462750,0.137394,0.0,0.000000
0.002463000,0.137616,0.0,0.000000
0.002463250,0.137837,0.0,0.000000
0.002463500,0.138058,0.0,0.000000
0.002463750,0.138280,0.0,0.000000
0.002464000,0.138501,0.0,0.000000
0.002464250,0.138722,0.0,0.000000
0.002464500,0.138943,0.0,0.000000
0.002464750,0.139164,0.0,0.000000
0.002465000,0.139385,0.0,0.000000
0.002465250,0.139606,0.0,0.000000
0.002465500,0.139827,0.0,0.000000
0.002465750,0.140048,0.0,0.000000
0.002466000,0.140269,0.0,0.000000
0.002466250,0.140489,0.0,0.000000
0.002466500,0.140710,0.0,0.000000
0.002466750,0.140931,0.0,0.000000
0.002467000,0.141151,0.0,0.000000
0.002467250,0.141372,0.0,0.000000
0.002467500,0.141593,0.0,0.000000
0.002467750,0.141813,0.0,0.000000
0.002468000,0.142034,0.0,0.000000
0.002468250,0.142254,0.0,0.000000
0.002468500,0.142474,0.0,0.000000
0.002468750,0.142695,0.0,0.000000
0.002469000,0.142915,0.0,0.000000
0.002469250,0.143135,0.0,0.000000
0.002469500,0.143355,0.0,0.000000
0.002469750,0.143575,0.0,0.000000
0.002470000,0.143796,0.0,0.000000
0.002470250,0.144016,0.0,0.000000
0.002470500,0.144236,0.0,0.000000
0.002470750,0.144456,0.0,0.000000
0.002471000,0.144675,0.0,0.000000
0.002471250,0.144895,0.0,0.000000
0.002471500,0.145115,0.0,0.000000
0.002471750,0.145335,0.0,0.000000
0.002472000,0.145555,0.0,0.000000
0.002472250,0.145774,0.0,0.000000
0.002472500,0.145994,0.0,0.000000
0.002472750,0.146213,0.0,0.000000
0.002473000,0.146433,0.0,0.000000
0.002473250,0.146652,0.0,0.000000
0.002473500,0.146872,0.0,0.000000
0.002473750,0.147091,0.0,0.000000
0.002474000,0.147311,0.0,0.000000
0.002474250,0.147530,0.0,0.000000
0.002474500,0.147749,0.0,0.000000
0.002474750,0.147968,0.0,0.000000
0.002475000,0.148188,0.0,0.000000
0.002475250,0.148407,0.0,0.000000
0.002475500,0.148626,0.0,0.000000
0.002475750,0.148845,0.0,0.000000
0.002476000,0.149064,0.0,0.000000
0.002476250,0.149283,0.0,0.000000
0.002476500,0.149502,0.0,0.000000
0.002476750,0.149721,0.0,0.000000
0.002477000,0.149939,0.0,0.000000
0.002477250,0.150158,0.0,0.000000
0.002477500,0.150377,0.0,0.000000
0.002477750,0.150596,0.0,0.000000
0.002478000,0.150814,0.0,0.000000
0.002478250,0.151033,0.0,0.000000
0.002478500,0.151251,0.0,0.000000
0.002478750,0.151470,0.0,0.000000
0.002479000,0.151688,0.0,0.000000
0.002479250,0.151907,0.0,0.000000
0.002479500,0.152125,0.0,0.000000
0.002479750,0.152343,0.0,0.000000
0.002480000,0.152562,0.0,0.000000
0.002480250,0.152780,0.0,0.000000
0.002480500,0.152998,0.0,0.000000
0.002480750,0.153216,0.0,0.000000
0.002481000,0.153434,0.0,0.000000
0.002481250,0.153652,0.0,0.000000
0.002481500,0.153870,0.0,0.000000
0.002481750,0.154088,0.0,0.000000
0.002482000,0.154306,0.0,0.000000
0.002482250,0.154524,0.0,0.000000
0.002482500,0.154742,0.0,0.000000
0.002482750,0.154959,0.0,0.000000
0.002483000,0.155177,0.0,0.000000
0.002483250,0.155395,0.0,0.000000
0.002483500,0.155612,0.0,0.000000
0.002483750,0.155830,0.0,0.000000
0.002484000,0.156048,0.0,0.000000
0.002484250,0.156265,0.0,0.000000
0.002484500,0.156482,0.0,0.000000
0.002484750,0.156700,0.0,0.000000
0.002485000,0.156917,0.0,0.000000
0.002485250,0.157135,0.0,0.000000
0.002485500,0.157352,0.0,0.000000
0.002485750,0.157569,0.0,0.000000
0.002486000,0.157786,0.0,0.000000
0.002486250,0.158003,0.0,0.000000
0.002486500,0.158220,0.0,0.000000
0.002486750,0.158437,0.0,0.000000
0.002487000,0.158654,0.0,0.000000
0.002487250,0.158871,0.0,0.000000
0.002487500,0.159088,0.0,0.000000
0.002487750,0.159305,0.0,0.000000
0.002488000,0.159522,0.0,0.000000
0.002488250,0.159739,0.0,0.000000
0.002488500,0.159955,0.0,0.000000
0.002488750,0.160172,0.0,0.000000
0.002489000,0.160389,0.0,0.000000
0.002489250,0.160605,0.0,0.000000
0.002489500,0.160822,0.0,0.000000
0.002489750,0.161038,0.0,0.000000
0.002490000,0.161255,0.0,0.000000
0.002490250,0.161471,0.0,0.000000
0.002490500,0.161688,0.0,0.000000
0.002490750,0.161904,0.0,0.000000
0.002491000,0.162120,0.0,0.000000
0.002491250,0.162336,0.0,0.000000
0.002491500,0.162553,0.0,0.000000
0.002491750,0.162769,0.0,0.000000
0.002492000,0.162985,0.0,0.000000
0.002492250,0.163201,0.0,0.000000
0.002492500,0.163417,0.0,0.000000
0.002492750,0.163633,0.0,0.000000
0.002493000,0.163849,0.0,0.000000
0.002493250,0.164065,0.0,0.000000
0.002493500,0.164280,0.0,0.000000
0.002493750,0.164496,0.0,0.000000
0.002494000,0.164712,0.0,0.000000
0.002494250,0.164928,0.0,0.000000
0.002494500,0.165143,0.0,0.000000
0.002494750,0.165359,0.0,0.000000
0.002495000,0.165574,0.0,0.000000
0.002495250,0.165790,0.0,0.000000
0.002495500,0.166005,0.0,0.000000
0.002495750,0.166221,0.0,0.000000
0.002496000,0.166436,0.0,0.000000
0.002496250,0.166651,0.0,0.000000
0.002496500,0.166867,0.0,0.000000
0.002496750,0.167082,0.0,0.000000
0.002497000,0.167297,0.0,0.000000
0.002497250,0.167512,0.0,0.000000
0.002497500,0.167727,0.0,0.000000
0.002497750,0.167942,0.0,0.000000
0.002498000,0.168157,0.0,0.000000
0.002498250,0.168372,0.0,0.000000
0.002498500,0.168587,0.0,0.000000
0.002498750,0.168802,0.0,0.000000
0.002499000,0.169017,0.0,0.000000
0.002499250,0.169232,0.0,0.000000
0.002499500,0.169446,0.0,0.000000
0.002499750,0.169661,0.0,0.000000
0.002500000,0.169876,0.0,0.000000
0.002500250,0.170090,0.0,0.000000
0.002500500,0.170305,0.0,0.000000
0.002500750,0.170519,0.0,0.000000
0.002501000,0.170734,0.0,0.000000
0.002501250,0.170948,0.0,0.000000
0.002501500,0.171163,0.0,0.000000
0.002501750,0.171377,0.0,0.000000
0.002502000,0.171591,0.0,0.000000
0.002502250,0.171806,0.0,0.000000
0.002502500,0.172020,0.0,0.000000
0.002502750,0.172234,0.0,0.000000
0.002503000,0.172448,0.0,0.000000
0.002503250,0.172662,0.0,0.000000
0.002503500,0.172876,0.0,0.000000
0.002503750,0.173090,0.0,0.000000
0.002504000,0.173304,0.0,0.000000
0.002504250,0.173518,0.0,0.000000
0.002504500,0.173732,0.0,0.000000
0.002504750,0.173946,0.0,0.000000
0.002505000,0.174159,0.0,0.000000
0.002505250,0.174373,0.0,0.000000
0.002505500,0.174587,0.0,0.000000
0.002505750,0.174800,0.0,0.000000
0.002506000,0.175014,0.0,0.000000
0.002506250,0.175228,0.0,0.000000
0.002506500,0.175441,0.0,0.000000
0.002506750,0.175654,0.0,0.000000
0.002507000,0.175868,0.0,0.000000
0.002507250,0.176081,0.0,0.000000
0.002507500,0.176295,0.0,0.000000
0.002507750,0.176508,0.0,0.000000
0.002508000,0.176721,0.0,0.000000
0.002508250,0.176934,0.0,0.000000
0.002508500,0.177147,0.0,0.000000
0.002508750,0.177360,0.0,0.000000
0.002509000,0.177573,0.0,0.000000
0.002509250,0.177786,0.0,0.000000
0.002509500,0.177999,0.0,0.000000
0.002509750,0.178212,0.0,0.000000
0.002510000,0.178425,0.0,0.000000
0.002510250,0.178638,0.0,0.000000
0.002510500,0.178851,0.0,0.000000
0.002510750,0.179064,0.0,0.000000
0.002511000,0.179276,0.0,0.000000
0.002511250,0.179489,0.0,0.000000
0.002511500,0.179702,0.0,0.000000
0.002511750,0.179914,0.0,0.000000
0.002512000,0.180127,0.0,0.000000
0.002512250,0.180339,0.0,0.000000
0.002512500,0.180552,0.0,0.000000
0.002512750,0.180764,0.0,0.000000
0.002513000,0.180976,0.0,0.000000
0.002513250,0.181189,0.0,0.000000
0.002513500,0.181401,0.0,0.000000
0.002513750,0.181613,0.0,0.000000
0.002514000,0.181825,0.0,0.000000
0.002514250,0.182037,0.0,0.000000
0.002514500,0.182249,0.0,0.000000
0.002514750,0.182461,0.0,0.000000
0.002515000,0.182673,0.0,0.000000
0.002515250,0.182885,0.0,0.000000
0.002515500,0.183097,0.0,0.000000
0.002515750,0.183309,0.0,0.000000
0.002516000,0.183521,0.0,0.000000
0.002516250,0.183733,0.0,0.000000
0.002516500,0.183944,0.0,0.000000
0.002516750,0.184156,0.0,0.000000
0.002517000,0.184368,0.0,0.000000
0.002517250,0.184579,0.0,0.000000
0.002517500,0.184791,0.0,0.000000
0.002517750,0.185002,0.0,0.000000
0.002518000,0.185214,0.0,0.000000
0.002518250,0.185425,0.0,0.000000
0.002518500,0.185637,0.0,0.000000
0.002518750,0.185848,0.0,0.000000
0.002519000,0.186059,0.0,0.000000
0.002519250,0.186270,0.0,0.000000
0.002519500,0.186482,0.0,0.000000
0.002519750,0.186693,0.0,0.000000
0.002520000,0.186904,0.0,0.000000
0.002520250,0.187115,0.0,0.000000
0.002520500,0.187326,0.0,0.000000
0.002520750,0.187537,0.0,0.000000
0.002521000,0.187748,0.0,0.000000
0.002521250,0.187959,0.0,0.000000
0.002521500,0.188170,0.0,0.000000
0.002521750,0.188380,0.0,0.000000
0.002522000,0.188591,0.0,0.000000
0.002522250,0.188802,0.0,0.000000
0.002522500,0.189013,0.0,0.000000
0.002522750,0.189223,0.0,0.000000
0.002523000,0.189434,0.0,0.000000
0.002523250,0.189644,0.0,0.000000
0.002523500,0.189855,0.0,0.000000
0.002523750,0.190065,0.0,0.000000
0.002524000,0.190276,0.0,0.000000
0.002524250,0.190486,0.0,0.000000
0.002524500,0.190696,0.0,0.000000
0.002524750,0.190907,0.0,0.000000
0.002525000,0.191117,0.0,0.000000
0.002525250,0.191327,0.0,0.000000
0.002525500,0.191537,0.0,0.000000
0.002525750,0.191747,0.0,0.000000
0.002526000,0.191957,0.0,0.000000
0.002526250,0.192167,0.0,0.000000
0.002526500,0.192377,0.0,0.000000
0.002526750,0.192587,0.0,0.000000
0.002527000,0.192797,0.0,0.000000
0.002527250,0.193007,0.0,0.000000
0.002527500,0.193217,0.0,0.000000
0.002527750,0.193426,0.0,0.000000
0.002528000,0.193636,0.0,0.000000
0.002528250,0.193846,0.0,0.000000
0.002528500,0.194055,0.0,0.000000
0.002528750,0.194265,0.0,0.000000
0.002529000,0.194474,0.0,0.000000
0.002529250,0.194684,0.0,0.000000
0.002529500,0.194893,0.0,0.000000
0.002529750,0.195103,0.0,0.000000
0.002530000,0.195312,0.0,0.000000
0.002530250,0.195521,0.0,0.000000
0.002530500,0.195731,0.0,0.000000
0.002530750,0.195940,0.0,0.000000
0.002531000,0.196149,0.0,0.000000
0.002531250,0.196358,0.0,0.000000
0.002531500,0.196567,0.0,0.000000
0.002531750,0.196776,0.0,0.000000
0.002532000,0.196985,0.0,0.000000
0.002532250,0.197194,0.0,0.000000
0.002532500,0.197403,0.0,0.000000
0.002532750,0.197612,0.0,0.000000
0.002533000,0.197821,0.0,0.000000
0.002533250,0.198030,0.0,0.000000
0.002533500,0.198239,0.0,0.000000
0.002533750,0.198447,0.0,0.000000
0.002534000,0.198656,0.0,0.000000
0.002534250,0.198864,0.0,0.000000
0.002534500,0.199073,0.0,0.000000
0.002534750,0.199282,0.0,0.000000
0.002535000,0.199490,0.0,0.000000
0.002535250,0.199699,0.0,0.000000
0.002535500,0.199907,0.0,0.000000
0.002535750,0.200115,0.0,0.000000
0.002536000,0.200324,0.0,0.000000
0.002536250,0.200532,0.0,0.000000
0.002536500,0.200740,0.0,0.000000
0.002536750,0.200948,0.0,0.000000
0.002537000,0.201156,0.0,0.000000
0.002537250,0.201364,0.0,0.000000
0.002537500,0.201573,0.0,0.000000
0.002537750,0.201781,0.0,0.000000
0.002538000,0.201988,0.0,0.000000
0.002538250,0.202196,0.0,0.000000
0.002538500,0.202404,0.0,0.000000
0.002538750,0.202612,0.0,0.000000
0.002539000,0.202820,0.0,0.000000
0.002539250,0.203028,0.0,0.000000
0.002539500,0.203235,0.0,0.000000
0.002539750,0.203443,0.0,0.000000
0.002540000,0.203651,0.0,0.000000
0.002540250,0.203858,0.0,0.000000
0.002540500,0.204066,0.0,0.000000
0.002540750,0.204273,0.0,0.000000
0.002541000,0.204481,0.0,0.000000
0.002541250,0.204688,0.0,0.000000
0.002541500,0.204895,0.0,0.000000
0.002541750,0.205103,0.0,0.000000
0.002542000,0.205310,0.0,0.000000
0.002542250,0.205517,0.0,0.000000
0.002542500,0.205724,0.0,0.000000
0.002542750,0.205932,0.0,0.000000
0.002543000,0.206139,0.0,0.000000
0.002543250,0.206346,0.0,0.000000
0.002543500,0.206553,0.0,0.000000
0.002543750,0.206760,0.0,0.000000
0.002544000,0.206967,0.0,0.000000
0.002544250,0.207173,0.0,0.000000
0.002544500,0.207380,0.0,0.000000
0.002544750,0.207587,0.0,0.000000
0.002545000,0.207794,0.0,0.000000
0.002545250,0.208001,0.0,0.000000
0.002545500,0.208207,0.0,0.000000
0.002545750,0.208414,0.0,0.000000
0.002546000,0.208620,0.0,0.000000
0.002546250,0.208827,0.0,0.000000
0.002546500,0.209033,0.0,0.000000
0.002546750,0.209240,0.0,0.000000
0.002547000,0.209446,0.0,0.000000
0.002547250,0.209653,0.0,0.000000
0.002547500,0.209859,0.0,0.000000
0.002547750,0.210065,0.0,0.000000
0.002548000,0.210272,0.0,0.000000
0.002548250,0.210478,0.0,0.000000
0.002548500,0.210684,0.0,0.000000
0.002548750,0.210890,0.0,0.000000
0.002549000,0.211096,0.0,0.000000
0.002549250,0.211302,0.0,0.000000
0.002549500,0.211508,0.0,0.000000
0.002549750,0.211714,0.0,0.000000
0.002550000,0.211920,0.0,0.000000
0.002550250,0.212126,0.0,0.000000
0.002550500,0.212332,0.0,0.000000
0.002550750,0.212537,0.0,0.000000
0.002551000,0.212743,0.0,0.000000
0.002551250,0.212949,0.0,0.000000
0.002551500,0.213154,0.0,0.000000
0.002551750,0.213360,0.0,0.000000
0.002552000,0.213565,0.0,0.000000
0.002552250,0.213771,0.0,0.000000
0.002552500,0.213976,0.0,0.000000
0.002552750,0.214182,0.0,0.000000
0.002553000,0.214387,0.0,0.000000
0.002553250,0.214593,0.0,0.000000
0.002553500,0.214798,0.0,0.000000
0.002553750,0.215003,0.0,0.000000
0.002554000,0.215208,0.0,0.000000
0.002554250,0.215413,0.0,0.000000
0.002554500,0.215619,0.0,0.000000
0.002554750,0.215824,0.0,0.000000
0.002555000,0.216029,0.0,0.000000
0.002555250,0.216234,0.0,0.000000
0.002555500,0.216439,0.0,0.000000
0.002555750,0.216644,0.0,0.000000
0.002556000,0.216848,0.0,0.000000
0.002556250,0.217053,0.0,0.000000
0.002556500,0.217258,0.0,0.000000
0.002556750,0.217463,0.0,0.000000
0.002557000,0.217667,0.0,0.000000
0.002557250,0.217872,0.0,0.000000
0.002557500,0.218077,0.0,0.000000
0.002557750,0.218281,0.0,0.000000
0.002558000,0.218486,0.0,0.000000
0.002558250,0.218690,0.0,0.000000
0.002558500,0.218895,0.0,0.000000
0.002558750,0.219099,0.0,0.000000
0.002559000,0.219304,0.0,0.000000
0.002559250,0.219508,0.0,0.000000
0.002559500,0.219712,0.0,0.000000
0.002559750,0.219916,0.0,0.000000
0.002560000,0.220121,0.0,0.000000
0.002560250,0.220325,0.0,0.000000
0.002560500,0.220529,0.0,0.000000
0.002560750,0.220733,0.0,0.000000
0.002561000,0.220937,0.0,0.000000
0.002561250,0.221141,0.0,0.000000
0.002561500,0.221345,0.0,0.000000
0.002561750,0.221549,0.0,0.000000
0.002562000,0.221752,0.0,0.000000
0.002562250,0.221956,0.0,0.000000
0.002562500,0.222160,0.0,0.000000
0.002562750,0.222364,0.0,0.000000
0.002563000,0.222567,0.0,0.000000
0.002563250,0.222771,0.0,0.000000
0.002563500,0.222975,0.0,0.000000
0.002563750,0.223178,0.0,0.000000
0.002564000,0.223382,0.0,0.000000
0.002564250,0.223585,0.0,0.000000
0.002564500,0.223789,0.0,0.000000
0.002564750,0.223992,0.0,0.000000
0.002565000,0.224195,0.0,0.000000
0.002565250,0.224399,0.0,0.000000
0.002565500,0.224602,0.0,0.000000
0.002565750,0.224805,0.0,0.000000
0.002566000,0.225008,0.0,0.000000
0.002566250,0.225211,0.0,0.000000
0.002566500,0.225414,0.0,0.000000
0.002566750,0.225617,0.0,0.000000
0.002567000,0.225820,0.0,0.000000
0.002567250,0.226023,0.0,0.000000
0.002567500,0.226226,0.0,0.000000
0.002567750,0.226429,0.0,0.000000
0.002568000,0.226632,0.0,0.000000
0.002568250,0.226835,0.0,0.000000
0.002568500,0.227038,0.0,0.000000
0.002568750,0.227240,0.0,0.000000
0.002569000,0.227443,0.0,0.000000
0.002569250,0.227646,0.0,0.000000
0.002569500,0.227848,0.0,0.000000
0.002569750,0.228051,0.0,0.000000
0.002570000,0.228253,0.0,0.000000
0.002570250,0.228456,0.0,0.000000
0.002570500,0.228658,0.0,0.000000
0.002570750,0.228860,0.0,0.000000
0.002571000,0.229063,0.0,0.000000
0.002571250,0.229265,0.0,0.000000
0.002571500,0.229467,0.0,0.000000
0.002571750,0.229669,0.0,0.000000
0.002572000,0.229872,0.0,0.000000
0.002572250,0.230074,0.0,0.000000
0.002572500,0.230276,0.0,0.000000
0.002572750,0.230478,0.0,0.000000
0.002573000,0.230680,0.0,0.000000
0.002573250,0.230882,0.0,0.000000
0.002573500,0.231084,0.0,0.000000
0.002573750,0.231285,0.0,0.000000
0.002574000,0.231487,0.0,0.000000
0.002574250,0.231689,0.0,0.000000
0.002574500,0.231891,0.0,0.000000
0.002574750,0.232092,0.0,0.000000
0.002575000,0.232294,0.0,0.000000
0.002575250,0.232496,0.0,0.000000
0.002575500,0.232697,0.0,0.000000
0.002575750,0.232899,0.0,0.000000
0.002576000,0.233100,0.0,0.000000
0.002576250,0.233302,0.0,0.000000
0.002576500,0.233503,0.0,0.000000
0.002576750,0.233704,0.0,0.000000
0.002577000,0.233906,0.0,0.000000
0.002577250,0.234107,0.0,0.000000
0.002577500,0.234308,0.0,0.000000
0.002577750,0.234509,0.0,0.000000
0.002578000,0.234711,0.0,0.000000
0.002578250,0.234912,0.0,0.000000
0.002578500,0.235113,0.0,0.000000
0.002578750,0.235314,0.0,0.000000
0.002579000,0.235515,0.0,0.000000
0.002579250,0.235716,0.0,0.000000
0.002579500,0.235917,0.0,0.000000
0.002579750,0.236117,0.0,0.000000
0.002580000,0.236318,0.0,0.000000
0.002580250,0.236519,0.0,0.000000
0.002580500,0.236720,0.0,0.000000
0.002580750,0.236920,0.0,0.000000
0.002581000,0.237121,0.0,0.000000
0.002581250,0.237322,0.0,0.000000
0.002581500,0.237522,0.0,0.000000
0.002581750,0.237723,0.0,0.000000
0.002582000,0.237923,0.0,0.000000
0.002582250,0.238124,0.0,0.000000
0.002582500,0.238324,0.0,0.000000
0.002582750,0.238524,0.0,0.000000
0.002583000,0.238725,0.0,0.000000
0.002583250,0.238925,0.0,0.000000
0.002583500,0.239125,0.0,0.000000
0.002583750,0.239325,0.0,0.000000
0.002584000,0.239525,0.0,0.000000
0.002584250,0.239726,0.0,0.000000
0.002584500,0.239926,0.0,0.000000
0.002584750,0.240126,0.0,0.000000
0.002585000,0.240326,0.0,0.000000
0.002585250,0.240526,0.0,0.000000
0.002585500,0.240725,0.0,0.000000
0.002585750,0.240925,0.0,0.000000
0.002586000,0.241125,0.0,0.000000
0.002586250,0.241325,0.0,0.000000
0.002586500,0.241525,0.0,0.000000
0.002586750,0.241724,0.0,0.000000
0.002587000,0.241924,0.0,0.000000
0.002587250,0.242123,0.0,0.000000
0.002587500,0.242323,0.0,0.000000
0.002587750,0.242523,0.0,0.000000
0.002588000,0.242722,0.0,0.000000
0.002588250,0.242921,0.0,0.000000
0.002588500,0.243121,0.0,0.000000
0.002588750,0.243320,0.0,0.000000
0.002589000,0.243520,0.0,0.000000
0.002589250,0.243719,0.0,0.000000
0.002589500,0.243918,0.0,0.000000
0.002589750,0.244117,0.0,0.000000
0.002590000,0.244316,0.0,0.000000
0.002590250,0.244515,0.0,0.000000
0.002590500,0.244715,0.0,0.000000
0.002590750,0.244914,0.0,0.000000
0.002591000,0.245113,0.0,0.000000
0.002591250,0.245311,0.0,0.000000
0.002591500,0.245510,0.0,0.000000
0.002591750,0.245709,0.0,0.000000
0.002592000,0.245908,0.0,0.000000
0.002592250,0.246107,0.0,0.000000
0.002592500,0.246305,0.0,0.000000
0.002592750,0.246504,0.0,0.000000
0.002593000,0.246703,0.0,0.000000
0.002593250,0.246901,0.0,0.000000
0.002593500,0.247100,0.0,0.000000
0.002593750,0.247299,0.0,0.000000
0.002594000,0.247497,0.0,0.000000
0.002594250,0.247695,0.0,0.000000
0.002594500,0.247894,0.0,0.000000
0.002594750,0.248092,0.0,0.000000
0.002595000,0.248291,0.0,0.000000
0.002595250,0.248489,0.0,0.000000
0.002595500,0.248687,0.0,0.000000
0.002595750,0.248885,0.0,0.000000
0.002596000,0.249083,0.0,0.000000
0.002596250,0.249281,0.0,0.000000
0.002596500,0.249480,0.0,0.000000
0.002596750,0.249678,0.0,0.000000
0.002597000,0.249876,0.0,0.000000
0.002597250,0.250073,0.0,0.000000
0.002597500,0.250271,0.0,0.000000
0.002597750,0.250469,0.0,0.000000
0.002598000,0.250667,0.0,0.000000
0.002598250,0.250865,0.0,0.000000
0.002598500,0.251063,0.0,0.000000
0.002598750,0.251260,0.0,0.000000
0.002599000,0.251458,0.0,0.000000
0.002599250,0.251656,0.0,0.000000
0.002599500,0.251853,0.0,0.000000
0.002599750,0.252051,0.0,0.000000
0.002600000,0.252248,0.0,0.000000
0.002600250,0.252446,0.0,0.000000
0.002600500,0.252643,0.0,0.000000
0.002600750,0.252841,0.0,0.000000
0.002601000,0.253038,0.0,0.000000
0.002601250,0.253235,0.0,0.000000
0.002601500,0.253432,0.0,0.000000
0.002601750,0.253630,0.0,0.000000
0.002602000,0.253827,0.0,0.000000
0.002602250,0.254024,0.0,0.000000
0.002602500,0.254221,0.0,0.000000
0.002602750,0.254418,0.0,0.000000
0.002603000,0.254615,0.0,0.000000
0.002603250,0.254812,0.0,0.000000
0.002603500,0.255009,0.0,0.000000
0.002603750,0.255206,0.0,0.000000
0.002604000,0.255403,0.0,0.000000
0.002604250,0.255600,0.0,0.000000
0.002604500,0.255796,0.0,0.000000
0.002604750,0.255993,0.0,0.000000
0.002605000,0.256190,0.0,0.000000
0.002605250,0.256386,0.0,0.000000
0.002605500,0.256583,0.0,0.000000
0.002605750,0.256780,0.0,0.000000
0.002606000,0.256976,0.0,0.000000
0.002606250,0.257173,0.0,0.000000
0.002606500,0.257369,0.0,0.000000
0.002606750,0.257565,0.0,0.000000
0.002607000,0.257762,0.0,0.000000
0.002607250,0.257958,0.0,0.000000
0.002607500,0.258154,0.0,0.000000
0.002607750,0.258351,0.0,0.000000
0.002608000,0.258547,0.0,0.000000
0.002608250,0.258743,0.0,0.000000
0.002608500,0.258939,0.0,0.000000
0.002608750,0.259135,0.0,0.000000
0.002609000,0.259331,0.0,0.000000
0.002609250,0.259527,0.0,0.000000
0.002609500,0.259723,0.0,0.000000
0.002609750,0.259919,0.0,0.000000
0.002610000,0.260115,0.0,0.000000
0.002610250,0.260311,0.0,0.000000
0.002610500,0.260506,0.0,0.000000
0.002610750,0.260702,0.0,0.000000
0.002611000,0.260898,0.0,0.000000
0.002611250,0.261094,0.0,0.000000
0.002611500,0.261289,0.0,0.000000
0.002611750,0.261485,0.0,0.000000
0.002612000,0.261680,0.0,0.000000
0.002612250,0.261876,0.0,0.000000
0.002612500,0.262071,0.0,0.000000
0.002612750,0.262267,0.0,0.000000
0.002613000,0.262462,0.0,0.000000
0.002613250,0.262657,0.0,0.000000
0.002613500,0.262853,0.0,0.000000
0.002613750,0.263048,0.0,0.000000
0.002614000,0.263243,0.0,0.000000
0.002614250,0.263438,0.0,0.000000
0.002614500,0.263633,0.0,0.000000
0.002614750,0.263829,0.0,0.000000
0.002615000,0.264024,0.0,0.000000
0.002615250,0.264219,0.0,0.000000
0.002615500,0.264414,0.0,0.000000
0.002615750,0.264609,0.0,0.000000
0.002616000,0.264803,0.0,0.000000
0.002616250,0.264998,0.0,0.000000
0.002616500,0.265193,0.0,0.000000
0.002616750,0.265388,0.0,0.000000
0.002617000,0.265583,0.0,0.000000
0.002617250,0.265777,0.0,0.000000
0.002617500,0.265972,0.0,0.000000
0.002617750,0.266167,0.0,0.000000
0.002618000,0.266361,0.0,0.000000
0.002618250,0.266556,0.0,0.000000
0.002618500,0.266750,0.0,0.000000
0.002618750,0.266944,0.0,0.000000
0.002619000,0.267139,0.0,0.000000
0.002619250,0.267333,0.0,0.000000
0.002619500,0.267528,0.0,0.000000
0.002619750,0.267722,0.0,0.000000
0.002620000,0.267916,0.0,0.000000
0.002620250,0.268110,0.0,0.000000
0.002620500,0.268304,0.0,0.000000
0.002620750,0.268499,0.0,0.000000
0.002621000,0.268693,0.0,0.000000
0.002621250,0.268887,0.0,0.000000
0.002621500,0.269081,0.0,0.000000
0.002621750,0.269275,0.0,0.000000
0.002622000,0.269469,0.0,0.000000
0.002622250,0.269662,0.0,0.000000
0.002622500,0.269856,0.0,0.000000
0.002622750,0.270050,0.0,0.000000
0.002623000,0.270244,0.0,0.000000
0.002623250,0.270438,0.0,0.000000
0.002623500,0.270631,0.0,0.000000
0.002623750,0.270825,0.0,0.000000
0.002624000,0.271018,0.0,0.000000
0.002624250,0.271212,0.0,0.000000
0.002624500,0.271406,0.0,0.000000
0.002624750,0.271599,0.0,0.000000
0.002625000,0.271792,0.0,0.000000
0.002625250,0.271986,0.0,0.000000
0.002625500,0.272179,0.0,0.000000
0.002625750,0.272372,0.0,0.000000
0.002626000,0.272566,0.0,0.000000
0.002626250,0.272759,0.0,0.000000
0.002626500,0.272952,0.0,0.000000
0.002626750,0.273145,0.0,0.000000
0.002627000,0.273338,0.0,0.000000
0.002627250,0.273531,0.0,0.000000
0.002627500,0.273725,0.0,0.000000
0.002627750,0.273918,0.0,0.000000
0.002628000,0.274110,0.0,0.000000
0.002628250,0.274303,0.0,0.000000
0.002628500,0.274496,0.0,0.000000
0.002628750,0.274689,0.0,0.000000
0.002629000,0.274882,0.0,0.000000
0.002629250,0.275075,0.0,0.000000
0.002629500,0.275267,0.0,0.000000
0.002629750,0.275460,0.0,0.000000
0.002630000,0.275653,0.0,0.000000
0.002630250,0.275845,0.0,0.000000
0.002630500,0.276038,0.0,0.000000
0.002630750,0.276230,0.0,0.000000
0.002631000,0.276423,0.0,0.000000
0.002631250,0.276615,0.0,0.000000
0.002631500,0.276808,0.0,0.000000
0.002631750,0.277000,0.0,0.000000
0.002632000,0.277192,0.0,0.000000
0.002632250,0.277384,0.0,0.000000
0.002632500,0.277577,0.0,0.000000
0.002632750,0.277769,0.0,0.000000
0.002633000,0.277961,0.0,0.000000
0.002633250,0.278153,0.0,0.000000
0.002633500,0.278345,0.0,0.000000
0.002633750,0.278537,0.0,0.000000
0.002634000,0.278729,0.0,0.000000
0.002634250,0.278921,0.0,0.000000
0.002634500,0.279113,0.0,0.000000
0.002634750,0.279305,0.0,0.000000
0.002635000,0.279497,0.0,0.000000
0.002635250,0.279689,0.0,0.000000
0.002635500,0.279880,0.0,0.000000
0.002635750,0.280072,0.0,0.000000
0.002636000,0.280264,0.0,0.000000
0.002636250,0.280455,0.0,0.000000
0.002636500,0.280647,0.0,0.000000
0.002636750,0.280838,0.0,0.000000
0.002637000,0.281030,0.0,0.000000
0.002637250,0.281221,0.0,0.000000
0.002637500,0.281413,0.0,0.000000
0.002637750,0.281604,0.0,0.000000
0.002638000,0.281796,0.0,0.000000
0.002638250,0.281987,0.0,0.000000
0.002638500,0.282178,0.0,0.000000
0.002638750,0.282369,0.0,0.000000
0.002639000,0.282561,0.0,0.000000
0.002639250,0.282752,0.0,0.000000
0.002639500,0.282943,0.0,0.000000
0.002639750,0.283134,0.0,0.000000
0.002640000,0.283325,0.0,0.000000
0.002640250,0.283516,0.0,0.000000
0.002640500,0.283707,0.0,0.000000
0.002640750,0.283898,0.0,0.000000
0.002641000,0.284089,0.0,0.000000
0.002641250,0.284280,0.0,0.000000
0.002641500,0.284470,0.0,0.000000
0.002641750,0.284661,0.0,0.000000
0.002642000,0.284852,0.0,0.000000
0.002642250,0.285042,0.0,0.000000
0.002642500,0.285233,0.0,0.000000
0.002642750,0.285424,0.0,0.000000
0.002643000,0.285614,0.0,0.000000
0.002643250,0.285805,0.0,0.000000
0.002643500,0.285995,0.0,0.000000
0.002643750,0.286186,0.0,0.000000
0.002644000,0.286376,0.0,0.000000
0.002644250,0.286566,0.0,0.000000
0.002644500,0.286757,0.0,0.000000
0.002644750,0.286947,0.0,0.000000
0.002645000,0.287137,0.0,0.000000
0.002645250,0.287327,0.0,0.000000
0.002645500,0.287518,0.0,0.000000
0.002645750,0.287708,0.0,0.000000
0.002646000,0.287898,0.0,0.000000
0.002646250,0.288088,0.0,0.000000
0.002646500,0.288278,0.0,0.000000
0.002646750,0.288468,0.0,0.000000
0.002647000,0.288658,0.0,0.000000
0.002647250,0.288848,0.0,0.000000
0.002647500,0.289037,0.0,0.000000
0.002647750,0.289227,0.0,0.000000
0.002648000,0.289417,0.0,0.000000
0.002648250,0.289607,0.0,0.000000
0.002648500,0.289796,0.0,0.000000
0.002648750,0.289986,0.0,0.000000
0.002649000,0.290176,0.0,0.000000
0.002649250,0.290365,0.0,0.000000
0.002649500,0.290555,0.0,0.000000
0.002649750,0.290744,0.0,0.000000
0.002650000,0.290934,0.0,0.000000
0.002650250,0.291123,0.0,0.000000
0.002650500,0.291312,0.0,0.000000
0.002650750,0.291502,0.0,0.000000
0.002651000,0.291691,0.0,0.000000
0.002651250,0.291880,0.0,0.000000
0.002651500,0.292070,0.0,0.000000
0.002651750,0.292259,0.0,0.000000
0.002652000,0.292448,0.0,0.000000
0.002652250,0.292637,0.0,0.000000
0.002652500,0.292826,0.0,0.000000
0.002652750,0.293015,0.0,0.000000
0.002653000,0.293204,0.0,0.000000
0.002653250,0.293393,0.0,0.000000
0.002653500,0.293582,0.0,0.000000
0.002653750,0.293771,0.0,0.000000
0.002654000,0.293959,0.0,0.000000
0.002654250,0.294148,0.0,0.000000
0.002654500,0.294337,0.0,0.000000
0.002654750,0.294526,0.0,0.000000
0.002655000,0.294714,0.0,0.000000
0.002655250,0.294903,0.0,0.000000
0.002655500,0.295092,0.0,0.000000
0.002655750,0.295280,0.0,0.000000
0.002656000,0.295469,0.0,0.000000
0.002656250,0.295657,0.0,0.000000
0.002656500,0.295845,0.0,0.000000
0.002656750,0.296034,0.0,0.000000
0.002657000,0.296222,0.0,0.000000
0.002657250,0.296410,0.0,0.000000
0.002657500,0.296599,0.0,0.000000
0.002657750,0.296787,0.0,0.000000
0.002658000,0.296975,0.0,0.000000
0.002658250,0.297163,0.0,0.000000
0.002658500,0.297351,0.0,0.000000
0.002658750,0.297539,0.0,0.000000
0.002659000,0.297727,0.0,0.000000
0.002659250,0.297915,0.0,0.000000
0.002659500,0.298103,0.0,0.000000
0.002659750,0.298291,0.0,0.000000
0.002660000,0.298479,0.0,0.000000
0.002660250,0.298667,0.0,0.000000
0.002660500,0.298855,0.0,0.000000
0.002660750,0.299043,0.0,0.000000
0.002661000,0.299230,0.0,0.000000
0.002661250,0.299418,0.0,0.000000
0.002661500,0.299606,0.0,0.000000
0.002661750,0.299793,0.0,0.000000
0.002662000,0.299981,0.0,0.000000
0.002662250,0.300168,0.0,0.000000
0.002662500,0.300356,0.0,0.000000
0.002662750,0.300543,0.0,0.000000
0.002663000,0.300731,0.0,0.000000
0.002663250,0.300918,0.0,0.000000
0.002663500,0.301105,0.0,0.000000
0.002663750,0.301293,0.0,0.000000
0.002664000,0.301480,0.0,0.000000
0.002664250,0.301667,0.0,0.000000
0.002664500,0.301854,0.0,0.000000
0.002664750,0.302041,0.0,0.000000
0.002665000,0.302228,0.0,0.000000
0.002665250,0.302415,0.0,0.000000
0.002665500,0.302602,0.0,0.000000
0.002665750,0.302789,0.0,0.000000
0.002666000,0.302976,0.0,0.000000
0.002666250,0.303163,0.0,0.000000
0.002666500,0.303350,0.0,0.000000
0.002666750,0.303537,0.0,0.000000
0.002667000,0.303724,0.0,0.000000
0.002667250,0.303911,0.0,0.000000
0.002667500,0.304097,0.0,0.000000
0.002667750,0.304284,0.0,0.000000
0.002668000,0.304471,0.0,0.000000
0.002668250,0.304657,0.0,0.000000
0.002668500,0.304844,0.0,0.000000
0.002668750,0.305030,0.0,0.000000
0.002669000,0.305217,0.0,0.000000
0.002669250,0.305403,0.0,0.000000
0.002669500,0.305589,0.0,0.000000
0.002669750,0.305776,0.0,0.000000
0.002670000,0.305962,0.0,0.000000
0.002670250,0.306148,0.0,0.000000
0.002670500,0.306335,0.0,0.000000
0.002670750,0.306521,0.0,0.000000
0.002671000,0.306707,0.0,0.000000
0.002671250,0.306893,0.0,0.000000
0.002671500,0.307079,0.0,0.000000
0.002671750,0.307265,0.0,0.000000
0.002672000,0.307451,0.0,0.000000
0.002672250,0.307637,0.0,0.000000
0.002672500,0.307823,0.0,0.000000
0.002672750,0.308009,0.0,0.000000
0.002673000,0.308195,0.0,0.000000
0.002673250,0.308381,0.0,0.000000
0.002673500,0.308566,0.0,0.000000
0.002673750,0.308752,0.0,0.000000
0.002674000,0.308938,0.0,0.000000
0.002674250,0.309124,0.0,0.000000
0.002674500,0.309309,0.0,0.000000
0.002674750,0.309495,0.0,0.000000
0.002675000,0.309680,0.0,0.000000
0.002675250,0.309866,0.0,0.000000
0.002675500,0.310051,0.0,0.000000
0.002675750,0.310237,0.0,0.000000
0.002676000,0.310422,0.0,0.000000
0.002676250,0.310607,0.0,0.000000
0.002676500,0.310793,0.0,0.000000
0.002676750,0.310978,0.0,0.000000
0.002677000,0.311163,0.0,0.000000
0.002677250,0.311348,0.0,0.000000
0.002677500,0.311534,0.0,0.000000
0.002677750,0.311719,0.0,0.000000
0.002678000,0.311904,0.0,0.000000
0.002678250,0.312089,0.0,0.000000
0.002678500,0.312274,0.0,0.000000
0.002678750,0.312459,0.0,0.000000
0.002679000,0.312644,0.0,0.000000
0.002679250,0.312828,0.0,0.000000
0.002679500,0.313013,0.0,0.000000
0.002679750,0.313198,0.0,0.000000
0.002680000,0.313383,0.0,0.000000
0.002680250,0.313568,0.0,0.000000
0.002680500,0.313752,0.0,0.000000
0.002680750,0.313937,0.0,0.000000
0.002681000,0.314122,0.0,0.000000
0.002681250,0.314306,0.0,0.000000
0.002681500,0.314491,0.0,0.000000
0.002681750,0.314675,0.0,0.000000
0.002682000,0.314860,0.0,0.000000
0.002682250,0.315044,0.0,0.000000
0.002682500,0.315228,0.0,0.000000
0.002682750,0.315413,0.0,0.000000
0.002683000,0.315597,0.0,0.000000
0.002683250,0.315781,0.0,0.000000
0.002683500,0.315966,0.0,0.000000
0.002683750,0.316150,0.0,0.000000
0.002684000,0.316334,0.0,0.000000
0.002684250,0.316518,0.0,0.000000
0.002684500,0.316702,0.0,0.000000
0.002684750,0.316886,0.0,0.000000
0.002685000,0.317070,0.0,0.000000
0.002685250,0.317254,0.0,0.000000
0.002685500,0.317438,0.0,0.000000
0.002685750,0.317622,0.0,0.000000
0.002686000,0.317806,0.0,0.000000
0.002686250,0.317990,0.0,0.000000
0.002686500,0.318173,0.0,0.000000
0.002686750,0.318357,0.0,0.000000
0.002687000,0.318541,0.0,0.000000
0.002687250,0.318724,0.0,0.000000
0.002687500,0.318908,0.0,0.000000
0.002687750,0.319092,0.0,0.000000
0.002688000,0.319275,0.0,0.000000
0.002688250,0.319459,0.0,0.000000
0.002688500,0.319642,0.0,0.000000
0.002688750,0.319826,0.0,0.000000
0.002689000,0.320009,0.0,0.000000
0.002689250,0.320192,0.0,0.000000
0.002689500,0.320376,0.0,0.000000
0.002689750,0.320559,0.0,0.000000
0.002690000,0.320742,0.0,0.000000
0.002690250,0.320925,0.0,0.000000
0.002690500,0.321108,0.0,0.000000
0.002690750,0.321292,0.0,0.000000
0.002691000,0.321475,0.0,0.000000
0.002691250,0.321658,0.0,0.000000
0.002691500,0.321841,0.0,0.000000
0.002691750,0.322024,0.0,0.000000
0.002692000,0.322207,0.0,0.000000
0.002692250,0.322389,0.0,0.000000
0.002692500,0.322572,0.0,0.000000
0.002692750,0.322755,0.0,0.000000
0.002693000,0.322938,0.0,0.000000
0.002693250,0.323121,0.0,0.000000
0.002693500,0.323303,0.0,0.000000
0.002693750,0.323486,0.0,0.000000
0.002694000,0.323669,0.0,0.000000
0.002694250,0.323851,0.0,0.000000
0.002694500,0.324034,0.0,0.000000
0.002694750,0.324216,0.0,0.000000
0.002695000,0.324399,0.0,0.000000
0.002695250,0.324581,0.0,0.000000
0.002695500,0.324764,0.0,0.000000
0.002695750,0.324946,0.0,0.000000
0.002696000,0.325128,0.0,0.000000
0.002696250,0.325311,0.0,0.000000
0.002696500,0.325493,0.0,0.000000
0.002696750,0.325675,0.0,0.000000
0.002697000,0.325857,0.0,0.000000
0.002697250,0.326039,0.0,0.000000
0.002697500,0.326221,0.0,0.000000
0.002697750,0.326403,0.0,0.000000
0.002698000,0.326585,0.0,0.000000
0.002698250,0.326767,0.0,0.000000
0.002698500,0.326949,0.0,0.000000
0.002698750,0.327131,0.0,0.000000
0.002699000,0.327313,0.0,0.000000
0.002699250,0.327495,0.0,0.000000
0.002699500,0.327677,0.0,0.000000
0.002699750,0.327859,0.0,0.000000
0.002700000,0.328040,0.0,0.000000
0.002700250,0.328222,0.0,0.000000
0.002700500,0.328404,0.0,0.000000
0.002700750,0.328585,0.0,0.000000
0.002701000,0.328767,0.0,0.000000
0.002701250,0.328948,0.0,0.000000
0.002701500,0.329130,0.0,0.000000
0.002701750,0.329311,0.0,0.000000
0.002702000,0.329493,0.0,0.000000
0.002702250,0.329674,0.0,0.000000
0.002702500,0.329855,0.0,0.000000
0.002702750,0.330037,0.0,0.000000
0.002703000,0.330218,0.0,0.000000
0.002703250,0.330399,0.0,0.000000
0.002703500,0.330580,0.0,0.000000
0.002703750,0.330761,0.0,0.000000
0.002704000,0.330942,0.0,0.000000
0.002704250,0.331124,0.0,0.000000
0.002704500,0.331305,0.0,0.000000
0.002704750,0.331486,0.0,0.000000
0.002705000,0.331667,0.0,0.000000
0.002705250,0.331847,0.0,0.000000
0.002705500,0.332028,0.0,0.000000
0.002705750,0.332209,0.0,0.000000
0.002706000,0.332390,0.0,0.000000
0.002706250,0.332571,0.0,0.000000
0.002706500,0.332751,0.0,0.000000
0.002706750,0.332932,0.0,0.000000
0.002707000,0.333113,0.0,0.000000
0.002707250,0.333293,0.0,0.000000
0.002707500,0.333474,0.0,0.000000
0.002707750,0.333655,0.0,0.000000
0.002708000,0.333835,0.0,0.000000
0.002708250,0.334016,0.0,0.000000
0.002708500,0.334196,0.0,0.000000
0.002708750,0.334376,0.0,0.000000
0.002709000,0.334557,0.0,0.000000
0.002709250,0.334737,0.0,0.000000
0.002709500,0.334917,0.0,0.000000
0.002709750,0.335098,0.0,0.000000
0.002710000,0.335278,0.0,0.000000
0.002710250,0.335458,0.0,0.000000
0.002710500,0.335638,0.0,0.000000
0.002710750,0.335818,0.0,0.000000
0.002711000,0.335998,0.0,0.000000
0.002711250,0.336178,0.0,0.000000
0.002711500,0.336358,0.0,0.000000
0.002711750,0.336538,0.0,0.000000
0.002712000,0.336718,0.0,0.000000
0.002712250,0.336898,0.0,0.000000
0.002712500,0.337078,0.0,0.000000
0.002712750,0.337258,0.0,0.000000
0.002713000,0.337437,0.0,0.000000
0.002713250,0.337617,0.0,0.000000
0.002713500,0.337797,0.0,0.000000
0.002713750,0.337976,0.0,0.000000
0.002714000,0.338156,0.0,0.000000
0.002714250,0.338336,0.0,0.000000
0.002714500,0.338515,0.0,0.000000
0.002714750,0.338695,0.0,0.000000
0.002715000,0.338874,0.0,0.000000
0.002715250,0.339053,0.0,0.000000
0.002715500,0.339233,0.0,0.000000
0.002715750,0.339412,0.0,0.000000
0.002716000,0.339591,0.0,0.000000
0.002716250,0.339771,0.0,0.000000
0.002716500,0.339950,0.0,0.000000
0.002716750,0.340129,0.0,0.000000
0.002717000,0.340308,0.0,0.000000
0.002717250,0.340487,0.0,0.000000
0.002717500,0.340667,0.0,0.000000
0.002717750,0.340846,0.0,0.000000
0.002718000,0.341025,0.0,0.000000
0.002718250,0.341204,0.0,0.000000
0.002718500,0.341382,0.0,0.000000
0.002718750,0.341561,0.0,0.000000
0.002719000,0.341740,0.0,0.000000
0.002719250,0.341919,0.0,0.000000
0.002719500,0.342098,0.0,0.000000
0.002719750,0.342277,0.0,0.000000
0.002720000,0.342455,0.0,0.000000
0.002720250,0.342634,0.0,0.000000
0.002720500,0.342813,0.0,0.000000
0.002720750,0.342991,0.0,0.000000
0.002721000,0.343170,0.0,0.000000
0.002721250,0.343348,0.0,0.000000
0.002721500,0.343527,0.0,0.000000
0.002721750,0.343705,0.0,0.000000
0.002722000,0.343884,0.0,0.000000
0.002722250,0.344062,0.0,0.000000
0.002722500,0.344240,0.0,0.000000
0.002722750,0.344419,0.0,0.000000
0.002723000,0.344597,0.0,0.000000
0.002723250,0.344775,0.0,0.000000
0.002723500,0.344953,0.0,0.000000
0.002723750,0.345131,0.0,0.000000
0.002724000,0.345310,0.0,0.000000
0.002724250,0.345488,0.0,0.000000
0.002724500,0.345666,0.0,0.000000
0.002724750,0.345844,0.0,0.000000
0.002725000,0.346022,0.0,0.000000
0.002725250,0.346200,0.0,0.000000
0.002725500,0.346377,0.0,0.000000
0.002725750,0.346555,0.0,0.000000
0.002726000,0.346733,0.0,0.000000
0.002726250,0.346911,0.0,0.000000
0.002726500,0.347089,0.0,0.000000
0.002726750,0.347266,0.0,0.000000
0.002727000,0.347444,0.0,0.000000
0.002727250,0.347622,0.0,0.000000
0.002727500,0.347799,0.0,0.000000
0.002727750,0.347977,0.0,0.000000
0.002728000,0.348154,0.0,0.000000
0.002728250,0.348332,0.0,0.000000
0.002728500,0.348509,0.0,0.000000
0.002728750,0.348687,0.0,0.000000
0.002729000,0.348864,0.0,0.000000
0.002729250,0.349041,0.0,0.000000
0.002729500,0.349219,0.0,0.000000
0.002729750,0.349396,0.0,0.000000
0.002730000,0.349573,0.0,0.000000
0.002730250,0.349750,0.0,0.000000
0.002730500,0.349928,0.0,0.000000
0.002730750,0.350105,0.0,0.000000
0.002731000,0.350282,0.0,0.000000
0.002731250,0.350459,0.0,0.000000
0.002731500,0.350636,0.0,0.000000
0.002731750,0.350813,0.0,0.000000
0.002732000,0.350990,0.0,0.000000
0.002732250,0.351167,0.0,0.000000
0.002732500,0.351343,0.0,0.000000
0.002732750,0.351520,0.0,0.000000
0.002733000,0.351697,0.0,0.000000
0.002733250,0.351874,0.0,0.000000
0.002733500,0.352050,0.0,0.000000
0.002733750,0.352227,0.0,0.000000
0.002734000,0.352404,0.0,0.000000
0.002734250,0.352580,0.0,0.000000
0.002734500,0.352757,0.0,0.000000
0.002734750,0.352933,0.0,0.000000
0.002735000,0.353110,0.0,0.000000
0.002735250,0.353286,0.0,0.000000
0.002735500,0.353463,0.0,0.000000
0.002735750,0.353639,0.0,0.000000
0.002736000,0.353816,0.0,0.000000
0.002736250,0.353992,0.0,0.000000
0.002736500,0.354168,0.0,0.000000
0.002736750,0.354344,0.0,0.000000
0.002737000,0.354521,0.0,0.000000
0.002737250,0.354697,0.0,0.000000
0.002737500,0.354873,0.0,0.000000
0.002737750,0.355049,0.0,0.000000
0.002738000,0.355225,0.0,0.000000
0.002738250,0.355401,0.0,0.000000
0.002738500,0.355577,0.0,0.000000
0.002738750,0.355753,0.0,0.000000
0.002739000,0.355929,0.0,0.000000
0.002739250,0.356105,0.0,0.000000
0.002739500,0.356281,0.0,0.000000
0.002739750,0.356456,0.0,0.000000
0.002740000,0.356632,0.0,0.000000
0.002740250,0.356808,0.0,0.000000
0.002740500,0.356983,0.0,0.000000
0.002740750,0.357159,0.0,0.000000
0.002741000,0.357335,0.0,0.000000
0.002741250,0.357510,0.0,0.000000
0.002741500,0.357686,0.0,0.000000
0.002741750,0.357861,0.0,0.000000
0.002742000,0.358037,0.0,0.000000
0.002742250,0.358212,0.0,0.000000
0.002742500,0.358388,0.0,0.000000
0.002742750,0.358563,0.0,0.000000
0.002743000,0.358738,0.0,0.000000
0.002743250,0.358914,0.0,0.000000
0.002743500,0.359089,0.0,0.000000
0.002743750,0.359264,0.0,0.000000
0.002744000,0.359439,0.0,0.000000
0.002744250,0.359614,0.0,0.000000
0.002744500,0.359789,0.0,0.000000
0.002744750,0.359964,0.0,0.000000
0.002745000,0.360139,0.0,0.000000
0.002745250,0.360314,0.0,0.000000
0.002745500,0.360489,0.0,0.000000
0.002745750,0.360664,0.0,0.000000
0.002746000,0.360839,0.0,0.000000
0.002746250,0.361014,0.0,0.000000
0.002746500,0.361189,0.0,0.000000
0.002746750,0.361364,0.0,0.000000
0.002747000,0.361538,0.0,0.000000
0.002747250,0.361713,0.0,0.000000
0.002747500,0.361888,0.0,0.000000
0.002747750,0.362062,0.0,0.000000
0.002748000,0.362237,0.0,0.000000
0.002748250,0.362411,0.0,0.000000
0.002748500,0.362586,0.0,0.000000
0.002748750,0.362761,0.0,0.000000
0.002749000,0.362935,0.0,0.000000
0.002749250,0.363109,0.0,0.000000
0.002749500,0.363284,0.0,0.000000
0.002749750,0.363458,0.0,0.000000
0.002750000,0.363632,0.0,0.000000
0.002750250,0.363807,0.0,0.000000
0.002750500,0.363981,0.0,0.000000
0.002750750,0.364155,0.0,0.000000
0.002751000,0.364329,0.0,0.000000
0.002751250,0.364503,0.0,0.000000
0.002751500,0.364677,0.0,0.000000
0.002751750,0.364851,0.0,0.000000
0.002752000,0.365025,0.0,0.000000
0.002752250,0.365199,0.0,0.000000
0.002752500,0.365373,0.0,0.000000
0.002752750,0.365547,0.0,0.000000
0.002753000,0.365721,0.0,0.000000
0.002753250,0.365895,0.0,0.000000
0.002753500,0.366069,0.0,0.000000
0.002753750,0.366242,0.0,0.000000
0.002754000,0.366416,0.0,0.000000
0.002754250,0.366590,0.0,0.000000
0.002754500,0.366764,0.0,0.000000
0.002754750,0.366937,0.0,0.000000
0.002755000,0.367111,0.0,0.000000
0.002755250,0.367284,0.0,0.000000
0.002755500,0.367458,0.0,0.000000
0.002755750,0.367631,0.0,0.000000
0.002756000,0.367805,0.0,0.000000
0.002756250,0.367978,0.0,0.000000
0.002756500,0.368151,0.0,0.000000
0.002756750,0.368325,0.0,0.000000
0.002757000,0.368498,0.0,0.000000
0.002757250,0.368671,0.0,0.000000
0.002757500,0.368844,0.0,0.000000
0.002757750,0.369018,0.0,0.000000
0.002758000,0.369191,0.0,0.000000
0.002758250,0.369364,0.0,0.000000
0.002758500,0.369537,0.0,0.000000
0.002758750,0.369710,0.0,0.000000
0.002759000,0.369883,0.0,0.000000
0.002759250,0.370056,0.0,0.000000
0.002759500,0.370229,0.0,0.000000
0.002759750,0.370402,0.0,0.000000
0.002760000,0.370575,0.0,0.000000
0.002760250,0.370747,0.0,0.000000
0.002760500,0.370920,0.0,0.000000
0.002760750,0.371093,0.0,0.000000
0.002761000,0.371266,0.0,0.000000
0.002761250,0.371438,0.0,0.000000
0.002761500,0.371611,0.0,0.000000
0.002761750,0.371783,0.0,0.000000
0.002762000,0.371956,0.0,0.000000
0.002762250,0.372129,0.0,0.000000
0.002762500,0.372301,0.0,0.000000
0.002762750,0.372474,0.0,0.000000
0.002763000,0.372646,0.0,0.000000
0.002763250,0.372818,0.0,0.000000
0.002763500,0.372991,0.0,0.000000
0.002763750,0.373163,0.0,0.000000
0.002764000,0.373335,0.0,0.000000
0.002764250,0.373507,0.0,0.000000
0.002764500,0.373680,0.0,0.000000
0.002764750,0.373852,0.0,0.000000
0.002765000,0.374024,0.0,0.000000
0.002765250,0.374196,0.0,0.000000
0.002765500,0.374368,0.0,0.000000
0.002765750,0.374540,0.0,0.000000
0.002766000,0.374712,0.0,0.000000
0.002766250,0.374884,0.0,0.000000
0.002766500,0.375056,0.0,0.000000
0.002766750,0.375228,0.0,0.000000
0.002767000,0.375400,0.0,0.000000
0.002767250,0.375572,0.0,0.000000
0.002767500,0.375743,0.0,0.000000
0.002767750,0.375915,0.0,0.000000
0.002768000,0.376087,0.0,0.000000
0.002768250,0.376258,0.0,0.000000
0.002768500,0.376430,0.0,0.000000
0.002768750,0.376602,0.0,0.000000
0.002769000,0.376773,0.0,0.000000
0.002769250,0.376945,0.0,0.000000
0.002769500,0.377116,0.0,0.000000
0.002769750,0.377288,0.0,0.000000
0.002770000,0.377459,0.0,0.000000
0.002770250,0.377631,0.0,0.000000
0.002770500,0.377802,0.0,0.000000
0.002770750,0.377973,0.0,0.000000
0.002771000,0.378144,0.0,0.000000
0.002771250,0.378316,0.0,0.000000
0.002771500,0.378487,0.0,0.000000
0.002771750,0.378658,0.0,0.000000
0.002772000,0.378829,0.0,0.000000
0.002772250,0.379000,0.0,0.000000
0.002772500,0.379171,0.0,0.000000
0.002772750,0.379342,0.0,0.000000
0.002773000,0.379513,0.0,0.000000
0.002773250,0.379684,0.0,0.000000
0.002773500,0.379855,0.0,0.000000
0.002773750,0.380026,0.0,0.000000
0.002774000,0.380197,0.0,0.000000
0.002774250,0.380368,0.0,0.000000
0.002774500,0.380538,0.0,0.000000
0.002774750,0.380709,0.0,0.000000
0.002775000,0.380880,0.0,0.000000
0.002775250,0.381051,0.0,0.000000
0.002775500,0.381221,0.0,0.000000
0.002775750,0.381392,0.0,0.000000
0.002776000,0.381562,0.0,0.000000
0.002776250,0.381733,0.0,0.000000
0.002776500,0.381903,0.0,0.000000
0.002776750,0.382074,0.0,0.000000
0.002777000,0.382244,0.0,0.000000
0.002777250,0.382415,0.0,0.000000
0.002777500,0.382585,0.0,0.000000
0.002777750,0.382755,0.0,0.000000
0.002778000,0.382926,0.0,0.000000
0.002778250,0.383096,0.0,0.000000
0.002778500,0.383266,0.0,0.000000
0.002778750,0.383436,0.0,0.000000
0.002779000,0.383606,0.0,0.000000
0.002779250,0.383776,0.0,0.000000
0.002779500,0.383947,0.0,0.000000
0.002779750,0.384117,0.0,0.000000
0.002780000,0.384287,0.0,0.000000
0.002780250,0.384456,0.0,0.000000
0.002780500,0.384626,0.0,0.000000
0.002780750,0.384796,0.0,0.000000
0.002781000,0.384966,0.0,0.000000
0.002781250,0.385136,0.0,0.000000
0.002781500,0.385306,0.0,0.000000
0.002781750,0.385475,0.0,0.000000
0.002782000,0.385645,0.0,0.000000
0.002782250,0.385815,0.0,0.000000
0.002782500,0.385985,0.0,0.000000
0.002782750,0.386154,0.0,0.000000
0.002783000,0.386324,0.0,0.000000
0.002783250,0.386493,0.0,0.000000
0.002783500,0.386663,0.0,0.000000
0.002783750,0.386832,0.0,0.000000
0.002784000,0.387002,0.0,0.000000
0.002784250,0.387171,0.0,0.000000
0.002784500,0.387340,0.0,0.000000
0.002784750,0.387510,0.0,0.000000
0.002785000,0.387679,0.0,0.000000
0.002785250,0.387848,0.0,0.000000
0.002785500,0.388017,0.0,0.000000
0.002785750,0.388187,0.0,0.000000
0.002786000,0.388356,0.0,0.000000
0.002786250,0.388525,0.0,0.000000
0.002786500,0.388694,0.0,0.000000
0.002786750,0.388863,0.0,0.000000
0.002787000,0.389032,0.0,0.000000
0.002787250,0.389201,0.0,0.000000
0.002787500,0.389370,0.0,0.000000
0.002787750,0.389539,0.0,0.000000
0.002788000,0.389708,0.0,0.000000
0.002788250,0.389876,0.0,0.000000
0.002788500,0.390045,0.0,0.000000
0.002788750,0.390214,0.0,0.000000
0.002789000,0.390383,0.0,0.000000
0.002789250,0.390551,0.0,0.000000
0.002789500,0.390720,0.0,0.000000
0.002789750,0.390889,0.0,0.000000
0.002790000,0.391057,0.0,0.000000
0.002790250,0.391226,0.0,0.000000
0.002790500,0.391394,0.0,0.000000
0.002790750,0.391563,0.0,0.000000
0.002791000,0.391731,0.0,0.000000
0.002791250,0.391900,0.0,0.000000
0.002791500,0.392068,0.0,0.000000
0.002791750,0.392236,0.0,0.000000
0.002792000,0.392405,0.0,0.000000
0.002792250,0.392573,0.0,0.000000
0.002792500,0.392741,0.0,0.000000
0.002792750,0.392909,0.0,0.000000
0.002793000,0.393078,0.0,0.000000
0.002793250,0.393246,0.0,0.000000
0.002793500,0.393414,0.0,0.000000
0.002793750,0.393582,0.0,0.000000
0.002794000,0.393750,0.0,0.000000
0.002794250,0.393918,0.0,0.000000
0.002794500,0.394086,0.0,0.000000
0.002794750,0.394254,0.0,0.000000
0.002795000,0.394422,0.0,0.000000
0.002795250,0.394589,0.0,0.000000
0.002795500,0.394757,0.0,0.000000
0.002795750,0.394925,0.0,0.000000
0.002796000,0.395093,0.0,0.000000
0.002796250,0.395260,0.0,0.000000
0.002796500,0.395428,0.0,0.000000
0.002796750,0.395596,0.0,0.000000
0.002797000,0.395763,0.0,0.000000
0.002797250,0.395931,0.0,0.000000
0.002797500,0.396098,0.0,0.000000
0.002797750,0.396266,0.0,0.000000
0.002798000,0.396433,0.0,0.000000
0.002798250,0.396601,0.0,0.000000
0.002798500,0.396768,0.0,0.000000
0.002798750,0.396936,0.0,0.000000
0.002799000,0.397103,0.0,0.000000
0.002799250,0.397270,0.0,0.000000
0.002799500,0.397437,0.0,0.000000
0.002799750,0.397605,0.0,0.000000
0.002800000,0.397772,0.0,0.000000
0.002800250,0.397939,0.0,0.000000
0.002800500,0.398106,0.0,0.000000
0.002800750,0.398273,0.0,0.000000
0.002801000,0.398440,0.0,0.000000
0.002801250,0.398607,0.0,0.000000
0.002801500,0.398774,0.0,0.000000
0.002801750,0.398941,0.0,0.000000
0.002802000,0.399108,0.0,0.000000
0.002802250,0.399275,0.0,0.000000
0.002802500,0.399442,0.0,0.000000
0.002802750,0.399609,0.0,0.000000
0.002803000,0.399775,0.0,0.000000
0.002803250,0.399942,0.0,0.000000
0.002803500,0.400109,0.0,0.000000
0.002803750,0.400275,0.0,0.000000
0.002804000,0.400442,0.0,0.000000
0.002804250,0.400609,0.0,0.000000
0.002804500,0.400775,0.0,0.000000
0.002804750,0.400942,0.0,0.000000
0.002805000,0.401108,0.0,0.000000
0.002805250,0.401275,0.0,0.000000
0.002805500,0.401441,0.0,0.000000
0.002805750,0.401607,0.0,0.000000
0.002806000,0.401774,0.0,0.000000
0.002806250,0.401940,0.0,0.000000
0.002806500,0.402106,0.0,0.000000
0.002806750,0.402273,0.0,0.000000
0.002807000,0.402439,0.0,0.000000
0.002807250,0.402605,0.0,0.000000
0.002807500,0.402771,0.0,0.000000
0.002807750,0.402937,0.0,0.000000
0.002808000,0.403103,0.0,0.000000
0.002808250,0.403269,0.0,0.000000
0.002808500,0.403435,0.0,0.000000
0.002808750,0.403601,0.0,0.000000
0.002809000,0.403767,0.0,0.000000
0.002809250,0.403933,0.0,0.000000
0.002809500,0.404099,0.0,0.000000
0.002809750,0.404265,0.0,0.000000
0.002810000,0.404431,0.0,0.000000
0.002810250,0.404596,0.0,0.000000
0.002810500,0.404762,0.0,0.000000
0.002810750,0.404928,0.0,0.000000
0.002811000,0.405094,0.0,0.000000
0.002811250,0.405259,0.0,0.000000
0.002811500,0.405425,0.0,0.000000
0.002811750,0.405590,0.0,0.000000
0.002812000,0.405756,0.0,0.000000
0.002812250,0.405921,0.0,0.000000
0.002812500,0.406087,0.0,0.000000
0.002812750,0.406252,0.0,0.000000
0.002813000,0.406418,0.0,0.000000
0.002813250,0.406583,0.0,0.000000
0.002813500,0.406748,0.0,0.000000
0.002813750,0.406914,0.0,0.000000
0.002814000,0.407079,0.0,0.000000
0.002814250,0.407244,0.0,0.000000
0.002814500,0.407409,0.0,0.000000
0.002814750,0.407574,0.0,0.000000
0.002815000,0.407739,0.0,0.000000
0.002815250,0.407904,0.0,0.000000
0.002815500,0.408070,0.0,0.000000
0.002815750,0.408235,0.0,0.000000
0.002816000,0.408399,0.0,0.000000
0.002816250,0.408564,0.0,0.000000
0.002816500,0.408729,0.0,0.000000
0.002816750,0.408894,0.0,0.000000
0.002817000,0.409059,0.0,0.000000
0.002817250,0.409224,0.0,0.000000
0.002817500,0.409389,0.0,0.000000
0.002817750,0.409553,0.0,0.000000
0.002818000,0.409718,0.0,0.000000
0.002818250,0.409883,0.0,0.000000
0.002818500,0.410047,0.0,0.000000
0.002818750,0.410212,0.0,0.000000
0.002819000,0.410376,0.0,0.000000
0.002819250,0.410541,0.0,0.000000
0.002819500,0.410705,0.0,0.000000
0.002819750,0.410870,0.0,0.000000
0.002820000,0.411034,0.0,0.000000
0.002820250,0.411199,0.0,0.000000
0.002820500,0.411363,0.0,0.000000
0.002820750,0.411527,0.0,0.000000
0.002821000,0.411692,0.0,0.000000
0.002821250,0.411856,0.0,0.000000
0.002821500,0.412020,0.0,0.000000
0.002821750,0.412184,0.0,0.000000
0.002822000,0.412348,0.0,0.000000
0.002822250,0.412513,0.0,0.000000
0.002822500,0.412677,0.0,0.000000
0.002822750,0.412841,0.0,0.000000
0.002823000,0.413005,0.0,0.000000
0.002823250,0.413169,0.0,0.000000
0.002823500,0.413333,0.0,0.000000
0.002823750,0.413497,0.0,0.000000
0.002824000,0.413660,0.0,0.000000
0.002824250,0.413824,0.0,0.000000
0.002824500,0.413988,0.0,0.000000
0.002824750,0.414152,0.0,0.000000
0.002825000,0.414316,0.0,0.000000
0.002825250,0.414479,0.0,0.000000
0.002825500,0.414643,0.0,0.000000
0.002825750,0.414807,0.0,0.000000
0.002826000,0.414970,0.0,0.000000
0.002826250,0.415134,0.0,0.000000
0.002826500,0.415297,0.0,0.000000
0.002826750,0.415461,0.0,0.000000
0.002827000,0.415624,0.0,0.000000
0.002827250,0.415788,0.0,0.000000
0.002827500,0.415951,0.0,0.000000
0.002827750,0.416114,0.0,0.000000
0.002828000,0.416278,0.0,0.000000
0.002828250,0.416441,0.0,0.000000
0.002828500,0.416604,0.0,0.000000
0.002828750,0.416768,0.0,0.000000
0.002829000,0.416931,0.0,0.000000
0.002829250,0.417094,0.0,0.000000
0.002829500,0.417257,0.0,0.000000
0.002829750,0.417420,0.0,0.000000
0.002830000,0.417583,0.0,0.000000
0.002830250,0.417746,0.0,0.000000
0.002830500,0.417909,0.0,0.000000
0.002830750,0.418072,0.0,0.000000
0.002831000,0.418235,0.0,0.000000
0.002831250,0.418398,0.0,0.000000
0.002831500,0.418561,0.0,0.000000
0.002831750,0.418724,0.0,0.000000
0.002832000,0.418886,0.0,0.000000
0.002832250,0.419049,0.0,0.000000
0.002832500,0.419212,0.0,0.000000
0.002832750,0.419375,0.0,0.000000
0.002833000,0.419537,0.0,0.000000
0.002833250,0.419700,0.0,0.000000
0.002833500,0.419862,0.0,0.000000
0.002833750,0.420025,0.0,0.000000
0.002834000,0.420187,0.0,0.000000
0.002834250,0.420350,0.0,0.000000
0.002834500,0.420512,0.0,0.000000
0.002834750,0.420675,0.0,0.000000
0.002835000,0.420837,0.0,0.000000
0.002835250,0.420999,0.0,0.000000
0.002835500,0.421162,0.0,0.000000
0.002835750,0.421324,0.0,0.000000
0.002836000,0.421486,0.0,0.000000
0.002836250,0.421649,0.0,0.000000
0.002836500,0.421811,0.0,0.000000
0.002836750,0.421973,0.0,0.000000
0.002837000,0.422135,0.0,0.000000
0.002837250,0.422297,0.0,0.000000
0.002837500,0.422459,0.0,0.000000
0.002837750,0.422621,0.0,0.000000
0.002838000,0.422783,0.0,0.000000
0.002838250,0.422945,0.0,0.000000
0.002838500,0.423107,0.0,0.000000
0.002838750,0.423269,0.0,0.000000
0.002839000,0.423431,0.0,0.000000
0.002839250,0.423592,0.0,0.000000
0.002839500,0.423754,0.0,0.000000
0.002839750,0.423916,0.0,0.000000
0.002840000,0.424078,0.0,0.000000
0.002840250,0.424239,0.0,0.000000
0.002840500,0.424401,0.0,0.000000
0.002840750,0.424563,0.0,0.000000
0.002841000,0.424724,0.0,0.000000
0.002841250,0.424886,0.0,0.000000
0.002841500,0.425047,0.0,0.000000
0.002841750,0.425209,0.0,0.000000
0.002842000,0.425370,0.0,0.000000
0.002842250,0.425531,0.0,0.000000
0.002842500,0.425693,0.0,0.000000
0.002842750,0.425854,0.0,0.000000
0.002843000,0.426015,0.0,0.000000
0.002843250,0.426177,0.0,0.000000
0.002843500,0.426338,0.0,0.000000
0.002843750,0.426499,0.0,0.000000
0.002844000,0.426660,0.0,0.000000
0.002844250,0.426821,0.0,0.000000
0.002844500,0.426983,0.0,0.000000
0.002844750,0.427144,0.0,0.000000
0.002845000,0.427305,0.0,0.000000
0.002845250,0.427466,0.0,0.000000
0.002845500,0.427627,0.0,0.000000
0.002845750,0.427787,0.0,0.000000
0.002846000,0.427948,0.0,0.000000
0.002846250,0.428109,0.0,0.000000
0.002846500,0.428270,0.0,0.000000
0.002846750,0.428431,0.0,0.000000
0.002847000,0.428592,0.0,0.000000
0.002847250,0.428752,0.0,0.000000
0.002847500,0.428913,0.0,0.000000
0.002847750,0.429074,0.0,0.000000
0.002848000,0.429234,0.0,0.000000
0.002848250,0.429395,0.0,0.000000
0.002848500,0.429556,0.0,0.000000
0.002848750,0.429716,0.0,0.000000
0.002849000,0.429877,0.0,0.000000
0.002849250,0.430037,0.0,0.000000
0.002849500,0.430197,0.0,0.000000
0.002849750,0.430358,0.0,0.000000
0.002850000,0.430518,0.0,0.000000
0.002850250,0.430679,0.0,0.000000
0.002850500,0.430839,0.0,0.000000
0.002850750,0.430999,0.0,0.000000
0.002851000,0.431159,0.0,0.000000
0.002851250,0.431319,0.0,0.000000
0.002851500,0.431480,0.0,0.000000
0.002851750,0.431640,0.0,0.000000
0.002852000,0.431800,0.0,0.000000
0.002852250,0.431960,0.0,0.000000
0.002852500,0.432120,0.0,0.000000
0.002852750,0.432280,0.0,0.000000
0.002853000,0.432440,0.0,0.000000
0.002853250,0.432600,0.0,0.000000
0.002853500,0.432760,0.0,0.000000
0.002853750,0.432920,0.0,0.000000
0.002854000,0.433079,0.0,0.000000
0.002854250,0.433239,0.0,0.000000
0.002854500,0.433399,0.0,0.000000
0.002854750,0.433559,0.0,0.000000
0.002855000,0.433718,0.0,0.000000
0.002855250,0.433878,0.0,0.000000
0.002855500,0.434038,0.0,0.000000
0.002855750,0.434197,0.0,0.000000
0.002856000,0.434357,0.0,0.000000
0.002856250,0.434516,0.0,0.000000
0.002856500,0.434676,0.0,0.000000
0.002856750,0.434835,0.0,0.000000
0.002857000,0.434995,0.0,0.000000
0.002857250,0.435154,0.0,0.000000
0.002857500,0.435313,0.0,0.000000
0.002857750,0.435473,0.0,0.000000
0.002858000,0.435632,0.0,0.000000
0.002858250,0.435791,0.0,0.000000
0.002858500,0.435951,0.0,0.000000
0.002858750,0.436110,0.0,0.000000
0.002859000,0.436269,0.0,0.000000
0.002859250,0.436428,0.0,0.000000
0.002859500,0.436587,0.0,0.000000
0.002859750,0.436746,0.0,0.000000
0.002860000,0.436905,0.0,0.000000
0.002860250,0.437064,0.0,0.000000
0.002860500,0.437223,0.0,0.000000
0.002860750,0.437382,0.0,0.000000
0.002861000,0.437541,0.0,0.000000
0.002861250,0.437700,0.0,0.000000
0.002861500,0.437859,0.0,0.000000
0.002861750,0.438018,0.0,0.000000
0.002862000,0.438176,0.0,0.000000
0.002862250,0.438335,0.0,0.000000
0.002862500,0.438494,0.0,0.000000
0.002862750,0.438652,0.0,0.000000
0.002863000,0.438811,0.0,0.000000
0.002863250,0.438970,0.0,0.000000
0.002863500,0.439128,0.0,0.000000
0.002863750,0.439287,0.0,0.000000
0.002864000,0.439445,0.0,0.000000
0.002864250,0.439604,0.0,0.000000
0.002864500,0.439762,0.0,0.000000
0.002864750,0.439921,0.0,0.000000
0.002865000,0.440079,0.0,0.000000
0.002865250,0.440237,0.0,0.000000
0.002865500,0.440396,0.0,0.000000
0.002865750,0.440554,0.0,0.000000
0.002866000,0.440712,0.0,0.000000
0.002866250,0.440870,0.0,0.000000
0.002866500,0.441028,0.0,0.000000
0.002866750,0.441187,0.0,0.000000
0.002867000,0.441345,0.0,0.000000
0.002867250,0.441503,0.0,0.000000
0.002867500,0.441661,0.0,0.000000
0.002867750,0.441819,0.0,0.000000
0.002868000,0.441977,0.0,0.000000
0.002868250,0.442135,0.0,0.000000
0.002868500,0.442293,0.0,0.000000
0.002868750,0.442450,0.0,0.000000
0.002869000,0.442608,0.0,0.000000
0.002869250,0.442766,0.0,0.000000
0.002869500,0.442924,0.0,0.000000
0.002869750,0.443082,0.0,0.000000
0.002870000,0.443239,0.0,0.000000
0.002870250,0.443397,0.0,0.000000
0.002870500,0.443555,0.0,0.000000
0.002870750,0.443712,0.0,0.000000
0.002871000,0.443870,0.0,0.000000
0.002871250,0.444027,0.0,0.000000
0.002871500,0.444185,0.0,0.000000
0.002871750,0.444342,0.0,0.000000
0.002872000,0.444500,0.0,0.000000
0.002872250,0.444657,0.0,0.000000
0.002872500,0.444815,0.0,0.000000
0.002872750,0.444972,0.0,0.000000
0.002873000,0.445129,0.0,0.000000
0.002873250,0.445287,0.0,0.000000
0.002873500,0.445444,0.0,0.000000
0.002873750,0.445601,0.0,0.000000
0.002874000,0.445758,0.0,0.000000
0.002874250,0.445915,0.0,0.000000
0.002874500,0.446072,0.0,0.000000
0.002874750,0.446230,0.0,0.000000
0.002875000,0.446387,0.0,0.000000
0.002875250,0.446544,0.0,0.000000
0.002875500,0.446701,0.0,0.000000
0.002875750,0.446858,0.0,0.000000
0.002876000,0.447015,0.0,0.000000
0.002876250,0.447171,0.0,0.000000
0.002876500,0.447328,0.0,0.000000
0.002876750,0.447485,0.0,0.000000
0.002877000,0.447642,0.0,0.000000
0.002877250,0.447799,0.0,0.000000
0.002877500,0.447955,0.0,0.000000
0.002877750,0.448112,0.0,0.000000
0.002878000,0.448269,0.0,0.000000
0.002878250,0.448425,0.0,0.000000
0.002878500,0.448582,0.0,0.000000
0.002878750,0.448739,0.0,0.000000
0.002879000,0.448895,0.0,0.000000
0.002879250,0.449052,0.0,0.000000
0.002879500,0.449208,0.0,0.000000
0.002879750,0.449364,0.0,0.000000
0.002880000,0.449521,0.0,0.000000
0.002880250,0.449677,0.0,0.000000
0.002880500,0.449834,0.0,0.000000
0.002880750,0.449990,0.0,0.000000
0.002881000,0.450146,0.0,0.000000
0.002881250,0.450302,0.0,0.000000
0.002881500,0.450459,0.0,0.000000
0.002881750,0.450615,0.0,0.000000
0.002882000,0.450771,0.0,0.000000
0.002882250,0.450927,0.0,0.000000
0.002882500,0.451083,0.0,0.000000
0.002882750,0.451239,0.0,0.000000
0.002883000,0.451395,0.0,0.000000
0.002883250,0.451551,0.0,0.000000
0.002883500,0.451707,0.0,0.000000
0.002883750,0.451863,0.0,0.000000
0.002884000,0.452019,0.0,0.000000
0.002884250,0.452175,0.0,0.000000
0.002884500,0.452330,0.0,0.000000
0.002884750,0.452486,0.0,0.000000
0.002885000,0.452642,0.0,0.000000
0.002885250,0.452798,0.0,0.000000
0.002885500,0.452953,0.0,0.000000
0.002885750,0.453109,0.0,0.000000
0.002886000,0.453265,0.0,0.000000
0.002886250,0.453420,0.0,0.000000
0.002886500,0.453576,0.0,0.000000
0.002886750,0.453731,0.0,0.000000
0.002887000,0.453887,0.0,0.000000
0.002887250,0.454042,0.0,0.000000
0.002887500,0.454198,0.0,0.000000
0.002887750,0.454353,0.0,0.000000
0.002888000,0.454509,0.0,0.000000
0.002888250,0.454664,0.0,0.000000
0.002888500,0.454819,0.0,0.000000
0.002888750,0.454974,0.0,0.000000
0.002889000,0.455130,0.0,0.000000
0.002889250,0.455285,0.0,0.000000
0.002889500,0.455440,0.0,0.000000
0.002889750,0.455595,0.0,0.000000
0.002890000,0.455750,0.0,0.000000
0.002890250,0.455905,0.0,0.000000
0.002890500,0.456060,0.0,0.000000
0.002890750,0.456215,0.0,0.000000
0.002891000,0.456370,0.0,0.000000
0.002891250,0.456525,0.0,0.000000
0.002891500,0.456680,0.0,0.000000
0.002891750,0.456835,0.0,0.000000
0.002892000,0.456990,0.0,0.000000
0.002892250,0.457145,0.0,0.000000
0.002892500,0.457300,0.0,0.000000
0.002892750,0.457454,0.0,0.000000
0.002893000,0.457609,0.0,0.000000
0.002893250,0.457764,0.0,0.000000
0.002893500,0.457918,0.0,0.000000
0.002893750,0.458073,0.0,0.000000
0.002894000,0.458227,0.0,0.000000
0.002894250,0.458382,0.0,0.000000
0.002894500,0.458537,0.0,0.000000
0.002894750,0.458691,0.0,0.000000
0.002895000,0.458846,0.0,0.000000
0.002895250,0.459000,0.0,0.000000
0.002895500,0.459154,0.0,0.000000
0.002895750,0.459309,0.0,0.000000
0.002896000,0.459463,0.0,0.000000
0.002896250,0.459617,0.0,0.000000
0.002896500,0.459772,0.0,0.000000
0.002896750,0.459926,0.0,0.000000
0.002897000,0.460080,0.0,0.000000
0.002897250,0.460234,0.0,0.000000
0.002897500,0.460388,0.0,0.000000
0.002897750,0.460542,0.0,0.000000
0.002898000,0.460697,0.0,0.000000
0.002898250,0.460851,0.0,0.000000
0.002898500,0.461005,0.0,0.000000
0.002898750,0.461159,0.0,0.000000
0.002899000,0.461313,0.0,0.000000
0.002899250,0.461466,0.0,0.000000
0.002899500,0.461620,0.0,0.000000
0.002899750,0.461774,0.0,0.000000
0.002900000,0.461928,0.0,0.000000
0.002900250,0.462082,0.0,0.000000
0.002900500,0.462235,0.0,0.000000
0.002900750,0.462389,0.0,0.000000
0.002901000,0.462543,0.0,0.000000
0.002901250,0.462697,0.0,0.000000
0.002901500,0.462850,0.0,0.000000
0.002901750,0.463004,0.0,0.000000
0.002902000,0.463157,0.0,0.000000
0.002902250,0.463311,0.0,0.000000
0.002902500,0.463464,0.0,0.000000
0.002902750,0.463618,0.0,0.000000
0.002903000,0.463771,0.0,0.000000
0.002903250,0.463925,0.0,0.000000
0.002903500,0.464078,0.0,0.000000
0.002903750,0.464231,0.0,0.000000
0.002904000,0.464385,0.0,0.000000
0.002904250,0.464538,0.0,0.000000
0.002904500,0.464691,0.0,0.000000
0.002904750,0.464844,0.0,0.000000
0.002905000,0.464998,0.0,0.000000
0.002905250,0.465151,0.0,0.000000
0.002905500,0.465304,0.0,0.000000
0.002905750,0.465457,0.0,0.000000
0.002906000,0.465610,0.0,0.000000
0.002906250,0.465763,0.0,0.000000
0.002906500,0.465916,0.0,0.000000
0.002906750,0.466069,0.0,0.000000
0.002907000,0.466222,0.0,0.000000
0.002907250,0.466375,0.0,0.000000
0.002907500,0.466528,0.0,0.000000
0.002907750,0.466680,0.0,0.000000
0.002908000,0.466833,0.0,0.000000
0.002908250,0.466986,0.0,0.000000
0.002908500,0.467139,0.0,0.000000
0.002908750,0.467291,0.0,0.000000
0.002909000,0.467444,0.0,0.000000
0.002909250,0.467597,0.0,0.000000
0.002909500,0.467749,0.0,0.000000
0.002909750,0.467902,0.0,0.000000
0.002910000,0.468054,0.0,0.000000
0.002910250,0.468207,0.0,0.000000
0.002910500,0.468359,0.0,0.000000
0.002910750,0.468512,0.0,0.000000
0.002911000,0.468664,0.0,0.000000
0.002911250,0.468817,0.0,0.000000
0.002911500,0.468969,0.0,0.000000
0.002911750,0.469121,0.0,0.000000
0.002912000,0.469274,0.0,0.000000
0.002912250,0.469426,0.0,0.000000
0.002912500,0.469578,0.0,0.000000
0.002912750,0.469730,0.0,0.000000
0.002913000,0.469882,0.0,0.000000
0.002913250,0.470035,0.0,0.000000
0.002913500,0.470187,0.0,0.000000
0.002913750,0.470339,0.0,0.000000
0.002914000,0.470491,0.0,0.000000
0.002914250,0.470643,0.0,0.000000
0.002914500,0.470795,0.0,0.000000
0.002914750,0.470947,0.0,0.000000
0.002915000,0.471098,0.0,0.000000
0.002915250,0.471250,0.0,0.000000
0.002915500,0.471402,0.0,0.000000
0.002915750,0.471554,0.0,0.000000
0.002916000,0.471706,0.0,0.000000
0.002916250,0.471858,0.0,0.000000
0.002916500,0.472009,0.0,0.000000
0.002916750,0.472161,0.0,0.000000
0.002917000,0.472313,0.0,0.000000
0.002917250,0.472464,0.0,0.000000
0.002917500,0.472616,0.0,0.000000
0.002917750,0.472767,0.0,0.000000
0.002918000,0.472919,0.0,0.000000
0.002918250,0.473070,0.0,0.000000
0.002918500,0.473222,0.0,0.000000
0.002918750,0.473373,0.0,0.000000
0.002919000,0.473525,0.0,0.000000
0.002919250,0.473676,0.0,0.000000
0.002919500,0.473827,0.0,0.000000
0.002919750,0.473979,0.0,0.000000
0.002920000,0.474130,0.0,0.000000
0.002920250,0.474281,0.0,0.000000
0.002920500,0.474432,0.0,0.000000
0.002920750,0.474584,0.0,0.000000
0.002921000,0.474735,0.0,0.000000
0.002921250,0.474886,0.0,0.000000
0.002921500,0.475037,0.0,0.000000
0.002921750,0.475188,0.0,0.000000
0.002922000,0.475339,0.0,0.000000
0.002922250,0.475490,0.0,0.000000
0.002922500,0.475641,0.0,0.000000
0.002922750,0.475792,0.0,0.000000
0.002923000,0.475943,0.0,0.000000
0.002923250,0.476094,0.0,0.000000
0.002923500,0.476244,0.0,0.000000
0.002923750,0.476395,0.0,0.000000
0.002924000,0.476546,0.0,0.000000
0.002924250,0.476697,0.0,0.000000
0.002924500,0.476847,0.0,0.000000
0.002924750,0.476998,0.0,0.000000
0.002925000,0.477149,0.0,0.000000
0.002925250,0.477299,0.0,0.000000
0.002925500,0.477450,0.0,0.000000
0.002925750,0.477601,0.0,0.000000
0.002926000,0.477751,0.0,0.000000
0.002926250,0.477902,0.0,0.000000
0.002926500,0.478052,0.0,0.000000
0.002926750,0.478202,0.0,0.000000
0.002927000,0.478353,0.0,0.000000
0.002927250,0.478503,0.0,0.000000
0.002927500,0.478654,0.0,0.000000
0.002927750,0.478804,0.0,0.000000
0.002928000,0.478954,0.0,0.000000
0.002928250,0.479104,0.0,0.000000
0.002928500,0.479255,0.0,0.000000
0.002928750,0.479405,0.0,0.000000
0.002929000,0.479555,0.0,0.000000
0.002929250,0.479705,0.0,0.000000
0.002929500,0.479855,0.0,0.000000
0.002929750,0.480005,0.0,0.000000
0.002930000,0.480155,0.0,0.000000
0.002930250,0.480305,0.0,0.000000
0.002930500,0.480455,0.0,0.000000
0.002930750,0.480605,0.0,0.000000
0.002931000,0.480755,0.0,0.000000
0.002931250,0.480905,0.0,0.000000
0.002931500,0.481055,0.0,0.000000
0.002931750,0.481204,0.0,0.000000
0.002932000,0.481354,0.0,0.000000
0.002932250,0.481504,0.0,0.000000
0.002932500,0.481654,0.0,0.000000
0.002932750,0.481803,0.0,0.000000
0.002933000,0.481953,0.0,0.000000
0.002933250,0.482102,0.0,0.000000
0.002933500,0.482252,0.0,0.000000
0.002933750,0.482402,0.0,0.000000
0.002934000,0.482551,0.0,0.000000
0.002934250,0.482701,0.0,0.000000
0.002934500,0.482850,0.0,0.000000
0.002934750,0.483000,0.0,0.000000
0.002935000,0.483149,0.0,0.000000
0.002935250,0.483298,0.0,0.000000
0.002935500,0.483448,0.0,0.000000
0.002935750,0.483597,0.0,0.000000
0.002936000,0.483746,0.0,0.000000
0.002936250,0.483895,0.0,0.000000
0.002936500,0.484045,0.0,0.000000
0.002936750,0.484194,0.0,0.000000
0.002937000,0.484343,0.0,0.000000
0.002937250,0.484492,0.0,0.000000
0.002937500,0.484641,0.0,0.000000
0.002937750,0.484790,0.0,0.000000
0.002938000,0.484939,0.0,0.000000
0.002938250,0.485088,0.0,0.000000
0.002938500,0.485237,0.0,0.000000
0.002938750,0.485386,0.0,0.000000
0.002939000,0.485535,0.0,0.000000
0.002939250,0.485684,0.0,0.000000
0.002939500,0.485833,0.0,0.000000
0.002939750,0.485981,0.0,0.000000
0.002940000,0.486130,0.0,0.000000
0.002940250,0.486279,0.0,0.000000
0.002940500,0.486428,0.0,0.000000
0.002940750,0.486576,0.0,0.000000
0.002941000,0.486725,0.0,0.000000
0.002941250,0.486874,0.0,0.000000
0.002941500,0.487022,0.0,0.000000
0.002941750,0.487171,0.0,0.000000
0.002942000,0.487319,0.0,0.000000
0.002942250,0.487468,0.0,0.000000
0.002942500,0.487616,0.0,0.000000
0.002942750,0.487765,0.0,0.000000
0.002943000,0.487913,0.0,0.000000
0.002943250,0.488062,0.0,0.000000
0.002943500,0.488210,0.0,0.000000
0.002943750,0.488358,0.0,0.000000
0.002944000,0.488506,0.0,0.000000
0.002944250,0.488655,0.0,0.000000
0.002944500,0.488803,0.0,0.000000
0.002944750,0.488951,0.0,0.000000
0.002945000,0.489099,0.0,0.000000
0.002945250,0.489247,0.0,0.000000
0.002945500,0.489395,0.0,0.000000
0.002945750,0.489543,0.0,0.000000
0.002946000,0.489691,0.0,0.000000
0.002946250,0.489839,0.0,0.000000
0.002946500,0.489987,0.0,0.000000
0.002946750,0.490135,0.0,0.000000
0.002947000,0.490283,0.0,0.000000
0.002947250,0.490431,0.0,0.000000
0.002947500,0.490579,0.0,0.000000
0.002947750,0.490727,0.0,0.000000
0.002948000,0.490875,0.0,0.000000
0.002948250,0.491022,0.0,0.000000
0.002948500,0.491170,0.0,0.000000
0.002948750,0.491318,0.0,0.000000
0.002949000,0.491466,0.0,0.000000
0.002949250,0.491613,0.0,0.000000
0.002949500,0.491761,0.0,0.000000
0.002949750,0.491908,0.0,0.000000
0.002950000,0.492056,0.0,0.000000
0.002950250,0.492203,0.0,0.000000
0.002950500,0.492351,0.0,0.000000
0.002950750,0.492498,0.0,0.000000
0.002951000,0.492646,0.0,0.000000
0.002951250,0.492793,0.0,0.000000
0.002951500,0.492940,0.0,0.000000
0.002951750,0.493088,0.0,0.000000
0.002952000,0.493235,0.0,0.000000
0.002952250,0.493382,0.0,0.000000
0.002952500,0.493529,0.0,0.000000
0.002952750,0.493677,0.0,0.000000
0.002953000,0.493824,0.0,0.000000
0.002953250,0.493971,0.0,0.000000
0.002953500,0.494118,0.0,0.000000
0.002953750,0.494265,0.0,0.000000
0.002954000,0.494412,0.0,0.000000
0.002954250,0.494559,0.0,0.000000
0.002954500,0.494706,0.0,0.000000
0.002954750,0.494853,0.0,0.000000
0.002955000,0.495000,0.0,0.000000
0.002955250,0.495147,0.0,0.000000
0.002955500,0.495294,0.0,0.000000
0.002955750,0.495441,0.0,0.000000
0.002956000,0.495587,0.0,0.000000
0.002956250,0.495734,0.0,0.000000
0.002956500,0.495881,0.0,0.000000
0.002956750,0.496028,0.0,0.000000
0.002957000,0.496174,0.0,0.000000
0.002957250,0.496321,0.0,0.000000
0.002957500,0.496468,0.0,0.000000
0.002957750,0.496614,0.0,0.000000
0.002958000,0.496761,0.0,0.000000
0.002958250,0.496907,0.0,0.000000
0.002958500,0.497054,0.0,0.000000
0.002958750,0.497200,0.0,0.000000
0.002959000,0.497347,0.0,0.000000
0.002959250,0.497493,0.0,0.000000
0.002959500,0.497640,0.0,0.000000
0.002959750,0.497786,0.0,0.000000
0.002960000,0.497932,0.0,0.000000
0.002960250,0.498079,0.0,0.000000
0.002960500,0.498225,0.0,0.000000
0.002960750,0.498371,0.0,0.000000
0.002961000,0.498517,0.0,0.000000
0.002961250,0.498663,0.0,0.000000
0.002961500,0.498809,0.0,0.000000
0.002961750,0.498956,0.0,0.000000
0.002962000,0.499102,0.0,0.000000
0.002962250,0.499248,0.0,0.000000
0.002962500,0.499394,0.0,0.000000
0.002962750,0.499540,0.0,0.000000
0.002963000,0.499686,0.0,0.000000
0.002963250,0.499831,0.0,0.000000
0.002963500,0.499977,0.0,0.000000
0.002963750,0.500123,0.0,0.000000
0.002964000,0.500269,0.0,0.000000
0.002964250,0.500415,0.0,0.000000
0.002964500,0.500561,0.0,0.000000
0.002964750,0.500706,0.0,0.000000
0.002965000,0.500852,0.0,0.000000
0.002965250,0.500998,0.0,0.000000
0.002965500,0.501143,0.0,0.000000
0.002965750,0.501289,0.0,0.000000
0.002966000,0.501434,0.0,0.000000
0.002966250,0.501580,0.0,0.000000
0.002966500,0.501725,0.0,0.000000
0.002966750,0.501871,0.0,0.000000
0.002967000,0.502016,0.0,0.000000
0.002967250,0.502162,0.0,0.000000
0.002967500,0.502307,0.0,0.000000
0.002967750,0.502452,0.0,0.000000
0.002968000,0.502598,0.0,0.000000
0.002968250,0.502743,0.0,0.000000
0.002968500,0.502888,0.0,0.000000
0.002968750,0.503033,0.0,0.000000
0.002969000,0.503179,0.0,0.000000
0.002969250,0.503324,0.0,0.000000
0.002969500,0.503469,0.0,0.000000
0.002969750,0.503614,0.0,0.000000
0.002970000,0.503759,0.0,0.000000
0.002970250,0.503904,0.0,0.000000
0.002970500,0.504049,0.0,0.000000
0.002970750,0.504194,0.0,0.000000
0.002971000,0.504339,0.0,0.000000
0.002971250,0.504484,0.0,0.000000
0.002971500,0.504629,0.0,0.000000
0.002971750,0.504774,0.0,0.000000
0.002972000,0.504918,0.0,0.000000
0.002972250,0.505063,0.0,0.000000
0.002972500,0.505208,0.0,0.000000
0.002972750,0.505353,0.0,0.000000
0.002973000,0.505497,0.0,0.000000
0.002973250,0.505642,0.0,0.000000
0.002973500,0.505787,0.0,0.000000
0.002973750,0.505931,0.0,0.000000
0.002974000,0.506076,0.0,0.000000
0.002974250,0.506220,0.0,0.000000
0.002974500,0.506365,0.0,0.000000
0.002974750,0.506509,0.0,0.000000
0.002975000,0.506654,0.0,0.000000
0.002975250,0.506798,0.0,0.000000
0.002975500,0.506943,0.0,0.000000
0.002975750,0.507087,0.0,0.000000
0.002976000,0.507232,0.0,0.000000
0.002976250,0.507376,0.0,0.000000
0.002976500,0.507520,0.0,0.000000
0.002976750,0.507664,0.0,0.000000
0.002977000,0.507809,0.0,0.000000
0.002977250,0.507953,0.0,0.000000
0.002977500,0.508097,0.0,0.000000
0.002977750,0.508241,0.0,0.000000
0.002978000,0.508385,0.0,0.000000
0.002978250,0.508529,0.0,0.000000
0.002978500,0.508673,0.0,0.000000
0.002978750,0.508817,0.0,0.000000
0.002979000,0.508961,0.0,0.000000
0.002979250,0.509105,0.0,0.000000
0.002979500,0.509249,0.0,0.000000
0.002979750,0.509393,0.0,0.000000
0.002980000,0.509537,0.0,0.000000
0.002980250,0.509681,0.0,0.000000
0.002980500,0.509825,0.0,0.000000
0.002980750,0.509968,0.0,0.000000
0.002981000,0.510112,0.0,0.000000
0.002981250,0.510256,0.0,0.000000
0.002981500,0.510400,0.0,0.000000
0.002981750,0.510543,0.0,0.000000
0.002982000,0.510687,0.0,0.000000
0.002982250,0.510831,0.0,0.000000
0.002982500,0.510974,0.0,0.000000
0.002982750,0.511118,0.0,0.000000
0.002983000,0.511261,0.0,0.000000
0.002983250,0.511405,0.0,0.000000
0.002983500,0.511548,0.0,0.000000
0.002983750,0.511692,0.0,0.000000
0.002984000,0.511835,0.0,0.000000
0.002984250,0.511978,0.0,0.000000
0.002984500,0.512122,0.0,0.000000
0.002984750,0.512265,0.0,0.000000
0.002985000,0.512408,0.0,0.000000
0.002985250,0.512551,0.0,0.000000
0.002985500,0.512695,0.0,0.000000
0.002985750,0.512838,0.0,0.000000
0.002986000,0.512981,0.0,0.000000
0.002986250,0.513124,0.0,0.000000
0.002986500,0.513267,0.0,0.000000
0.002986750,0.513410,0.0,0.000000
0.002987000,0.513553,0.0,0.000000
0.002987250,0.513696,0.0,0.000000
0.002987500,0.513839,0.0,0.000000
0.002987750,0.513982,0.0,0.000000
0.002988000,0.514125,0.0,0.000000
0.002988250,0.514268,0.0,0.000000
0.002988500,0.514411,0.0,0.000000
0.002988750,0.514554,0.0,0.000000
0.002989000,0.514697,0.0,0.000000
0.002989250,0.514839,0.0,0.000000
0.002989500,0.514982,0.0,0.000000
0.002989750,0.515125,0.0,0.000000
0.002990000,0.515267,0.0,0.000000
0.002990250,0.515410,0.0,0.000000
0.002990500,0.515553,0.0,0.000000
0.002990750,0.515695,0.0,0.000000
0.002991000,0.515838,0.0,0.000000
0.002991250,0.515980,0.0,0.000000
0.002991500,0.516123,0.0,0.000000
0.002991750,0.516265,0.0,0.000000
0.002992000,0.516408,0.0,0.000000
0.002992250,0.516550,0.0,0.000000
0.002992500,0.516693,0.0,0.000000
0.002992750,0.516835,0.0,0.000000
0.002993000,0.516977,0.0,0.000000
0.002993250,0.517120,0.0,0.000000
0.002993500,0.517262,0.0,0.000000
0.002993750,0.517404,0.0,0.000000
0.002994000,0.517546,0.0,0.000000
0.002994250,0.517688,0.0,0.000000
0.002994500,0.517831,0.0,0.000000
0.002994750,0.517973,0.0,0.000000
0.002995000,0.518115,0.0,0.000000
0.002995250,0.518257,0.0,0.000000
0.002995500,0.518399,0.0,0.000000
0.002995750,0.518541,0.0,0.000000
0.002996000,0.518683,0.0,0.000000
0.002996250,0.518825,0.0,0.000000
0.002996500,0.518967,0.0,0.000000
0.002996750,0.519108,0.0,0.000000
0.002997000,0.519250,0.0,0.000000
0.002997250,0.519392,0.0,0.000000
0.002997500,0.519534,0.0,0.000000
0.002997750,0.519676,0.0,0.000000
0.002998000,0.519817,0.0,0.000000
0.002998250,0.519959,0.0,0.000000
0.002998500,0.520101,0.0,0.000000
0.002998750,0.520242,0.0,0.000000
0.002999000,0.520384,0.0,0.000000
0.002999250,0.520526,0.0,0.000000
0.002999500,0.520667,0.0,0.000000
0.002999750,0.520809,0.0,0.000000
0.003000000,0.520950,0.0,0.000000
0.003000250,0.521092,0.0,0.000000
0.003000500,0.521233,0.0,0.000000
0.003000750,0.521374,0.0,0.000000
0.003001000,0.521516,0.0,0.000000
0.003001250,0.521657,0.0,0.000000
0.003001500,0.521798,0.0,0.000000
0.003001750,0.521940,0.0,0.000000
0.003002000,0.522081,0.0,0.000000
0.003002250,0.522222,0.0,0.000000
0.003002500,0.522363,0.0,0.000000
0.003002750,0.522505,0.0,0.000000
0.003003000,0.522646,0.0,0.000000
0.003003250,0.522787,0.0,0.000000
0.003003500,0.522928,0.0,0.000000
0.003003750,0.523069,0.0,0.000000
0.003004000,0.523210,0.0,0.000000
0.003004250,0.523351,0.0,0.000000
0.003004500,0.523492,0.0,0.000000
0.003004750,0.523633,0.0,0.000000
0.003005000,0.523774,0.0,0.000000
0.003005250,0.523914,0.0,0.000000
0.003005500,0.524055,0.0,0.000000
0.003005750,0.524196,0.0,0.000000
0.003006000,0.524337,0.0,0.000000
0.003006250,0.524478,0.0,0.000000
0.003006500,0.524618,0.0,0.000000
0.003006750,0.524759,0.0,0.000000
0.003007000,0.524900,0.0,0.000000
0.003007250,0.525040,0.0,0.000000
0.003007500,0.525181,0.0,0.000000
0.003007750,0.525321,0.0,0.000000
0.003008000,0.525462,0.0,0.000000
0.003008250,0.525603,0.0,0.000000
0.003008500,0.525743,0.0,0.000000
0.003008750,0.525883,0.0,0.000000
0.003009000,0.526024,0.0,0.000000
0.003009250,0.526164,0.0,0.000000
0.003009500,0.526305,0.0,0.000000
0.003009750,0.526445,0.0,0.000000
0.003010000,0.526585,0.0,0.000000
0.003010250,0.526726,0.0,0.000000
0.003010500,0.526866,0.0,0.000000
0.003010750,0.527006,0.0,0.000000
0.003011000,0.527146,0.0,0.000000
0.003011250,0.527287,0.0,0.000000
0.003011500,0.527427,0.0,0.000000
0.003011750,0.527567,0.0,0.000000
0.003012000,0.527707,0.0,0.000000
0.003012250,0.527847,0.0,0.000000
0.003012500,0.527987,0.0,0.000000
0.003012750,0.528127,0.0,0.000000
0.003013000,0.528267,0.0,0.000000
0.003013250,0.528407,0.0,0.000000
0.003013500,0.528547,0.0,0.000000
0.003013750,0.528687,0.0,0.000000
0.003014000,0.528827,0.0,0.000000
0.003014250,0.528966,0.0,0.000000
0.003014500,0.529106,0.0,0.000000
0.003014750,0.529246,0.0,0.000000
0.003015000,0.529386,0.0,0.000000
0.003015250,0.529525,0.0,0.000000
0.003015500,0.529665,0.0,0.000000
0.003015750,0.529805,0.0,0.000000
0.003016000,0.529944,0.0,0.000000
0.003016250,0.530084,0.0,0.000000
0.003016500,0.530223,0.0,0.000000
0.003016750,0.530363,0.0,0.000000
0.003017000,0.530502,0.0,0.000000
0.003017250,0.530642,0.0,0.000000
0.003017500,0.530781,0.0,0.000000
0.003017750,0.530921,0.0,0.000000
0.003018000,0.531060,0.0,0.000000
0.003018250,0.531199,0.0,0.000000
0.003018500,0.531339,0.0,0.000000
0.003018750,0.531478,0.0,0.000000
0.003019000,0.531617,0.0,0.000000
0.003019250,0.531756,0.0,0.000000
0.003019500,0.531896,0.0,0.000000
0.003019750,0.532035,0.0,0.000000
0.003020000,0.532174,0.0,0.000000
0.003020250,0.532313,0.0,0.000000
0.003020500,0.532452,0.0,0.000000
0.003020750,0.532591,0.0,0.000000
0.003021000,0.532730,0.0,0.000000
0.003021250,0.532869,0.0,0.000000
0.003021500,0.533008,0.0,0.000000
0.003021750,0.533147,0.0,0.000000
0.003022000,0.533286,0.0,0.000000
0.003022250,0.533425,0.0,0.000000
0.003022500,0.533564,0.0,0.000000
0.003022750,0.533703,0.0,0.000000
0.003023000,0.533842,0.0,0.000000
0.003023250,0.533980,0.0,0.000000
0.003023500,0.534119,0.0,0.000000
0.003023750,0.534258,0.0,0.000000
0.003024000,0.534397,0.0,0.000000
0.003024250,0.534535,0.0,0.000000
0.003024500,0.534674,0.0,0.000000
0.003024750,0.534812,0.0,0.000000
0.003025000,0.534951,0.0,0.000000
0.003025250,0.535090,0.0,0.000000
0.003025500,0.535228,0.0,0.000000
0.003025750,0.535367,0.0,0.000000
0.003026000,0.535505,0.0,0.000000
0.003026250,0.535643,0.0,0.000000
0.003026500,0.535782,0.0,0.000000
0.003026750,0.535920,0.0,0.000000
0.003027000,0.536058,0.0,0.000000
0.003027250,0.536197,0.0,0.000000
0.003027500,0.536335,0.0,0.000000
0.003027750,0.536473,0.0,0.000000
0.003028000,0.536612,0.0,0.000000
0.003028250,0.536750,0.0,0.000000
0.003028500,0.536888,0.0,0.000000
0.003028750,0.537026,0.0,0.000000
0.003029000,0.537164,0.0,0.000000
0.003029250,0.537302,0.0,0.000000
0.003029500,0.537440,0.0,0.000000
0.003029750,0.537578,0.0,0.000000
0.003030000,0.537716,0.0,0.000000
0.003030250,0.537854,0.0,0.000000
0.003030500,0.537992,0.0,0.000000
0.003030750,0.538130,0.0,0.000000
0.003031000,0.538268,0.0,0.000000
0.003031250,0.538406,0.0,0.000000
0.003031500,0.538544,0.0,0.000000
0.003031750,0.538682,0.0,0.000000
0.003032000,0.538819,0.0,0.000000
0.003032250,0.538957,0.0,0.000000
0.003032500,0.539095,0.0,0.000000
0.003032750,0.539232,0.0,0.000000
0.003033000,0.539370,0.0,0.000000
0.003033250,0.539508,0.0,0.000000
0.003033500,0.539645,0.0,0.000000
0.003033750,0.539783,0.0,0.000000
0.003034000,0.539920,0.0,0.000000
0.003034250,0.540058,0.0,0.000000
0.003034500,0.540195,0.0,0.000000
0.003034750,0.540333,0.0,0.000000
0.003035000,0.540470,0.0,0.000000
0.003035250,0.540608,0.0,0.000000
0.003035500,0.540745,0.0,0.000000
0.003035750,0.540882,0.0,0.000000
0.003036000,0.541020,0.0,0.000000
0.003036250,0.541157,0.0,0.000000
0.003036500,0.541294,0.0,0.000000
0.003036750,0.541431,0.0,0.000000
0.003037000,0.541569,0.0,0.000000
0.003037250,0.541706,0.0,0.000000
0.003037500,0.541843,0.0,0.000000
0.003037750,0.541980,0.0,0.000000
0.003038000,0.542117,0.0,0.000000
0.003038250,0.542254,0.0,0.000000
0.003038500,0.542391,0.0,0.000000
0.003038750,0.542528,0.0,0.000000
0.003039000,0.542665,0.0,0.000000
0.003039250,0.542802,0.0,0.000000
0.003039500,0.542939,0.0,0.000000
0.003039750,0.543076,0.0,0.000000
0.003040000,0.543213,0.0,0.000000
0.003040250,0.543349,0.0,0.000000
0.003040500,0.543486,0.0,0.000000
0.003040750,0.543623,0.0,0.000000
0.003041000,0.543760,0.0,0.000000
0.003041250,0.543896,0.0,0.000000
0.003041500,0.544033,0.0,0.000000
0.003041750,0.544170,0.0,0.000000
0.003042000,0.544306,0.0,0.000000
0.003042250,0.544443,0.0,0.000000
0.003042500,0.544580,0.0,0.000000
0.003042750,0.544716,0.0,0.000000
0.003043000,0.544853,0.0,0.000000
0.003043250,0.544989,0.0,0.000000
0.003043500,0.545126,0.0,0.000000
0.003043750,0.545262,0.0,0.000000
0.003044000,0.545398,0.0,0.000000
0.003044250,0.545535,0.0,0.000000
0.003044500,0.545671,0.0,0.000000
0.003044750,0.545807,0.0,0.000000
0.003045000,0.545944,0.0,0.000000
0.003045250,0.546080,0.0,0.000000
0.003045500,0.546216,0.0,0.000000
0.003045750,0.546352,0.0,0.000000
0.003046000,0.546488,0.0,0.000000
0.003046250,0.546625,0.0,0.000000
0.003046500,0.546761,0.0,0.000000
0.003046750,0.546897,0.0,0.000000
0.003047000,0.547033,0.0,0.000000
0.003047250,0.547169,0.0,0.000000
0.003047500,0.547305,0.0,0.000000
0.003047750,0.547441,0.0,0.000000
0.003048000,0.547577,0.0,0.000000
0.003048250,0.547713,0.0,0.000000
0.003048500,0.547849,0.0,0.000000
0.003048750,0.547984,0.0,0.000000
0.003049000,0.548120,0.0,0.000000
0.003049250,0.548256,0.0,0.000000
0.003049500,0.548392,0.0,0.000000
0.003049750,0.548528,0.0,0.000000
0.003050000,0.548663,0.0,0.000000
0.003050250,0.548799,0.0,0.000000
0.003050500,0.548935,0.0,0.000000
0.003050750,0.549070,0.0,0.000000
0.003051000,0.549206,0.0,0.000000
0.003051250,0.549341,0.0,0.000000
0.003051500,0.549477,0.0,0.000000
0.003051750,0.549612,0.0,0.000000
0.003052000,0.549748,0.0,0.000000
0.003052250,0.549883,0.0,0.000000
0.003052500,0.550019,0.0,0.000000
0.003052750,0.550154,0.0,0.000000
0.003053000,0.550290,0.0,0.000000
0.003053250,0.550425,0.0,0.000000
0.003053500,0.550560,0.0,0.000000
0.003053750,0.550696,0.0,0.000000
0.003054000,0.550831,0.0,0.000000
0.003054250,0.550966,0.0,0.000000
0.003054500,0.551101,0.0,0.000000
0.003054750,0.551236,0.0,0.000000
0.003055000,0.551372,0.0,0.000000
0.003055250,0.551507,0.0,0.000000
0.003055500,0.551642,0.0,0.000000
0.003055750,0.551777,0.0,0.000000
0.003056000,0.551912,0.0,0.000000
0.003056250,0.552047,0.0,0.000000
0.003056500,0.552182,0.0,0.000000
0.003056750,0.552317,0.0,0.000000
0.003057000,0.552452,0.0,0.000000
0.003057250,0.552587,0.0,0.000000
0.003057500,0.552722,0.0,0.000000
0.003057750,0.552856,0.0,0.000000
0.003058000,0.552991,0.0,0.000000
0.003058250,0.553126,0.0,0.000000
0.003058500,0.553261,0.0,0.000000
0.003058750,0.553395,0.0,0.000000
0.003059000,0.553530,0.0,0.000000
0.003059250,0.553665,0.0,0.000000
0.003059500,0.553799,0.0,0.000000
0.003059750,0.553934,0.0,0.000000
0.003060000,0.554069,0.0,0.000000
0.003060250,0.554203,0.0,0.000000
0.003060500,0.554338,0.0,0.000000
0.003060750,0.554472,0.0,0.000000
0.003061000,0.554607,0.0,0.000000
0.003061250,0.554741,0.0,0.000000
0.003061500,0.554876,0.0,0.000000
0.003061750,0.555010,0.0,0.000000
0.003062000,0.555144,0.0,0.000000
0.003062250,0.555279,0.0,0.000000
0.003062500,0.555413,0.0,0.000000
0.003062750,0.555547,0.0,0.000000
0.003063000,0.555682,0.0,0.000000
0.003063250,0.555816,0.0,0.000000
0.003063500,0.555950,0.0,0.000000
0.003063750,0.556084,0.0,0.000000
0.003064000,0.556218,0.0,0.000000
0.003064250,0.556352,0.0,0.000000
0.003064500,0.556486,0.0,0.000000
0.003064750,0.556620,0.0,0.000000
0.003065000,0.556755,0.0,0.000000
0.003065250,0.556889,0.0,0.000000
0.003065500,0.557023,0.0,0.000000
0.003065750,0.557156,0.0,0.000000
0.003066000,0.557290,0.0,0.000000
0.003066250,0.557424,0.0,0.000000
0.003066500,0.557558,0.0,0.000000
0.003066750,0.557692,0.0,0.000000
0.003067000,0.557826,0.0,0.000000
0.003067250,0.557959,0.0,0.000000
0.003067500,0.558093,0.0,0.000000
0.003067750,0.558227,0.0,0.000000
0.003068000,0.558361,0.0,0.000000
0.003068250,0.558494,0.0,0.000000
0.003068500,0.558628,0.0,0.000000
0.003068750,0.558762,0.0,0.000000
0.003069000,0.558895,0.0,0.000000
0.003069250,0.559029,0.0,0.000000
0.003069500,0.559162,0.0,0.000000
0.003069750,0.559296,0.0,0.000000
0.003070000,0.559429,0.0,0.000000
0.003070250,0.559563,0.0,0.000000
0.003070500,0.559696,0.0,0.000000
0.003070750,0.559829,0.0,0.000000
0.003071000,0.559963,0.0,0.000000
0.003071250,0.560096,0.0,0.000000
0.003071500,0.560229,0.0,0.000000
0.003071750,0.560363,0.0,0.000000
0.003072000,0.560496,0.0,0.000000
0.003072250,0.560629,0.0,0.000000
0.003072500,0.560762,0.0,0.000000
0.003072750,0.560896,0.0,0.000000
0.003073000,0.561029,0.0,0.000000
0.003073250,0.561162,0.0,0.000000
0.003073500,0.561295,0.0,0.000000
0.003073750,0.561428,0.0,0.000000
0.003074000,0.561561,0.0,0.000000
0.003074250,0.561694,0.0,0.000000
0.003074500,0.561827,0.0,0.000000
0.003074750,0.561960,0.0,0.000000
0.003075000,0.562093,0.0,0.000000
0.003075250,0.562226,0.0,0.000000
0.003075500,0.562358,0.0,0.000000
0.003075750,0.562491,0.0,0.000000
0.003076000,0.562624,0.0,0.000000
0.003076250,0.562757,0.0,0.000000
0.003076500,0.562890,0.0,0.000000
0.003076750,0.563022,0.0,0.000000
0.003077000,0.563155,0.0,0.000000
0.003077250,0.563288,0.0,0.000000
0.003077500,0.563420,0.0,0.000000
0.003077750,0.563553,0.0,0.000000
0.003078000,0.563686,0.0,0.000000
0.003078250,0.563818,0.0,0.000000
0.003078500,0.563951,0.0,0.000000
0.003078750,0.564083,0.0,0.000000
0.003079000,0.564216,0.0,0.000000
0.003079250,0.564348,0.0,0.000000
0.003079500,0.564481,0.0,0.000000
0.003079750,0.564613,0.0,0.000000
0.003080000,0.564745,0.0,0.000000
0.003080250,0.564878,0.0,0.000000
0.003080500,0.565010,0.0,0.000000
0.003080750,0.565142,0.0,0.000000
0.003081000,0.565274,0.0,0.000000
0.003081250,0.565407,0.0,0.000000
0.003081500,0.565539,0.0,0.000000
0.003081750,0.565671,0.0,0.000000
0.003082000,0.565803,0.0,0.000000
0.003082250,0.565935,0.0,0.000000
0.003082500,0.566067,0.0,0.000000
0.003082750,0.566199,0.0,0.000000
0.003083000,0.566332,0.0,0.000000
0.003083250,0.566464,0.0,0.000000
0.003083500,0.566595,0.0,0.000000
0.003083750,0.566727,0.0,0.000000
0.003084000,0.566859,0.0,0.000000
0.003084250,0.566991,0.0,0.000000
0.003084500,0.567123,0.0,0.000000
0.003084750,0.567255,0.0,0.000000
0.003085000,0.567387,0.0,0.000000
0.003085250,0.567519,0.0,0.000000
0.003085500,0.567650,0.0,0.000000
0.003085750,0.567782,0.0,0.000000
0.003086000,0.567914,0.0,0.000000
0.003086250,0.568045,0.0,0.000000
0.003086500,0.568177,0.0,0.000000
0.003086750,0.568309,0.0,0.000000
0.003087000,0.568440,0.0,0.000000
0.003087250,0.568572,0.0,0.000000
0.003087500,0.568703,0.0,0.000000
0.003087750,0.568835,0.0,0.000000
0.003088000,0.568966,0.0,0.000000
0.003088250,0.569098,0.0,0.000000
0.003088500,0.569229,0.0,0.000000
0.003088750,0.569361,0.0,0.000000
0.003089000,0.569492,0.0,0.000000
0.003089250,0.569623,0.0,0.000000
0.003089500,0.569755,0.0,0.000000
0.003089750,0.569886,0.0,0.000000
0.003090000,0.570017,0.0,0.000000
0.003090250,0.570149,0.0,0.000000
0.003090500,0.570280,0.0,0.000000
0.003090750,0.570411,0.0,0.000000
0.003091000,0.570542,0.0,0.000000
0.003091250,0.570673,0.0,0.000000
0.003091500,0.570804,0.0,0.000000
0.003091750,0.570935,0.0,0.000000
0.003092000,0.571066,0.0,0.000000
0.003092250,0.571197,0.0,0.000000
0.003092500,0.571328,0.0,0.000000
0.003092750,0.571459,0.0,0.000000
0.003093000,0.571590,0.0,0.000000
0.003093250,0.571721,0.0,0.000000
0.003093500,0.571852,0.0,0.000000
0.003093750,0.571983,0.0,0.000000
0.003094000,0.572114,0.0,0.000000
0.003094250,0.572245,0.0,0.000000
0.003094500,0.572375,0.0,0.000000
0.003094750,0.572506,0.0,0.000000
0.003095000,0.572637,0.0,0.000000
0.003095250,0.572767,0.0,0.000000
0.003095500,0.572898,0.0,0.000000
0.003095750,0.573029,0.0,0.000000
0.003096000,0.573159,0.0,0.000000
0.003096250,0.573290,0.0,0.000000
0.003096500,0.573421,0.0,0.000000
0.003096750,0.573551,0.0,0.000000
0.003097000,0.573682,0.0,0.000000
0.003097250,0.573812,0.0,0.000000
0.003097500,0.573942,0.0,0.000000
0.003097750,0.574073,0.0,0.000000
0.003098000,0.574203,0.0,0.000000
0.003098250,0.574334,0.0,0.000000
0.003098500,0.574464,0.0,0.000000
0.003098750,0.574594,0.0,0.000000
0.003099000,0.574725,0.0,0.000000
0.003099250,0.574855,0.0,0.000000
0.003099500,0.574985,0.0,0.000000
0.003099750,0.575115,0.0,0.000000
0.003100000,0.575245,0.0,0.000000
0.003100250,0.575376,0.0,0.000000
0.003100500,0.575506,0.0,0.000000
0.003100750,0.575636,0.0,0.000000
0.003101000,0.575766,0.0,0.000000
0.003101250,0.575896,0.0,0.000000
0.003101500,0.576026,0.0,0.000000
0.003101750,0.576156,0.0,0.000000
0.003102000,0.576286,0.0,0.000000
0.003102250,0.576416,0.0,0.000000
0.003102500,0.576546,0.0,0.000000
0.003102750,0.576676,0.0,0.000000
0.003103000,0.576805,0.0,0.000000
0.003103250,0.576935,0.0,0.000000
0.003103500,0.577065,0.0,0.000000
0.003103750,0.577195,0.0,0.000000
0.003104000,0.577325,0.0,0.000000
0.003104250,0.577454,0.0,0.000000
0.003104500,0.577584,0.0,0.000000
0.003104750,0.577714,0.0,0.000000
0.003105000,0.577843,0.0,0.000000
0.003105250,0.577973,0.0,0.000000
0.003105500,0.578102,0.0,0.000000
0.003105750,0.578232,0.0,0.000000
0.003106000,0.578362,0.0,0.000000
0.003106250,0.578491,0.0,0.000000
0.003106500,0.578621,0.0,0.000000
0.003106750,0.578750,0.0,0.000000
0.003107000,0.578879,0.0,0.000000
0.003107250,0.579009,0.0,0.000000
0.003107500,0.579138,0.0,0.000000
0.003107750,0.579268,0.0,0.000000
0.003108000,0.579397,0.0,0.000000
0.003108250,0.579526,0.0,0.000000
0.003108500,0.579655,0.0,0.000000
0.003108750,0.579785,0.0,0.000000
0.003109000,0.579914,0.0,0.000000
0.003109250,0.580043,0.0,0.000000
0.003109500,0.580172,0.0,0.000000
0.003109750,0.580301,0.0,0.000000
0.003110000,0.580430,0.0,0.000000
0.003110250,0.580559,0.0,0.000000
0.003110500,0.580688,0.0,0.000000
0.003110750,0.580817,0.0,0.000000
0.003111000,0.580946,0.0,0.000000
0.003111250,0.581075,0.0,0.000000
0.003111500,0.581204,0.0,0.000000
0.003111750,0.581333,0.0,0.000000
0.003112000,0.581462,0.0,0.000000
0.003112250,0.581591,0.0,0.000000
0.003112500,0.581720,0.0,0.000000
0.003112750,0.581849,0.0,0.000000
0.003113000,0.581977,0.0,0.000000
0.003113250,0.582106,0.0,0.000000
0.003113500,0.582235,0.0,0.000000
0.003113750,0.582363,0.0,0.000000
0.003114000,0.582492,0.0,0.000000
0.003114250,0.582621,0.0,0.000000
0.003114500,0.582749,0.0,0.000000
0.003114750,0.582878,0.0,0.000000
0.003115000,0.583007,0.0,0.000000
0.003115250,0.583135,0.0,0.000000
0.003115500,0.583264,0.0,0.000000
0.003115750,0.583392,0.0,0.000000
0.003116000,0.583520,0.0,0.000000
0.003116250,0.583649,0.0,0.000000
0.003116500,0.583777,0.0,0.000000
0.003116750,0.583906,0.0,0.000000
0.003117000,0.584034,0.0,0.000000
0.003117250,0.584162,0.0,0.000000
0.003117500,0.584291,0.0,0.000000
0.003117750,0.584419,0.0,0.000000
0.003118000,0.584547,0.0,0.000000
0.003118250,0.584675,0.0,0.000000
0.003118500,0.584804,0.0,0.000000
0.003118750,0.584932,0.0,0.000000
0.003119000,0.585060,0.0,0.000000
0.003119250,0.585188,0.0,0.000000
0.003119500,0.585316,0.0,0.000000
0.003119750,0.585444,0.0,0.000000
0.003120000,0.585572,0.0,0.000000
0.003120250,0.585700,0.0,0.000000
0.003120500,0.585828,0.0,0.000000
0.003120750,0.585956,0.0,0.000000
0.003121000,0.586084,0.0,0.000000
0.003121250,0.586212,0.0,0.000000
0.003121500,0.586340,0.0,0.000000
0.003121750,0.586468,0.0,0.000000
0.003122000,0.586595,0.0,0.000000
0.003122250,0.586723,0.0,0.000000
0.003122500,0.586851,0.0,0.000000
0.003122750,0.586979,0.0,0.000000
0.003123000,0.587106,0.0,0.000000
0.003123250,0.587234,0.0,0.000000
0.003123500,0.587362,0.0,0.000000
0.003123750,0.587489,0.0,0.000000
0.003124000,0.587617,0.0,0.000000
0.003124250,0.587744,0.0,0.000000
0.003124500,0.587872,0.0,0.000000
0.003124750,0.587999,0.0,0.000000
0.003125000,0.588127,0.0,0.000000
0.003125250,0.588254,0.0,0.000000
0.003125500,0.588382,0.0,0.000000
0.003125750,0.588509,0.0,0.000000
0.003126000,0.588637,0.0,0.000000
0.003126250,0.588764,0.0,0.000000
0.003126500,0.588891,0.0,0.000000
0.003126750,0.589019,0.0,0.000000
0.003127000,0.589146,0.0,0.000000
0.003127250,0.589273,0.0,0.000000
0.003127500,0.589400,0.0,0.000000
0.003127750,0.589528,0.0,0.000000
0.003128000,0.589655,0.0,0.000000
0.003128250,0.589782,0.0,0.000000
0.003128500,0.589909,0.0,0.000000
0.003128750,0.590036,0.0,0.000000
0.003129000,0.590163,0.0,0.000000
0.003129250,0.590290,0.0,0.000000
0.003129500,0.590417,0.0,0.000000
0.003129750,0.590544,0.0,0.000000
0.003130000,0.590671,0.0,0.000000
0.003130250,0.590798,0.0,0.000000
0.003130500,0.590925,0.0,0.000000
0.003130750,0.591052,0.0,0.000000
0.003131000,0.591179,0.0,0.000000
0.003131250,0.591306,0.0,0.000000
0.003131500,0.591432,0.0,0.000000
0.003131750,0.591559,0.0,0.000000
0.003132000,0.591686,0.0,0.000000
0.003132250,0.591813,0.0,0.000000
0.003132500,0.591939,0.0,0.000000
0.003132750,0.592066,0.0,0.000000
0.003133000,0.592193,0.0,0.000000
0.003133250,0.592319,0.0,0.000000
0.003133500,0.592446,0.0,0.000000
0.003133750,0.592572,0.0,0.000000
0.003134000,0.592699,0.0,0.000000
0.003134250,0.592825,0.0,0.000000
0.003134500,0.592952,0.0,0.000000
0.003134750,0.593078,0.0,0.000000
0.003135000,0.593205,0.0,0.000000
0.003135250,0.593331,0.0,0.000000
0.003135500,0.593458,0.0,0.000000
0.003135750,0.593584,0.0,0.000000
0.003136000,0.593710,0.0,0.000000
0.003136250,0.593837,0.0,0.000000
0.003136500,0.593963,0.0,0.000000
0.003136750,0.594089,0.0,0.000000
0.003137000,0.594215,0.0,0.000000
0.003137250,0.594342,0.0,0.000000
0.003137500,0.594468,0.0,0.000000
0.003137750,0.594594,0.0,0.000000
0.003138000,0.594720,0.0,0.000000
0.003138250,0.594846,0.0,0.000000
0.003138500,0.594972,0.0,0.000000
0.003138750,0.595098,0.0,0.000000
0.003139000,0.595224,0.0,0.000000
0.003139250,0.595350,0.0,0.000000
0.003139500,0.595476,0.0,0.000000
0.003139750,0.595602,0.0,0.000000
0.003140000,0.595728,0.0,0.000000
0.003140250,0.595854,0.0,0.000000
0.003140500,0.595980,0.0,0.000000
0.003140750,0.596106,0.0,0.000000
0.003141000,0.596231,0.0,0.000000
0.003141250,0.596357,0.0,0.000000
0.003141500,0.596483,0.0,0.000000
0.003141750,0.596609,0.0,0.000000
0.003142000,0.596734,0.0,0.000000
0.003142250,0.596860,0.0,0.000000
0.003142500,0.596986,0.0,0.000000
0.003142750,0.597111,0.0,0.000000
0.003143000,0.597237,0.0,0.000000
0.003143250,0.597362,0.0,0.000000
0.003143500,0.597488,0.0,0.000000
0.003143750,0.597613,0.0,0.000000
0.003144000,0.597739,0.0,0.000000
0.003144250,0.597864,0.0,0.000000
0.003144500,0.597990,0.0,0.000000
0.003144750,0.598115,0.0,0.000000
0.003145000,0.598241,0.0,0.000000
0.003145250,0.598366,0.0,0.000000
0.003145500,0.598491,0.0,0.000000
0.003145750,0.598617,0.0,0.000000
0.003146000,0.598742,0.0,0.000000
0.003146250,0.598867,0.0,0.000000
0.003146500,0.598992,0.0,0.000000
0.003146750,0.599118,0.0,0.000000
0.003147000,0.599243,0.0,0.000000
0.003147250,0.599368,0.0,0.000000
0.003147500,0.599493,0.0,0.000000
0.003147750,0.599618,0.0,0.000000
0.003148000,0.599743,0.0,0.000000
0.003148250,0.599868,0.0,0.000000
0.003148500,0.599993,0.0,0.000000
0.003148750,0.600118,0.0,0.000000
0.003149000,0.600243,0.0,0.000000
0.003149250,0.600368,0.0,0.000000
0.003149500,0.600493,0.0,0.000000
0.003149750,0.600618,0.0,0.000000
0.003150000,0.600743,0.0,0.000000
0.003150250,0.600868,0.0,0.000000
0.003150500,0.600992,0.0,0.000000
0.003150750,0.601117,0.0,0.000000
0.003151000,0.601242,0.0,0.000000
0.003151250,0.601367,0.0,0.000000
0.003151500,0.601491,0.0,0.000000
0.003151750,0.601616,0.0,0.000000
0.003152000,0.601741,0.0,0.000000
0.003152250,0.601865,0.0,0.000000
0.003152500,0.601990,0.0,0.000000
0.003152750,0.602115,0.0,0.000000
0.003153000,0.602239,0.0,0.000000
0.003153250,0.602364,0.0,0.000000
0.003153500,0.602488,0.0,0.000000
0.003153750,0.602613,0.0,0.000000
0.003154000,0.602737,0.0,0.000000
0.003154250,0.602861,0.0,0.000000
0.003154500,0.602986,0.0,0.000000
0.003154750,0.603110,0.0,0.000000
0.003155000,0.603235,0.0,0.000000
0.003155250,0.603359,0.0,0.000000
0.003155500,0.603483,0.0,0.000000
0.003155750,0.603607,0.0,0.000000
0.003156000,0.603732,0.0,0.000000
0.003156250,0.603856,0.0,0.000000
0.003156500,0.603980,0.0,0.000000
0.003156750,0.604104,0.0,0.000000
0.003157000,0.604228,0.0,0.000000
0.003157250,0.604353,0.0,0.000000
0.003157500,0.604477,0.0,0.000000
0.003157750,0.604601,0.0,0.000000
0.003158000,0.604725,0.0,0.000000
0.003158250,0.604849,0.0,0.000000
0.003158500,0.604973,0.0,0.000000
0.003158750,0.605097,0.0,0.000000
0.003159000,0.605221,0.0,0.000000
0.003159250,0.605344,0.0,0.000000
0.003159500,0.605468,0.0,0.000000
0.003159750,0.605592,0.0,0.000000
0.003160000,0.605716,0.0,0.000000
0.003160250,0.605840,0.0,0.000000
0.003160500,0.605964,0.0,0.000000
0.003160750,0.606087,0.0,0.000000
0.003161000,0.606211,0.0,0.000000
0.003161250,0.606335,0.0,0.000000
0.003161500,0.606458,0.0,0.000000
0.003161750,0.606582,0.0,0.000000
0.003162000,0.606706,0.0,0.000000
0.003162250,0.606829,0.0,0.000000
0.003162500,0.606953,0.0,0.000000
0.003162750,0.607076,0.0,0.000000
0.003163000,0.607200,0.0,0.000000
0.003163250,0.607323,0.0,0.000000
0.003163500,0.607447,0.0,0.000000
0.003163750,0.607570,0.0,0.000000
0.003164000,0.607694,0.0,0.000000
0.003164250,0.607817,0.0,0.000000
0.003164500,0.607940,0.0,0.000000
0.003164750,0.608064,0.0,0.000000
0.003165000,0.608187,0.0,0.000000
0.003165250,0.608310,0.0,0.000000
0.003165500,0.608434,0.0,0.000000
0.003165750,0.608557,0.0,0.000000
0.003166000,0.608680,0.0,0.000000
0.003166250,0.608803,0.0,0.000000
0.003166500,0.608926,0.0,0.000000
0.003166750,0.609050,0.0,0.000000
0.003167000,0.609173,0.0,0.000000
0.003167250,0.609296,0.0,0.000000
0.003167500,0.609419,0.0,0.000000
0.003167750,0.609542,0.0,0.000000
0.003168000,0.609665,0.0,0.000000
0.003168250,0.609788,0.0,0.000000
0.003168500,0.609911,0.0,0.000000
0.003168750,0.610034,0.0,0.000000
0.003169000,0.610157,0.0,0.000000
0.003169250,0.610280,0.0,0.000000
0.003169500,0.610402,0.0,0.000000
0.003169750,0.610525,0.0,0.000000
0.003170000,0.610648,0.0,0.000000
0.003170250,0.610771,0.0,0.000000
0.003170500,0.610894,0.0,0.000000
0.003170750,0.611016,0.0,0.000000
0.003171000,0.611139,0.0,0.000000
0.003171250,0.611262,0.0,0.000000
0.003171500,0.611384,0.0,0.000000
0.003171750,0.611507,0.0,0.000000
0.003172000,0.611629,0.0,0.000000
0.003172250,0.611752,0.0,0.000000
0.003172500,0.611875,0.0,0.000000
0.003172750,0.611997,0.0,0.000000
0.003173000,0.612120,0.0,0.000000
0.003173250,0.612242,0.0,0.000000
0.003173500,0.612364,0.0,0.000000
0.003173750,0.612487,0.0,0.000000
0.003174000,0.612609,0.0,0.000000
0.003174250,0.612732,0.0,0.000000
0.003174500,0.612854,0.0,0.000000
0.003174750,0.612976,0.0,0.000000
0.003175000,0.613099,0.0,0.000000
0.003175250,0.613221,0.0,0.000000
0.003175500,0.613343,0.0,0.000000
0.003175750,0.613465,0.0,0.000000
0.003176000,0.613587,0.0,0.000000
0.003176250,0.613710,0.0,0.000000
0.003176500,0.613832,0.0,0.000000
0.003176750,0.613954,0.0,0.000000
0.003177000,0.614076,0.0,0.000000
0.003177250,0.614198,0.0,0.000000
0.003177500,0.614320,0.0,0.000000
0.003177750,0.614442,0.0,0.000000
0.003178000,0.614564,0.0,0.000000
0.003178250,0.614686,0.0,0.000000
0.003178500,0.614808,0.0,0.000000
0.003178750,0.614930,0.0,0.000000
0.003179000,0.615052,0.0,0.000000
0.003179250,0.615174,0.0,0.000000
0.003179500,0.615295,0.0,0.000000
0.003179750,0.615417,0.0,0.000000
0.003180000,0.615539,0.0,0.000000
0.003180250,0.615661,0.0,0.000000
0.003180500,0.615783,0.0,0.000000
0.003180750,0.615904,0.0,0.000000
0.003181000,0.616026,0.0,0.000000
0.003181250,0.616148,0.0,0.000000
0.003181500,0.616269,0.0,0.000000
0.003181750,0.616391,0.0,0.000000
0.003182000,0.616512,0.0,0.000000
0.003182250,0.616634,0.0,0.000000
0.003182500,0.616755,0.0,0.000000
0.003182750,0.616877,0.0,0.000000
0.003183000,0.616998,0.0,0.000000
0.003183250,0.617120,0.0,0.000000
0.003183500,0.617241,0.0,0.000000
0.003183750,0.617363,0.0,0.000000
0.003184000,0.617484,0.0,0.000000
0.003184250,0.617605,0.0,0.000000
0.003184500,0.617727,0.0,0.000000
0.003184750,0.617848,0.0,0.000000
0.003185000,0.617969,0.0,0.000000
0.003185250,0.618091,0.0,0.000000
0.003185500,0.618212,0.0,0.000000
0.003185750,0.618333,0.0,0.000000
0.003186000,0.618454,0.0,0.000000
0.003186250,0.618575,0.0,0.000000
0.003186500,0.618696,0.0,0.000000
0.003186750,0.618818,0.0,0.000000
0.003187000,0.618939,0.0,0.000000
0.003187250,0.619060,0.0,0.000000
0.003187500,0.619181,0.0,0.000000
0.003187750,0.619302,0.0,0.000000
0.003188000,0.619423,0.0,0.000000
0.003188250,0.619544,0.0,0.000000
0.003188500,0.619665,0.0,0.000000
0.003188750,0.619785,0.0,0.000000
0.003189000,0.619906,0.0,0.000000
0.003189250,0.620027,0.0,0.000000
0.003189500,0.620148,0.0,0.000000
0.003189750,0.620269,0.0,0.000000
0.003190000,0.620390,0.0,0.000000
0.003190250,0.620510,0.0,0.000000
0.003190500,0.620631,0.0,0.000000
0.003190750,0.620752,0.0,0.000000
0.003191000,0.620872,0.0,0.000000
0.003191250,0.620993,0.0,0.000000
0.003191500,0.621114,0.0,0.000000
0.003191750,0.621234,0.0,0.000000
0.003192000,0.621355,0.0,0.000000
0.003192250,0.621475,0.0,0.000000
0.003192500,0.621596,0.0,0.000000
0.003192750,0.621716,0.0,0.000000
0.003193000,0.621837,0.0,0.000000
0.003193250,0.621957,0.0,0.000000
0.003193500,0.622078,0.0,0.000000
0.003193750,0.622198,0.0,0.000000
0.003194000,0.622318,0.0,0.000000
0.003194250,0.622439,0.0,0.000000
0.003194500,0.622559,0.0,0.000000
0.003194750,0.622679,0.0,0.000000
0.003195000,0.622800,0.0,0.000000
0.003195250,0.622920,0.0,0.000000
0.003195500,0.623040,0.0,0.000000
0.003195750,0.623160,0.0,0.000000
0.003196000,0.623280,0.0,0.000000
0.003196250,0.623401,0.0,0.000000
0.003196500,0.623521,0.0,0.000000
0.003196750,0.623641,0.0,0.000000
0.003197000,0.623761,0.0,0.000000
0.003197250,0.623881,0.0,0.000000
0.003197500,0.624001,0.0,0.000000
0.003197750,0.624121,0.0,0.000000
0.003198000,0.624241,0.0,0.000000
0.003198250,0.624361,0.0,0.000000
0.003198500,0.624481,0.0,0.000000
0.003198750,0.624601,0.0,0.000000
0.003199000,0.624720,0.0,0.000000
0.003199250,0.624840,0.0,0.000000
0.003199500,0.624960,0.0,0.000000
0.003199750,0.625080,0.0,0.000000
0.003200000,0.625200,0.0,0.000000
0.003200250,0.625319,0.0,0.000000
0.003200500,0.625439,0.0,0.000000
0.003200750,0.625559,0.0,0.000000
0.003201000,0.625679,0.0,0.000000
0.003201250,0.625798,0.0,0.000000
0.003201500,0.625918,0.0,0.000000
0.003201750,0.626037,0.0,0.000000
0.003202000,0.626157,0.0,0.000000
0.003202250,0.626276,0.0,0.000000
0.003202500,0.626396,0.0,0.000000
0.003202750,0.626516,0.0,0.000000
0.003203000,0.626635,0.0,0.000000
0.003203250,0.626754,0.0,0.000000
0.003203500,0.626874,0.0,0.000000
0.003203750,0.626993,0.0,0.000000
0.003204000,0.627113,0.0,0.000000
0.003204250,0.627232,0.0,0.000000
0.003204500,0.627351,0.0,0.000000
0.003204750,0.627470,0.0,0.000000
0.003205000,0.627590,0.0,0.000000
0.003205250,0.627709,0.0,0.000000
0.003205500,0.627828,0.0,0.000000
0.003205750,0.627947,0.0,0.000000
0.003206000,0.628067,0.0,0.000000
0.003206250,0.628186,0.0,0.000000
0.003206500,0.628305,0.0,0.000000
0.003206750,0.628424,0.0,0.000000
0.003207000,0.628543,0.0,0.000000
0.003207250,0.628662,0.0,0.000000
0.003207500,0.628781,0.0,0.000000
0.003207750,0.628900,0.0,0.000000
0.003208000,0.629019,0.0,0.000000
0.003208250,0.629138,0.0,0.000000
0.003208500,0.629257,0.0,0.000000
0.003208750,0.629376,0.0,0.000000
0.003209000,0.629495,0.0,0.000000
0.003209250,0.629614,0.0,0.000000
0.003209500,0.629732,0.0,0.000000
0.003209750,0.629851,0.0,0.000000
0.003210000,0.629970,0.0,0.000000
0.003210250,0.630089,0.0,0.000000
0.003210500,0.630207,0.0,0.000000
0.003210750,0.630326,0.0,0.000000
0.003211000,0.630445,0.0,0.000000
0.003211250,0.630563,0.0,0.000000
0.003211500,0.630682,0.0,0.000000
0.003211750,0.630801,0.0,0.000000
0.003212000,0.630919,0.0,0.000000
0.003212250,0.631038,0.0,0.000000
0.003212500,0.631156,0.0,0.000000
0.003212750,0.631275,0.0,0.000000
0.003213000,0.631393,0.0,0.000000
0.003213250,0.631512,0.0,0.000000
0.003213500,0.631630,0.0,0.000000
0.003213750,0.631749,0.0,0.000000
0.003214000,0.631867,0.0,0.000000
0.003214250,0.631985,0.0,0.000000
0.003214500,0.632104,0.0,0.000000
0.003214750,0.632222,0.0,0.000000
0.003215000,0.632340,0.0,0.000000
0.003215250,0.632458,0.0,0.000000
0.003215500,0.632577,0.0,0.000000
0.003215750,0.632695,0.0,0.000000
0.003216000,0.632813,0.0,0.000000
0.003216250,0.632931,0.0,0.000000
0.003216500,0.633049,0.0,0.000000
0.003216750,0.633167,0.0,0.000000
0.003217000,0.633286,0.0,0.000000
0.003217250,0.633404,0.0,0.000000
0.003217500,0.633522,0.0,0.000000
0.003217750,0.633640,0.0,0.000000
0.003218000,0.633758,0.0,0.000000
0.003218250,0.633876,0.0,0.000000
0.003218500,0.633994,0.0,0.000000
0.003218750,0.634111,0.0,0.000000
0.003219000,0.634229,0.0,0.000000
0.003219250,0.634347,0.0,0.000000
0.003219500,0.634465,0.0,0.000000
0.003219750,0.634583,0.0,0.000000
0.003220000,0.634701,0.0,0.000000
0.003220250,0.634818,0.0,0.000000
0.003220500,0.634936,0.0,0.000000
0.003220750,0.635054,0.0,0.000000
0.003221000,0.635171,0.0,0.000000
0.003221250,0.635289,0.0,0.000000
0.003221500,0.635407,0.0,0.000000
0.003221750,0.635524,0.0,0.000000
0.003222000,0.635642,0.0,0.000000
0.003222250,0.635760,0.0,0.000000
0.003222500,0.635877,0.0,0.000000
0.003222750,0.635995,0.0,0.000000
0.003223000,0.636112,0.0,0.000000
0.003223250,0.636230,0.0,0.000000
0.003223500,0.636347,0.0,0.000000
0.003223750,0.636464,0.0,0.000000
0.003224000,0.636582,0.0,0.000000
0.003224250,0.636699,0.0,0.000000
0.003224500,0.636817,0.0,0.000000
0.003224750,0.636934,0.0,0.000000
0.003225000,0.637051,0.0,0.000000
0.003225250,0.637168,0.0,0.000000
0.003225500,0.637286,0.0,0.000000
0.003225750,0.637403,0.0,0.000000
0.003226000,0.637520,0.0,0.000000
0.003226250,0.637637,0.0,0.000000
0.003226500,0.637754,0.0,0.000000
0.003226750,0.637872,0.0,0.000000
0.003227000,0.637989,0.0,0.000000
0.003227250,0.638106,0.0,0.000000
0.003227500,0.638223,0.0,0.000000
0.003227750,0.638340,0.0,0.000000
0.003228000,0.638457,0.0,0.000000
0.003228250,0.638574,0.0,0.000000
0.003228500,0.638691,0.0,0.000000
0.003228750,0.638808,0.0,0.000000
0.003229000,0.638925,0.0,0.000000
0.003229250,0.639041,0.0,0.000000
0.003229500,0.639158,0.0,0.000000
0.003229750,0.639275,0.0,0.000000
0.003230000,0.639392,0.0,0.000000
0.003230250,0.639509,0.0,0.000000
0.003230500,0.639626,0.0,0.000000
0.003230750,0.639742,0.0,0.000000
0.003231000,0.639859,0.0,0.000000
0.003231250,0.639976,0.0,0.000000
0.003231500,0.640092,0.0,0.000000
0.003231750,0.640209,0.0,0.000000
0.003232000,0.640326,0.0,0.000000
0.003232250,0.640442,0.0,0.000000
0.003232500,0.640559,0.0,0.000000
0.003232750,0.640675,0.0,0.000000
0.003233000,0.640792,0.0,0.000000
0.003233250,0.640908,0.0,0.000000
0.003233500,0.641025,0.0,0.000000
0.003233750,0.641141,0.0,0.000000
0.003234000,0.641258,0.0,0.000000
0.003234250,0.641374,0.0,0.000000
0.003234500,0.641490,0.0,0.000000
0.003234750,0.641607,0.0,0.000000
0.003235000,0.641723,0.0,0.000000
0.003235250,0.641839,0.0,0.000000
0.003235500,0.641956,0.0,0.000000
0.003235750,0.642072,0.0,0.000000
0.003236000,0.642188,0.0,0.000000
0.003236250,0.642304,0.0,0.000000
0.003236500,0.642421,0.0,0.000000
0.003236750,0.642537,0.0,0.000000
0.003237000,0.642653,0.0,0.000000
0.003237250,0.642769,0.0,0.000000
0.003237500,0.642885,0.0,0.000000
0.003237750,0.643001,0.0,0.000000
0.003238000,0.643117,0.0,0.000000
0.003238250,0.643233,0.0,0.000000
0.003238500,0.643349,0.0,0.000000
0.003238750,0.643465,0.0,0.000000
0.003239000,0.643581,0.0,0.000000
0.003239250,0.643697,0.0,0.000000
0.003239500,0.643813,0.0,0.000000
0.003239750,0.643929,0.0,0.000000
0.003240000,0.644044,0.0,0.000000
0.003240250,0.644160,0.0,0.000000
0.003240500,0.644276,0.0,0.000000
0.003240750,0.644392,0.0,0.000000
0.003241000,0.644508,0.0,0.000000
0.003241250,0.644623,0.0,0.000000
0.003241500,0.644739,0.0,0.000000
0.003241750,0.644855,0.0,0.000000
0.003242000,0.644970,0.0,0.000000
0.003242250,0.645086,0.0,0.000000
0.003242500,0.645202,0.0,0.000000
0.003242750,0.645317,0.0,0.000000
0.003243000,0.645433,0.0,0.000000
0.003243250,0.645548,0.0,0.000000
0.003243500,0.645664,0.0,0.000000
0.003243750,0.645779,0.0,0.000000
0.003244000,0.645895,0.0,0.000000
0.003244250,0.646010,0.0,0.000000
0.003244500,0.646125,0.0,0.000000
0.003244750,0.646241,0.0,0.000000
0.003245000,0.646356,0.0,0.000000
0.003245250,0.646472,0.0,0.000000
0.003245500,0.646587,0.0,0.000000
0.003245750,0.646702,0.0,0.000000
0.003246000,0.646817,0.0,0.000000
0.003246250,0.646933,0.0,0.000000
0.003246500,0.647048,0.0,0.000000
0.003246750,0.647163,0.0,0.000000
0.003247000,0.647278,0.0,0.000000
0.003247250,0.647393,0.0,0.000000
0.003247500,0.647508,0.0,0.000000
0.003247750,0.647624,0.0,0.000000
0.003248000,0.647739,0.0,0.000000
0.003248250,0.647854,0.0,0.000000
0.003248500,0.647969,0.0,0.000000
0.003248750,0.648084,0.0,0.000000
0.003249000,0.648199,0.0,0.000000
0.003249250,0.648314,0.0,0.000000
0.003249500,0.648429,0.0,0.000000
0.003249750,0.648543,0.0,0.000000
0.003250000,0.648658,0.0,0.000000
0.003250250,0.648773,0.0,0.000000
0.003250500,0.648888,0.0,0.000000
0.003250750,0.649003,0.0,0.000000
0.003251000,0.649118,0.0,0.000000
0.003251250,0.649232,0.0,0.000000
0.003251500,0.649347,0.0,0.000000
0.003251750,0.649462,0.0,0.000000
0.003252000,0.649577,0.0,0.000000
0.003252250,0.649691,0.0,0.000000
0.003252500,0.649806,0.0,0.000000
0.003252750,0.649920,0.0,0.000000
0.003253000,0.650035,0.0,0.000000
0.003253250,0.650150,0.0,0.000000
0.003253500,0.650264,0.0,0.000000
0.003253750,0.650379,0.0,0.000000
0.003254000,0.650493,0.0,0.000000
0.003254250,0.650608,0.0,0.000000
0.003254500,0.650722,0.0,0.000000
0.003254750,0.650837,0.0,0.000000
0.003255000,0.650951,0.0,0.000000
0.003255250,0.651065,0.0,0.000000
0.003255500,0.651180,0.0,0.000000
0.003255750,0.651294,0.0,0.000000
0.003256000,0.651408,0.0,0.000000
0.003256250,0.651523,0.0,0.000000
0.003256500,0.651637,0.0,0.000000
0.003256750,0.651751,0.0,0.000000
0.003257000,0.651865,0.0,0.000000
0.003257250,0.651980,0.0,0.000000
0.003257500,0.652094,0.0,0.000000
0.003257750,0.652208,0.0,0.000000
0.003258000,0.652322,0.0,0.000000
0.003258250,0.652436,0.0,0.000000
0.003258500,0.652550,0.0,0.000000
0.003258750,0.652664,0.0,0.000000
0.003259000,0.652778,0.0,0.000000
0.003259250,0.652892,0.0,0.000000
0.003259500,0.653006,0.0,0.000000
0.003259750,0.653120,0.0,0.000000
0.003260000,0.653234,0.0,0.000000
0.003260250,0.653348,0.0,0.000000
0.003260500,0.653462,0.0,0.000000
0.003260750,0.653576,0.0,0.000000
0.003261000,0.653690,0.0,0.000000
0.003261250,0.653803,0.0,0.000000
0.003261500,0.653917,0.0,0.000000
0.003261750,0.654031,0.0,0.000000
0.003262000,0.654145,0.0,0.000000
0.003262250,0.654258,0.0,0.000000
0.003262500,0.654372,0.0,0.000000
0.003262750,0.654486,0.0,0.000000
0.003263000,0.654599,0.0,0.000000
0.003263250,0.654713,0.0,0.000000
0.003263500,0.654827,0.0,0.000000
0.003263750,0.654940,0.0,0.000000
0.003264000,0.655054,0.0,0.000000
0.003264250,0.655167,0.0,0.000000
0.003264500,0.655281,0.0,0.000000
0.003264750,0.655394,0.0,0.000000
0.003265000,0.655508,0.0,0.000000
0.003265250,0.655621,0.0,0.000000
0.003265500,0.655734,0.0,0.000000
0.003265750,0.655848,0.0,0.000000
0.003266000,0.655961,0.0,0.000000
0.003266250,0.656075,0.0,0.000000
0.003266500,0.656188,0.0,0.000000
0.003266750,0.656301,0.0,0.000000
0.003267000,0.656414,0.0,0.000000
0.003267250,0.656528,0.0,0.000000
0.003267500,0.656641,0.0,0.000000
0.003267750,0.656754,0.0,0.000000
0.003268000,0.656867,0.0,0.000000
0.003268250,0.656980,0.0,0.000000
0.003268500,0.657093,0.0,0.000000
0.003268750,0.657207,0.0,0.000000
0.003269000,0.657320,0.0,0.000000
0.003269250,0.657433,0.0,0.000000
0.003269500,0.657546,0.0,0.000000
0.003269750,0.657659,0.0,0.000000
0.003270000,0.657772,0.0,0.000000
0.003270250,0.657885,0.0,0.000000
0.003270500,0.657998,0.0,0.000000
0.003270750,0.658110,0.0,0.000000
0.003271000,0.658223,0.0,0.000000
0.003271250,0.658336,0.0,0.000000
0.003271500,0.658449,0.0,0.000000
0.003271750,0.658562,0.0,0.000000
0.003272000,0.658675,0.0,0.000000
0.003272250,0.658787,0.0,0.000000
0.003272500,0.658900,0.0,0.000000
0.003272750,0.659013,0.0,0.000000
0.003273000,0.659126,0.0,0.000000
0.003273250,0.659238,0.0,0.000000
0.003273500,0.659351,0.0,0.000000
0.003273750,0.659464,0.0,0.000000
0.003274000,0.659576,0.0,0.000000
0.003274250,0.659689,0.0,0.000000
0.003274500,0.659801,0.0,0.000000
0.003274750,0.659914,0.0,0.000000
0.003275000,0.660026,0.0,0.000000
0.003275250,0.660139,0.0,0.000000
0.003275500,0.660251,0.0,0.000000
0.003275750,0.660364,0.0,0.000000
0.003276000,0.660476,0.0,0.000000
0.003276250,0.660589,0.0,0.000000
0.003276500,0.660701,0.0,0.000000
0.003276750,0.660813,0.0,0.000000
0.003277000,0.660926,0.0,0.000000
0.003277250,0.661038,0.0,0.000000
0.003277500,0.661150,0.0,0.000000
0.003277750,0.661262,0.0,0.000000
0.003278000,0.661375,0.0,0.000000
0.003278250,0.661487,0.0,0.000000
0.003278500,0.661599,0.0,0.000000
0.003278750,0.661711,0.0,0.000000
0.003279000,0.661823,0.0,0.000000
0.003279250,0.661935,0.0,0.000000
0.003279500,0.662048,0.0,0.000000
0.003279750,0.662160,0.0,0.000000
0.003280000,0.662272,0.0,0.000000
0.003280250,0.662384,0.0,0.000000
0.003280500,0.662496,0.0,0.000000
0.003280750,0.662608,0.0,0.000000
0.003281000,0.662720,0.0,0.000000
0.003281250,0.662831,0.0,0.000000
0.003281500,0.662943,0.0,0.000000
0.003281750,0.663055,0.0,0.000000
0.003282000,0.663167,0.0,0.000000
0.003282250,0.663279,0.0,0.000000
0.003282500,0.663391,0.0,0.000000
0.003282750,0.663503,0.0,0.000000
0.003283000,0.663614,0.0,0.000000
0.003283250,0.663726,0.0,0.000000
0.003283500,0.663838,0.0,0.000000
0.003283750,0.663949,0.0,0.000000
0.003284000,0.664061,0.0,0.000000
0.003284250,0.664173,0.0,0.000000
0.003284500,0.664284,0.0,0.000000
0.003284750,0.664396,0.0,0.000000
0.003285000,0.664508,0.0,0.000000
0.003285250,0.664619,0.0,0.000000
0.003285500,0.664731,0.0,0.000000
0.003285750,0.664842,0.0,0.000000
0.003286000,0.664954,0.0,0.000000
0.003286250,0.665065,0.0,0.000000
0.003286500,0.665177,0.0,0.000000
0.003286750,0.665288,0.0,0.000000
0.003287000,0.665399,0.0,0.000000
0.003287250,0.665511,0.0,0.000000
0.003287500,0.665622,0.0,0.000000
0.003287750,0.665733,0.0,0.000000
0.003288000,0.665845,0.0,0.000000
0.003288250,0.665956,0.0,0.000000
0.003288500,0.666067,0.0,0.000000
0.003288750,0.666178,0.0,0.000000
0.003289000,0.666290,0.0,0.000000
0.003289250,0.666401,0.0,0.000000
0.003289500,0.666512,0.0,0.000000
0.003289750,0.666623,0.0,0.000000
0.003290000,0.666734,0.0,0.000000
0.003290250,0.666845,0.0,0.000000
0.003290500,0.666956,0.0,0.000000
0.003290750,0.667067,0.0,0.000000
0.003291000,0.667178,0.0,0.000000
0.003291250,0.667289,0.0,0.000000
0.003291500,0.667400,0.0,0.000000
0.003291750,0.667511,0.0,0.000000
0.003292000,0.667622,0.0,0.000000
0.003292250,0.667733,0.0,0.000000
0.003292500,0.667844,0.0,0.000000
0.003292750,0.667955,0.0,0.000000
0.003293000,0.668066,0.0,0.000000
0.003293250,0.668176,0.0,0.000000
0.003293500,0.668287,0.0,0.000000
0.003293750,0.668398,0.0,0.000000
0.003294000,0.668509,0.0,0.000000
0.003294250,0.668620,0.0,0.000000
0.003294500,0.668730,0.0,0.000000
0.003294750,0.668841,0.0,0.000000
0.003295000,0.668952,0.0,0.000000
0.003295250,0.669062,0.0,0.000000
0.003295500,0.669173,0.0,0.000000
0.003295750,0.669283,0.0,0.000000
0.003296000,0.669394,0.0,0.000000
0.003296250,0.669504,0.0,0.000000
0.003296500,0.669615,0.0,0.000000
0.003296750,0.669725,0.0,0.000000
0.003297000,0.669836,0.0,0.000000
0.003297250,0.669946,0.0,0.000000
0.003297500,0.670057,0.0,0.000000
0.003297750,0.670167,0.0,0.000000
0.003298000,0.670278,0.0,0.000000
0.003298250,0.670388,0.0,0.000000
0.003298500,0.670498,0.0,0.000000
0.003298750,0.670609,0.0,0.000000
0.003299000,0.670719,0.0,0.000000
0.003299250,0.670829,0.0,0.000000
0.003299500,0.670939,0.0,0.000000
0.003299750,0.671049,0.0,0.000000
0.003300000,0.671160,0.0,0.000000
0.003300250,0.671270,0.0,0.000000
0.003300500,0.671380,0.0,0.000000
0.003300750,0.671490,0.0,0.000000
0.003301000,0.671600,0.0,0.000000
0.003301250,0.671710,0.0,0.000000
0.003301500,0.671820,0.0,0.000000
0.003301750,0.671930,0.0,0.000000
0.003302000,0.672040,0.0,0.000000
0.003302250,0.672150,0.0,0.000000
0.003302500,0.672260,0.0,0.000000
0.003302750,0.672370,0.0,0.000000
0.003303000,0.672480,0.0,0.000000
0.003303250,0.672590,0.0,0.000000
0.003303500,0.672700,0.0,0.000000
0.003303750,0.672810,0.0,0.000000
0.003304000,0.672920,0.0,0.000000
0.003304250,0.673029,0.0,0.000000
0.003304500,0.673139,0.0,0.000000
0.003304750,0.673249,0.0,0.000000
0.003305000,0.673359,0.0,0.000000
0.003305250,0.673468,0.0,0.000000
0.003305500,0.673578,0.0,0.000000
0.003305750,0.673688,0.0,0.000000
0.003306000,0.673797,0.0,0.000000
0.003306250,0.673907,0.0,0.000000
0.003306500,0.674017,0.0,0.000000
0.003306750,0.674126,0.0,0.000000
0.003307000,0.674236,0.0,0.000000
0.003307250,0.674345,0.0,0.000000
0.003307500,0.674455,0.0,0.000000
0.003307750,0.674564,0.0,0.000000
0.003308000,0.674674,0.0,0.000000
0.003308250,0.674783,0.0,0.000000
0.003308500,0.674893,0.0,0.000000
0.003308750,0.675002,0.0,0.000000
0.003309000,0.675111,0.0,0.000000
0.003309250,0.675221,0.0,0.000000
0.003309500,0.675330,0.0,0.000000
0.003309750,0.675439,0.0,0.000000
0.003310000,0.675548,0.0,0.000000
0.003310250,0.675658,0.0,0.000000
0.003310500,0.675767,0.0,0.000000
0.003310750,0.675876,0.0,0.000000
0.003311000,0.675985,0.0,0.000000
0.003311250,0.676095,0.0,0.000000
0.003311500,0.676204,0.0,0.000000
0.003311750,0.676313,0.0,0.000000
0.003312000,0.676422,0.0,0.000000
0.003312250,0.676531,0.0,0.000000
0.003312500,0.676640,0.0,0.000000
0.003312750,0.676749,0.0,0.000000
0.003313000,0.676858,0.0,0.000000
0.003313250,0.676967,0.0,0.000000
0.003313500,0.677076,0.0,0.000000
0.003313750,0.677185,0.0,0.000000
0.003314000,0.677294,0.0,0.000000
0.003314250,0.677403,0.0,0.000000
0.003314500,0.677512,0.0,0.000000
0.003314750,0.677620,0.0,0.000000
0.003315000,0.677729,0.0,0.000000
0.003315250,0.677838,0.0,0.000000
0.003315500,0.677947,0.0,0.000000
0.003315750,0.678056,0.0,0.000000
0.003316000,0.678164,0.0,0.000000
0.003316250,0.678273,0.0,0.000000
0.003316500,0.678382,0.0,0.000000
0.003316750,0.678490,0.0,0.000000
0.003317000,0.678599,0.0,0.000000
0.003317250,0.678708,0.0,0.000000
0.003317500,0.678816,0.0,0.000000
0.003317750,0.678925,0.0,0.000000
0.003318000,0.679033,0.0,0.000000
0.003318250,0.679142,0.0,0.000000
0.003318500,0.679250,0.0,0.000000
0.003318750,0.679359,0.0,0.000000
0.003319000,0.679467,0.0,0.000000
0.003319250,0.679576,0.0,0.000000
0.003319500,0.679684,0.0,0.000000
0.003319750,0.679793,0.0,0.000000
0.003320000,0.679901,0.0,0.000000
0.003320250,0.680009,0.0,0.000000
0.003320500,0.680118,0.0,0.000000
0.003320750,0.680226,0.0,0.000000
0.003321000,0.680334,0.0,0.000000
0.003321250,0.680442,0.0,0.000000
0.003321500,0.680551,0.0,0.000000
0.003321750,0.680659,0.0,0.000000
0.003322000,0.680767,0.0,0.000000
0.003322250,0.680875,0.0,0.000000
0.003322500,0.680983,0.0,0.000000
0.003322750,0.681091,0.0,0.000000
0.003323000,0.681200,0.0,0.000000
0.003323250,0.681308,0.0,0.000000
0.003323500,0.681416,0.0,0.000000
0.003323750,0.681524,0.0,0.000000
0.003324000,0.681632,0.0,0.000000
0.003324250,0.681740,0.0,0.000000
0.003324500,0.681848,0.0,0.000000
0.003324750,0.681956,0.0,0.000000
0.003325000,0.682064,0.0,0.000000
0.003325250,0.682171,0.0,0.000000
0.003325500,0.682279,0.0,0.000000
0.003325750,0.682387,0.0,0.000000
0.003326000,0.682495,0.0,0.000000
0.003326250,0.682603,0.0,0.000000
0.003326500,0.682711,0.0,0.000000
0.003326750,0.682818,0.0,0.000000
0.003327000,0.682926,0.0,0.000000
0.003327250,0.683034,0.0,0.000000
0.003327500,0.683142,0.0,0.000000
0.003327750,0.683249,0.0,0.000000
0.003328000,0.683357,0.0,0.000000
0.003328250,0.683464,0.0,0.000000
0.003328500,0.683572,0.0,0.000000
0.003328750,0.683680,0.0,0.000000
0.003329000,0.683787,0.0,0.000000
0.003329250,0.683895,0.0,0.000000
0.003329500,0.684002,0.0,0.000000
0.003329750,0.684110,0.0,0.000000
0.003330000,0.684217,0.0,0.000000
0.003330250,0.684325,0.0,0.000000
0.003330500,0.684432,0.0,0.000000
0.003330750,0.684539,0.0,0.000000
0.003331000,0.684647,0.0,0.000000
0.003331250,0.684754,0.0,0.000000
0.003331500,0.684862,0.0,0.000000
0.003331750,0.684969,0.0,0.000000
0.003332000,0.685076,0.0,0.000000
0.003332250,0.685183,0.0,0.000000
0.003332500,0.685291,0.0,0.000000
0.003332750,0.685398,0.0,0.000000
0.003333000,0.685505,0.0,0.000000
0.003333250,0.685612,0.0,0.000000
0.003333500,0.685719,0.0,0.000000
0.003333750,0.685827,0.0,0.000000
0.003334000,0.685934,0.0,0.000000
0.003334250,0.686041,0.0,0.000000
0.003334500,0.686148,0.0,0.000000
0.003334750,0.686255,0.0,0.000000
0.003335000,0.686362,0.0,0.000000
0.003335250,0.686469,0.0,0.000000
0.003335500,0.686576,0.0,0.000000
0.003335750,0.686683,0.0,0.000000
0.003336000,0.686790,0.0,0.000000
0.003336250,0.686897,0.0,0.000000
0.003336500,0.687004,0.0,0.000000
0.003336750,0.687110,0.0,0.000000
0.003337000,0.687217,0.0,0.000000
0.003337250,0.687324,0.0,0.000000
0.003337500,0.687431,0.0,0.000000
0.003337750,0.687538,0.0,0.000000
0.003338000,0.687644,0.0,0.000000
0.003338250,0.687751,0.0,0.000000
0.003338500,0.687858,0.0,0.000000
0.003338750,0.687965,0.0,0.000000
0.003339000,0.688071,0.0,0.000000
0.003339250,0.688178,0.0,0.000000
0.003339500,0.688285,0.0,0.000000
0.003339750,0.688391,0.0,0.000000
0.003340000,0.688498,0.0,0.000000
0.003340250,0.688604,0.0,0.000000
0.003340500,0.688711,0.0,0.000000
0.003340750,0.688817,0.0,0.000000
0.003341000,0.688924,0.0,0.000000
0.003341250,0.689030,0.0,0.000000
0.003341500,0.689137,0.0,0.000000
0.003341750,0.689243,0.0,0.000000
0.003342000,0.689350,0.0,0.000000
0.003342250,0.689456,0.0,0.000000
0.003342500,0.689562,0.0,0.000000
0.003342750,0.689669,0.0,0.000000
0.003343000,0.689775,0.0,0.000000
0.003343250,0.689881,0.0,0.000000
0.003343500,0.689987,0.0,0.000000
0.003343750,0.690094,0.0,0.000000
0.003344000,0.690200,0.0,0.000000
0.003344250,0.690306,0.0,0.000000
0.003344500,0.690412,0.0,0.000000
0.003344750,0.690518,0.0,0.000000
0.003345000,0.690625,0.0,0.000000
0.003345250,0.690731,0.0,0.000000
0.003345500,0.690837,0.0,0.000000
0.003345750,0.690943,0.0,0.000000
0.003346000,0.691049,0.0,0.000000
0.003346250,0.691155,0.0,0.000000
0.003346500,0.691261,0.0,0.000000
0.003346750,0.691367,0.0,0.000000
0.003347000,0.691473,0.0,0.000000
0.003347250,0.691579,0.0,0.000000
0.003347500,0.691685,0.0,0.000000
0.003347750,0.691791,0.0,0.000000
0.003348000,0.691896,0.0,0.000000
0.003348250,0.692002,0.0,0.000000
0.003348500,0.692108,0.0,0.000000
0.003348750,0.692214,0.0,0.000000
0.003349000,0.692320,0.0,0.000000
0.003349250,0.692425,0.0,0.000000
0.003349500,0.692531,0.0,0.000000
0.003349750,0.692637,0.0,0.000000
0.003350000,0.692743,0.0,0.000000
0.003350250,0.692848,0.0,0.000000
0.003350500,0.692954,0.0,0.000000
0.003350750,0.693060,0.0,0.000000
0.003351000,0.693165,0.0,0.000000
0.003351250,0.693271,0.0,0.000000
0.003351500,0.693376,0.0,0.000000
0.003351750,0.693482,0.0,0.000000
0.003352000,0.693587,0.0,0.000000
0.003352250,0.693693,0.0,0.000000
0.003352500,0.693798,0.0,0.000000
0.003352750,0.693904,0.0,0.000000
0.003353000,0.694009,0.0,0.000000
0.003353250,0.694115,0.0,0.000000
0.003353500,0.694220,0.0,0.000000
0.003353750,0.694325,0.0,0.000000
0.003354000,0.694431,0.0,0.000000
0.003354250,0.694536,0.0,0.000000
0.003354500,0.694641,0.0,0.000000
0.003354750,0.694747,0.0,0.000000
0.003355000,0.694852,0.0,0.000000
0.003355250,0.694957,0.0,0.000000
0.003355500,0.695062,0.0,0.000000
0.003355750,0.695167,0.0,0.000000
0.003356000,0.695273,0.0,0.000000
0.003356250,0.695378,0.0,0.000000
0.003356500,0.695483,0.0,0.000000
0.003356750,0.695588,0.0,0.000000
0.003357000,0.695693,0.0,0.000000
0.003357250,0.695798,0.0,0.000000
0.003357500,0.695903,0.0,0.000000
0.003357750,0.696008,0.0,0.000000
0.003358000,0.696113,0.0,0.000000
0.003358250,0.696218,0.0,0.000000
0.003358500,0.696323,0.0,0.000000
0.003358750,0.696428,0.0,0.000000
0.003359000,0.696533,0.0,0.000000
0.003359250,0.696638,0.0,0.000000
0.003359500,0.696743,0.0,0.000000
0.003359750,0.696847,0.0,0.000000
0.003360000,0.696952,0.0,0.000000
0.003360250,0.697057,0.0,0.000000
0.003360500,0.697162,0.0,0.000000
0.003360750,0.697267,0.0,0.000000
0.003361000,0.697371,0.0,0.000000
0.003361250,0.697476,0.0,0.000000
0.003361500,0.697581,0.0,0.000000
0.003361750,0.697685,0.0,0.000000
0.003362000,0.697790,0.0,0.000000
0.003362250,0.697895,0.0,0.000000
0.003362500,0.697999,0.0,0.000000
0.003362750,0.698104,0.0,0.000000
0.003363000,0.698208,0.0,0.000000
0.003363250,0.698313,0.0,0.000000
0.003363500,0.698417,0.0,0.000000
0.003363750,0.698522,0.0,0.000000
0.003364000,0.698626,0.0,0.000000
0.003364250,0.698731,0.0,0.000000
0.003364500,0.698835,0.0,0.000000
0.003364750,0.698940,0.0,0.000000
0.003365000,0.699044,0.0,0.000000
0.003365250,0.699148,0.0,0.000000
0.003365500,0.699253,0.0,0.000000
0.003365750,0.699357,0.0,0.000000
0.003366000,0.699461,0.0,0.000000
0.003366250,0.699566,0.0,0.000000
0.003366500,0.699670,0.0,0.000000
0.003366750,0.699774,0.0,0.000000
0.003367000,0.699878,0.0,0.000000
0.003367250,0.699982,0.0,0.000000
0.003367500,0.700087,0.0,0.000000
0.003367750,0.700191,0.0,0.000000
0.003368000,0.700295,0.0,0.000000
0.003368250,0.700399,0.0,0.000000
0.003368500,0.700503,0.0,0.000000
0.003368750,0.700607,0.0,0.000000
0.003369000,0.700711,0.0,0.000000
0.003369250,0.700815,0.0,0.000000
0.003369500,0.700919,0.0,0.000000
0.003369750,0.701023,0.0,0.000000
0.003370000,0.701127,0.0,0.000000
0.003370250,0.701231,0.0,0.000000
0.003370500,0.701335,0.0,0.000000
0.003370750,0.701439,0.0,0.000000
0.003371000,0.701543,0.0,0.000000
0.003371250,0.701646,0.0,0.000000
0.003371500,0.701750,0.0,0.000000
0.003371750,0.701854,0.0,0.000000
0.003372000,0.701958,0.0,0.000000
0.003372250,0.702062,0.0,0.000000
0.003372500,0.702165,0.0,0.000000
0.003372750,0.702269,0.0,0.000000
0.003373000,0.702373,0.0,0.000000
0.003373250,0.702476,0.0,0.000000
0.003373500,0.702580,0.0,0.000000
0.003373750,0.702684,0.0,0.000000
0.003374000,0.702787,0.0,0.000000
0.003374250,0.702891,0.0,0.000000
0.003374500,0.702994,0.0,0.000000
0.003374750,0.703098,0.0,0.000000
0.003375000,0.703201,0.0,0.000000
0.003375250,0.703305,0.0,0.000000
0.003375500,0.703408,0.0,0.000000
0.003375750,0.703512,0.0,0.000000
0.003376000,0.703615,0.0,0.000000
0.003376250,0.703719,0.0,0.000000
0.003376500,0.703822,0.0,0.000000
0.003376750,0.703925,0.0,0.000000
0.003377000,0.704029,0.0,0.000000
0.003377250,0.704132,0.0,0.000000
0.003377500,0.704235,0.0,0.000000
0.003377750,0.704339,0.0,0.000000
0.003378000,0.704442,0.0,0.000000
0.003378250,0.704545,0.0,0.000000
0.003378500,0.704648,0.0,0.000000
0.003378750,0.704752,0.0,0.000000
0.003379000,0.704855,0.0,0.000000
0.003379250,0.704958,0.0,0.000000
0.003379500,0.705061,0.0,0.000000
0.003379750,0.705164,0.0,0.000000
0.003380000,0.705267,0.0,0.000000
0.003380250,0.705370,0.0,0.000000
0.003380500,0.705473,0.0,0.000000
0.003380750,0.705576,0.0,0.000000
0.003381000,0.705679,0.0,0.000000
0.003381250,0.705782,0.0,0.000000
0.003381500,0.705885,0.0,0.000000
0.003381750,0.705988,0.0,0.000000
0.003382000,0.706091,0.0,0.000000
0.003382250,0.706194,0.0,0.000000
0.003382500,0.706297,0.0,0.000000
0.003382750,0.706400,0.0,0.000000
0.003383000,0.706502,0.0,0.000000
0.003383250,0.706605,0.0,0.000000
0.003383500,0.706708,0.0,0.000000
0.003383750,0.706811,0.0,0.000000
0.003384000,0.706914,0.0,0.000000
0.003384250,0.707016,0.0,0.000000
0.003384500,0.707119,0.0,0.000000
0.003384750,0.707222,0.0,0.000000
0.003385000,0.707324,0.0,0.000000
0.003385250,0.707427,0.0,0.000000
0.003385500,0.707530,0.0,0.000000
0.003385750,0.707632,0.0,0.000000
0.003386000,0.707735,0.0,0.000000
0.003386250,0.707837,0.0,0.000000
0.003386500,0.707940,0.0,0.000000
0.003386750,0.708042,0.0,0.000000
0.003387000,0.708145,0.0,0.000000
0.003387250,0.708247,0.0,0.000000
0.003387500,0.708350,0.0,0.000000
0.003387750,0.708452,0.0,0.000000
0.003388000,0.708555,0.0,0.000000
0.003388250,0.708657,0.0,0.000000
0.003388500,0.708759,0.0,0.000000
0.003388750,0.708862,0.0,0.000000
0.003389000,0.708964,0.0,0.000000
0.003389250,0.709066,0.0,0.000000
0.003389500,0.709168,0.0,0.000000
0.003389750,0.709271,0.0,0.000000
0.003390000,0.709373,0.0,0.000000
0.003390250,0.709475,0.0,0.000000
0.003390500,0.709577,0.0,0.000000
0.003390750,0.709679,0.0,0.000000
0.003391000,0.709782,0.0,0.000000
0.003391250,0.709884,0.0,0.000000
0.003391500,0.709986,0.0,0.000000
0.003391750,0.710088,0.0,0.000000
0.003392000,0.710190,0.0,0.000000
0.003392250,0.710292,0.0,0.000000
0.003392500,0.710394,0.0,0.000000
0.003392750,0.710496,0.0,0.000000
0.003393000,0.710598,0.0,0.000000
0.003393250,0.710700,0.0,0.000000
0.003393500,0.710802,0.0,0.000000
0.003393750,0.710904,0.0,0.000000
0.003394000,0.711006,0.0,0.000000
0.003394250,0.711108,0.0,0.000000
0.003394500,0.711209,0.0,0.000000
0.003394750,0.711311,0.0,0.000000
0.003395000,0.711413,0.0,0.000000
0.003395250,0.711515,0.0,0.000000
0.003395500,0.711617,0.0,0.000000
0.003395750,0.711718,0.0,0.000000
0.003396000,0.711820,0.0,0.000000
0.003396250,0.711922,0.0,0.000000
0.003396500,0.712023,0.0,0.000000
0.003396750,0.712125,0.0,0.000000
0.003397000,0.712227,0.0,0.000000
0.003397250,0.712328,0.0,0.000000
0.003397500,0.712430,0.0,0.000000
0.003397750,0.712531,0.0,0.000000
0.003398000,0.712633,0.0,0.000000
0.003398250,0.712735,0.0,0.000000
0.003398500,0.712836,0.0,0.000000
0.003398750,0.712938,0.0,0.000000
0.003399000,0.713039,0.0,0.000000
0.003399250,0.713140,0.0,0.000000
0.003399500,0.713242,0.0,0.000000
0.003399750,0.713343,0.0,0.000000
0.003400000,0.713445,0.0,0.000000
0.003400250,0.713546,0.0,0.000000
0.003400500,0.713647,0.0,0.000000
0.003400750,0.713749,0.0,0.000000
0.003401000,0.713850,0.0,0.000000
0.003401250,0.713951,0.0,0.000000
0.003401500,0.714052,0.0,0.000000
0.003401750,0.714154,0.0,0.000000
0.003402000,0.714255,0.0,0.000000
0.003402250,0.714356,0.0,0.000000
0.003402500,0.714457,0.0,0.000000
0.003402750,0.714558,0.0,0.000000
0.003403000,0.714660,0.0,0.000000
0.003403250,0.714761,0.0,0.000000
0.003403500,0.714862,0.0,0.000000
0.003403750,0.714963,0.0,0.000000
0.003404000,0.715064,0.0,0.000000
0.003404250,0.715165,0.0,0.000000
0.003404500,0.715266,0.0,0.000000
0.003404750,0.715367,0.0,0.000000
0.003405000,0.715468,0.0,0.000000
0.003405250,0.715569,0.0,0.000000
0.003405500,0.715670,0.0,0.000000
0.003405750,0.715771,0.0,0.000000
0.003406000,0.715871,0.0,0.000000
0.003406250,0.715972,0.0,0.000000
0.003406500,0.716073,0.0,0.000000
0.003406750,0.716174,0.0,0.000000
0.003407000,0.716275,0.0,0.000000
0.003407250,0.716375,0.0,0.000000
0.003407500,0.716476,0.0,0.000000
0.003407750,0.716577,0.0,0.000000
0.003408000,0.716678,0.0,0.000000
0.003408250,0.716778,0.0,0.000000
0.003408500,0.716879,0.0,0.000000
0.003408750,0.716980,0.0,0.000000
0.003409000,0.717080,0.0,0.000000
0.003409250,0.717181,0.0,0.000000
0.003409500,0.717281,0.0,0.000000
0.003409750,0.717382,0.0,0.000000
0.003410000,0.717483,0.0,0.000000
0.003410250,0.717583,0.0,0.000000
0.003410500,0.717684,0.0,0.000000
0.003410750,0.717784,0.0,0.000000
0.003411000,0.717884,0.0,0.000000
0.003411250,0.717985,0.0,0.000000
0.003411500,0.718085,0.0,0.000000
0.003411750,0.718186,0.0,0.000000
0.003412000,0.718286,0.0,0.000000
0.003412250,0.718386,0.0,0.000000
0.003412500,0.718487,0.0,0.000000
0.003412750,0.718587,0.0,0.000000
0.003413000,0.718687,0.0,0.000000
0.003413250,0.718788,0.0,0.000000
0.003413500,0.718888,0.0,0.000000
0.003413750,0.718988,0.0,0.000000
0.003414000,0.719088,0.0,0.000000
0.003414250,0.719189,0.0,0.000000
0.003414500,0.719289,0.0,0.000000
0.003414750,0.719389,0.0,0.000000
0.003415000,0.719489,0.0,0.000000
0.003415250,0.719589,0.0,0.000000
0.003415500,0.719689,0.0,0.000000
0.003415750,0.719789,0.0,0.000000
0.003416000,0.719889,0.0,0.000000
0.003416250,0.719989,0.0,0.000000
0.003416500,0.720089,0.0,0.000000
0.003416750,0.720189,0.0,0.000000
0.003417000,0.720289,0.0,0.000000
0.003417250,0.720389,0.0,0.000000
0.003417500,0.720489,0.0,0.000000
0.003417750,0.720589,0.0,0.000000
0.003418000,0.720689,0.0,0.000000
0.003418250,0.720789,0.0,0.000000
0.003418500,0.720888,0.0,0.000000
0.003418750,0.720988,0.0,0.000000
0.003419000,0.721088,0.0,0.000000
0.003419250,0.721188,0.0,0.000000
0.003419500,0.721287,0.0,0.000000
0.003419750,0.721387,0.0,0.000000
0.003420000,0.721487,0.0,0.000000
0.003420250,0.721587,0.0,0.000000
0.003420500,0.721686,0.0,0.000000
0.003420750,0.721786,0.0,0.000000
0.003421000,0.721886,0.0,0.000000
0.003421250,0.721985,0.0,0.000000
0.003421500,0.722085,0.0,0.000000
0.003421750,0.722184,0.0,0.000000
0.003422000,0.722284,0.0,0.000000
0.003422250,0.722383,0.0,0.000000
0.003422500,0.722483,0.0,0.000000
0.003422750,0.722582,0.0,0.000000
0.003423000,0.722682,0.0,0.000000
0.003423250,0.722781,0.0,0.000000
0.003423500,0.722881,0.0,0.000000
0.003423750,0.722980,0.0,0.000000
0.003424000,0.723079,0.0,0.000000
0.003424250,0.723179,0.0,0.000000
0.003424500,0.723278,0.0,0.000000
0.003424750,0.723377,0.0,0.000000
0.003425000,0.723477,0.0,0.000000
0.003425250,0.723576,0.0,0.000000
0.003425500,0.723675,0.0,0.000000
0.003425750,0.723774,0.0,0.000000
0.003426000,0.723874,0.0,0.000000
0.003426250,0.723973,0.0,0.000000
0.003426500,0.724072,0.0,0.000000
0.003426750,0.724171,0.0,0.000000
0.003427000,0.724270,0.0,0.000000
0.003427250,0.724369,0.0,0.000000
0.003427500,0.724468,0.0,0.000000
0.003427750,0.724567,0.0,0.000000
0.003428000,0.724666,0.0,0.000000
0.003428250,0.724765,0.0,0.000000
0.003428500,0.724864,0.0,0.000000
0.003428750,0.724963,0.0,0.000000
0.003429000,0.725062,0.0,0.000000
0.003429250,0.725161,0.0,0.000000
0.003429500,0.725260,0.0,0.000000
0.003429750,0.725359,0.0,0.000000
0.003430000,0.725458,0.0,0.000000
0.003430250,0.725557,0.0,0.000000
0.003430500,0.725656,0.0,0.000000
0.003430750,0.725755,0.0,0.000000
0.003431000,0.725853,0.0,0.000000
0.003431250,0.725952,0.0,0.000000
0.003431500,0.726051,0.0,0.000000
0.003431750,0.726150,0.0,0.000000
0.003432000,0.726248,0.0,0.000000
0.003432250,0.726347,0.0,0.000000
0.003432500,0.726446,0.0,0.000000
0.003432750,0.726544,0.0,0.000000
0.003433000,0.726643,0.0,0.000000
0.003433250,0.726742,0.0,0.000000
0.003433500,0.726840,0.0,0.000000
0.003433750,0.726939,0.0,0.000000
0.003434000,0.727037,0.0,0.000000
0.003434250,0.727136,0.0,0.000000
0.003434500,0.727234,0.0,0.000000
0.003434750,0.727333,0.0,0.000000
0.003435000,0.727431,0.0,0.000000
0.003435250,0.727530,0.0,0.000000
0.003435500,0.727628,0.0,0.000000
0.003435750,0.727727,0.0,0.000000
0.003436000,0.727825,0.0,0.000000
0.003436250,0.727923,0.0,0.000000
0.003436500,0.728022,0.0,0.000000
0.003436750,0.728120,0.0,0.000000
0.003437000,0.728218,0.0,0.000000
0.003437250,0.728317,0.0,0.000000
0.003437500,0.728415,0.0,0.000000
0.003437750,0.728513,0.0,0.000000
0.003438000,0.728611,0.0,0.000000
0.003438250,0.728710,0.0,0.000000
0.003438500,0.728808,0.0,0.000000
0.003438750,0.728906,0.0,0.000000
0.003439000,0.729004,0.0,0.000000
0.003439250,0.729102,0.0,0.000000
0.003439500,0.729200,0.0,0.000000
0.003439750,0.729298,0.0,0.000000
0.003440000,0.729396,0.0,0.000000
0.003440250,0.729494,0.0,0.000000
0.003440500,0.729592,0.0,0.000000
0.003440750,0.729690,0.0,0.000000
0.003441000,0.729788,0.0,0.000000
0.003441250,0.729886,0.0,0.000000
0.003441500,0.729984,0.0,0.000000
0.003441750,0.730082,0.0,0.000000
0.003442000,0.730180,0.0,0.000000
0.003442250,0.730278,0.0,0.000000
0.003442500,0.730376,0.0,0.000000
0.003442750,0.730474,0.0,0.000000
0.003443000,0.730571,0.0,0.000000
0.003443250,0.730669,0.0,0.000000
0.003443500,0.730767,0.0,0.000000
0.003443750,0.730865,0.0,0.000000
0.003444000,0.730962,0.0,0.000000
0.003444250,0.731060,0.0,0.000000
0.003444500,0.731158,0.0,0.000000
0.003444750,0.731255,0.0,0.000000
0.003445000,0.731353,0.0,0.000000
0.003445250,0.731451,0.0,0.000000
0.003445500,0.731548,0.0,0.000000
0.003445750,0.731646,0.0,0.000000
0.003446000,0.731744,0.0,0.000000
0.003446250,0.731841,0.0,0.000000
0.003446500,0.731939,0.0,0.000000
0.003446750,0.732036,0.0,0.000000
0.003447000,0.732134,0.0,0.000000
0.003447250,0.732231,0.0,0.000000
0.003447500,0.732329,0.0,0.000000
0.003447750,0.732426,0.0,0.000000
0.003448000,0.732523,0.0,0.000000
0.003448250,0.732621,0.0,0.000000
0.003448500,0.732718,0.0,0.000000
0.003448750,0.732815,0.0,0.000000
0.003449000,0.732913,0.0,0.000000
0.003449250,0.733010,0.0,0.000000
0.003449500,0.733107,0.0,0.000000
0.003449750,0.733205,0.0,0.000000
0.003450000,0.733302,0.0,0.000000
0.003450250,0.733399,0.0,0.000000
0.003450500,0.733496,0.0,0.000000
0.003450750,0.733593,0.0,0.000000
0.003451000,0.733691,0.0,0.000000
0.003451250,0.733788,0.0,0.000000
0.003451500,0.733885,0.0,0.000000
0.003451750,0.733982,0.0,0.000000
0.003452000,0.734079,0.0,0.000000
0.003452250,0.734176,0.0,0.000000
0.003452500,0.734273,0.0,0.000000
0.003452750,0.734370,0.0,0.000000
0.003453000,0.734467,0.0,0.000000
0.003453250,0.734564,0.0,0.000000
0.003453500,0.734661,0.0,0.000000
0.003453750,0.734758,0.0,0.000000
0.003454000,0.734855,0.0,0.000000
0.003454250,0.734952,0.0,0.000000
0.003454500,0.735049,0.0,0.000000
0.003454750,0.735146,0.0,0.000000
0.003455000,0.735242,0.0,0.000000
0.003455250,0.735339,0.0,0.000000
0.003455500,0.735436,0.0,0.000000
0.003455750,0.735533,0.0,0.000000
0.003456000,0.735629,0.0,0.000000
0.003456250,0.735726,0.0,0.000000
0.003456500,0.735823,0.0,0.000000
0.003456750,0.735920,0.0,0.000000
0.003457000,0.736016,0.0,0.000000
0.003457250,0.736113,0.0,0.000000
0.003457500,0.736210,0.0,0.000000
0.003457750,0.736306,0.0,0.000000
0.003458000,0.736403,0.0,0.000000
0.003458250,0.736499,0.0,0.000000
0.003458500,0.736596,0.0,0.000000
0.003458750,0.736693,0.0,0.000000
0.003459000,0.736789,0.0,0.000000
0.003459250,0.736886,0.0,0.000000
0.003459500,0.736982,0.0,0.000000
0.003459750,0.737078,0.0,0.000000
0.003460000,0.737175,0.0,0.000000
0.003460250,0.737271,0.0,0.000000
0.003460500,0.737368,0.0,0.000000
0.003460750,0.737464,0.0,0.000000
0.003461000,0.737561,0.0,0.000000
0.003461250,0.737657,0.0,0.000000
0.003461500,0.737753,0.0,0.000000
0.003461750,0.737849,0.0,0.000000
0.003462000,0.737946,0.0,0.000000
0.003462250,0.738042,0.0,0.000000
0.003462500,0.738138,0.0,0.000000
0.003462750,0.738234,0.0,0.000000
0.003463000,0.738331,0.0,0.000000
0.003463250,0.738427,0.0,0.000000
0.003463500,0.738523,0.0,0.000000
0.003463750,0.738619,0.0,0.000000
0.003464000,0.738715,0.0,0.000000
0.003464250,0.738811,0.0,0.000000
0.003464500,0.738907,0.0,0.000000
0.003464750,0.739004,0.0,0.000000
0.003465000,0.739100,0.0,0.000000
0.003465250,0.739196,0.0,0.000000
0.003465500,0.739292,0.0,0.000000
0.003465750,0.739388,0.0,0.000000
0.003466000,0.739484,0.0,0.000000
0.003466250,0.739579,0.0,0.000000
0.003466500,0.739675,0.0,0.000000
0.003466750,0.739771,0.0,0.000000
0.003467000,0.739867,0.0,0.000000
0.003467250,0.739963,0.0,0.000000
0.003467500,0.740059,0.0,0.000000
0.003467750,0.740155,0.0,0.000000
0.003468000,0.740250,0.0,0.000000
0.003468250,0.740346,0.0,0.000000
0.003468500,0.740442,0.0,0.000000
0.003468750,0.740538,0.0,0.000000
0.003469000,0.740633,0.0,0.000000
0.003469250,0.740729,0.0,0.000000
0.003469500,0.740825,0.0,0.000000
0.003469750,0.740920,0.0,0.000000
0.003470000,0.741016,0.0,0.000000
0.003470250,0.741112,0.0,0.000000
0.003470500,0.741207,0.0,0.000000
0.003470750,0.741303,0.0,0.000000
0.003471000,0.741398,0.0,0.000000
0.003471250,0.741494,0.0,0.000000
0.003471500,0.741589,0.0,0.000000
0.003471750,0.741685,0.0,0.000000
0.003472000,0.741780,0.0,0.000000
0.003472250,0.741876,0.0,0.000000
0.003472500,0.741971,0.0,0.000000
0.003472750,0.742067,0.0,0.000000
0.003473000,0.742162,0.0,0.000000
0.003473250,0.742257,0.0,0.000000
0.003473500,0.742353,0.0,0.000000
0.003473750,0.742448,0.0,0.000000
0.003474000,0.742543,0.0,0.000000
0.003474250,0.742639,0.0,0.000000
0.003474500,0.742734,0.0,0.000000
0.003474750,0.742829,0.0,0.000000
0.003475000,0.742924,0.0,0.000000
0.003475250,0.743020,0.0,0.000000
0.003475500,0.743115,0.0,0.000000
0.003475750,0.743210,0.0,0.000000
0.003476000,0.743305,0.0,0.000000
0.003476250,0.743400,0.0,0.000000
0.003476500,0.743495,0.0,0.000000
0.003476750,0.743590,0.0,0.000000
0.003477000,0.743685,0.0,0.000000
0.003477250,0.743780,0.0,0.000000
0.003477500,0.743876,0.0,0.000000
0.003477750,0.743971,0.0,0.000000
0.003478000,0.744066,0.0,0.000000
0.003478250,0.744160,0.0,0.000000
0.003478500,0.744255,0.0,0.000000
0.003478750,0.744350,0.0,0.000000
0.003479000,0.744445,0.0,0.000000
0.003479250,0.744540,0.0,0.000000
0.003479500,0.744635,0.0,0.000000
0.003479750,0.744730,0.0,0.000000
0.003480000,0.744825,0.0,0.000000
0.003480250,0.744920,0.0,0.000000
0.003480500,0.745014,0.0,0.000000
0.003480750,0.745109,0.0,0.000000
0.003481000,0.745204,0.0,0.000000
0.003481250,0.745299,0.0,0.000000
0.003481500,0.745393,0.0,0.000000
0.003481750,0.745488,0.0,0.000000
0.003482000,0.745583,0.0,0.000000
0.003482250,0.745678,0.0,0.000000
0.003482500,0.745772,0.0,0.000000
0.003482750,0.745867,0.0,0.000000
0.003483000,0.745961,0.0,0.000000
0.003483250,0.746056,0.0,0.000000
0.003483500,0.746151,0.0,0.000000
0.003483750,0.746245,0.0,0.000000
0.003484000,0.746340,0.0,0.000000
0.003484250,0.746434,0.0,0.000000
0.003484500,0.746529,0.0,0.000000
0.003484750,0.746623,0.0,0.000000
0.003485000,0.746718,0.0,0.000000
0.003485250,0.746812,0.0,0.000000
0.003485500,0.746906,0.0,0.000000
0.003485750,0.747001,0.0,0.000000
0.003486000,0.747095,0.0,0.000000
0.003486250,0.747190,0.0,0.000000
0.003486500,0.747284,0.0,0.000000
0.003486750,0.747378,0.0,0.000000
0.003487000,0.747473,0.0,0.000000
0.003487250,0.747567,0.0,0.000000
0.003487500,0.747661,0.0,0.000000
0.003487750,0.747755,0.0,0.000000
0.003488000,0.747850,0.0,0.000000
0.003488250,0.747944,0.0,0.000000
0.003488500,0.748038,0.0,0.000000
0.003488750,0.748132,0.0,0.000000
0.003489000,0.748226,0.0,0.000000
0.003489250,0.748320,0.0,0.000000
0.003489500,0.748414,0.0,0.000000
0.003489750,0.748508,0.0,0.000000
0.003490000,0.748603,0.0,0.000000
0.003490250,0.748697,0.0,0.000000
0.003490500,0.748791,0.0,0.000000
0.003490750,0.748885,0.0,0.000000
0.003491000,0.748979,0.0,0.000000
0.003491250,0.749072,0.0,0.000000
0.003491500,0.749166,0.0,0.000000
0.003491750,0.749260,0.0,0.000000
0.003492000,0.749354,0.0,0.000000
0.003492250,0.749448,0.0,0.000000
0.003492500,0.749542,0.0,0.000000
0.003492750,0.749636,0.0,0.000000
0.003493000,0.749730,0.0,0.000000
0.003493250,0.749823,0.0,0.000000
0.003493500,0.749917,0.0,0.000000
0.003493750,0.750011,0.0,0.000000
0.003494000,0.750105,0.0,0.000000
0.003494250,0.750198,0.0,0.000000
0.003494500,0.750292,0.0,0.000000
0.003494750,0.750386,0.0,0.000000
0.003495000,0.750479,0.0,0.000000
0.003495250,0.750573,0.0,0.000000
0.003495500,0.750667,0.0,0.000000
0.003495750,0.750760,0.0,0.000000
0.003496000,0.750854,0.0,0.000000
0.003496250,0.750947,0.0,0.000000
0.003496500,0.751041,0.0,0.000000
0.003496750,0.751135,0.0,0.000000
0.003497000,0.751228,0.0,0.000000
0.003497250,0.751321,0.0,0.000000
0.003497500,0.751415,0.0,0.000000
0.003497750,0.751508,0.0,0.000000
0.003498000,0.751602,0.0,0.000000
0.003498250,0.751695,0.0,0.000000
0.003498500,0.751789,0.0,0.000000
0.003498750,0.751882,0.0,0.000000
0.003499000,0.751975,0.0,0.000000
0.003499250,0.752069,0.0,0.000000
0.003499500,0.752162,0.0,0.000000
0.003499750,0.752255,0.0,0.000000
0.003500000,0.752349,0.0,0.000000
0.003500250,0.752442,0.0,0.000000
0.003500500,0.752535,0.0,0.000000
0.003500750,0.752628,0.0,0.000000
0.003501000,0.752721,0.0,0.000000
0.003501250,0.752815,0.0,0.000000
0.003501500,0.752908,0.0,0.000000
0.003501750,0.753001,0.0,0.000000
0.003502000,0.753094,0.0,0.000000
0.003502250,0.753187,0.0,0.000000
0.003502500,0.753280,0.0,0.000000
0.003502750,0.753373,0.0,0.000000
0.003503000,0.753466,0.0,0.000000
0.003503250,0.753559,0.0,0.000000
0.003503500,0.753652,0.0,0.000000
0.003503750,0.753745,0.0,0.000000
0.003504000,0.753838,0.0,0.000000
0.003504250,0.753931,0.0,0.000000
0.003504500,0.754024,0.0,0.000000
0.003504750,0.754117,0.0,0.000000
0.003505000,0.754210,0.0,0.000000
0.003505250,0.754303,0.0,0.000000
0.003505500,0.754396,0.0,0.000000
0.003505750,0.754489,0.0,0.000000
0.003506000,0.754581,0.0,0.000000
0.003506250,0.754674,0.0,0.000000
0.003506500,0.754767,0.0,0.000000
0.003506750,0.754860,0.0,0.000000
0.003507000,0.754952,0.0,0.000000
0.003507250,0.755045,0.0,0.000000
0.003507500,0.755138,0.0,0.000000
0.003507750,0.755230,0.0,0.000000
0.003508000,0.755323,0.0,0.000000
0.003508250,0.755416,0.0,0.000000
0.003508500,0.755508,0.0,0.000000
0.003508750,0.755601,0.0,0.000000
0.003509000,0.755693,0.0,0.000000
0.003509250,0.755786,0.0,0.000000
0.003509500,0.755879,0.0,0.000000
0.003509750,0.755971,0.0,0.000000
0.003510000,0.756064,0.0,0.000000
0.003510250,0.756156,0.0,0.000000
0.003510500,0.756249,0.0,0.000000
0.003510750,0.756341,0.0,0.000000
0.003511000,0.756433,0.0,0.000000
0.003511250,0.756526,0.0,0.000000
0.003511500,0.756618,0.0,0.000000
0.003511750,0.756711,0.0,0.000000
0.003512000,0.756803,0.0,0.000000
0.003512250,0.756895,0.0,0.000000
0.003512500,0.756988,0.0,0.000000
0.003512750,0.757080,0.0,0.000000
0.003513000,0.757172,0.0,0.000000
0.003513250,0.757264,0.0,0.000000
0.003513500,0.757357,0.0,0.000000
0.003513750,0.757449,0.0,0.000000
0.003514000,0.757541,0.0,0.000000
0.003514250,0.757633,0.0,0.000000
0.003514500,0.757725,0.0,0.000000
0.003514750,0.757817,0.0,0.000000
0.003515000,0.757910,0.0,0.000000
0.003515250,0.758002,0.0,0.000000
0.003515500,0.758094,0.0,0.000000
0.003515750,0.758186,0.0,0.000000
0.003516000,0.758278,0.0,0.000000
0.003516250,0.758370,0.0,0.000000
0.003516500,0.758462,0.0,0.000000
0.003516750,0.758554,0.0,0.000000
0.003517000,0.758646,0.0,0.000000
0.003517250,0.758738,0.0,0.000000
0.003517500,0.758830,0.0,0.000000
0.003517750,0.758922,0.0,0.000000
0.003518000,0.759013,0.0,0.000000
0.003518250,0.759105,0.0,0.000000
0.003518500,0.759197,0.0,0.000000
0.003518750,0.759289,0.0,0.000000
0.003519000,0.759381,0.0,0.000000
0.003519250,0.759473,0.0,0.000000
0.003519500,0.759564,0.0,0.000000
0.003519750,0.759656,0.0,0.000000
0.003520000,0.759748,0.0,0.000000
0.003520250,0.759840,0.0,0.000000
0.003520500,0.759931,0.0,0.000000
0.003520750,0.760023,0.0,0.000000
0.003521000,0.760115,0.0,0.000000
0.003521250,0.760206,0.0,0.000000
0.003521500,0.760298,0.0,0.000000
0.003521750,0.760389,0.0,0.000000
0.003522000,0.760481,0.0,0.000000
0.003522250,0.760572,0.0,0.000000
0.003522500,0.760664,0.0,0.000000
0.003522750,0.760756,0.0,0.000000
0.003523000,0.760847,0.0,0.000000
0.003523250,0.760939,0.0,0.000000
0.003523500,0.761030,0.0,0.000000
0.003523750,0.761121,0.0,0.000000
0.003524000,0.761213,0.0,0.000000
0.003524250,0.761304,0.0,0.000000
0.003524500,0.761396,0.0,0.000000
0.003524750,0.761487,0.0,0.000000
0.003525000,0.761578,0.0,0.000000
0.003525250,0.761670,0.0,0.000000
0.003525500,0.761761,0.0,0.000000
0.003525750,0.761852,0.0,0.000000
0.003526000,0.761944,0.0,0.000000
0.003526250,0.762035,0.0,0.000000
0.003526500,0.762126,0.0,0.000000
0.003526750,0.762217,0.0,0.000000
0.003527000,0.762309,0.0,0.000000
0.003527250,0.762400,0.0,0.000000
0.003527500,0.762491,0.0,0.000000
0.003527750,0.762582,0.0,0.000000
0.003528000,0.762673,0.0,0.000000
0.003528250,0.762764,0.0,0.000000
0.003528500,0.762855,0.0,0.000000
0.003528750,0.762946,0.0,0.000000
0.003529000,0.763037,0.0,0.000000
0.003529250,0.763128,0.0,0.000000
0.003529500,0.763219,0.0,0.000000
0.003529750,0.763310,0.0,0.000000
0.003530000,0.763401,0.0,0.000000
0.003530250,0.763492,0.0,0.000000
0.003530500,0.763583,0.0,0.000000
0.003530750,0.763674,0.0,0.000000
0.003531000,0.763765,0.0,0.000000
0.003531250,0.763856,0.0,0.000000
0.003531500,0.763947,0.0,0.000000
0.003531750,0.764038,0.0,0.000000
0.003532000,0.764129,0.0,0.000000
0.003532250,0.764219,0.0,0.000000
0.003532500,0.764310,0.0,0.000000
0.003532750,0.764401,0.0,0.000000
0.003533000,0.764492,0.0,0.000000
0.003533250,0.764582,0.0,0.000000
0.003533500,0.764673,0.0,0.000000
0.003533750,0.764764,0.0,0.000000
0.003534000,0.764854,0.0,0.000000
0.003534250,0.764945,0.0,0.000000
0.003534500,0.765036,0.0,0.000000
0.003534750,0.765126,0.0,0.000000
0.003535000,0.765217,0.0,0.000000
0.003535250,0.765307,0.0,0.000000
0.003535500,0.765398,0.0,0.000000
0.003535750,0.765489,0.0,0.000000
0.003536000,0.765579,0.0,0.000000
0.003536250,0.765670,0.0,0.000000
0.003536500,0.765760,0.0,0.000000
0.003536750,0.765851,0.0,0.000000
0.003537000,0.765941,0.0,0.000000
0.003537250,0.766031,0.0,0.000000
0.003537500,0.766122,0.0,0.000000
0.003537750,0.766212,0.0,0.000000
0.003538000,0.766303,0.0,0.000000
0.003538250,0.766393,0.0,0.000000
0.003538500,0.766483,0.0,0.000000
0.003538750,0.766573,0.0,0.000000
0.003539000,0.766664,0.0,0.000000
0.003539250,0.766754,0.0,0.000000
0.003539500,0.766844,0.0,0.000000
0.003539750,0.766935,0.0,0.000000
0.003540000,0.767025,0.0,0.000000
0.003540250,0.767115,0.0,0.000000
0.003540500,0.767205,0.0,0.000000
0.003540750,0.767295,0.0,0.000000
0.003541000,0.767385,0.0,0.000000
0.003541250,0.767476,0.0,0.000000
0.003541500,0.767566,0.0,0.000000
0.003541750,0.767656,0.0,0.000000
0.003542000,0.767746,0.0,0.000000
0.003542250,0.767836,0.0,0.000000
0.003542500,0.767926,0.0,0.000000
0.003542750,0.768016,0.0,0.000000
0.003543000,0.768106,0.0,0.000000
0.003543250,0.768196,0.0,0.000000
0.003543500,0.768286,0.0,0.000000
0.003543750,0.768376,0.0,0.000000
0.003544000,0.768466,0.0,0.000000
0.003544250,0.768556,0.0,0.000000
0.003544500,0.768645,0.0,0.000000
0.003544750,0.768735,0.0,0.000000
0.003545000,0.768825,0.0,0.000000
0.003545250,0.768915,0.0,0.000000
0.003545500,0.769005,0.0,0.000000
0.003545750,0.769095,0.0,0.000000
0.003546000,0.769184,0.0,0.000000
0.003546250,0.769274,0.0,0.000000
0.003546500,0.769364,0.0,0.000000
0.003546750,0.769454,0.0,0.000000
0.003547000,0.769543,0.0,0.000000
0.003547250,0.769633,0.0,0.000000
0.003547500,0.769723,0.0,0.000000
0.003547750,0.769812,0.0,0.000000
0.003548000,0.769902,0.0,0.000000
0.003548250,0.769991,0.0,0.000000
0.003548500,0.770081,0.0,0.000000
0.003548750,0.770171,0.0,0.000000
0.003549000,0.770260,0.0,0.000000
0.003549250,0.770350,0.0,0.000000
0.003549500,0.770439,0.0,0.000000
0.003549750,0.770529,0.0,0.000000
0.003550000,0.770618,0.0,0.000000
0.003550250,0.770708,0.0,0.000000
0.003550500,0.770797,0.0,0.000000
0.003550750,0.770886,0.0,0.000000
0.003551000,0.770976,0.0,0.000000
0.003551250,0.771065,0.0,0.000000
0.003551500,0.771154,0.0,0.000000
0.003551750,0.771244,0.0,0.000000
0.003552000,0.771333,0.0,0.000000
0.003552250,0.771422,0.0,0.000000
0.003552500,0.771512,0.0,0.000000
0.003552750,0.771601,0.0,0.000000
0.003553000,0.771690,0.0,0.000000
0.003553250,0.771779,0.0,0.000000
0.003553500,0.771869,0.0,0.000000
0.003553750,0.771958,0.0,0.000000
0.003554000,0.772047,0.0,0.000000
0.003554250,0.772136,0.0,0.000000
0.003554500,0.772225,0.0,0.000000
0.003554750,0.772314,0.0,0.000000
0.003555000,0.772404,0.0,0.000000
0.003555250,0.772493,0.0,0.000000
0.003555500,0.772582,0.0,0.000000
0.003555750,0.772671,0.0,0.000000
0.003556000,0.772760,0.0,0.000000
0.003556250,0.772849,0.0,0.000000
0.003556500,0.772938,0.0,0.000000
0.003556750,0.773027,0.0,0.000000
0.003557000,0.773116,0.0,0.000000
0.003557250,0.773205,0.0,0.000000
0.003557500,0.773293,1.0,4.180000
0.003557750,0.773382,0.0,3.538294
0.003558000,0.053910,0.0,2.995100
0.003558250,0.054148,0.0,2.535298
0.003558500,0.054387,0.0,2.146084
0.003558750,0.054626,0.0,1.816620
0.003559000,0.054864,0.0,1.537736
0.003559250,0.055103,0.0,1.301666
0.003559500,0.055342,0.0,1.101836
0.003559750,0.055580,0.0,0.932684
0.003560000,0.055818,0.0,0.789500
0.003560250,0.056057,0.0,0.668297
0.003560500,0.056295,0.0,0.565701
0.003560750,0.056533,0.0,0.478856
0.003561000,0.056772,0.0,0.405343
0.003561250,0.057010,0.0,0.343115
0.003561500,0.057248,0.0,0.290441
0.003561750,0.057486,0.0,0.245853
0.003562000,0.057724,0.0,0.208110
0.003562250,0.057962,0.0,0.176161
0.003562500,0.058200,0.0,0.149117
0.003562750,0.058438,0.0,0.126225
0.003563000,0.058676,0.0,0.106847
0.003563250,0.058913,0.0,0.090444
0.003563500,0.059151,0.0,0.076559
0.003563750,0.059389,0.0,0.064806
0.003564000,0.059626,0.0,0.054857
0.003564250,0.059864,0.0,0.046436
0.003564500,0.060102,0.0,0.039307
0.003564750,0.060339,0.0,0.033273
0.003565000,0.060576,0.0,0.000000
0.003565250,0.060814,0.0,0.000000
0.003565500,0.061051,0.0,0.000000
0.003565750,0.061288,0.0,0.000000
0.003566000,0.061526,0.0,0.000000
0.003566250,0.061763,0.0,0.000000
0.003566500,0.062000,0.0,0.000000
0.003566750,0.062237,0.0,0.000000
0.003567000,0.062474,0.0,0.000000
0.003567250,0.062711,0.0,0.000000
0.003567500,0.062948,0.0,0.000000
0.003567750,0.063185,0.0,0.000000
0.003568000,0.063422,0.0,0.000000
0.003568250,0.063659,0.0,0.000000
0.003568500,0.063895,0.0,0.000000
0.003568750,0.064132,0.0,0.000000
0.003569000,0.064369,0.0,0.000000
0.003569250,0.064605,0.0,0.000000
0.003569500,0.064842,0.0,0.000000
0.003569750,0.065078,0.0,0.000000
0.003570000,0.065315,0.0,0.000000
0.003570250,0.065551,0.0,0.000000
0.003570500,0.065787,0.0,0.000000
0.003570750,0.066024,0.0,0.000000
0.003571000,0.066260,0.0,0.000000
0.003571250,0.066496,0.0,0.000000
0.003571500,0.066732,0.0,0.000000
0.003571750,0.066968,0.0,0.000000
0.003572000,0.067204,0.0,0.000000
0.003572250,0.067440,0.0,0.000000
0.003572500,0.067676,0.0,0.000000
0.003572750,0.067912,0.0,0.000000
0.003573000,0.068148,0.0,0.000000
0.003573250,0.068384,0.0,0.000000
0.003573500,0.068620,0.0,0.000000
0.003573750,0.068855,0.0,0.000000
0.003574000,0.069091,0.0,0.000000
0.003574250,0.069327,0.0,0.000000
0.003574500,0.069562,0.0,0.000000
0.003574750,0.069798,0.0,0.000000
0.003575000,0.070033,0.0,0.000000
0.003575250,0.070269,0.0,0.000000
0.003575500,0.070504,0.0,0.000000
0.003575750,0.070739,0.0,0.000000
0.003576000,0.070974,0.0,0.000000
0.003576250,0.071210,0.0,0.000000
0.003576500,0.071445,0.0,0.000000
0.003576750,0.071680,0.0,0.000000
0.003577000,0.071915,0.0,0.000000
0.003577250,0.072150,0.0,0.000000
0.003577500,0.072385,0.0,0.000000
0.003577750,0.072620,0.0,0.000000
0.003578000,0.072855,0.0,0.000000
0.003578250,0.073090,0.0,0.000000
0.003578500,0.073324,0.0,0.000000
0.003578750,0.073559,0.0,0.000000
0.003579000,0.073794,0.0,0.000000
0.003579250,0.074028,0.0,0.000000
0.003579500,0.074263,0.0,0.000000
0.003579750,0.074497,0.0,0.000000
0.003580000,0.074732,0.0,0.000000
0.003580250,0.074966,0.0,0.000000
0.003580500,0.075201,0.0,0.000000
0.003580750,0.075435,0.0,0.000000
0.003581000,0.075669,0.0,0.000000
0.003581250,0.075904,0.0,0.000000
0.003581500,0.076138,0.0,0.000000
0.003581750,0.076372,0.0,0.000000
0.003582000,0.076606,0.0,0.000000
0.003582250,0.076840,0.0,0.000000
0.003582500,0.077074,0.0,0.000000
0.003582750,0.077308,0.0,0.000000
0.003583000,0.077542,0.0,0.000000
0.003583250,0.077776,0.0,0.000000
0.003583500,0.078010,0.0,0.000000
0.003583750,0.078243,0.0,0.000000
0.003584000,0.078477,0.0,0.000000
0.003584250,0.078711,0.0,0.000000
0.003584500,0.078944,0.0,0.000000
0.003584750,0.079178,0.0,0.000000
0.003585000,0.079411,0.0,0.000000
0.003585250,0.079645,0.0,0.000000
0.003585500,0.079878,0.0,0.000000
0.003585750,0.080111,0.0,0.000000
0.003586000,0.080345,0.0,0.000000
0.003586250,0.080578,0.0,0.000000
0.003586500,0.080811,0.0,0.000000
0.003586750,0.081044,0.0,0.000000
0.003587000,0.081278,0.0,0.000000
0.003587250,0.081511,0.0,0.000000
0.003587500,0.081744,0.0,0.000000
0.003587750,0.081977,0.0,0.000000
0.003588000,0.082209,0.0,0.000000
0.003588250,0.082442,0.0,0.000000
0.003588500,0.082675,0.0,0.000000
0.003588750,0.082908,0.0,0.000000
0.003589000,0.083141,0.0,0.000000
0.003589250,0.083373,0.0,0.000000
0.003589500,0.083606,0.0,0.000000
0.003589750,0.083839,0.0,0.000000
0.003590000,0.084071,0.0,0.000000
0.003590250,0.084304,0.0,0.000000
0.003590500,0.084536,0.0,0.000000
0.003590750,0.084768,0.0,0.000000
0.003591000,0.085001,0.0,0.000000
0.003591250,0.085233,0.0,0.000000
0.003591500,0.085465,0.0,0.000000
0.003591750,0.085697,0.0,0.000000
0.003592000,0.085930,0.0,0.000000
0.003592250,0.086162,0.0,0.000000
0.003592500,0.086394,0.0,0.000000
0.003592750,0.086626,0.0,0.000000
0.003593000,0.086858,0.0,0.000000
0.003593250,0.087090,0.0,0.000000
0.003593500,0.087321,0.0,0.000000
0.003593750,0.087553,0.0,0.000000
0.003594000,0.087785,0.0,0.000000
0.003594250,0.088017,0.0,0.000000
0.003594500,0.088248,0.0,0.000000
0.003594750,0.088480,0.0,0.000000
0.003595000,0.088712,0.0,0.000000
0.003595250,0.088943,0.0,0.000000
0.003595500,0.089175,0.0,0.000000
0.003595750,0.089406,0.0,0.000000
0.003596000,0.089637,0.0,0.000000
0.003596250,0.089869,0.0,0.000000
0.003596500,0.090100,0.0,0.000000
0.003596750,0.090331,0.0,0.000000
0.003597000,0.090562,0.0,0.000000
0.003597250,0.090793,0.0,0.000000
0.003597500,0.091025,0.0,0.000000
0.003597750,0.091256,0.0,0.000000
0.003598000,0.091487,0.0,0.000000
0.003598250,0.091718,0.0,0.000000
0.003598500,0.091948,0.0,0.000000
0.003598750,0.092179,0.0,0.000000
0.003599000,0.092410,0.0,0.000000
0.003599250,0.092641,0.0,0.000000
0.003599500,0.092871,0.0,0.000000
0.003599750,0.093102,0.0,0.000000
0.003600000,0.093333,0.0,0.000000
0.003600250,0.093563,0.0,0.000000
0.003600500,0.093794,0.0,0.000000
0.003600750,0.094024,0.0,0.000000
0.003601000,0.094255,0.0,0.000000
0.003601250,0.094485,0.0,0.000000
0.003601500,0.094715,0.0,0.000000
0.003601750,0.094946,0.0,0.000000
0.003602000,0.095176,0.0,0.000000
0.003602250,0.095406,0.0,0.000000
0.003602500,0.095636,0.0,0.000000
0.003602750,0.095866,0.0,0.000000
0.003603000,0.096096,0.0,0.000000
0.003603250,0.096326,0.0,0.000000
0.003603500,0.096556,0.0,0.000000
0.003603750,0.096786,0.0,0.000000
0.003604000,0.097016,0.0,0.000000
0.003604250,0.097246,0.0,0.000000
0.003604500,0.097475,0.0,0.000000
0.003604750,0.097705,0.0,0.000000
0.003605000,0.097935,0.0,0.000000
0.003605250,0.098164,0.0,0.000000
0.003605500,0.098394,0.0,0.000000
0.003605750,0.098623,0.0,0.000000
0.003606000,0.098853,0.0,0.000000
0.003606250,0.099082,0.0,0.000000
0.003606500,0.099312,0.0,0.000000
0.003606750,0.099541,0.0,0.000000
0.003607000,0.099770,0.0,0.000000
0.003607250,0.099999,0.0,0.000000
0.003607500,0.100228,0.0,0.000000
0.003607750,0.100458,0.0,0.000000
0.003608000,0.100687,0.0,0.000000
0.003608250,0.100916,0.0,0.000000
0.003608500,0.101145,0.0,0.000000
0.003608750,0.101374,0.0,0.000000
0.003609000,0.101602,0.0,0.000000
0.003609250,0.101831,0.0,0.000000
0.003609500,0.102060,0.0,0.000000
0.003609750,0.102289,0.0,0.000000
0.003610000,0.102518,0.0,0.000000
0.003610250,0.102746,0.0,0.000000
0.003610500,0.102975,0.0,0.000000
0.003610750,0.103203,0.0,0.000000
0.003611000,0.103432,0.0,0.000000
0.003611250,0.103660,0.0,0.000000
0.003611500,0.103889,0.0,0.000000
0.003611750,0.104117,0.0,0.000000
0.003612000,0.104345,0.0,0.000000
0.003612250,0.104574,0.0,0.000000
0.003612500,0.104802,0.0,0.000000
0.003612750,0.105030,0.0,0.000000
0.003613000,0.105258,0.0,0.000000
0.003613250,0.105486,0.0,0.000000
0.003613500,0.105714,0.0,0.000000
0.003613750,0.105942,0.0,0.000000
0.003614000,0.106170,0.0,0.000000
0.003614250,0.106398,0.0,0.000000
0.003614500,0.106626,0.0,0.000000
0.003614750,0.106854,0.0,0.000000
0.003615000,0.107081,0.0,0.000000
0.003615250,0.107309,0.0,0.000000
0.003615500,0.107537,0.0,0.000000
0.003615750,0.107764,0.0,0.000000
0.003616000,0.107992,0.0,0.000000
0.003616250,0.108219,0.0,0.000000
0.003616500,0.108447,0.0,0.000000
0.003616750,0.108674,0.0,0.000000
0.003617000,0.108901,0.0,0.000000
0.003617250,0.109129,0.0,0.000000
0.003617500,0.109356,0.0,0.000000
0.003617750,0.109583,0.0,0.000000
0.003618000,0.109810,0.0,0.000000
0.003618250,0.110038,0.0,0.000000
0.003618500,0.110265,0.0,0.000000
0.003618750,0.110492,0.0,0.000000
0.003619000,0.110719,0.0,0.000000
0.003619250,0.110946,0.0,0.000000
0.003619500,0.111172,0.0,0.000000
0.003619750,0.111399,0.0,0.000000
0.003620000,0.111626,0.0,0.000000
0.003620250,0.111853,0.0,0.000000
0.003620500,0.112080,0.0,0.000000
0.003620750,0.112306,0.0,0.000000
0.003621000,0.112533,0.0,0.000000
0.003621250,0.112759,0.0,0.000000
0.003621500,0.112986,0.0,0.000000
0.003621750,0.113212,0.0,0.000000
0.003622000,0.113439,0.0,0.000000
0.003622250,0.113665,0.0,0.000000
0.003622500,0.113891,0.0,0.000000
0.003622750,0.114118,0.0,0.000000
0.003623000,0.114344,0.0,0.000000
0.003623250,0.114570,0.0,0.000000
0.003623500,0.114796,0.0,0.000000
0.003623750,0.115022,0.0,0.000000
0.003624000,0.115248,0.0,0.000000
0.003624250,0.115474,0.0,0.000000
0.003624500,0.115700,0.0,0.000000
0.003624750,0.115926,0.0,0.000000
0.003625000,0.116152,0.0,0.000000
0.003625250,0.116378,0.0,0.000000
0.003625500,0.116604,0.0,0.000000
0.003625750,0.116829,0.0,0.000000
0.003626000,0.117055,0.0,0.000000
0.003626250,0.117281,0.0,0.000000
0.003626500,0.117506,0.0,0.000000
0.003626750,0.117732,0.0,0.000000
0.003627000,0.117957,0.0,0.000000
0.003627250,0.118182,0.0,0.000000
0.003627500,0.118408,0.0,0.000000
0.003627750,0.118633,0.0,0.000000
0.003628000,0.118858,0.0,0.000000
0.003628250,0.119084,0.0,0.000000
0.003628500,0.119309,0.0,0.000000
0.003628750,0.119534,0.0,0.000000
0.003629000,0.119759,0.0,0.000000
0.003629250,0.119984,0.0,0.000000
0.003629500,0.120209,0.0,0.000000
0.003629750,0.120434,0.0,0.000000
0.003630000,0.120659,0.0,0.000000
0.003630250,0.120884,0.0,0.000000
0.003630500,0.121109,0.0,0.000000
0.003630750,0.121334,0.0,0.000000
0.003631000,0.121558,0.0,0.000000
0.003631250,0.121783,0.0,0.000000
0.003631500,0.122008,0.0,0.000000
0.003631750,0.122232,0.0,0.000000
0.003632000,0.122457,0.0,0.000000
0.003632250,0.122681,0.0,0.000000
0.003632500,0.122906,0.0,0.000000
0.003632750,0.123130,0.0,0.000000
0.003633000,0.123354,0.0,0.000000
0.003633250,0.123579,0.0,0.000000
0.003633500,0.123803,0.0,0.000000
0.003633750,0.124027,0.0,0.000000
0.003634000,0.124251,0.0,0.000000
0.003634250,0.124475,0.0,0.000000
0.003634500,0.124699,0.0,0.000000
0.003634750,0.124923,0.0,0.000000
0.003635000,0.125147,0.0,0.000000
0.003635250,0.125371,0.0,0.000000
0.003635500,0.125595,0.0,0.000000
0.003635750,0.125819,0.0,0.000000
0.003636000,0.126043,0.0,0.000000
0.003636250,0.126267,0.0,0.000000
0.003636500,0.126490,0.0,0.000000
0.003636750,0.126714,0.0,0.000000
0.003637000,0.126938,0.0,0.000000
0.003637250,0.127161,0.0,0.000000
0.003637500,0.127385,0.0,0.000000
0.003637750,0.127608,0.0,0.000000
0.003638000,0.127831,0.0,0.000000
0.003638250,0.128055,0.0,0.000000
0.003638500,0.128278,0.0,0.000000
0.003638750,0.128501,0.0,0.000000
0.003639000,0.128725,0.0,0.000000
0.003639250,0.128948,0.0,0.000000
0.003639500,0.129171,0.0,0.000000
0.003639750,0.129394,0.0,0.000000
0.003640000,0.129617,0.0,0.000000
0.003640250,0.129840,0.0,0.000000
0.003640500,0.130063,0.0,0.000000
0.003640750,0.130286,0.0,0.000000
0.003641000,0.130509,0.0,0.000000
0.003641250,0.130732,0.0,0.000000
0.003641500,0.130954,0.0,0.000000
0.003641750,0.131177,0.0,0.000000
0.003642000,0.131400,0.0,0.000000
0.003642250,0.131622,0.0,0.000000
0.003642500,0.131845,0.0,0.000000
0.003642750,0.132067,0.0,0.000000
0.003643000,0.132290,0.0,0.000000
0.003643250,0.132512,0.0,0.000000
0.003643500,0.132735,0.0,0.000000
0.003643750,0.132957,0.0,0.000000
0.003644000,0.133179,0.0,0.000000
0.003644250,0.133402,0.0,0.000000
0.003644500,0.133624,0.0,0.000000
0.003644750,0.133846,0.0,0.000000
0.003645000,0.134068,0.0,0.000000
0.003645250,0.134290,0.0,0.000000
0.003645500,0.134512,0.0,0.000000
0.003645750,0.134734,0.0,0.000000
0.003646000,0.134956,0.0,0.000000
0.003646250,0.135178,0.0,0.000000
0.003646500,0.135400,0.0,0.000000
0.003646750,0.135622,0.0,0.000000
0.003647000,0.135843,0.0,0.000000
0.003647250,0.136065,0.0,0.000000
0.003647500,0.136287,0.0,0.000000
0.003647750,0.136508,0.0,0.000000
0.003648000,0.136730,0.0,0.000000
0.003648250,0.136951,0.0,0.000000
0.003648500,0.137173,0.0,0.000000
0.003648750,0.137394,0.0,0.000000
0.003649000,0.137616,0.0,0.000000
0.003649250,0.137837,0.0,0.000000
0.003649500,0.138058,0.0,0.000000
0.003649750,0.138280,0.0,0.000000
0.003650000,0.138501,0.0,0.000000
0.003650250,0.138722,0.0,0.000000
0.003650500,0.138943,0.0,0.000000
0.003650750,0.139164,0.0,0.000000
0.003651000,0.139385,0.0,0.000000
0.003651250,0.139606,0.0,0.000000
0.003651500,0.139827,0.0,0.000000
0.003651750,0.140048,0.0,0.000000
0.003652000,0.140269,0.0,0.000000
0.003652250,0.140489,0.0,0.000000
0.003652500,0.140710,0.0,0.000000
0.003652750,0.140931,0.0,0.000000
0.003653000,0.141151,0.0,0.000000
0.003653250,0.141372,0.0,0.000000
0.003653500,0.141593,0.0,0.000000
0.003653750,0.141813,0.0,0.000000
0.003654000,0.142034,0.0,0.000000
0.003654250,0.142254,0.0,0.000000
0.003654500,0.142474,0.0,0.000000
0.003654750,0.142695,0.0,0.000000
0.003655000,0.142915,0.0,0.000000
0.003655250,0.143135,0.0,0.000000
0.003655500,0.143355,0.0,0.000000
0.003655750,0.143575,0.0,0.000000
0.003656000,0.143796,0.0,0.000000
0.003656250,0.144016,0.0,0.000000
0.003656500,0.144236,0.0,0.000000
0.003656750,0.144456,0.0,0.000000
0.003657000,0.144675,0.0,0.000000
0.003657250,0.144895,0.0,0.000000
0.003657500,0.145115,0.0,0.000000
0.003657750,0.145335,0.0,0.000000
0.003658000,0.145555,0.0,0.000000
0.003658250,0.145774,0.0,0.000000
0.003658500,0.145994,0.0,0.000000
0.003658750,0.146213,0.0,0.000000
0.003659000,0.146433,0.0,0.000000
0.003659250,0.146652,0.0,0.000000
0.003659500,0.146872,0.0,0.000000
0.003659750,0.147091,0.0,0.000000
0.003660000,0.147311,0.0,0.000000
0.003660250,0.147530,0.0,0.000000
0.003660500,0.147749,0.0,0.000000
0.003660750,0.147968,0.0,0.000000
0.003661000,0.148188,0.0,0.000000
0.003661250,0.148407,0.0,0.000000
0.003661500,0.148626,0.0,0.000000
0.003661750,0.148845,0.0,0.000000
0.003662000,0.149064,0.0,0.000000
0.003662250,0.149283,0.0,0.000000
0.003662500,0.149502,0.0,0.000000
0.003662750,0.149721,0.0,0.000000
0.003663000,0.149939,0.0,0.000000
0.003663250,0.150158,0.0,0.000000
0.003663500,0.150377,0.0,0.000000
0.003663750,0.150596,0.0,0.000000
0.003664000,0.150814,0.0,0.000000
0.003664250,0.151033,0.0,0.000000
0.003664500,0.151251,0.0,0.000000
0.003664750,0.151470,0.0,0.000000
0.003665000,0.151688,0.0,0.000000
0.003665250,0.151907,0.0,0.000000
0.003665500,0.152125,0.0,0.000000
0.003665750,0.152343,0.0,0.000000
0.003666000,0.152562,0.0,0.000000
0.003666250,0.152780,0.0,0.000000
0.003666500,0.152998,0.0,0.000000
0.003666750,0.153216,0.0,0.000000
0.003667000,0.153434,0.0,0.000000
0.003667250,0.153652,0.0,0.000000
0.003667500,0.153870,0.0,0.000000
0.003667750,0.154088,0.0,0.000000
0.003668000,0.154306,0.0,0.000000
0.003668250,0.154524,0.0,0.000000
0.003668500,0.154742,0.0,0.000000
0.003668750,0.154959,0.0,0.000000
0.003669000,0.155177,0.0,0.000000
0.003669250,0.155395,0.0,0.000000
0.003669500,0.155612,0.0,0.000000
0.003669750,0.155830,0.0,0.000000
0.003670000,0.156048,0.0,0.000000
0.003670250,0.156265,0.0,0.000000
0.003670500,0.156482,0.0,0.000000
0.003670750,0.156700,0.0,0.000000
0.003671000,0.156917,0.0,0.000000
0.003671250,0.157135,0.0,0.000000
0.003671500,0.157352,0.0,0.000000
0.003671750,0.157569,0.0,0.000000
0.003672000,0.157786,0.0,0.000000
0.003672250,0.158003,0.0,0.000000
0.003672500,0.158220,0.0,0.000000
0.003672750,0.158437,0.0,0.000000
0.003673000,0.158654,0.0,0.000000
0.003673250,0.158871,0.0,0.000000
0.003673500,0.159088,0.0,0.000000
0.003673750,0.159305,0.0,0.000000
0.003674000,0.159522,0.0,0.000000
0.003674250,0.159739,0.0,0.000000
0.003674500,0.159955,0.0,0.000000
0.003674750,0.160172,0.0,0.000000
0.003675000,0.160389,0.0,0.000000
0.003675250,0.160605,0.0,0.000000
0.003675500,0.160822,0.0,0.000000
0.003675750,0.161038,0.0,0.000000
0.003676000,0.161255,0.0,0.000000
0.003676250,0.161471,0.0,0.000000
0.003676500,0.161688,0.0,0.000000
0.003676750,0.161904,0.0,0.000000
0.003677000,0.162120,0.0,0.000000
0.003677250,0.162336,0.0,0.000000
0.003677500,0.162553,0.0,0.000000
0.003677750,0.162769,0.0,0.000000
0.003678000,0.162985,0.0,0.000000
0.003678250,0.163201,0.0,0.000000
0.003678500,0.163417,0.0,0.000000
0.003678750,0.163633,0.0,0.000000
0.003679000,0.163849,0.0,0.000000
0.003679250,0.164065,0.0,0.000000
0.003679500,0.164280,0.0,0.000000
0.003679750,0.164496,0.0,0.000000
0.003680000,0.164712,0.0,0.000000
0.003680250,0.164928,0.0,0.000000
0.003680500,0.165143,0.0,0.000000
0.003680750,0.165359,0.0,0.000000
0.003681000,0.165574,0.0,0.000000
0.003681250,0.165790,0.0,0.000000
0.003681500,0.166005,0.0,0.000000
0.003681750,0.166221,0.0,0.000000
0.003682000,0.166436,0.0,0.000000
0.003682250,0.166651,0.0,0.000000
0.003682500,0.166867,0.0,0.000000
0.003682750,0.167082,0.0,0.000000
0.003683000,0.167297,0.0,0.000000
0.003683250,0.167512,0.0,0.000000
0.003683500,0.167727,0.0,0.000000
0.003683750,0.167942,0.0,0.000000
0.003684000,0.168157,0.0,0.000000
0.003684250,0.168372,0.0,0.000000
0.003684500,0.168587,0.0,0.000000
0.003684750,0.168802,0.0,0.000000
0.003685000,0.169017,0.0,0.000000
0.003685250,0.169232,0.0,0.000000
0.003685500,0.169446,0.0,0.000000
0.003685750,0.169661,0.0,0.000000
0.003686000,0.169876,0.0,0.000000
0.003686250,0.170090,0.0,0.000000
0.003686500,0.170305,0.0,0.000000
0.003686750,0.170519,0.0,0.000000
0.003687000,0.170734,0.0,0.000000
0.003687250,0.170948,0.0,0.000000
0.003687500,0.171163,0.0,0.000000
0.003687750,0.171377,0.0,0.000000
0.003688000,0.171591,0.0,0.000000
0.003688250,0.171806,0.0,0.000000
0.003688500,0.172020,0.0,0.000000
0.003688750,0.172234,0.0,0.000000
0.003689000,0.172448,0.0,0.000000
0.003689250,0.172662,0.0,0.000000
0.003689500,0.172876,0.0,0.000000
0.003689750,0.173090,0.0,0.000000
0.003690000,0.173304,0.0,0.000000
0.003690250,0.173518,0.0,0.000000
0.003690500,0.173732,0.0,0.000000
0.003690750,0.173946,0.0,0.000000
0.003691000,0.174159,0.0,0.000000
0.003691250,0.174373,0.0,0.000000
0.003691500,0.174587,0.0,0.000000
0.003691750,0.174800,0.0,0.000000
0.003692000,0.175014,0.0,0.000000
0.003692250,0.175228,0.0,0.000000
0.003692500,0.175441,0.0,0.000000
0.003692750,0.175654,0.0,0.000000
0.003693000,0.175868,0.0,0.000000
0.003693250,0.176081,0.0,0.000000
0.003693500,0.176295,0.0,0.000000
0.003693750,0.176508,0.0,0.000000
0.003694000,0.176721,0.0,0.000000
0.003694250,0.176934,0.0,0.000000
0.003694500,0.177147,0.0,0.000000
0.003694750,0.177360,0.0,0.000000
0.003695000,0.177573,0.0,0.000000
0.003695250,0.177786,0.0,0.000000
0.003695500,0.177999,0.0,0.000000
0.003695750,0.178212,0.0,0.000000
0.003696000,0.178425,0.0,0.000000
0.003696250,0.178638,0.0,0.000000
0.003696500,0.178851,0.0,0.000000
0.003696750,0.179064,0.0,0.000000
0.003697000,0.179276,0.0,0.000000
0.003697250,0.179489,0.0,0.000000
0.003697500,0.179702,0.0,0.000000
0.003697750,0.179914,0.0,0.000000
0.003698000,0.180127,0.0,0.000000
0.003698250,0.180339,0.0,0.000000
0.003698500,0.180552,0.0,0.000000
0.003698750,0.180764,0.0,0.000000
0.003699000,0.180976,0.0,0.000000
0.003699250,0.181189,0.0,0.000000
0.003699500,0.181401,0.0,0.000000
0.003699750,0.181613,0.0,0.000000
0.003700000,0.181825,0.0,0.000000
0.003700250,0.182037,0.0,0.000000
0.003700500,0.182249,0.0,0.000000
0.003700750,0.182461,0.0,0.000000
0.003701000,0.182673,0.0,0.000000
0.003701250,0.182885,0.0,0.000000
0.003701500,0.183097,0.0,0.000000
0.003701750,0.183309,0.0,0.000000
0.003702000,0.183521,0.0,0.000000
0.003702250,0.183733,0.0,0.000000
0.003702500,0.183944,0.0,0.000000
0.003702750,0.184156,0.0,0.000000
0.003703000,0.184368,0.0,0.000000
0.003703250,0.184579,0.0,0.000000
0.003703500,0.184791,0.0,0.000000
0.003703750,0.185002,0.0,0.000000
0.003704000,0.185214,0.0,0.000000
0.003704250,0.185425,0.0,0.000000
0.003704500,0.185637,0.0,0.000000
0.003704750,0.185848,0.0,0.000000
0.003705000,0.186059,0.0,0.000000
0.003705250,0.186270,0.0,0.000000
0.003705500,0.186482,0.0,0.000000
0.003705750,0.186693,0.0,0.000000
0.003706000,0.186904,0.0,0.000000
0.003706250,0.187115,0.0,0.000000
0.003706500,0.187326,0.0,0.000000
0.003706750,0.187537,0.0,0.000000
0.003707000,0.187748,0.0,0.000000
0.003707250,0.187959,0.0,0.000000
0.003707500,0.188170,0.0,0.000000
0.003707750,0.188380,0.0,0.000000
0.003708000,0.188591,0.0,0.000000
0.003708250,0.188802,0.0,0.000000
0.003708500,0.189013,0.0,0.000000
0.003708750,0.189223,0.0,0.000000
0.003709000,0.189434,0.0,0.000000
0.003709250,0.189644,0.0,0.000000
0.003709500,0.189855,0.0,0.000000
0.003709750,0.190065,0.0,0.000000
0.003710000,0.190276,0.0,0.000000
0.003710250,0.190486,0.0,0.000000
0.003710500,0.190696,0.0,0.000000
0.003710750,0.190907,0.0,0.000000
0.003711000,0.191117,0.0,0.000000
0.003711250,0.191327,0.0,0.000000
0.003711500,0.191537,0.0,0.000000
0.003711750,0.191747,0.0,0.000000
0.003712000,0.191957,0.0,0.000000
0.003712250,0.192167,0.0,0.000000
0.003712500,0.192377,0.0,0.000000
0.003712750,0.192587,0.0,0.000000
0.003713000,0.192797,0.0,0.000000
0.003713250,0.193007,0.0,0.000000
0.003713500,0.193217,0.0,0.000000
0.003713750,0.193426,0.0,0.000000
0.003714000,0.193636,0.0,0.000000
0.003714250,0.193846,0.0,0.000000
0.003714500,0.194055,0.0,0.000000
0.003714750,0.194265,0.0,0.000000
0.003715000,0.194474,0.0,0.000000
0.003715250,0.194684,0.0,0.000000
0.003715500,0.194893,0.0,0.000000
0.003715750,0.195103,0.0,0.000000
0.003716000,0.195312,0.0,0.000000
0.003716250,0.195521,0.0,0.000000
0.003716500,0.195731,0.0,0.000000
0.003716750,0.195940,0.0,0.000000
0.003717000,0.196149,0.0,0.000000
0.003717250,0.196358,0.0,0.000000
0.003717500,0.196567,0.0,0.000000
0.003717750,0.196776,0.0,0.000000
0.003718000,0.196985,0.0,0.000000
0.003718250,0.197194,0.0,0.000000
0.003718500,0.197403,0.0,0.000000
0.003718750,0.197612,0.0,0.000000
0.003719000,0.197821,0.0,0.000000
0.003719250,0.198030,0.0,0.000000
0.003719500,0.198239,0.0,0.000000
0.003719750,0.198447,0.0,0.000000
0.003720000,0.198656,0.0,0.000000
0.003720250,0.198864,0.0,0.000000
0.003720500,0.199073,0.0,0.000000
0.003720750,0.199282,0.0,0.000000
0.003721000,0.199490,0.0,0.000000
0.003721250,0.199699,0.0,0.000000
0.003721500,0.199907,0.0,0.000000
0.003721750,0.200115,0.0,0.000000
0.003722000,0.200324,0.0,0.000000
0.003722250,0.200532,0.0,0.000000
0.003722500,0.200740,0.0,0.000000
0.003722750,0.200948,0.0,0.000000
0.003723000,0.201156,0.0,0.000000
0.003723250,0.201364,0.0,0.000000
0.003723500,0.201573,0.0,0.000000
0.003723750,0.201781,0.0,0.000000
0.003724000,0.201988,0.0,0.000000
0.003724250,0.202196,0.0,0.000000
0.003724500,0.202404,0.0,0.000000
0.003724750,0.202612,0.0,0.000000
0.003725000,0.202820,0.0,0.000000
0.003725250,0.203028,0.0,0.000000
0.003725500,0.203235,0.0,0.000000
0.003725750,0.203443,0.0,0.000000
0.003726000,0.203651,0.0,0.000000
0.003726250,0.203858,0.0,0.000000
0.003726500,0.204066,0.0,0.000000
0.003726750,0.204273,0.0,0.000000
0.003727000,0.204481,0.0,0.000000
0.003727250,0.204688,0.0,0.000000
0.003727500,0.204895,0.0,0.000000
0.003727750,0.205103,0.0,0.000000
0.003728000,0.205310,0.0,0.000000
0.003728250,0.205517,0.0,0.000000
0.003728500,0.205724,0.0,0.000000
0.003728750,0.205932,0.0,0.000000
0.003729000,0.206139,0.0,0.000000
0.003729250,0.206346,0.0,0.000000
0.003729500,0.206553,0.0,0.000000
0.003729750,0.206760,0.0,0.000000
0.003730000,0.206967,0.0,0.000000
0.003730250,0.207173,0.0,0.000000
0.003730500,0.207380,0.0,0.000000
0.003730750,0.207587,0.0,0.000000
0.003731000,0.207794,0.0,0.000000
0.003731250,0.208001,0.0,0.000000
0.003731500,0.208207,0.0,0.000000
0.003731750,0.208414,0.0,0.000000
0.003732000,0.208620,0.0,0.000000
0.003732250,0.208827,0.0,0.000000
0.003732500,0.209033,0.0,0.000000
0.003732750,0.209240,0.0,0.000000
0.003733000,0.209446,0.0,0.000000
0.003733250,0.209653,0.0,0.000000
0.003733500,0.209859,0.0,0.000000
0.003733750,0.210065,0.0,0.000000
0.003734000,0.210272,0.0,0.000000
0.003734250,0.210478,0.0,0.000000
0.003734500,0.210684,0.0,0.000000
0.003734750,0.210890,0.0,0.000000
0.003735000,0.211096,0.0,0.000000
0.003735250,0.211302,0.0,0.000000
0.003735500,0.211508,0.0,0.000000
0.003735750,0.211714,0.0,0.000000
0.003736000,0.211920,0.0,0.000000
0.003736250,0.212126,0.0,0.000000
0.003736500,0.212332,0.0,0.000000
0.003736750,0.212537,0.0,0.000000
0.003737000,0.212743,0.0,0.000000
0.003737250,0.212949,0.0,0.000000
0.003737500,0.213154,0.0,0.000000
0.003737750,0.213360,0.0,0.000000
0.003738000,0.213565,0.0,0.000000
0.003738250,0.213771,0.0,0.000000
0.003738500,0.213976,0.0,0.000000
0.003738750,0.214182,0.0,0.000000
0.003739000,0.214387,0.0,0.000000
0.003739250,0.214593,0.0,0.000000
0.003739500,0.214798,0.0,0.000000
0.003739750,0.215003,0.0,0.000000
0.003740000,0.215208,0.0,0.000000
0.003740250,0.215413,0.0,0.000000
0.003740500,0.215619,0.0,0.000000
0.003740750,0.215824,0.0,0.000000
0.003741000,0.216029,0.0,0.000000
0.003741250,0.216234,0.0,0.000000
0.003741500,0.216439,0.0,0.000000
0.003741750,0.216644,0.0,0.000000
0.003742000,0.216848,0.0,0.000000
0.003742250,0.217053,0.0,0.000000
0.003742500,0.217258,0.0,0.000000
0.003742750,0.217463,0.0,0.000000
0.003743000,0.217667,0.0,0.000000
0.003743250,0.217872,0.0,0.000000
0.003743500,0.218077,0.0,0.000000
0.003743750,0.218281,0.0,0.000000
0.003744000,0.218486,0.0,0.000000
0.003744250,0.218690,0.0,0.000000
0.003744500,0.218895,0.0,0.000000
0.003744750,0.219099,0.0,0.000000
0.003745000,0.219304,0.0,0.000000
0.003745250,0.219508,0.0,0.000000
0.003745500,0.219712,0.0,0.000000
0.003745750,0.219916,0.0,0.000000
0.003746000,0.220121,0.0,0.000000
0.003746250,0.220325,0.0,0.000000
0.003746500,0.220529,0.0,0.000000
0.003746750,0.220733,0.0,0.000000
0.003747000,0.220937,0.0,0.000000
0.003747250,0.221141,0.0,0.000000
0.003747500,0.221345,0.0,0.000000
0.003747750,0.221549,0.0,0.000000
0.003748000,0.221752,0.0,0.000000
0.003748250,0.221956,0.0,0.000000
0.003748500,0.222160,0.0,0.000000
0.003748750,0.222364,0.0,0.000000
0.003749000,0.222567,0.0,0.000000
0.003749250,0.222771,0.0,0.000000
0.003749500,0.222975,0.0,0.000000
0.003749750,0.223178,0.0,0.000000
0.003750000,0.223382,0.0,0.000000
0.003750250,0.223585,0.0,0.000000
0.003750500,0.223789,0.0,0.000000
0.003750750,0.223992,0.0,0.000000
0.003751000,0.224195,0.0,0.000000
0.003751250,0.224399,0.0,0.000000
0.003751500,0.224602,0.0,0.000000
0.003751750,0.224805,0.0,0.000000
0.003752000,0.225008,0.0,0.000000
0.003752250,0.225211,0.0,0.000000
0.003752500,0.225414,0.0,0.000000
0.003752750,0.225617,0.0,0.000000
0.003753000,0.225820,0.0,0.000000
0.003753250,0.226023,0.0,0.000000
0.003753500,0.226226,0.0,0.000000
0.003753750,0.226429,0.0,0.000000
0.003754000,0.226632,0.0,0.000000
0.003754250,0.226835,0.0,0.000000
0.003754500,0.227038,0.0,0.000000
0.003754750,0.227240,0.0,0.000000
0.003755000,0.227443,0.0,0.000000
0.003755250,0.227646,0.0,0.000000
0.003755500,0.227848,0.0,0.000000
0.003755750,0.228051,0.0,0.000000
0.003756000,0.228253,0.0,0.000000
0.003756250,0.228456,0.0,0.000000
0.003756500,0.228658,0.0,0.000000
0.003756750,0.228860,0.0,0.000000
0.003757000,0.229063,0.0,0.000000
0.003757250,0.229265,0.0,0.000000
0.003757500,0.229467,0.0,0.000000
0.003757750,0.229669,0.0,0.000000
0.003758000,0.229872,0.0,0.000000
0.003758250,0.230074,0.0,0.000000
0.003758500,0.230276,0.0,0.000000
0.003758750,0.230478,0.0,0.000000
0.003759000,0.230680,0.0,0.000000
0.003759250,0.230882,0.0,0.000000
0.003759500,0.231084,0.0,0.000000
0.003759750,0.231285,0.0,0.000000
0.003760000,0.231487,0.0,0.000000
0.003760250,0.231689,0.0,0.000000
0.003760500,0.231891,0.0,0.000000
0.003760750,0.232092,0.0,0.000000
0.003761000,0.232294,0.0,0.000000
0.003761250,0.232496,0.0,0.000000
0.003761500,0.232697,0.0,0.000000
0.003761750,0.232899,0.0,0.000000
0.003762000,0.233100,0.0,0.000000
0.003762250,0.233302,0.0,0.000000
0.003762500,0.233503,0.0,0.000000
0.003762750,0.233704,0.0,0.000000
0.003763000,0.233906,0.0,0.000000
0.003763250,0.234107,0.0,0.000000
0.003763500,0.234308,0.0,0.000000
0.003763750,0.234509,0.0,0.000000
0.003764000,0.234711,0.0,0.000000
0.003764250,0.234912,0.0,0.000000
0.003764500,0.235113,0.0,0.000000
0.003764750,0.235314,0.0,0.000000
0.003765000,0.235515,0.0,0.000000
0.003765250,0.235716,0.0,0.000000
0.003765500,0.235917,0.0,0.000000
0.003765750,0.236117,0.0,0.000000
0.003766000,0.236318,0.0,0.000000
0.003766250,0.236519,0.0,0.000000
0.003766500,0.236720,0.0,0.000000
0.003766750,0.236920,0.0,0.000000
0.003767000,0.237121,0.0,0.000000
0.003767250,0.237322,0.0,0.000000
0.003767500,0.237522,0.0,0.000000
0.003767750,0.237723,0.0,0.000000
0.003768000,0.237923,0.0,0.000000
0.003768250,0.238124,0.0,0.000000
0.003768500,0.238324,0.0,0.000000
0.003768750,0.238524,0.0,0.000000
0.003769000,0.238725,0.0,0.000000
0.003769250,0.238925,0.0,0.000000
0.003769500,0.239125,0.0,0.000000
0.003769750,0.239325,0.0,0.000000
0.003770000,0.239525,0.0,0.000000
0.003770250,0.239726,0.0,0.000000
0.003770500,0.239926,0.0,0.000000
0.003770750,0.240126,0.0,0.000000
0.003771000,0.240326,0.0,0.000000
0.003771250,0.240526,0.0,0.000000
0.003771500,0.240725,0.0,0.000000
0.003771750,0.240925,0.0,0.000000
0.003772000,0.241125,0.0,0.000000
0.003772250,0.241325,0.0,0.000000
0.003772500,0.241525,0.0,0.000000
0.003772750,0.241724,0.0,0.000000
0.003773000,0.241924,0.0,0.000000
0.003773250,0.242123,0.0,0.000000
0.003773500,0.242323,0.0,0.000000
0.003773750,0.242523,0.0,0.000000
0.003774000,0.242722,0.0,0.000000
0.003774250,0.242921,0.0,0.000000
0.003774500,0.243121,0.0,0.000000
0.003774750,0.243320,0.0,0.000000
0.003775000,0.243520,0.0,0.000000
0.003775250,0.243719,0.0,0.000000
0.003775500,0.243918,0.0,0.000000
0.003775750,0.244117,0.0,0.000000
0.003776000,0.244316,0.0,0.000000
0.003776250,0.244515,0.0,0.000000
0.003776500,0.244715,0.0,0.000000
0.003776750,0.244914,0.0,0.000000
0.003777000,0.245113,0.0,0.000000
0.003777250,0.245311,0.0,0.000000
0.003777500,0.245510,0.0,0.000000
0.003777750,0.245709,0.0,0.000000
0.003778000,0.245908,0.0,0.000000
0.003778250,0.246107,0.0,0.000000
0.003778500,0.246305,0.0,0.000000
0.003778750,0.246504,0.0,0.000000
0.003779000,0.246703,0.0,0.000000
0.003779250,0.246901,0.0,0.000000
0.003779500,0.247100,0.0,0.000000
0.003779750,0.247299,0.0,0.000000
0.003780000,0.247497,0.0,0.000000
0.003780250,0.247695,0.0,0.000000
0.003780500,0.247894,0.0,0.000000
0.003780750,0.248092,0.0,0.000000
0.003781000,0.248291,0.0,0.000000
0.003781250,0.248489,0.0,0.000000
0.003781500,0.248687,0.0,0.000000
0.003781750,0.248885,0.0,0.000000
0.003782000,0.249083,0.0,0.000000
0.003782250,0.249281,0.0,0.000000
0.003782500,0.249480,0.0,0.000000
0.003782750,0.249678,0.0,0.000000
0.003783000,0.249876,0.0,0.000000
0.003783250,0.250073,0.0,0.000000
0.003783500,0.250271,0.0,0.000000
0.003783750,0.250469,0.0,0.000000
0.003784000,0.250667,0.0,0.000000
0.003784250,0.250865,0.0,0.000000
0.003784500,0.251063,0.0,0.000000
0.003784750,0.251260,0.0,0.000000
0.003785000,0.251458,0.0,0.000000
0.003785250,0.251656,0.0,0.000000
0.003785500,0.251853,0.0,0.000000
0.003785750,0.252051,0.0,0.000000
0.003786000,0.252248,0.0,0.000000
0.003786250,0.252446,0.0,0.000000
0.003786500,0.252643,0.0,0.000000
0.003786750,0.252841,0.0,0.000000
0.003787000,0.253038,0.0,0.000000
0.003787250,0.253235,0.0,0.000000
0.003787500,0.253432,0.0,0.000000
0.003787750,0.253630,0.0,0.000000
0.003788000,0.253827,0.0,0.000000
0.003788250,0.254024,0.0,0.000000
0.003788500,0.254221,0.0,0.000000
0.003788750,0.254418,0.0,0.000000
0.003789000,0.254615,0.0,0.000000
0.003789250,0.254812,0.0,0.000000
0.003789500,0.255009,0.0,0.000000
0.003789750,0.255206,0.0,0.000000
0.003790000,0.255403,0.0,0.000000
0.003790250,0.255600,0.0,0.000000
0.003790500,0.255796,0.0,0.000000
0.003790750,0.255993,0.0,0.000000
0.003791000,0.256190,0.0,0.000000
0.003791250,0.256386,0.0,0.000000
0.003791500,0.256583,0.0,0.000000
0.003791750,0.256780,0.0,0.000000
0.003792000,0.256976,0.0,0.000000
0.003792250,0.257173,0.0,0.000000
0.003792500,0.257369,0.0,0.000000
0.003792750,0.257565,0.0,0.000000
0.003793000,0.257762,0.0,0.000000
0.003793250,0.257958,0.0,0.000000
0.003793500,0.258154,0.0,0.000000
0.003793750,0.258351,0.0,0.000000
0.003794000,0.258547,0.0,0.000000
0.003794250,0.258743,0.0,0.000000
0.003794500,0.258939,0.0,0.000000
0.003794750,0.259135,0.0,0.000000
0.003795000,0.259331,0.0,0.000000
0.003795250,0.259527,0.0,0.000000
0.003795500,0.259723,0.0,0.000000
0.003795750,0.259919,0.0,0.000000
0.003796000,0.260115,0.0,0.000000
0.003796250,0.260311,0.0,0.000000
0.003796500,0.260506,0.0,0.000000
0.003796750,0.260702,0.0,0.000000
0.003797000,0.260898,0.0,0.000000
0.003797250,0.261094,0.0,0.000000
0.003797500,0.261289,0.0,0.000000
0.003797750,0.261485,0.0,0.000000
0.003798000,0.261680,0.0,0.000000
0.003798250,0.261876,0.0,0.000000
0.003798500,0.262071,0.0,0.000000
0.003798750,0.262267,0.0,0.000000
0.003799000,0.262462,0.0,0.000000
0.003799250,0.262657,0.0,0.000000
0.003799500,0.262853,0.0,0.000000
0.003799750,0.263048,0.0,0.000000
0.003800000,0.263243,0.0,0.000000
0.003800250,0.263438,0.0,0.000000
0.003800500,0.263633,0.0,0.000000
0.003800750,0.263829,0.0,0.000000
0.003801000,0.264024,0.0,0.000000
0.003801250,0.264219,0.0,0.000000
0.003801500,0.264414,0.0,0.000000
0.003801750,0.264609,0.0,0.000000
0.003802000,0.264803,0.0,0.000000
0.003802250,0.264998,0.0,0.000000
0.003802500,0.265193,0.0,0.000000
0.003802750,0.265388,0.0,0.000000
0.003803000,0.265583,0.0,0.000000
0.003803250,0.265777,0.0,0.000000
0.003803500,0.265972,0.0,0.000000
0.003803750,0.266167,0.0,0.000000
0.003804000,0.266361,0.0,0.000000
0.003804250,0.266556,0.0,0.000000
0.003804500,0.266750,0.0,0.000000
0.003804750,0.266944,0.0,0.000000
0.003805000,0.267139,0.0,0.000000
0.003805250,0.267333,0.0,0.000000
0.003805500,0.267528,0.0,0.000000
0.003805750,0.267722,0.0,0.000000
0.003806000,0.267916,0.0,0.000000
0.003806250,0.268110,0.0,0.000000
0.003806500,0.268304,0.0,0.000000
0.003806750,0.268499,0.0,0.000000
0.003807000,0.268693,0.0,0.000000
0.003807250,0.268887,0.0,0.000000
0.003807500,0.269081,0.0,0.000000
0.003807750,0.269275,0.0,0.000000
0.003808000,0.269469,0.0,0.000000
0.003808250,0.269662,0.0,0.000000
0.003808500,0.269856,0.0,0.000000
0.003808750,0.270050,0.0,0.000000
0.003809000,0.270244,0.0,0.000000
0.003809250,0.270438,0.0,0.000000
0.003809500,0.270631,0.0,0.000000
0.003809750,0.270825,0.0,0.000000
0.003810000,0.271018,0.0,0.000000
0.003810250,0.271212,0.0,0.000000
0.003810500,0.271406,0.0,0.000000
0.003810750,0.271599,0.0,0.000000
0.003811000,0.271792,0.0,0.000000
0.003811250,0.271986,0.0,0.000000
0.003811500,0.272179,0.0,0.000000
0.003811750,0.272372,0.0,0.000000
0.003812000,0.272566,0.0,0.000000
0.003812250,0.272759,0.0,0.000000
0.003812500,0.272952,0.0,0.000000
0.003812750,0.273145,0.0,0.000000
0.003813000,0.273338,0.0,0.000000
0.003813250,0.273531,0.0,0.000000
0.003813500,0.273725,0.0,0.000000
0.003813750,0.273918,0.0,0.000000
0.003814000,0.274110,0.0,0.000000
0.003814250,0.274303,0.0,0.000000
0.003814500,0.274496,0.0,0.000000
0.003814750,0.274689,0.0,0.000000
0.003815000,0.274882,0.0,0.000000
0.003815250,0.275075,0.0,0.000000
0.003815500,0.275267,0.0,0.000000
0.003815750,0.275460,0.0,0.000000
0.003816000,0.275653,0.0,0.000000
0.003816250,0.275845,0.0,0.000000
0.003816500,0.276038,0.0,0.000000
0.003816750,0.276230,0.0,0.000000
0.003817000,0.276423,0.0,0.000000
0.003817250,0.276615,0.0,0.000000
0.003817500,0.276808,0.0,0.000000
0.003817750,0.277000,0.0,0.000000
0.003818000,0.277192,0.0,0.000000
0.003818250,0.277384,0.0,0.000000
0.003818500,0.277577,0.0,0.000000
0.003818750,0.277769,0.0,0.000000
0.003819000,0.277961,0.0,0.000000
0.003819250,0.278153,0.0,0.000000
0.003819500,0.278345,0.0,0.000000
0.003819750,0.278537,0.0,0.000000
0.003820000,0.278729,0.0,0.000000
0.003820250,0.278921,0.0,0.000000
0.003820500,0.279113,0.0,0.000000
0.003820750,0.279305,0.0,0.000000
0.003821000,0.279497,0.0,0.000000
0.003821250,0.279689,0.0,0.000000
0.003821500,0.279880,0.0,0.000000
0.003821750,0.280072,0.0,0.000000
0.003822000,0.280264,0.0,0.000000
0.003822250,0.280455,0.0,0.000000
0.003822500,0.280647,0.0,0.000000
0.003822750,0.280838,0.0,0.000000
0.003823000,0.281030,0.0,0.000000
0.003823250,0.281221,0.0,0.000000
0.003823500,0.281413,0.0,0.000000
0.003823750,0.281604,0.0,0.000000
0.003824000,0.281796,0.0,0.000000
0.003824250,0.281987,0.0,0.000000
0.003824500,0.282178,0.0,0.000000
0.003824750,0.282369,0.0,0.000000
0.003825000,0.282561,0.0,0.000000
0.003825250,0.282752,0.0,0.000000
0.003825500,0.282943,0.0,0.000000
0.003825750,0.283134,0.0,0.000000
0.003826000,0.283325,0.0,0.000000
0.003826250,0.283516,0.0,0.000000
0.003826500,0.283707,0.0,0.000000
0.003826750,0.283898,0.0,0.000000
0.003827000,0.284089,0.0,0.000000
0.003827250,0.284280,0.0,0.000000
0.003827500,0.284470,0.0,0.000000
0.003827750,0.284661,0.0,0.000000
0.003828000,0.284852,0.0,0.000000
0.003828250,0.285042,0.0,0.000000
0.003828500,0.285233,0.0,0.000000
0.003828750,0.285424,0.0,0.000000
0.003829000,0.285614,0.0,0.000000
0.003829250,0.285805,0.0,0.000000
0.003829500,0.285995,0.0,0.000000
0.003829750,0.286186,0.0,0.000000
0.003830000,0.286376,0.0,0.000000
0.003830250,0.286566,0.0,0.000000
0.003830500,0.286757,0.0,0.000000
0.003830750,0.286947,0.0,0.000000
0.003831000,0.287137,0.0,0.000000
0.003831250,0.287327,0.0,0.000000
0.003831500,0.287518,0.0,0.000000
0.003831750,0.287708,0.0,0.000000
0.003832000,0.287898,0.0,0.000000
0.003832250,0.288088,0.0,0.000000
0.003832500,0.288278,0.0,0.000000
0.003832750,0.288468,0.0,0.000000
0.003833000,0.288658,0.0,0.000000
0.003833250,0.288848,0.0,0.000000
0.003833500,0.289037,0.0,0.000000
0.003833750,0.289227,0.0,0.000000
0.003834000,0.289417,0.0,0.000000
0.003834250,0.289607,0.0,0.000000
0.003834500,0.289796,0.0,0.000000
0.003834750,0.289986,0.0,0.000000
0.003835000,0.290176,0.0,0.000000
0.003835250,0.290365,0.0,0.000000
0.003835500,0.290555,0.0,0.000000
0.003835750,0.290744,0.0,0.000000
0.003836000,0.290934,0.0,0.000000
0.003836250,0.291123,0.0,0.000000
0.003836500,0.291312,0.0,0.000000
0.003836750,0.291502,0.0,0.000000
0.003837000,0.291691,0.0,0.000000
0.003837250,0.291880,0.0,0.000000
0.003837500,0.292070,0.0,0.000000
0.003837750,0.292259,0.0,0.000000
0.003838000,0.292448,0.0,0.000000
0.003838250,0.292637,0.0,0.000000
0.003838500,0.292826,0.0,0.000000
0.003838750,0.293015,0.0,0.000000
0.003839000,0.293204,0.0,0.000000
0.003839250,0.293393,0.0,0.000000
0.003839500,0.293582,0.0,0.000000
0.003839750,0.293771,0.0,0.000000
0.003840000,0.293959,0.0,0.000000
0.003840250,0.294148,0.0,0.000000
0.003840500,0.294337,0.0,0.000000
0.003840750,0.294526,0.0,0.000000
0.003841000,0.294714,0.0,0.000000
0.003841250,0.294903,0.0,0.000000
0.003841500,0.295092,0.0,0.000000
0.003841750,0.295280,0.0,0.000000
0.003842000,0.295469,0.0,0.000000
0.003842250,0.295657,0.0,0.000000
0.003842500,0.295845,0.0,0.000000
0.003842750,0.296034,0.0,0.000000
0.003843000,0.296222,0.0,0.000000
0.003843250,0.296410,0.0,0.000000
0.003843500,0.296599,0.0,0.000000
0.003843750,0.296787,0.0,0.000000
0.003844000,0.296975,0.0,0.000000
0.003844250,0.297163,0.0,0.000000
0.003844500,0.297351,0.0,0.000000
0.003844750,0.297539,0.0,0.000000
0.003845000,0.297727,0.0,0.000000
0.003845250,0.297915,0.0,0.000000
0.003845500,0.298103,0.0,0.000000
0.003845750,0.298291,0.0,0.000000
0.003846000,0.298479,0.0,0.000000
0.003846250,0.298667,0.0,0.000000
0.003846500,0.298855,0.0,0.000000
0.003846750,0.299043,0.0,0.000000
0.003847000,0.299230,0.0,0.000000
0.003847250,0.299418,0.0,0.000000
0.003847500,0.299606,0.0,0.000000
0.003847750,0.299793,0.0,0.000000
0.003848000,0.299981,0.0,0.000000
0.003848250,0.300168,0.0,0.000000
0.003848500,0.300356,0.0,0.000000
0.003848750,0.300543,0.0,0.000000
0.003849000,0.300731,0.0,0.000000
0.003849250,0.300918,0.0,0.000000
0.003849500,0.301105,0.0,0.000000
0.003849750,0.301293,0.0,0.000000
0.003850000,0.301480,0.0,0.000000
0.003850250,0.301667,0.0,0.000000
0.003850500,0.301854,0.0,0.000000
0.003850750,0.302041,0.0,0.000000
0.003851000,0.302228,0.0,0.000000
0.003851250,0.302415,0.0,0.000000
0.003851500,0.302602,0.0,0.000000
0.003851750,0.302789,0.0,0.000000
0.003852000,0.302976,0.0,0.000000
0.003852250,0.303163,0.0,0.000000
0.003852500,0.303350,0.0,0.000000
0.003852750,0.303537,0.0,0.000000
0.003853000,0.303724,0.0,0.000000
0.003853250,0.303911,0.0,0.000000
0.003853500,0.304097,0.0,0.000000
0.003853750,0.304284,0.0,0.000000
0.003854000,0.304471,0.0,0.000000
0.003854250,0.304657,0.0,0.000000
0.003854500,0.304844,0.0,0.000000
0.003854750,0.305030,0.0,0.000000
0.003855000,0.305217,0.0,0.000000
0.003855250,0.305403,0.0,0.000000
0.003855500,0.305589,0.0,0.000000
0.003855750,0.305776,0.0,0.000000
0.003856000,0.305962,0.0,0.000000
0.003856250,0.306148,0.0,0.000000
0.003856500,0.306335,0.0,0.000000
0.003856750,0.306521,0.0,0.000000
0.003857000,0.306707,0.0,0.000000
0.003857250,0.306893,0.0,0.000000
0.003857500,0.307079,0.0,0.000000
0.003857750,0.307265,0.0,0.000000
0.003858000,0.307451,0.0,0.000000
0.003858250,0.307637,0.0,0.000000
0.003858500,0.307823,0.0,0.000000
0.003858750,0.308009,0.0,0.000000
0.003859000,0.308195,0.0,0.000000
0.003859250,0.308381,0.0,0.000000
0.003859500,0.308566,0.0,0.000000
0.003859750,0.308752,0.0,0.000000
0.003860000,0.308938,0.0,0.000000
0.003860250,0.309124,0.0,0.000000
0.003860500,0.309309,0.0,0.000000
0.003860750,0.309495,0.0,0.000000
0.003861000,0.309680,0.0,0.000000
0.003861250,0.309866,0.0,0.000000
0.003861500,0.310051,0.0,0.000000
0.003861750,0.310237,0.0,0.000000
0.003862000,0.310422,0.0,0.000000
0.003862250,0.310607,0.0,0.000000
0.003862500,0.310793,0.0,0.000000
0.003862750,0.310978,0.0,0.000000
0.003863000,0.311163,0.0,0.000000
0.003863250,0.311348,0.0,0.000000
0.003863500,0.311534,0.0,0.000000
0.003863750,0.311719,0.0,0.000000
0.003864000,0.311904,0.0,0.000000
0.003864250,0.312089,0.0,0.000000
0.003864500,0.312274,0.0,0.000000
0.003864750,0.312459,0.0,0.000000
0.003865000,0.312644,0.0,0.000000
0.003865250,0.312828,0.0,0.000000
0.003865500,0.313013,0.0,0.000000
0.003865750,0.313198,0.0,0.000000
0.003866000,0.313383,0.0,0.000000
0.003866250,0.313568,0.0,0.000000
0.003866500,0.313752,0.0,0.000000
0.003866750,0.313937,0.0,0.000000
0.003867000,0.314122,0.0,0.000000
0.003867250,0.314306,0.0,0.000000
0.003867500,0.314491,0.0,0.000000
0.003867750,0.314675,0.0,0.000000
0.003868000,0.314860,0.0,0.000000
0.003868250,0.315044,0.0,0.000000
0.003868500,0.315228,0.0,0.000000
0.003868750,0.315413,0.0,0.000000
0.003869000,0.315597,0.0,0.000000
0.003869250,0.315781,0.0,0.000000
0.003869500,0.315966,0.0,0.000000
0.003869750,0.316150,0.0,0.000000
0.003870000,0.316334,0.0,0.000000
0.003870250,0.316518,0.0,0.000000
0.003870500,0.316702,0.0,0.000000
0.003870750,0.316886,0.0,0.000000
0.003871000,0.317070,0.0,0.000000
0.003871250,0.317254,0.0,0.000000
0.003871500,0.317438,0.0,0.000000
0.003871750,0.317622,0.0,0.000000
0.003872000,0.317806,0.0,0.000000
0.003872250,0.317990,0.0,0.000000
0.003872500,0.318173,0.0,0.000000
0.003872750,0.318357,0.0,0.000000
0.003873000,0.318541,0.0,0.000000
0.003873250,0.318724,0.0,0.000000
0.003873500,0.318908,0.0,0.000000
0.003873750,0.319092,0.0,0.000000
0.003874000,0.319275,0.0,0.000000
0.003874250,0.319459,0.0,0.000000
0.003874500,0.319642,0.0,0.000000
0.003874750,0.319826,0.0,0.000000
0.003875000,0.320009,0.0,0.000000
0.003875250,0.320192,0.0,0.000000
0.003875500,0.320376,0.0,0.000000
0.003875750,0.320559,0.0,0.000000
0.003876000,0.320742,0.0,0.000000
0.003876250,0.320925,0.0,0.000000
0.003876500,0.321108,0.0,0.000000
0.003876750,0.321292,0.0,0.000000
0.003877000,0.321475,0.0,0.000000
0.003877250,0.321658,0.0,0.000000
0.003877500,0.321841,0.0,0.000000
0.003877750,0.322024,0.0,0.000000
0.003878000,0.322207,0.0,0.000000
0.003878250,0.322389,0.0,0.000000
0.003878500,0.322572,0.0,0.000000
0.003878750,0.322755,0.0,0.000000
0.003879000,0.322938,0.0,0.000000
0.003879250,0.323121,0.0,0.000000
0.003879500,0.323303,0.0,0.000000
0.003879750,0.323486,0.0,0.000000
0.003880000,0.323669,0.0,0.000000
0.003880250,0.323851,0.0,0.000000
0.003880500,0.324034,0.0,0.000000
0.003880750,0.324216,0.0,0.000000
0.003881000,0.324399,0.0,0.000000
0.003881250,0.324581,0.0,0.000000
0.003881500,0.324764,0.0,0.000000
0.003881750,0.324946,0.0,0.000000
0.003882000,0.325128,0.0,0.000000
0.003882250,0.325311,0.0,0.000000
0.003882500,0.325493,0.0,0.000000
0.003882750,0.325675,0.0,0.000000
0.003883000,0.325857,0.0,0.000000
0.003883250,0.326039,0.0,0.000000
0.003883500,0.326221,0.0,0.000000
0.003883750,0.326403,0.0,0.000000
0.003884000,0.326585,0.0,0.000000
0.003884250,0.326767,0.0,0.000000
0.003884500,0.326949,0.0,0.000000
0.003884750,0.327131,0.0,0.000000
0.003885000,0.327313,0.0,0.000000
0.003885250,0.327495,0.0,0.000000
0.003885500,0.327677,0.0,0.000000
0.003885750,0.327859,0.0,0.000000
0.003886000,0.328040,0.0,0.000000
0.003886250,0.328222,0.0,0.000000
0.003886500,0.328404,0.0,0.000000
0.003886750,0.328585,0.0,0.000000
0.003887000,0.328767,0.0,0.000000
0.003887250,0.328948,0.0,0.000000
0.003887500,0.329130,0.0,0.000000
0.003887750,0.329311,0.0,0.000000
0.003888000,0.329493,0.0,0.000000
0.003888250,0.329674,0.0,0.000000
0.003888500,0.329855,0.0,0.000000
0.003888750,0.330037,0.0,0.000000
0.003889000,0.330218,0.0,0.000000
0.003889250,0.330399,0.0,0.000000
0.003889500,0.330580,0.0,0.000000
0.003889750,0.330761,0.0,0.000000
0.003890000,0.330942,0.0,0.000000
0.003890250,0.331124,0.0,0.000000
0.003890500,0.331305,0.0,0.000000
0.003890750,0.331486,0.0,0.000000
0.003891000,0.331667,0.0,0.000000
0.003891250,0.331847,0.0,0.000000
0.003891500,0.332028,0.0,0.000000
0.003891750,0.332209,0.0,0.000000
0.003892000,0.332390,0.0,0.000000
0.003892250,0.332571,0.0,0.000000
0.003892500,0.332751,0.0,0.000000
0.003892750,0.332932,0.0,0.000000
0.003893000,0.333113,0.0,0.000000
0.003893250,0.333293,0.0,0.000000
0.003893500,0.333474,0.0,0.000000
0.003893750,0.333655,0.0,0.000000
0.003894000,0.333835,0.0,0.000000
0.003894250,0.334016,0.0,0.000000
0.003894500,0.334196,0.0,0.000000
0.003894750,0.334376,0.0,0.000000
0.003895000,0.334557,0.0,0.000000
0.003895250,0.334737,0.0,0.000000
0.003895500,0.334917,0.0,0.000000
0.003895750,0.335098,0.0,0.000000
0.003896000,0.335278,0.0,0.000000
0.003896250,0.335458,0.0,0.000000
0.003896500,0.335638,0.0,0.000000
0.003896750,0.335818,0.0,0.000000
0.003897000,0.335998,0.0,0.000000
0.003897250,0.336178,0.0,0.000000
0.003897500,0.336358,0.0,0.000000
0.003897750,0.336538,0.0,0.000000
0.003898000,0.336718,0.0,0.000000
0.003898250,0.336898,0.0,0.000000
0.003898500,0.337078,0.0,0.000000
0.003898750,0.337258,0.0,0.000000
0.003899000,0.337437,0.0,0.000000
0.003899250,0.337617,0.0,0.000000
0.003899500,0.337797,0.0,0.000000
0.003899750,0.337976,0.0,0.000000
0.003900000,0.338156,0.0,0.000000
0.003900250,0.338336,0.0,0.000000
0.003900500,0.338515,0.0,0.000000
0.003900750,0.338695,0.0,0.000000
0.003901000,0.338874,0.0,0.000000
0.003901250,0.339053,0.0,0.000000
0.003901500,0.339233,0.0,0.000000
0.003901750,0.339412,0.0,0.000000
0.003902000,0.339591,0.0,0.000000
0.003902250,0.339771,0.0,0.000000
0.003902500,0.339950,0.0,0.000000
0.003902750,0.340129,0.0,0.000000
0.003903000,0.340308,0.0,0.000000
0.003903250,0.340487,0.0,0.000000
0.003903500,0.340667,0.0,0.000000
0.003903750,0.340846,0.0,0.000000
0.003904000,0.341025,0.0,0.000000
0.003904250,0.341204,0.0,0.000000
0.003904500,0.341382,0.0,0.000000
0.003904750,0.341561,0.0,0.000000
0.003905000,0.341740,0.0,0.000000
0.003905250,0.341919,0.0,0.000000
0.003905500,0.342098,0.0,0.000000
0.003905750,0.342277,0.0,0.000000
0.003906000,0.342455,0.0,0.000000
0.003906250,0.342634,0.0,0.000000
0.003906500,0.342813,0.0,0.000000
0.003906750,0.342991,0.0,0.000000
0.003907000,0.343170,0.0,0.000000
0.003907250,0.343348,0.0,0.000000
0.003907500,0.343527,0.0,0.000000
0.003907750,0.343705,0.0,0.000000
0.003908000,0.343884,0.0,0.000000
0.003908250,0.344062,0.0,0.000000
0.003908500,0.344240,0.0,0.000000
0.003908750,0.344419,0.0,0.000000
0.003909000,0.344597,0.0,0.000000
0.003909250,0.344775,0.0,0.000000
0.003909500,0.344953,0.0,0.000000
0.003909750,0.345131,0.0,0.000000
0.003910000,0.345310,0.0,0.000000
0.003910250,0.345488,0.0,0.000000
0.003910500,0.345666,0.0,0.000000
0.003910750,0.345844,0.0,0.000000
0.003911000,0.346022,0.0,0.000000
0.003911250,0.346200,0.0,0.000000
0.003911500,0.346377,0.0,0.000000
0.003911750,0.346555,0.0,0.000000
0.003912000,0.346733,0.0,0.000000
0.003912250,0.346911,0.0,0.000000
0.003912500,0.347089,0.0,0.000000
0.003912750,0.347266,0.0,0.000000
0.003913000,0.347444,0.0,0.000000
0.003913250,0.347622,0.0,0.000000
0.003913500,0.347799,0.0,0.000000
0.003913750,0.347977,0.0,0.000000
0.003914000,0.348154,0.0,0.000000
0.003914250,0.348332,0.0,0.000000
0.003914500,0.348509,0.0,0.000000
0.003914750,0.348687,0.0,0.000000
0.003915000,0.348864,0.0,0.000000
0.003915250,0.349041,0.0,0.000000
0.003915500,0.349219,0.0,0.000000
0.003915750,0.349396,0.0,0.000000
0.003916000,0.349573,0.0,0.000000
0.003916250,0.349750,0.0,0.000000
0.003916500,0.349928,0.0,0.000000
0.003916750,0.350105,0.0,0.000000
0.003917000,0.350282,0.0,0.000000
0.003917250,0.350459,0.0,0.000000
0.003917500,0.350636,0.0,0.000000
0.003917750,0.350813,0.0,0.000000
0.003918000,0.350990,0.0,0.000000
0.003918250,0.351167,0.0,0.000000
0.003918500,0.351343,0.0,0.000000
0.003918750,0.351520,0.0,0.000000
0.003919000,0.351697,0.0,0.000000
0.003919250,0.351874,0.0,0.000000
0.003919500,0.352050,0.0,0.000000
0.003919750,0.352227,0.0,0.000000
0.003920000,0.352404,0.0,0.000000
0.003920250,0.352580,0.0,0.000000
0.003920500,0.352757,0.0,0.000000
0.003920750,0.352933,0.0,0.000000
0.003921000,0.353110,0.0,0.000000
0.003921250,0.353286,0.0,0.000000
0.003921500,0.353463,0.0,0.000000
0.003921750,0.353639,0.0,0.000000
0.003922000,0.353816,0.0,0.000000
0.003922250,0.353992,0.0,0.000000
0.003922500,0.354168,0.0,0.000000
0.003922750,0.354344,0.0,0.000000
0.003923000,0.354521,0.0,0.000000
0.003923250,0.354697,0.0,0.000000
0.003923500,0.354873,0.0,0.000000
0.003923750,0.355049,0.0,0.000000
0.003924000,0.355225,0.0,0.000000
0.003924250,0.355401,0.0,0.000000
0.003924500,0.355577,0.0,0.000000
0.003924750,0.355753,0.0,0.000000
0.003925000,0.355929,0.0,0.000000
0.003925250,0.356105,0.0,0.000000
0.003925500,0.356281,0.0,0.000000
0.003925750,0.356456,0.0,0.000000
0.003926000,0.356632,0.0,0.000000
0.003926250,0.356808,0.0,0.000000
0.003926500,0.356983,0.0,0.000000
0.003926750,0.357159,0.0,0.000000
0.003927000,0.357335,0.0,0.000000
0.003927250,0.357510,0.0,0.000000
0.003927500,0.357686,0.0,0.000000
0.003927750,0.357861,0.0,0.000000
0.003928000,0.358037,0.0,0.000000
0.003928250,0.358212,0.0,0.000000
0.003928500,0.358388,0.0,0.000000
0.003928750,0.358563,0.0,0.000000
0.003929000,0.358738,0.0,0.000000
0.003929250,0.358914,0.0,0.000000
0.003929500,0.359089,0.0,0.000000
0.003929750,0.359264,0.0,0.000000
0.003930000,0.359439,0.0,0.000000
0.003930250,0.359614,0.0,0.000000
0.003930500,0.359789,0.0,0.000000
0.003930750,0.359964,0.0,0.000000
0.003931000,0.360139,0.0,0.000000
0.003931250,0.360314,0.0,0.000000
0.003931500,0.360489,0.0,0.000000
0.003931750,0.360664,0.0,0.000000
0.003932000,0.360839,0.0,0.000000
0.003932250,0.361014,0.0,0.000000
0.003932500,0.361189,0.0,0.000000
0.003932750,0.361364,0.0,0.000000
0.003933000,0.361538,0.0,0.000000
0.003933250,0.361713,0.0,0.000000
0.003933500,0.361888,0.0,0.000000
0.003933750,0.362062,0.0,0.000000
0.003934000,0.362237,0.0,0.000000
0.003934250,0.362411,0.0,0.000000
0.003934500,0.362586,0.0,0.000000
0.003934750,0.362761,0.0,0.000000
0.003935000,0.362935,0.0,0.000000
0.003935250,0.363109,0.0,0.000000
0.003935500,0.363284,0.0,0.000000
0.003935750,0.363458,0.0,0.000000
0.003936000,0.363632,0.0,0.000000
0.003936250,0.363807,0.0,0.000000
0.003936500,0.363981,0.0,0.000000
0.003936750,0.364155,0.0,0.000000
0.003937000,0.364329,0.0,0.000000
0.003937250,0.364503,0.0,0.000000
0.003937500,0.364677,0.0,0.000000
0.003937750,0.364851,0.0,0.000000
0.003938000,0.365025,0.0,0.000000
0.003938250,0.365199,0.0,0.000000
0.003938500,0.365373,0.0,0.000000
0.003938750,0.365547,0.0,0.000000
0.003939000,0.365721,0.0,0.000000
0.003939250,0.365895,0.0,0.000000
0.003939500,0.366069,0.0,0.000000
0.003939750,0.366242,0.0,0.000000
0.003940000,0.366416,0.0,0.000000
0.003940250,0.366590,0.0,0.000000
0.003940500,0.366764,0.0,0.000000
0.003940750,0.366937,0.0,0.000000
0.003941000,0.367111,0.0,0.000000
0.003941250,0.367284,0.0,0.000000
0.003941500,0.367458,0.0,0.000000
0.003941750,0.367631,0.0,0.000000
0.003942000,0.367805,0.0,0.000000
0.003942250,0.367978,0.0,0.000000
0.003942500,0.368151,0.0,0.000000
0.003942750,0.368325,0.0,0.000000
0.003943000,0.368498,0.0,0.000000
0.003943250,0.368671,0.0,0.000000
0.003943500,0.368844,0.0,0.000000
0.003943750,0.369018,0.0,0.000000
0.003944000,0.369191,0.0,0.000000
0.003944250,0.369364,0.0,0.000000
0.003944500,0.369537,0.0,0.000000
0.003944750,0.369710,0.0,0.000000
0.003945000,0.369883,0.0,0.000000
0.003945250,0.370056,0.0,0.000000
0.003945500,0.370229,0.0,0.000000
0.003945750,0.370402,0.0,0.000000
0.003946000,0.370575,0.0,0.000000
0.003946250,0.370747,0.0,0.000000
0.003946500,0.370920,0.0,0.000000
0.003946750,0.371093,0.0,0.000000
0.003947000,0.371266,0.0,0.000000
0.003947250,0.371438,0.0,0.000000
0.003947500,0.371611,0.0,0.000000
0.003947750,0.371783,0.0,0.000000
0.003948000,0.371956,0.0,0.000000
0.003948250,0.372129,0.0,0.000000
0.003948500,0.372301,0.0,0.000000
0.003948750,0.372474,0.0,0.000000
0.003949000,0.372646,0.0,0.000000
0.003949250,0.372818,0.0,0.000000
0.003949500,0.372991,0.0,0.000000
0.003949750,0.373163,0.0,0.000000
0.003950000,0.373335,0.0,0.000000
0.003950250,0.373507,0.0,0.000000
0.003950500,0.373680,0.0,0.000000
0.003950750,0.373852,0.0,0.000000
0.003951000,0.374024,0.0,0.000000
0.003951250,0.374196,0.0,0.000000
0.003951500,0.374368,0.0,0.000000
0.003951750,0.374540,0.0,0.000000
0.003952000,0.374712,0.0,0.000000
0.003952250,0.374884,0.0,0.000000
0.003952500,0.375056,0.0,0.000000
0.003952750,0.375228,0.0,0.000000
0.003953000,0.375400,0.0,0.000000
0.003953250,0.375572,0.0,0.000000
0.003953500,0.375743,0.0,0.000000
0.003953750,0.375915,0.0,0.000000
0.003954000,0.376087,0.0,0.000000
0.003954250,0.376258,0.0,0.000000
0.003954500,0.376430,0.0,0.000000
0.003954750,0.376602,0.0,0.000000
0.003955000,0.376773,0.0,0.000000
0.003955250,0.376945,0.0,0.000000
0.003955500,0.377116,0.0,0.000000
0.003955750,0.377288,0.0,0.000000
0.003956000,0.377459,0.0,0.000000
0.003956250,0.377631,0.0,0.000000
0.003956500,0.377802,0.0,0.000000
0.003956750,0.377973,0.0,0.000000
0.003957000,0.378144,0.0,0.000000
0.003957250,0.378316,0.0,0.000000
0.003957500,0.378487,0.0,0.000000
0.003957750,0.378658,0.0,0.000000
0.003958000,0.378829,0.0,0.000000
0.003958250,0.379000,0.0,0.000000
0.003958500,0.379171,0.0,0.000000
0.003958750,0.379342,0.0,0.000000
0.003959000,0.379513,0.0,0.000000
0.003959250,0.379684,0.0,0.000000
0.003959500,0.379855,0.0,0.000000
0.003959750,0.380026,0.0,0.000000
0.003960000,0.380197,0.0,0.000000
0.003960250,0.380368,0.0,0.000000
0.003960500,0.380538,0.0,0.000000
0.003960750,0.380709,0.0,0.000000
0.003961000,0.380880,0.0,0.000000
0.003961250,0.381051,0.0,0.000000
0.003961500,0.381221,0.0,0.000000
0.003961750,0.381392,0.0,0.000000
0.003962000,0.381562,0.0,0.000000
0.003962250,0.381733,0.0,0.000000
0.003962500,0.381903,0.0,0.000000
0.003962750,0.382074,0.0,0.000000
0.003963000,0.382244,0.0,0.000000
0.003963250,0.382415,0.0,0.000000
0.003963500,0.382585,0.0,0.000000
0.003963750,0.382755,0.0,0.000000
0.003964000,0.382926,0.0,0.000000
0.003964250,0.383096,0.0,0.000000
0.003964500,0.383266,0.0,0.000000
0.003964750,0.383436,0.0,0.000000
0.003965000,0.383606,0.0,0.000000
0.003965250,0.383776,0.0,0.000000
0.003965500,0.383947,0.0,0.000000
0.003965750,0.384117,0.0,0.000000
0.003966000,0.384287,0.0,0.000000
0.003966250,0.384456,0.0,0.000000
0.003966500,0.384626,0.0,0.000000
0.003966750,0.384796,0.0,0.000000
0.003967000,0.384966,0.0,0.000000
0.003967250,0.385136,0.0,0.000000
0.003967500,0.385306,0.0,0.000000
0.003967750,0.385475,0.0,0.000000
0.003968000,0.385645,0.0,0.000000
0.003968250,0.385815,0.0,0.000000
0.003968500,0.385985,0.0,0.000000
0.003968750,0.386154,0.0,0.000000
0.003969000,0.386324,0.0,0.000000
0.003969250,0.386493,0.0,0.000000
0.003969500,0.386663,0.0,0.000000
0.003969750,0.386832,0.0,0.000000
0.003970000,0.387002,0.0,0.000000
0.003970250,0.387171,0.0,0.000000
0.003970500,0.387340,0.0,0.000000
0.003970750,0.387510,0.0,0.000000
0.003971000,0.387679,0.0,0.000000
0.003971250,0.387848,0.0,0.000000
0.003971500,0.388017,0.0,0.000000
0.003971750,0.388187,0.0,0.000000
0.003972000,0.388356,0.0,0.000000
0.003972250,0.388525,0.0,0.000000
0.003972500,0.388694,0.0,0.000000
0.003972750,0.388863,0.0,0.000000
0.003973000,0.389032,0.0,0.000000
0.003973250,0.389201,0.0,0.000000
0.003973500,0.389370,0.0,0.000000
0.003973750,0.389539,0.0,0.000000
0.003974000,0.389708,0.0,0.000000
0.003974250,0.389876,0.0,0.000000
0.003974500,0.390045,0.0,0.000000
0.003974750,0.390214,0.0,0.000000
0.003975000,0.390383,0.0,0.000000
0.003975250,0.390551,0.0,0.000000
0.003975500,0.390720,0.0,0.000000
0.003975750,0.390889,0.0,0.000000
0.003976000,0.391057,0.0,0.000000
0.003976250,0.391226,0.0,0.000000
0.003976500,0.391394,0.0,0.000000
0.003976750,0.391563,0.0,0.000000
0.003977000,0.391731,0.0,0.000000
0.003977250,0.391900,0.0,0.000000
0.003977500,0.392068,0.0,0.000000
0.003977750,0.392236,0.0,0.000000
0.003978000,0.392405,0.0,0.000000
0.003978250,0.392573,0.0,0.000000
0.003978500,0.392741,0.0,0.000000
0.003978750,0.392909,0.0,0.000000
0.003979000,0.393078,0.0,0.000000
0.003979250,0.393246,0.0,0.000000
0.003979500,0.393414,0.0,0.000000
0.003979750,0.393582,0.0,0.000000
0.003980000,0.393750,0.0,0.000000
0.003980250,0.393918,0.0,0.000000
0.003980500,0.394086,0.0,0.000000
0.003980750,0.394254,0.0,0.000000
0.003981000,0.394422,0.0,0.000000
0.003981250,0.394589,0.0,0.000000
0.003981500,0.394757,0.0,0.000000
0.003981750,0.394925,0.0,0.000000
0.003982000,0.395093,0.0,0.000000
0.003982250,0.395260,0.0,0.000000
0.003982500,0.395428,0.0,0.000000
0.003982750,0.395596,0.0,0.000000
0.003983000,0.395763,0.0,0.000000
0.003983250,0.395931,0.0,0.000000
0.003983500,0.396098,0.0,0.000000
0.003983750,0.396266,0.0,0.000000
0.003984000,0.396433,0.0,0.000000
0.003984250,0.396601,0.0,0.000000
0.003984500,0.396768,0.0,0.000000
0.003984750,0.396936,0.0,0.000000
0.003985000,0.397103,0.0,0.000000
0.003985250,0.397270,0.0,0.000000
0.003985500,0.397437,0.0,0.000000
0.003985750,0.397605,0.0,0.000000
0.003986000,0.397772,0.0,0.000000
0.003986250,0.397939,0.0,0.000000
0.003986500,0.398106,0.0,0.000000
0.003986750,0.398273,0.0,0.000000
0.003987000,0.398440,0.0,0.000000
0.003987250,0.398607,0.0,0.000000
0.003987500,0.398774,0.0,0.000000
0.003987750,0.398941,0.0,0.000000
0.003988000,0.399108,0.0,0.000000
0.003988250,0.399275,0.0,0.000000
0.003988500,0.399442,0.0,0.000000
0.003988750,0.399609,0.0,0.000000
0.003989000,0.399775,0.0,0.000000
0.003989250,0.399942,0.0,0.000000
0.003989500,0.400109,0.0,0.000000
0.003989750,0.400275,0.0,0.000000
0.003990000,0.400442,0.0,0.000000
0.003990250,0.400609,0.0,0.000000
0.003990500,0.400775,0.0,0.000000
0.003990750,0.400942,0.0,0.000000
0.003991000,0.401108,0.0,0.000000
0.003991250,0.401275,0.0,0.000000
0.003991500,0.401441,0.0,0.000000
0.003991750,0.401607,0.0,0.000000
0.003992000,0.401774,0.0,0.000000
0.003992250,0.401940,0.0,0.000000
0.003992500,0.402106,0.0,0.000000
0.003992750,0.402273,0.0,0.000000
0.003993000,0.402439,0.0,0.000000
0.003993250,0.402605,0.0,0.000000
0.003993500,0.402771,0.0,0.000000
0.003993750,0.402937,0.0,0.000000
0.003994000,0.403103,0.0,0.000000
0.003994250,0.403269,0.0,0.000000
0.003994500,0.403435,0.0,0.000000
0.003994750,0.403601,0.0,0.000000
0.003995000,0.403767,0.0,0.000000
0.003995250,0.403933,0.0,0.000000
0.003995500,0.404099,0.0,0.000000
0.003995750,0.404265,0.0,0.000000
0.003996000,0.404431,0.0,0.000000
0.003996250,0.404596,0.0,0.000000
0.003996500,0.404762,0.0,0.000000
0.003996750,0.404928,0.0,0.000000
0.003997000,0.405094,0.0,0.000000
0.003997250,0.405259,0.0,0.000000
0.003997500,0.405425,0.0,0.000000
0.003997750,0.405590,0.0,0.000000
0.003998000,0.405756,0.0,0.000000
0.003998250,0.405921,0.0,0.000000
0.003998500,0.406087,0.0,0.000000
0.003998750,0.406252,0.0,0.000000
0.003999000,0.406418,0.0,0.000000
0.003999250,0.406583,0.0,0.000000
0.003999500,0.406748,0.0,0.000000
0.003999750,0.406914,0.0,0.000000
0.004000000,0.407079,0.0,0.000000
0.004000250,0.407244,0.0,0.000000
0.004000500,0.407409,0.0,0.000000
0.004000750,0.407574,0.0,0.000000
0.004001000,0.407739,0.0,0.000000
0.004001250,0.407904,0.0,0.000000
0.004001500,0.408070,0.0,0.000000
0.004001750,0.408235,0.0,0.000000
0.004002000,0.408399,0.0,0.000000
0.004002250,0.408564,0.0,0.000000
0.004002500,0.408729,0.0,0.000000
0.004002750,0.408894,0.0,0.000000
0.004003000,0.409059,0.0,0.000000
0.004003250,0.409224,0.0,0.000000
0.004003500,0.409389,0.0,0.000000
0.004003750,0.409553,0.0,0.000000
0.004004000,0.409718,0.0,0.000000
0.004004250,0.409883,0.0,0.000000
0.004004500,0.410047,0.0,0.000000
0.004004750,0.410212,0.0,0.000000
0.004005000,0.410376,0.0,0.000000
0.004005250,0.410541,0.0,0.000000
0.004005500,0.410705,0.0,0.000000
0.004005750,0.410870,0.0,0.000000
0.004006000,0.411034,0.0,0.000000
0.004006250,0.411199,0.0,0.000000
0.004006500,0.411363,0.0,0.000000
0.004006750,0.411527,0.0,0.000000
0.004007000,0.411692,0.0,0.000000
0.004007250,0.411856,0.0,0.000000
0.004007500,0.412020,0.0,0.000000
0.004007750,0.412184,0.0,0.000000
0.004008000,0.412348,0.0,0.000000
0.004008250,0.412513,0.0,0.000000
0.004008500,0.412677,0.0,0.000000
0.004008750,0.412841,0.0,0.000000
0.004009000,0.413005,0.0,0.000000
0.004009250,0.413169,0.0,0.000000
0.004009500,0.413333,0.0,0.000000
0.004009750,0.413497,0.0,0.000000
0.004010000,0.413660,0.0,0.000000
0.004010250,0.413824,0.0,0.000000
0.004010500,0.413988,0.0,0.000000
0.004010750,0.414152,0.0,0.000000
0.004011000,0.414316,0.0,0.000000
0.004011250,0.414479,0.0,0.000000
0.004011500,0.414643,0.0,0.000000
0.004011750,0.414807,0.0,0.000000
0.004012000,0.414970,0.0,0.000000
0.004012250,0.415134,0.0,0.000000
0.004012500,0.415297,0.0,0.000000
0.004012750,0.415461,0.0,0.000000
0.004013000,0.415624,0.0,0.000000
0.004013250,0.415788,0.0,0.000000
0.004013500,0.415951,0.0,0.000000
0.004013750,0.416114,0.0,0.000000
0.004014000,0.416278,0.0,0.000000
0.004014250,0.416441,0.0,0.000000
0.004014500,0.416604,0.0,0.000000
0.004014750,0.416768,0.0,0.000000
0.004015000,0.416931,0.0,0.000000
0.004015250,0.417094,0.0,0.000000
0.004015500,0.417257,0.0,0.000000
0.004015750,0.417420,0.0,0.000000
0.004016000,0.417583,0.0,0.000000
0.004016250,0.417746,0.0,0.000000
0.004016500,0.417909,0.0,0.000000
0.004016750,0.418072,0.0,0.000000
0.004017000,0.418235,0.0,0.000000
0.004017250,0.418398,0.0,0.000000
0.004017500,0.418561,0.0,0.000000
0.004017750,0.418724,0.0,0.000000
0.004018000,0.418886,0.0,0.000000
0.004018250,0.419049,0.0,0.000000
0.004018500,0.419212,0.0,0.000000
0.004018750,0.419375,0.0,0.000000
0.004019000,0.419537,0.0,0.000000
0.004019250,0.419700,0.0,0.000000
0.004019500,0.419862,0.0,0.000000
0.004019750,0.420025,0.0,0.000000
0.004020000,0.420187,0.0,0.000000
0.004020250,0.420350,0.0,0.000000
0.004020500,0.420512,0.0,0.000000
0.004020750,0.420675,0.0,0.000000
0.004021000,0.420837,0.0,0.000000
0.004021250,0.420999,0.0,0.000000
0.004021500,0.421162,0.0,0.000000
0.004021750,0.421324,0.0,0.000000
0.004022000,0.421486,0.0,0.000000
0.004022250,0.421649,0.0,0.000000
0.004022500,0.421811,0.0,0.000000
0.004022750,0.421973,0.0,0.000000
0.004023000,0.422135,0.0,0.000000
0.004023250,0.422297,0.0,0.000000
0.004023500,0.422459,0.0,0.000000
0.004023750,0.422621,0.0,0.000000
0.004024000,0.422783,0.0,0.000000
0.004024250,0.422945,0.0,0.000000
0.004024500,0.423107,0.0,0.000000
0.004024750,0.423269,0.0,0.000000
0.004025000,0.423431,0.0,0.000000
0.004025250,0.423592,0.0,0.000000
0.004025500,0.423754,0.0,0.000000
0.004025750,0.423916,0.0,0.000000
0.004026000,0.424078,0.0,0.000000
0.004026250,0.424239,0.0,0.000000
0.004026500,0.424401,0.0,0.000000
0.004026750,0.424563,0.0,0.000000
0.004027000,0.424724,0.0,0.000000
0.004027250,0.424886,0.0,0.000000
0.004027500,0.425047,0.0,0.000000
0.004027750,0.425209,0.0,0.000000
0.004028000,0.425370,0.0,0.000000
0.004028250,0.425531,0.0,0.000000
0.004028500,0.425693,0.0,0.000000
0.004028750,0.425854,0.0,0.000000
0.004029000,0.426015,0.0,0.000000
0.004029250,0.426177,0.0,0.000000
0.004029500,0.426338,0.0,0.000000
0.004029750,0.426499,0.0,0.000000
0.004030000,0.426660,0.0,0.000000
0.004030250,0.426821,0.0,0.000000
0.004030500,0.426983,0.0,0.000000
0.004030750,0.427144,0.0,0.000000
0.004031000,0.427305,0.0,0.000000
0.004031250,0.427466,0.0,0.000000
0.004031500,0.427627,0.0,0.000000
0.004031750,0.427787,0.0,0.000000
0.004032000,0.427948,0.0,0.000000
0.004032250,0.428109,0.0,0.000000
0.004032500,0.428270,0.0,0.000000
0.004032750,0.428431,0.0,0.000000
0.004033000,0.428592,0.0,0.000000
0.004033250,0.428752,0.0,0.000000
0.004033500,0.428913,0.0,0.000000
0.004033750,0.429074,0.0,0.000000
0.004034000,0.429234,0.0,0.000000
0.004034250,0.429395,0.0,0.000000
0.004034500,0.429556,0.0,0.000000
0.004034750,0.429716,0.0,0.000000
0.004035000,0.429877,0.0,0.000000
0.004035250,0.430037,0.0,0.000000
0.004035500,0.430197,0.0,0.000000
0.004035750,0.430358,0.0,0.000000
0.004036000,0.430518,0.0,0.000000
0.004036250,0.430679,0.0,0.000000
0.004036500,0.430839,0.0,0.000000
0.004036750,0.430999,0.0,0.000000
0.004037000,0.431159,0.0,0.000000
0.004037250,0.431319,0.0,0.000000
0.004037500,0.431480,0.0,0.000000
0.004037750,0.431640,0.0,0.000000
0.004038000,0.431800,0.0,0.000000
0.004038250,0.431960,0.0,0.000000
0.004038500,0.432120,0.0,0.000000
0.004038750,0.432280,0.0,0.000000
0.004039000,0.432440,0.0,0.000000
0.004039250,0.432600,0.0,0.000000
0.004039500,0.432760,0.0,0.000000
0.004039750,0.432920,0.0,0.000000
0.004040000,0.433079,0.0,0.000000
0.004040250,0.433239,0.0,0.000000
0.004040500,0.433399,0.0,0.000000
0.004040750,0.433559,0.0,0.000000
0.004041000,0.433718,0.0,0.000000
0.004041250,0.433878,0.0,0.000000
0.004041500,0.434038,0.0,0.000000
0.004041750,0.434197,0.0,0.000000
0.004042000,0.434357,0.0,0.000000
0.004042250,0.434516,0.0,0.000000
0.004042500,0.434676,0.0,0.000000
0.004042750,0.434835,0.0,0.000000
0.004043000,0.434995,0.0,0.000000
0.004043250,0.435154,0.0,0.000000
0.004043500,0.435313,0.0,0.000000
0.004043750,0.435473,0.0,0.000000
0.004044000,0.435632,0.0,0.000000
0.004044250,0.435791,0.0,0.000000
0.004044500,0.435951,0.0,0.000000
0.004044750,0.436110,0.0,0.000000
0.004045000,0.436269,0.0,0.000000
0.004045250,0.436428,0.0,0.000000
0.004045500,0.436587,0.0,0.000000
0.004045750,0.436746,0.0,0.000000
0.004046000,0.436905,0.0,0.000000
0.004046250,0.437064,0.0,0.000000
0.004046500,0.437223,0.0,0.000000
0.004046750,0.437382,0.0,0.000000
0.004047000,0.437541,0.0,0.000000
0.004047250,0.437700,0.0,0.000000
0.004047500,0.437859,0.0,0.000000
0.004047750,0.438018,0.0,0.000000
0.004048000,0.438176,0.0,0.000000
0.004048250,0.438335,0.0,0.000000
0.004048500,0.438494,0.0,0.000000
0.004048750,0.438652,0.0,0.000000
0.004049000,0.438811,0.0,0.000000
0.004049250,0.438970,0.0,0.000000
0.004049500,0.439128,0.0,0.000000
0.004049750,0.439287,0.0,0.000000
0.004050000,0.439445,0.0,0.000000
0.004050250,0.439604,0.0,0.000000
0.004050500,0.439762,0.0,0.000000
0.004050750,0.439921,0.0,0.000000
0.004051000,0.440079,0.0,0.000000
0.004051250,0.440237,0.0,0.000000
0.004051500,0.440396,0.0,0.000000
0.004051750,0.440554,0.0,0.000000
0.004052000,0.440712,0.0,0.000000
0.004052250,0.440870,0.0,0.000000
0.004052500,0.441028,0.0,0.000000
0.004052750,0.441187,0.0,0.000000
0.004053000,0.441345,0.0,0.000000
0.004053250,0.441503,0.0,0.000000
0.004053500,0.441661,0.0,0.000000
0.004053750,0.441819,0.0,0.000000
0.004054000,0.441977,0.0,0.000000
0.004054250,0.442135,0.0,0.000000
0.004054500,0.442293,0.0,0.000000
0.004054750,0.442450,0.0,0.000000
0.004055000,0.442608,0.0,0.000000
0.004055250,0.442766,0.0,0.000000
0.004055500,0.442924,0.0,0.000000
0.004055750,0.443082,0.0,0.000000
0.004056000,0.443239,0.0,0.000000
0.004056250,0.443397,0.0,0.000000
0.004056500,0.443555,0.0,0.000000
0.004056750,0.443712,0.0,0.000000
0.004057000,0.443870,0.0,0.000000
0.004057250,0.444027,0.0,0.000000
0.004057500,0.444185,0.0,0.000000
0.004057750,0.444342,0.0,0.000000
0.004058000,0.444500,0.0,0.000000
0.004058250,0.444657,0.0,0.000000
0.004058500,0.444815,0.0,0.000000
0.004058750,0.444972,0.0,0.000000
0.004059000,0.445129,0.0,0.000000
0.004059250,0.445287,0.0,0.000000
0.004059500,0.445444,0.0,0.000000
0.004059750,0.445601,0.0,0.000000
0.004060000,0.445758,0.0,0.000000
0.004060250,0.445915,0.0,0.000000
0.004060500,0.446072,0.0,0.000000
0.004060750,0.446230,0.0,0.000000
0.004061000,0.446387,0.0,0.000000
0.004061250,0.446544,0.0,0.000000
0.004061500,0.446701,0.0,0.000000
0.004061750,0.446858,0.0,0.000000
0.004062000,0.447015,0.0,0.000000
0.004062250,0.447171,0.0,0.000000
0.004062500,0.447328,0.0,0.000000
0.004062750,0.447485,0.0,0.000000
0.004063000,0.447642,0.0,0.000000
0.004063250,0.447799,0.0,0.000000
0.004063500,0.447955,0.0,0.000000
0.004063750,0.448112,0.0,0.000000
0.004064000,0.448269,0.0,0.000000
0.004064250,0.448425,0.0,0.000000
0.004064500,0.448582,0.0,0.000000
0.004064750,0.448739,0.0,0.000000
0.004065000,0.448895,0.0,0.000000
0.004065250,0.449052,0.0,0.000000
0.004065500,0.449208,0.0,0.000000
0.004065750,0.449364,0.0,0.000000
0.004066000,0.449521,0.0,0.000000
0.004066250,0.449677,0.0,0.000000
0.004066500,0.449834,0.0,0.000000
0.004066750,0.449990,0.0,0.000000
0.004067000,0.450146,0.0,0.000000
0.004067250,0.450302,0.0,0.000000
0.004067500,0.450459,0.0,0.000000
0.004067750,0.450615,0.0,0.000000
0.004068000,0.450771,0.0,0.000000
0.004068250,0.450927,0.0,0.000000
0.004068500,0.451083,0.0,0.000000
0.004068750,0.451239,0.0,0.000000
0.004069000,0.451395,0.0,0.000000
0.004069250,0.451551,0.0,0.000000
0.004069500,0.451707,0.0,0.000000
0.004069750,0.451863,0.0,0.000000
0.004070000,0.452019,0.0,0.000000
0.004070250,0.452175,0.0,0.000000
0.004070500,0.452330,0.0,0.000000
0.004070750,0.452486,0.0,0.000000
0.004071000,0.452642,0.0,0.000000
0.004071250,0.452798,0.0,0.000000
0.004071500,0.452953,0.0,0.000000
0.004071750,0.453109,0.0,0.000000
0.004072000,0.453265,0.0,0.000000
0.004072250,0.453420,0.0,0.000000
0.004072500,0.453576,0.0,0.000000
0.004072750,0.453731,0.0,0.000000
0.004073000,0.453887,0.0,0.000000
0.004073250,0.454042,0.0,0.000000
0.004073500,0.454198,0.0,0.000000
0.004073750,0.454353,0.0,0.000000
0.004074000,0.454509,0.0,0.000000
0.004074250,0.454664,0.0,0.000000
0.004074500,0.454819,0.0,0.000000
0.004074750,0.454974,0.0,0.000000
0.004075000,0.455130,0.0,0.000000
0.004075250,0.455285,0.0,0.000000
0.004075500,0.455440,0.0,0.000000
0.004075750,0.455595,0.0,0.000000
0.004076000,0.455750,0.0,0.000000
0.004076250,0.455905,0.0,0.000000
0.004076500,0.456060,0.0,0.000000
0.004076750,0.456215,0.0,0.000000
0.004077000,0.456370,0.0,0.000000
0.004077250,0.456525,0.0,0.000000
0.004077500,0.456680,0.0,0.000000
0.004077750,0.456835,0.0,0.000000
0.004078000,0.456990,0.0,0.000000
0.004078250,0.457145,0.0,0.000000
0.004078500,0.457300,0.0,0.000000
0.004078750,0.457454,0.0,0.000000
0.004079000,0.457609,0.0,0.000000
0.004079250,0.457764,0.0,0.000000
0.004079500,0.457918,0.0,0.000000
0.004079750,0.458073,0.0,0.000000
0.004080000,0.458227,0.0,0.000000
0.004080250,0.458382,0.0,0.000000
0.004080500,0.458537,0.0,0.000000
0.004080750,0.458691,0.0,0.000000
0.004081000,0.458846,0.0,0.000000
0.004081250,0.459000,0.0,0.000000
0.004081500,0.459154,0.0,0.000000
0.004081750,0.459309,0.0,0.000000
0.004082000,0.459463,0.0,0.000000
0.004082250,0.459617,0.0,0.000000
0.004082500,0.459772,0.0,0.000000
0.004082750,0.459926,0.0,0.000000
0.004083000,0.460080,0.0,0.000000
0.004083250,0.460234,0.0,0.000000
0.004083500,0.460388,0.0,0.000000
0.004083750,0.460542,0.0,0.000000
0.004084000,0.460697,0.0,0.000000
0.004084250,0.460851,0.0,0.000000
0.004084500,0.461005,0.0,0.000000
0.004084750,0.461159,0.0,0.000000
0.004085000,0.461313,0.0,0.000000
0.004085250,0.461466,0.0,0.000000
0.004085500,0.461620,0.0,0.000000
0.004085750,0.461774,0.0,0.000000
0.004086000,0.461928,0.0,0.000000
0.004086250,0.462082,0.0,0.000000
0.004086500,0.462235,0.0,0.000000
0.004086750,0.462389,0.0,0.000000
0.004087000,0.462543,0.0,0.000000
0.004087250,0.462697,0.0,0.000000
0.004087500,0.462850,0.0,0.000000
0.004087750,0.463004,0.0,0.000000
0.004088000,0.463157,0.0,0.000000
0.004088250,0.463311,0.0,0.000000
0.004088500,0.463464,0.0,0.000000
0.004088750,0.463618,0.0,0.000000
0.004089000,0.463771,0.0,0.000000
0.004089250,0.463925,0.0,0.000000
0.004089500,0.464078,0.0,0.000000
0.004089750,0.464231,0.0,0.000000
0.004090000,0.464385,0.0,0.000000
0.004090250,0.464538,0.0,0.000000
0.004090500,0.464691,0.0,0.000000
0.004090750,0.464844,0.0,0.000000
0.004091000,0.464998,0.0,0.000000
0.004091250,0.465151,0.0,0.000000
0.004091500,0.465304,0.0,0.000000
0.004091750,0.465457,0.0,0.000000
0.004092000,0.465610,0.0,0.000000
0.004092250,0.465763,0.0,0.000000
0.004092500,0.465916,0.0,0.000000
0.004092750,0.466069,0.0,0.000000
0.004093000,0.466222,0.0,0.000000
0.004093250,0.466375,0.0,0.000000
0.004093500,0.466528,0.0,0.000000
0.004093750,0.466680,0.0,0.000000
0.004094000,0.466833,0.0,0.000000
0.004094250,0.466986,0.0,0.000000
0.004094500,0.467139,0.0,0.000000
0.004094750,0.467291,0.0,0.000000
0.004095000,0.467444,0.0,0.000000
0.004095250,0.467597,0.0,0.000000
0.004095500,0.467749,0.0,0.000000
0.004095750,0.467902,0.0,0.000000
0.004096000,0.468054,0.0,0.000000
0.004096250,0.468207,0.0,0.000000
0.004096500,0.468359,0.0,0.000000
0.004096750,0.468512,0.0,0.000000
0.004097000,0.468664,0.0,0.000000
0.004097250,0.468817,0.0,0.000000
0.004097500,0.468969,0.0,0.000000
0.004097750,0.469121,0.0,0.000000
0.004098000,0.469274,0.0,0.000000
0.004098250,0.469426,0.0,0.000000
0.004098500,0.469578,0.0,0.000000
0.004098750,0.469730,0.0,0.000000
0.004099000,0.469882,0.0,0.000000
0.004099250,0.470035,0.0,0.000000
0.004099500,0.470187,0.0,0.000000
0.004099750,0.470339,0.0,0.000000
0.004100000,0.470491,0.0,0.000000
0.004100250,0.470643,0.0,0.000000
0.004100500,0.470795,0.0,0.000000
0.004100750,0.470947,0.0,0.000000
0.004101000,0.471098,0.0,0.000000
0.004101250,0.471250,0.0,0.000000
0.004101500,0.471402,0.0,0.000000
0.004101750,0.471554,0.0,0.000000
0.004102000,0.471706,0.0,0.000000
0.004102250,0.471858,0.0,0.000000
0.004102500,0.472009,0.0,0.000000
0.004102750,0.472161,0.0,0.000000
0.004103000,0.472313,0.0,0.000000
0.004103250,0.472464,0.0,0.000000
0.004103500,0.472616,0.0,0.000000
0.004103750,0.472767,0.0,0.000000
0.004104000,0.472919,0.0,0.000000
0.004104250,0.473070,0.0,0.000000
0.004104500,0.473222,0.0,0.000000
0.004104750,0.473373,0.0,0.000000
0.004105000,0.473525,0.0,0.000000
0.004105250,0.473676,0.0,0.000000
0.004105500,0.473827,0.0,0.000000
0.004105750,0.473979,0.0,0.000000
0.004106000,0.474130,0.0,0.000000
0.004106250,0.474281,0.0,0.000000
0.004106500,0.474432,0.0,0.000000
0.004106750,0.474584,0.0,0.000000
0.004107000,0.474735,0.0,0.000000
0.004107250,0.474886,0.0,0.000000
0.004107500,0.475037,0.0,0.000000
0.004107750,0.475188,0.0,0.000000
0.004108000,0.475339,0.0,0.000000
0.004108250,0.475490,0.0,0.000000
0.004108500,0.475641,0.0,0.000000
0.004108750,0.475792,0.0,0.000000
0.004109000,0.475943,0.0,0.000000
0.004109250,0.476094,0.0,0.000000
0.004109500,0.476244,0.0,0.000000
0.004109750,0.476395,0.0,0.000000
0.004110000,0.476546,0.0,0.000000
0.004110250,0.476697,0.0,0.000000
0.004110500,0.476847,0.0,0.000000
0.004110750,0.476998,0.0,0.000000
0.004111000,0.477149,0.0,0.000000
0.004111250,0.477299,0.0,0.000000
0.004111500,0.477450,0.0,0.000000
0.004111750,0.477601,0.0,0.000000
0.004112000,0.477751,0.0,0.000000
0.004112250,0.477902,0.0,0.000000
0.004112500,0.478052,0.0,0.000000
0.004112750,0.478202,0.0,0.000000
0.004113000,0.478353,0.0,0.000000
0.004113250,0.478503,0.0,0.000000
0.004113500,0.478654,0.0,0.000000
0.004113750,0.478804,0.0,0.000000
0.004114000,0.478954,0.0,0.000000
0.004114250,0.479104,0.0,0.000000
0.004114500,0.479255,0.0,0.000000
0.004114750,0.479405,0.0,0.000000
0.004115000,0.479555,0.0,0.000000
0.004115250,0.479705,0.0,0.000000
0.004115500,0.479855,0.0,0.000000
0.004115750,0.480005,0.0,0.000000
0.004116000,0.480155,0.0,0.000000
0.004116250,0.480305,0.0,0.000000
0.004116500,0.480455,0.0,0.000000
0.004116750,0.480605,0.0,0.000000
0.004117000,0.480755,0.0,0.000000
0.004117250,0.480905,0.0,0.000000
0.004117500,0.481055,0.0,0.000000
0.004117750,0.481204,0.0,0.000000
0.004118000,0.481354,0.0,0.000000
0.004118250,0.481504,0.0,0.000000
0.004118500,0.481654,0.0,0.000000
0.004118750,0.481803,0.0,0.000000
0.004119000,0.481953,0.0,0.000000
0.004119250,0.482102,0.0,0.000000
0.004119500,0.482252,0.0,0.000000
0.004119750,0.482402,0.0,0.000000
0.004120000,0.482551,0.0,0.000000
0.004120250,0.482701,0.0,0.000000
0.004120500,0.482850,0.0,0.000000
0.004120750,0.483000,0.0,0.000000
0.004121000,0.483149,0.0,0.000000
0.004121250,0.483298,0.0,0.000000
0.004121500,0.483448,0.0,0.000000
0.004121750,0.483597,0.0,0.000000
0.004122000,0.483746,0.0,0.000000
0.004122250,0.483895,0.0,0.000000
0.004122500,0.484045,0.0,0.000000
0.004122750,0.484194,0.0,0.000000
0.004123000,0.484343,0.0,0.000000
0.004123250,0.484492,0.0,0.000000
0.004123500,0.484641,0.0,0.000000
0.004123750,0.484790,0.0,0.000000
0.004124000,0.484939,0.0,0.000000
0.004124250,0.485088,0.0,0.000000
0.004124500,0.485237,0.0,0.000000
0.004124750,0.485386,0.0,0.000000
0.004125000,0.485535,0.0,0.000000
0.004125250,0.485684,0.0,0.000000
0.004125500,0.485833,0.0,0.000000
0.004125750,0.485981,0.0,0.000000
0.004126000,0.486130,0.0,0.000000
0.004126250,0.486279,0.0,0.000000
0.004126500,0.486428,0.0,0.000000
0.004126750,0.486576,0.0,0.000000
0.004127000,0.486725,0.0,0.000000
0.004127250,0.486874,0.0,0.000000
0.004127500,0.487022,0.0,0.000000
0.004127750,0.487171,0.0,0.000000
0.004128000,0.487319,0.0,0.000000
0.004128250,0.487468,0.0,0.000000
0.004128500,0.487616,0.0,0.000000
0.004128750,0.487765,0.0,0.000000
0.004129000,0.487913,0.0,0.000000
0.004129250,0.488062,0.0,0.000000
0.004129500,0.488210,0.0,0.000000
0.004129750,0.488358,0.0,0.000000
0.004130000,0.488506,0.0,0.000000
0.004130250,0.488655,0.0,0.000000
0.004130500,0.488803,0.0,0.000000
0.004130750,0.488951,0.0,0.000000
0.004131000,0.489099,0.0,0.000000
0.004131250,0.489247,0.0,0.000000
0.004131500,0.489395,0.0,0.000000
0.004131750,0.489543,0.0,0.000000
0.004132000,0.489691,0.0,0.000000
0.004132250,0.489839,0.0,0.000000
0.004132500,0.489987,0.0,0.000000
0.004132750,0.490135,0.0,0.000000
0.004133000,0.490283,0.0,0.000000
0.004133250,0.490431,0.0,0.000000
0.004133500,0.490579,0.0,0.000000
0.004133750,0.490727,0.0,0.000000
0.004134000,0.490875,0.0,0.000000
0.004134250,0.491022,0.0,0.000000
0.004134500,0.491170,0.0,0.000000
0.004134750,0.491318,0.0,0.000000
0.004135000,0.491466,0.0,0.000000
0.004135250,0.491613,0.0,0.000000
0.004135500,0.491761,0.0,0.000000
0.004135750,0.491908,0.0,0.000000
0.004136000,0.492056,0.0,0.000000
0.004136250,0.492203,0.0,0.000000
0.004136500,0.492351,0.0,0.000000
0.004136750,0.492498,0.0,0.000000
0.004137000,0.492646,0.0,0.000000
0.004137250,0.492793,0.0,0.000000
0.004137500,0.492940,0.0,0.000000
0.004137750,0.493088,0.0,0.000000
0.004138000,0.493235,0.0,0.000000
0.004138250,0.493382,0.0,0.000000
0.004138500,0.493529,0.0,0.000000
0.004138750,0.493677,0.0,0.000000
0.004139000,0.493824,0.0,0.000000
0.004139250,0.493971,0.0,0.000000
0.004139500,0.494118,0.0,0.000000
0.004139750,0.494265,0.0,0.000000
0.004140000,0.494412,0.0,0.000000
0.004140250,0.494559,0.0,0.000000
0.004140500,0.494706,0.0,0.000000
0.004140750,0.494853,0.0,0.000000
0.004141000,0.495000,0.0,0.000000
0.004141250,0.495147,0.0,0.000000
0.004141500,0.495294,0.0,0.000000
0.004141750,0.495441,0.0,0.000000
0.004142000,0.495587,0.0,0.000000
0.004142250,0.495734,0.0,0.000000
0.004142500,0.495881,0.0,0.000000
0.004142750,0.496028,0.0,0.000000
0.004143000,0.496174,0.0,0.000000
0.004143250,0.496321,0.0,0.000000
0.004143500,0.496468,0.0,0.000000
0.004143750,0.496614,0.0,0.000000
0.004144000,0.496761,0.0,0.000000
0.004144250,0.496907,0.0,0.000000
0.004144500,0.497054,0.0,0.000000
0.004144750,0.497200,0.0,0.000000
0.004145000,0.497347,0.0,0.000000
0.004145250,0.497493,0.0,0.000000
0.004145500,0.497640,0.0,0.000000
0.004145750,0.497786,0.0,0.000000
0.004146000,0.497932,0.0,0.000000
0.004146250,0.498079,0.0,0.000000
0.004146500,0.498225,0.0,0.000000
0.004146750,0.498371,0.0,0.000000
0.004147000,0.498517,0.0,0.000000
0.004147250,0.498663,0.0,0.000000
0.004147500,0.498809,0.0,0.000000
0.004147750,0.498956,0.0,0.000000
0.004148000,0.499102,0.0,0.000000
0.004148250,0.499248,0.0,0.000000
0.004148500,0.499394,0.0,0.000000
0.004148750,0.499540,0.0,0.000000
0.004149000,0.499686,0.0,0.000000
0.004149250,0.499831,0.0,0.000000
0.004149500,0.499977,0.0,0.000000
0.004149750,0.500123,0.0,0.000000
0.004150000,0.500269,0.0,0.000000
0.004150250,0.500415,0.0,0.000000
0.004150500,0.500561,0.0,0.000000
0.004150750,0.500706,0.0,0.000000
0.004151000,0.500852,0.0,0.000000
0.004151250,0.500998,0.0,0.000000
0.004151500,0.501143,0.0,0.000000
0.004151750,0.501289,0.0,0.000000
0.004152000,0.501434,0.0,0.000000
0.004152250,0.501580,0.0,0.000000
0.004152500,0.501725,0.0,0.000000
0.004152750,0.501871,0.0,0.000000
0.004153000,0.502016,0.0,0.000000
0.004153250,0.502162,0.0,0.000000
0.004153500,0.502307,0.0,0.000000
0.004153750,0.502452,0.0,0.000000
0.004154000,0.502598,0.0,0.000000
0.004154250,0.502743,0.0,0.000000
0.004154500,0.502888,0.0,0.000000
0.004154750,0.503033,0.0,0.000000
0.004155000,0.503179,0.0,0.000000
0.004155250,0.503324,0.0,0.000000
0.004155500,0.503469,0.0,0.000000
0.004155750,0.503614,0.0,0.000000
0.004156000,0.503759,0.0,0.000000
0.004156250,0.503904,0.0,0.000000
0.004156500,0.504049,0.0,0.000000
0.004156750,0.504194,0.0,0.000000
0.004157000,0.504339,0.0,0.000000
0.004157250,0.504484,0.0,0.000000
0.004157500,0.504629,0.0,0.000000
0.004157750,0.504774,0.0,0.000000
0.004158000,0.504918,0.0,0.000000
0.004158250,0.505063,0.0,0.000000
0.004158500,0.505208,0.0,0.000000
0.004158750,0.505353,0.0,0.000000
0.004159000,0.505497,0.0,0.000000
0.004159250,0.505642,0.0,0.000000
0.004159500,0.505787,0.0,0.000000
0.004159750,0.505931,0.0,0.000000
0.004160000,0.506076,0.0,0.000000
0.004160250,0.506220,0.0,0.000000
0.004160500,0.506365,0.0,0.000000
0.004160750,0.506509,0.0,0.000000
0.004161000,0.506654,0.0,0.000000
0.004161250,0.506798,0.0,0.000000
0.004161500,0.506943,0.0,0.000000
0.004161750,0.507087,0.0,0.000000
0.004162000,0.507232,0.0,0.000000
0.004162250,0.507376,0.0,0.000000
0.004162500,0.507520,0.0,0.000000
0.004162750,0.507664,0.0,0.000000
0.004163000,0.507809,0.0,0.000000
0.004163250,0.507953,0.0,0.000000
0.004163500,0.508097,0.0,0.000000
0.004163750,0.508241,0.0,0.000000
0.004164000,0.508385,0.0,0.000000
0.004164250,0.508529,0.0,0.000000
0.004164500,0.508673,0.0,0.000000
0.004164750,0.508817,0.0,0.000000
0.004165000,0.508961,0.0,0.000000
0.004165250,0.509105,0.0,0.000000
0.004165500,0.509249,0.0,0.000000
0.004165750,0.509393,0.0,0.000000
0.004166000,0.509537,0.0,0.000000
0.004166250,0.509681,0.0,0.000000
0.004166500,0.509825,0.0,0.000000
0.004166750,0.509968,0.0,0.000000
0.004167000,0.510112,0.0,0.000000
0.004167250,0.510256,0.0,0.000000
0.004167500,0.510400,0.0,0.000000
0.004167750,0.510543,0.0,0.000000
0.004168000,0.510687,0.0,0.000000
0.004168250,0.510831,0.0,0.000000
0.004168500,0.510974,0.0,0.000000
0.004168750,0.511118,0.0,0.000000
0.004169000,0.511261,0.0,0.000000
0.004169250,0.511405,0.0,0.000000
0.004169500,0.511548,0.0,0.000000
0.004169750,0.511692,0.0,0.000000
0.004170000,0.511835,0.0,0.000000
0.004170250,0.511978,0.0,0.000000
0.004170500,0.512122,0.0,0.000000
0.004170750,0.512265,0.0,0.000000
0.004171000,0.512408,0.0,0.000000
0.004171250,0.512551,0.0,0.000000
0.004171500,0.512695,0.0,0.000000
0.004171750,0.512838,0.0,0.000000
0.004172000,0.512981,0.0,0.000000
0.004172250,0.513124,0.0,0.000000
0.004172500,0.513267,0.0,0.000000
0.004172750,0.513410,0.0,0.000000
0.004173000,0.513553,0.0,0.000000
0.004173250,0.513696,0.0,0.000000
0.004173500,0.513839,0.0,0.000000
0.004173750,0.513982,0.0,0.000000
0.004174000,0.514125,0.0,0.000000
0.004174250,0.514268,0.0,0.000000
0.004174500,0.514411,0.0,0.000000
0.004174750,0.514554,0.0,0.000000
0.004175000,0.514697,0.0,0.000000
0.004175250,0.514839,0.0,0.000000
0.004175500,0.514982,0.0,0.000000
0.004175750,0.515125,0.0,0.000000
0.004176000,0.515267,0.0,0.000000
0.004176250,0.515410,0.0,0.000000
0.004176500,0.515553,0.0,0.000000
0.004176750,0.515695,0.0,0.000000
0.004177000,0.515838,0.0,0.000000
0.004177250,0.515980,0.0,0.000000
0.004177500,0.516123,0.0,0.000000
0.004177750,0.516265,0.0,0.000000
0.004178000,0.516408,0.0,0.000000
0.004178250,0.516550,0.0,0.000000
0.004178500,0.516693,0.0,0.000000
0.004178750,0.516835,0.0,0.000000
0.004179000,0.516977,0.0,0.000000
0.004179250,0.517120,0.0,0.000000
0.004179500,0.517262,0.0,0.000000
0.004179750,0.517404,0.0,0.000000
0.004180000,0.517546,0.0,0.000000
0.004180250,0.517688,0.0,0.000000
0.004180500,0.517831,0.0,0.000000
0.004180750,0.517973,0.0,0.000000
0.004181000,0.518115,0.0,0.000000
0.004181250,0.518257,0.0,0.000000
0.004181500,0.518399,0.0,0.000000
0.004181750,0.518541,0.0,0.000000
0.004182000,0.518683,0.0,0.000000
0.004182250,0.518825,0.0,0.000000
0.004182500,0.518967,0.0,0.000000
0.004182750,0.519108,0.0,0.000000
0.004183000,0.519250,0.0,0.000000
0.004183250,0.519392,0.0,0.000000
0.004183500,0.519534,0.0,0.000000
0.004183750,0.519676,0.0,0.000000
0.004184000,0.519817,0.0,0.000000
0.004184250,0.519959,0.0,0.000000
0.004184500,0.520101,0.0,0.000000
0.004184750,0.520242,0.0,0.000000
0.004185000,0.520384,0.0,0.000000
0.004185250,0.520526,0.0,0.000000
0.004185500,0.520667,0.0,0.000000
0.004185750,0.520809,0.0,0.000000
0.004186000,0.520950,0.0,0.000000
0.004186250,0.521092,0.0,0.000000
0.004186500,0.521233,0.0,0.000000
0.004186750,0.521374,0.0,0.000000
0.004187000,0.521516,0.0,0.000000
0.004187250,0.521657,0.0,0.000000
0.004187500,0.521798,0.0,0.000000
0.004187750,0.521940,0.0,0.000000
0.004188000,0.522081,0.0,0.000000
0.004188250,0.522222,0.0,0.000000
0.004188500,0.522363,0.0,0.000000
0.004188750,0.522505,0.0,0.000000
0.004189000,0.522646,0.0,0.000000
0.004189250,0.522787,0.0,0.000000
0.004189500,0.522928,0.0,0.000000
0.004189750,0.523069,0.0,0.000000
0.004190000,0.523210,0.0,0.000000
0.004190250,0.523351,0.0,0.000000
0.004190500,0.523492,0.0,0.000000
0.004190750,0.523633,0.0,0.000000
0.004191000,0.523774,0.0,0.000000
0.004191250,0.523914,0.0,0.000000
0.004191500,0.524055,0.0,0.000000
0.004191750,0.524196,0.0,0.000000
0.004192000,0.524337,0.0,0.000000
0.004192250,0.524478,0.0,0.000000
0.004192500,0.524618,0.0,0.000000
0.004192750,0.524759,0.0,0.000000
0.004193000,0.524900,0.0,0.000000
0.004193250,0.525040,0.0,0.000000
0.004193500,0.525181,0.0,0.000000
0.004193750,0.525321,0.0,0.000000
0.004194000,0.525462,0.0,0.000000
0.004194250,0.525603,0.0,0.000000
0.004194500,0.525743,0.0,0.000000
0.004194750,0.525883,0.0,0.000000
0.004195000,0.526024,0.0,0.000000
0.004195250,0.526164,0.0,0.000000
0.004195500,0.526305,0.0,0.000000
0.004195750,0.526445,0.0,0.000000
0.004196000,0.526585,0.0,0.000000
0.004196250,0.526726,0.0,0.000000
0.004196500,0.526866,0.0,0.000000
0.004196750,0.527006,0.0,0.000000
0.004197000,0.527146,0.0,0.000000
0.004197250,0.527287,0.0,0.000000
0.004197500,0.527427,0.0,0.000000
0.004197750,0.527567,0.0,0.000000
0.004198000,0.527707,0.0,0.000000
0.004198250,0.527847,0.0,0.000000
0.004198500,0.527987,0.0,0.000000
0.004198750,0.528127,0.0,0.000000
0.004199000,0.528267,0.0,0.000000
0.004199250,0.528407,0.0,0.000000
0.004199500,0.528547,0.0,0.000000
0.004199750,0.528687,0.0,0.000000
0.004200000,0.528827,0.0,0.000000
0.004200250,0.528966,0.0,0.000000
0.004200500,0.529106,0.0,0.000000
0.004200750,0.529246,0.0,0.000000
0.004201000,0.529386,0.0,0.000000
0.004201250,0.529525,0.0,0.000000
0.004201500,0.529665,0.0,0.000000
0.004201750,0.529805,0.0,0.000000
0.004202000,0.529944,0.0,0.000000
0.004202250,0.530084,0.0,0.000000
0.004202500,0.530223,0.0,0.000000
0.004202750,0.530363,0.0,0.000000
0.004203000,0.530502,0.0,0.000000
0.004203250,0.530642,0.0,0.000000
0.004203500,0.530781,0.0,0.000000
0.004203750,0.530921,0.0,0.000000
0.004204000,0.531060,0.0,0.000000
0.004204250,0.531199,0.0,0.000000
0.004204500,0.531339,0.0,0.000000
0.004204750,0.531478,0.0,0.000000
0.004205000,0.531617,0.0,0.000000
0.004205250,0.531756,0.0,0.000000
0.004205500,0.531896,0.0,0.000000
0.004205750,0.532035,0.0,0.000000
0.004206000,0.532174,0.0,0.000000
0.004206250,0.532313,0.0,0.000000
0.004206500,0.532452,0.0,0.000000
0.004206750,0.532591,0.0,0.000000
0.004207000,0.532730,0.0,0.000000
0.004207250,0.532869,0.0,0.000000
0.004207500,0.533008,0.0,0.000000
0.004207750,0.533147,0.0,0.000000
0.004208000,0.533286,0.0,0.000000
0.004208250,0.533425,0.0,0.000000
0.004208500,0.533564,0.0,0.000000
0.004208750,0.533703,0.0,0.000000
0.004209000,0.533842,0.0,0.000000
0.004209250,0.533980,0.0,0.000000
0.004209500,0.534119,0.0,0.000000
0.004209750,0.534258,0.0,0.000000
0.004210000,0.534397,0.0,0.000000
0.004210250,0.534535,0.0,0.000000
0.004210500,0.534674,0.0,0.000000
0.004210750,0.534812,0.0,0.000000
0.004211000,0.534951,0.0,0.000000
0.004211250,0.535090,0.0,0.000000
0.004211500,0.535228,0.0,0.000000
0.004211750,0.535367,0.0,0.000000
0.004212000,0.535505,0.0,0.000000
0.004212250,0.535643,0.0,0.000000
0.004212500,0.535782,0.0,0.000000
0.004212750,0.535920,0.0,0.000000
0.004213000,0.536058,0.0,0.000000
0.004213250,0.536197,0.0,0.000000
0.004213500,0.536335,0.0,0.000000
0.004213750,0.536473,0.0,0.000000
0.004214000,0.536612,0.0,0.000000
0.004214250,0.536750,0.0,0.000000
0.004214500,0.536888,0.0,0.000000
0.004214750,0.537026,0.0,0.000000
0.004215000,0.537164,0.0,0.000000
0.004215250,0.537302,0.0,0.000000
0.004215500,0.537440,0.0,0.000000
0.004215750,0.537578,0.0,0.000000
0.004216000,0.537716,0.0,0.000000
0.004216250,0.537854,0.0,0.000000
0.004216500,0.537992,0.0,0.000000
0.004216750,0.538130,0.0,0.000000
0.004217000,0.538268,0.0,0.000000
0.004217250,0.538406,0.0,0.000000
0.004217500,0.538544,0.0,0.000000
0.004217750,0.538682,0.0,0.000000
0.004218000,0.538819,0.0,0.000000
0.004218250,0.538957,0.0,0.000000
0.004218500,0.539095,0.0,0.000000
0.004218750,0.539232,0.0,0.000000
0.004219000,0.539370,0.0,0.000000
0.004219250,0.539508,0.0,0.000000
0.004219500,0.539645,0.0,0.000000
0.004219750,0.539783,0.0,0.000000
0.004220000,0.539920,0.0,0.000000
0.004220250,0.540058,0.0,0.000000
0.004220500,0.540195,0.0,0.000000
0.004220750,0.540333,0.0,0.000000
0.004221000,0.540470,0.0,0.000000
0.004221250,0.540608,0.0,0.000000
0.004221500,0.540745,0.0,0.000000
0.004221750,0.540882,0.0,0.000000
0.004222000,0.541020,0.0,0.000000
0.004222250,0.541157,0.0,0.000000
0.004222500,0.541294,0.0,0.000000
0.004222750,0.541431,0.0,0.000000
0.004223000,0.541569,0.0,0.000000
0.004223250,0.541706,0.0,0.000000
0.004223500,0.541843,0.0,0.000000
0.004223750,0.541980,0.0,0.000000
0.004224000,0.542117,0.0,0.000000
0.004224250,0.542254,0.0,0.000000
0.004224500,0.542391,0.0,0.000000
0.004224750,0.542528,0.0,0.000000
0.004225000,0.542665,0.0,0.000000
0.004225250,0.542802,0.0,0.000000
0.004225500,0.542939,0.0,0.000000
0.004225750,0.543076,0.0,0.000000
0.004226000,0.543213,0.0,0.000000
0.004226250,0.543349,0.0,0.000000
0.004226500,0.543486,0.0,0.000000
0.004226750,0.543623,0.0,0.000000
0.004227000,0.543760,0.0,0.000000
0.004227250,0.543896,0.0,0.000000
0.004227500,0.544033,0.0,0.000000
0.004227750,0.544170,0.0,0.000000
0.004228000,0.544306,0.0,0.000000
0.004228250,0.544443,0.0,0.000000
0.004228500,0.544580,0.0,0.000000
0.004228750,0.544716,0.0,0.000000
0.004229000,0.544853,0.0,0.000000
0.004229250,0.544989,0.0,0.000000
0.004229500,0.545126,0.0,0.000000
0.004229750,0.545262,0.0,0.000000
0.004230000,0.545398,0.0,0.000000
0.004230250,0.545535,0.0,0.000000
0.004230500,0.545671,0.0,0.000000
0.004230750,0.545807,0.0,0.000000
0.004231000,0.545944,0.0,0.000000
0.004231250,0.546080,0.0,0.000000
0.004231500,0.546216,0.0,0.000000
0.004231750,0.546352,0.0,0.000000
0.004232000,0.546488,0.0,0.000000
0.004232250,0.546625,0.0,0.000000
0.004232500,0.546761,0.0,0.000000
0.004232750,0.546897,0.0,0.000000
0.004233000,0.547033,0.0,0.000000
0.004233250,0.547169,0.0,0.000000
0.004233500,0.547305,0.0,0.000000
0.004233750,0.547441,0.0,0.000000
0.004234000,0.547577,0.0,0.000000
0.004234250,0.547713,0.0,0.000000
0.004234500,0.547849,0.0,0.000000
0.004234750,0.547984,0.0,0.000000
0.004235000,0.548120,0.0,0.000000
0.004235250,0.548256,0.0,0.000000
0.004235500,0.548392,0.0,0.000000
0.004235750,0.548528,0.0,0.000000
0.004236000,0.548663,0.0,0.000000
0.004236250,0.548799,0.0,0.000000
0.004236500,0.548935,0.0,0.000000
0.004236750,0.549070,0.0,0.000000
0.004237000,0.549206,0.0,0.000000
0.004237250,0.549341,0.0,0.000000
0.004237500,0.549477,0.0,0.000000
0.004237750,0.549612,0.0,0.000000
0.004238000,0.549748,0.0,0.000000
0.004238250,0.549883,0.0,0.000000
0.004238500,0.550019,0.0,0.000000
0.004238750,0.550154,0.0,0.000000
0.004239000,0.550290,0.0,0.000000
0.004239250,0.550425,0.0,0.000000
0.004239500,0.550560,0.0,0.000000
0.004239750,0.550696,0.0,0.000000
0.004240000,0.550831,0.0,0.000000
0.004240250,0.550966,0.0,0.000000
0.004240500,0.551101,0.0,0.000000
0.004240750,0.551236,0.0,0.000000
0.004241000,0.551372,0.0,0.000000
0.004241250,0.551507,0.0,0.000000
0.004241500,0.551642,0.0,0.000000
0.004241750,0.551777,0.0,0.000000
0.004242000,0.551912,0.0,0.000000
0.004242250,0.552047,0.0,0.000000
0.004242500,0.552182,0.0,0.000000
0.004242750,0.552317,0.0,0.000000
0.004243000,0.552452,0.0,0.000000
0.004243250,0.552587,0.0,0.000000
0.004243500,0.552722,0.0,0.000000
0.004243750,0.552856,0.0,0.000000
0.004244000,0.552991,0.0,0.000000
0.004244250,0.553126,0.0,0.000000
0.004244500,0.553261,0.0,0.000000
0.004244750,0.553395,0.0,0.000000
0.004245000,0.553530,0.0,0.000000
0.004245250,0.553665,0.0,0.000000
0.004245500,0.553799,0.0,0.000000
0.004245750,0.553934,0.0,0.000000
0.004246000,0.554069,0.0,0.000000
0.004246250,0.554203,0.0,0.000000
0.004246500,0.554338,0.0,0.000000
0.004246750,0.554472,0.0,0.000000
0.004247000,0.554607,0.0,0.000000
0.004247250,0.554741,0.0,0.000000
0.004247500,0.554876,0.0,0.000000
0.004247750,0.555010,0.0,0.000000
0.004248000,0.555144,0.0,0.000000
0.004248250,0.555279,0.0,0.000000
0.004248500,0.555413,0.0,0.000000
0.004248750,0.555547,0.0,0.000000
0.004249000,0.555682,0.0,0.000000
0.004249250,0.555816,0.0,0.000000
0.004249500,0.555950,0.0,0.000000
0.004249750,0.556084,0.0,0.000000
0.004250000,0.556218,0.0,0.000000
0.004250250,0.556352,0.0,0.000000
0.004250500,0.556486,0.0,0.000000
0.004250750,0.556620,0.0,0.000000
0.004251000,0.556755,0.0,0.000000
0.004251250,0.556889,0.0,0.000000
0.004251500,0.557023,0.0,0.000000
0.004251750,0.557156,0.0,0.000000
0.004252000,0.557290,0.0,0.000000
0.004252250,0.557424,0.0,0.000000
0.004252500,0.557558,0.0,0.000000
0.004252750,0.557692,0.0,0.000000
0.004253000,0.557826,0.0,0.000000
0.004253250,0.557959,0.0,0.000000
0.004253500,0.558093,0.0,0.000000
0.004253750,0.558227,0.0,0.000000
0.004254000,0.558361,0.0,0.000000
0.004254250,0.558494,0.0,0.000000
0.004254500,0.558628,0.0,0.000000
0.004254750,0.558762,0.0,0.000000
0.004255000,0.558895,0.0,0.000000
0.004255250,0.559029,0.0,0.000000
0.004255500,0.559162,0.0,0.000000
0.004255750,0.559296,0.0,0.000000
0.004256000,0.559429,0.0,0.000000
0.004256250,0.559563,0.0,0.000000
0.004256500,0.559696,0.0,0.000000
0.004256750,0.559829,0.0,0.000000
0.004257000,0.559963,0.0,0.000000
0.004257250,0.560096,0.0,0.000000
0.004257500,0.560229,0.0,0.000000
0.004257750,0.560363,0.0,0.000000
0.004258000,0.560496,0.0,0.000000
0.004258250,0.560629,0.0,0.000000
0.004258500,0.560762,0.0,0.000000
0.004258750,0.560896,0.0,0.000000
0.004259000,0.561029,0.0,0.000000
0.004259250,0.561162,0.0,0.000000
0.004259500,0.561295,0.0,0.000000
0.004259750,0.561428,0.0,0.000000
0.004260000,0.561561,0.0,0.000000
0.004260250,0.561694,0.0,0.000000
0.004260500,0.561827,0.0,0.000000
0.004260750,0.561960,0.0,0.000000
0.004261000,0.562093,0.0,0.000000
0.004261250,0.562226,0.0,0.000000
0.004261500,0.562358,0.0,0.000000
0.004261750,0.562491,0.0,0.000000
0.004262000,0.562624,0.0,0.000000
0.004262250,0.562757,0.0,0.000000
0.004262500,0.562890,0.0,0.000000
0.004262750,0.563022,0.0,0.000000
0.004263000,0.563155,0.0,0.000000
0.004263250,0.563288,0.0,0.000000
0.004263500,0.563420,0.0,0.000000
0.004263750,0.563553,0.0,0.000000
0.004264000,0.563686,0.0,0.000000
0.004264250,0.563818,0.0,0.000000
0.004264500,0.563951,0.0,0.000000
0.004264750,0.564083,0.0,0.000000
0.004265000,0.564216,0.0,0.000000
0.004265250,0.564348,0.0,0.000000
0.004265500,0.564481,0.0,0.000000
0.004265750,0.564613,0.0,0.000000
0.004266000,0.564745,0.0,0.000000
0.004266250,0.564878,0.0,0.000000
0.004266500,0.565010,0.0,0.000000
0.004266750,0.565142,0.0,0.000000
0.004267000,0.565274,0.0,0.000000
0.004267250,0.565407,0.0,0.000000
0.004267500,0.565539,0.0,0.000000
0.004267750,0.565671,0.0,0.000000
0.004268000,0.565803,0.0,0.000000
0.004268250,0.565935,0.0,0.000000
0.004268500,0.566067,0.0,0.000000
0.004268750,0.566199,0.0,0.000000
0.004269000,0.566332,0.0,0.000000
0.004269250,0.566464,0.0,0.000000
0.004269500,0.566595,0.0,0.000000
0.004269750,0.566727,0.0,0.000000
0.004270000,0.566859,0.0,0.000000
0.004270250,0.566991,0.0,0.000000
0.004270500,0.567123,0.0,0.000000
0.004270750,0.567255,0.0,0.000000
0.004271000,0.567387,0.0,0.000000
0.004271250,0.567519,0.0,0.000000
0.004271500,0.567650,0.0,0.000000
0.004271750,0.567782,0.0,0.000000
0.004272000,0.567914,0.0,0.000000
0.004272250,0.568045,0.0,0.000000
0.004272500,0.568177,0.0,0.000000
0.004272750,0.568309,0.0,0.000000
0.004273000,0.568440,0.0,0.000000
0.004273250,0.568572,0.0,0.000000
0.004273500,0.568703,0.0,0.000000
0.004273750,0.568835,0.0,0.000000
0.004274000,0.568966,0.0,0.000000
0.004274250,0.569098,0.0,0.000000
0.004274500,0.569229,0.0,0.000000
0.004274750,0.569361,0.0,0.000000
0.004275000,0.569492,0.0,0.000000
0.004275250,0.569623,0.0,0.000000
0.004275500,0.569755,0.0,0.000000
0.004275750,0.569886,0.0,0.000000
0.004276000,0.570017,0.0,0.000000
0.004276250,0.570149,0.0,0.000000
0.004276500,0.570280,0.0,0.000000
0.004276750,0.570411,0.0,0.000000
0.004277000,0.570542,0.0,0.000000
0.004277250,0.570673,0.0,0.000000
0.004277500,0.570804,0.0,0.000000
0.004277750,0.570935,0.0,0.000000
0.004278000,0.571066,0.0,0.000000
0.004278250,0.571197,0.0,0.000000
0.004278500,0.571328,0.0,0.000000
0.004278750,0.571459,0.0,0.000000
0.004279000,0.571590,0.0,0.000000
0.004279250,0.571721,0.0,0.000000
0.004279500,0.571852,0.0,0.000000
0.004279750,0.571983,0.0,0.000000
0.004280000,0.572114,0.0,0.000000
0.004280250,0.572245,0.0,0.000000
0.004280500,0.572375,0.0,0.000000
0.004280750,0.572506,0.0,0.000000
0.004281000,0.572637,0.0,0.000000
0.004281250,0.572767,0.0,0.000000
0.004281500,0.572898,0.0,0.000000
0.004281750,0.573029,0.0,0.000000
0.004282000,0.573159,0.0,0.000000
0.004282250,0.573290,0.0,0.000000
0.004282500,0.573421,0.0,0.000000
0.004282750,0.573551,0.0,0.000000
0.004283000,0.573682,0.0,0.000000
0.004283250,0.573812,0.0,0.000000
0.004283500,0.573942,0.0,0.000000
0.004283750,0.574073,0.0,0.000000
0.004284000,0.574203,0.0,0.000000
0.004284250,0.574334,0.0,0.000000
0.004284500,0.574464,0.0,0.000000
0.004284750,0.574594,0.0,0.000000
0.004285000,0.574725,0.0,0.000000
0.004285250,0.574855,0.0,0.000000
0.004285500,0.574985,0.0,0.000000
0.004285750,0.575115,0.0,0.000000
0.004286000,0.575245,0.0,0.000000
0.004286250,0.575376,0.0,0.000000
0.004286500,0.575506,0.0,0.000000
0.004286750,0.575636,0.0,0.000000
0.004287000,0.575766,0.0,0.000000
0.004287250,0.575896,0.0,0.000000
0.004287500,0.576026,0.0,0.000000
0.004287750,0.576156,0.0,0.000000
0.004288000,0.576286,0.0,0.000000
0.004288250,0.576416,0.0,0.000000
0.004288500,0.576546,0.0,0.000000
0.004288750,0.576676,0.0,0.000000
0.004289000,0.576805,0.0,0.000000
0.004289250,0.576935,0.0,0.000000
0.004289500,0.577065,0.0,0.000000
0.004289750,0.577195,0.0,0.000000
0.004290000,0.577325,0.0,0.000000
0.004290250,0.577454,0.0,0.000000
0.004290500,0.577584,0.0,0.000000
0.004290750,0.577714,0.0,0.000000
0.004291000,0.577843,0.0,0.000000
0.004291250,0.577973,0.0,0.000000
0.004291500,0.578102,0.0,0.000000
0.004291750,0.578232,0.0,0.000000
0.004292000,0.578362,0.0,0.000000
0.004292250,0.578491,0.0,0.000000
0.004292500,0.578621,0.0,0.000000
0.004292750,0.578750,0.0,0.000000
0.004293000,0.578879,0.0,0.000000
0.004293250,0.579009,0.0,0.000000
0.004293500,0.579138,0.0,0.000000
0.004293750,0.579268,0.0,0.000000
0.004294000,0.579397,0.0,0.000000
0.004294250,0.579526,0.0,0.000000
0.004294500,0.579655,0.0,0.000000
0.004294750,0.579785,0.0,0.000000
0.004295000,0.579914,0.0,0.000000
0.004295250,0.580043,0.0,0.000000
0.004295500,0.580172,0.0,0.000000
0.004295750,0.580301,0.0,0.000000
0.004296000,0.580430,0.0,0.000000
0.004296250,0.580559,0.0,0.000000
0.004296500,0.580688,0.0,0.000000
0.004296750,0.580817,0.0,0.000000
0.004297000,0.580946,0.0,0.000000
0.004297250,0.581075,0.0,0.000000
0.004297500,0.581204,0.0,0.000000
0.004297750,0.581333,0.0,0.000000
0.004298000,0.581462,0.0,0.000000
0.004298250,0.581591,0.0,0.000000
0.004298500,0.581720,0.0,0.000000
0.004298750,0.581849,0.0,0.000000
0.004299000,0.581977,0.0,0.000000
0.004299250,0.582106,0.0,0.000000
0.004299500,0.582235,0.0,0.000000
0.004299750,0.582363,0.0,0.000000
0.004300000,0.582492,0.0,0.000000
0.004300250,0.582621,0.0,0.000000
0.004300500,0.582749,0.0,0.000000
0.004300750,0.582878,0.0,0.000000
0.004301000,0.583007,0.0,0.000000
0.004301250,0.583135,0.0,0.000000
0.004301500,0.583264,0.0,0.000000
0.004301750,0.583392,0.0,0.000000
0.004302000,0.583520,0.0,0.000000
0.004302250,0.583649,0.0,0.000000
0.004302500,0.583777,0.0,0.000000
0.004302750,0.583906,0.0,0.000000
0.004303000,0.584034,0.0,0.000000
0.004303250,0.584162,0.0,0.000000
0.004303500,0.584291,0.0,0.000000
0.004303750,0.584419,0.0,0.000000
0.004304000,0.584547,0.0,0.000000
0.004304250,0.584675,0.0,0.000000
0.004304500,0.584804,0.0,0.000000
0.004304750,0.584932,0.0,0.000000
0.004305000,0.585060,0.0,0.000000
0.004305250,0.585188,0.0,0.000000
0.004305500,0.585316,0.0,0.000000
0.004305750,0.585444,0.0,0.000000
0.004306000,0.585572,0.0,0.000000
0.004306250,0.585700,0.0,0.000000
0.004306500,0.585828,0.0,0.000000
0.004306750,0.585956,0.0,0.000000
0.004307000,0.586084,0.0,0.000000
0.004307250,0.586212,0.0,0.000000
0.004307500,0.586340,0.0,0.000000
0.004307750,0.586468,0.0,0.000000
0.004308000,0.586595,0.0,0.000000
0.004308250,0.586723,0.0,0.000000
0.004308500,0.586851,0.0,0.000000
0.004308750,0.586979,0.0,0.000000
0.004309000,0.587106,0.0,0.000000
0.004309250,0.587234,0.0,0.000000
0.004309500,0.587362,0.0,0.000000
0.004309750,0.587489,0.0,0.000000
0.004310000,0.587617,0.0,0.000000
0.004310250,0.587744,0.0,0.000000
0.004310500,0.587872,0.0,0.000000
0.004310750,0.587999,0.0,0.000000
0.004311000,0.588127,0.0,0.000000
0.004311250,0.588254,0.0,0.000000
0.004311500,0.588382,0.0,0.000000
0.004311750,0.588509,0.0,0.000000
0.004312000,0.588637,0.0,0.000000
0.004312250,0.588764,0.0,0.000000
0.004312500,0.588891,0.0,0.000000
0.004312750,0.589019,0.0,0.000000
0.004313000,0.589146,0.0,0.000000
0.004313250,0.589273,0.0,0.000000
0.004313500,0.589400,0.0,0.000000
0.004313750,0.589528,0.0,0.000000
0.004314000,0.589655,0.0,0.000000
0.004314250,0.589782,0.0,0.000000
0.004314500,0.589909,0.0,0.000000
0.004314750,0.590036,0.0,0.000000
0.004315000,0.590163,0.0,0.000000
0.004315250,0.590290,0.0,0.000000
0.004315500,0.590417,0.0,0.000000
0.004315750,0.590544,0.0,0.000000
0.004316000,0.590671,0.0,0.000000
0.004316250,0.590798,0.0,0.000000
0.004316500,0.590925,0.0,0.000000
0.004316750,0.591052,0.0,0.000000
0.004317000,0.591179,0.0,0.000000
0.004317250,0.591306,0.0,0.000000
0.004317500,0.591432,0.0,0.000000
0.004317750,0.591559,0.0,0.000000
0.004318000,0.591686,0.0,0.000000
0.004318250,0.591813,0.0,0.000000
0.004318500,0.591939,0.0,0.000000
0.004318750,0.592066,0.0,0.000000
0.004319000,0.592193,0.0,0.000000
0.004319250,0.592319,0.0,0.000000
0.004319500,0.592446,0.0,0.000000
0.004319750,0.592572,0.0,0.000000
0.004320000,0.592699,0.0,0.000000
0.004320250,0.592825,0.0,0.000000
0.004320500,0.592952,0.0,0.000000
0.004320750,0.593078,0.0,0.000000
0.004321000,0.593205,0.0,0.000000
0.004321250,0.593331,0.0,0.000000
0.004321500,0.593458,0.0,0.000000
0.004321750,0.593584,0.0,0.000000
0.004322000,0.593710,0.0,0.000000
0.004322250,0.593837,0.0,0.000000
0.004322500,0.593963,0.0,0.000000
0.004322750,0.594089,0.0,0.000000
0.004323000,0.594215,0.0,0.000000
0.004323250,0.594342,0.0,0.000000
0.004323500,0.594468,0.0,0.000000
0.004323750,0.594594,0.0,0.000000
0.004324000,0.594720,0.0,0.000000
0.004324250,0.594846,0.0,0.000000
0.004324500,0.594972,0.0,0.000000
0.004324750,0.595098,0.0,0.000000
0.004325000,0.595224,0.0,0.000000
0.004325250,0.595350,0.0,0.000000
0.004325500,0.595476,0.0,0.000000
0.004325750,0.595602,0.0,0.000000
0.004326000,0.595728,0.0,0.000000
0.004326250,0.595854,0.0,0.000000
0.004326500,0.595980,0.0,0.000000
0.004326750,0.596106,0.0,0.000000
0.004327000,0.596231,0.0,0.000000
0.004327250,0.596357,0.0,0.000000
0.004327500,0.596483,0.0,0.000000
0.004327750,0.596609,0.0,0.000000
0.004328000,0.596734,0.0,0.000000
0.004328250,0.596860,0.0,0.000000
0.004328500,0.596986,0.0,0.000000
0.004328750,0.597111,0.0,0.000000
0.004329000,0.597237,0.0,0.000000
0.004329250,0.597362,0.0,0.000000
0.004329500,0.597488,0.0,0.000000
0.004329750,0.597613,0.0,0.000000
0.004330000,0.597739,0.0,0.000000
0.004330250,0.597864,0.0,0.000000
0.004330500,0.597990,0.0,0.000000
0.004330750,0.598115,0.0,0.000000
0.004331000,0.598241,0.0,0.000000
0.004331250,0.598366,0.0,0.000000
0.004331500,0.598491,0.0,0.000000
0.004331750,0.598617,0.0,0.000000
0.004332000,0.598742,0.0,0.000000
0.004332250,0.598867,0.0,0.000000
0.004332500,0.598992,0.0,0.000000
0.004332750,0.599118,0.0,0.000000
0.004333000,0.599243,0.0,0.000000
0.004333250,0.599368,0.0,0.000000
0.004333500,0.599493,0.0,0.000000
0.004333750,0.599618,0.0,0.000000
0.004334000,0.599743,0.0,0.000000
0.004334250,0.599868,0.0,0.000000
0.004334500,0.599993,0.0,0.000000
0.004334750,0.600118,0.0,0.000000
0.004335000,0.600243,0.0,0.000000
0.004335250,0.600368,0.0,0.000000
0.004335500,0.600493,0.0,0.000000
0.004335750,0.600618,0.0,0.000000
0.004336000,0.600743,0.0,0.000000
0.004336250,0.600868,0.0,0.000000
0.004336500,0.600992,0.0,0.000000
0.004336750,0.601117,0.0,0.000000
0.004337000,0.601242,0.0,0.000000
0.004337250,0.601367,0.0,0.000000
0.004337500,0.601491,0.0,0.000000
0.004337750,0.601616,0.0,0.000000
0.004338000,0.601741,0.0,0.000000
0.004338250,0.601865,0.0,0.000000
0.004338500,0.601990,0.0,0.000000
0.004338750,0.602115,0.0,0.000000
0.004339000,0.602239,0.0,0.000000
0.004339250,0.602364,0.0,0.000000
0.004339500,0.602488,0.0,0.000000
0.004339750,0.602613,0.0,0.000000
0.004340000,0.602737,0.0,0.000000
0.004340250,0.602861,0.0,0.000000
0.004340500,0.602986,0.0,0.000000
0.004340750,0.603110,0.0,0.000000
0.004341000,0.603235,0.0,0.000000
0.004341250,0.603359,0.0,0.000000
0.004341500,0.603483,0.0,0.000000
0.004341750,0.603607,0.0,0.000000
0.004342000,0.603732,0.0,0.000000
0.004342250,0.603856,0.0,0.000000
0.004342500,0.603980,0.0,0.000000
0.004342750,0.604104,0.0,0.000000
0.004343000,0.604228,0.0,0.000000
0.004343250,0.604353,0.0,0.000000
0.004343500,0.604477,0.0,0.000000
0.004343750,0.604601,0.0,0.000000
0.004344000,0.604725,0.0,0.000000
0.004344250,0.604849,0.0,0.000000
0.004344500,0.604973,0.0,0.000000
0.004344750,0.605097,0.0,0.000000
0.004345000,0.605221,0.0,0.000000
0.004345250,0.605344,0.0,0.000000
0.004345500,0.605468,0.0,0.000000
0.004345750,0.605592,0.0,0.000000
0.004346000,0.605716,0.0,0.000000
0.004346250,0.605840,0.0,0.000000
0.004346500,0.605964,0.0,0.000000
0.004346750,0.606087,0.0,0.000000
0.004347000,0.606211,0.0,0.000000
0.004347250,0.606335,0.0,0.000000
0.004347500,0.606458,0.0,0.000000
0.004347750,0.606582,0.0,0.000000
0.004348000,0.606706,0.0,0.000000
0.004348250,0.606829,0.0,0.000000
0.004348500,0.606953,0.0,0.000000
0.004348750,0.607076,0.0,0.000000
0.004349000,0.607200,0.0,0.000000
0.004349250,0.607323,0.0,0.000000
0.004349500,0.607447,0.0,0.000000
0.004349750,0.607570,0.0,0.000000
0.004350000,0.607694,0.0,0.000000
0.004350250,0.607817,0.0,0.000000
0.004350500,0.607940,0.0,0.000000
0.004350750,0.608064,0.0,0.000000
0.004351000,0.608187,0.0,0.000000
0.004351250,0.608310,0.0,0.000000
0.004351500,0.608434,0.0,0.000000
0.004351750,0.608557,0.0,0.000000
0.004352000,0.608680,0.0,0.000000
0.004352250,0.608803,0.0,0.000000
0.004352500,0.608926,0.0,0.000000
0.004352750,0.609050,0.0,0.000000
0.004353000,0.609173,0.0,0.000000
0.004353250,0.609296,0.0,0.000000
0.004353500,0.609419,0.0,0.000000
0.004353750,0.609542,0.0,0.000000
0.004354000,0.609665,0.0,0.000000
0.004354250,0.609788,0.0,0.000000
0.004354500,0.609911,0.0,0.000000
0.004354750,0.610034,0.0,0.000000
0.004355000,0.610157,0.0,0.000000
0.004355250,0.610280,0.0,0.000000
0.004355500,0.610402,0.0,0.000000
0.004355750,0.610525,0.0,0.000000
0.004356000,0.610648,0.0,0.000000
0.004356250,0.610771,0.0,0.000000
0.004356500,0.610894,0.0,0.000000
0.004356750,0.611016,0.0,0.000000
0.004357000,0.611139,0.0,0.000000
0.004357250,0.611262,0.0,0.000000
0.004357500,0.611384,0.0,0.000000
0.004357750,0.611507,0.0,0.000000
0.004358000,0.611629,0.0,0.000000
0.004358250,0.611752,0.0,0.000000
0.004358500,0.611875,0.0,0.000000
0.004358750,0.611997,0.0,0.000000
0.004359000,0.612120,0.0,0.000000
0.004359250,0.612242,0.0,0.000000
0.004359500,0.612364,0.0,0.000000
0.004359750,0.612487,0.0,0.000000
0.004360000,0.612609,0.0,0.000000
0.004360250,0.612732,0.0,0.000000
0.004360500,0.612854,0.0,0.000000
0.004360750,0.612976,0.0,0.000000
0.004361000,0.613099,0.0,0.000000
0.004361250,0.613221,0.0,0.000000
0.004361500,0.613343,0.0,0.000000
0.004361750,0.613465,0.0,0.000000
0.004362000,0.613587,0.0,0.000000
0.004362250,0.613710,0.0,0.000000
0.004362500,0.613832,0.0,0.000000
0.004362750,0.613954,0.0,0.000000
0.004363000,0.614076,0.0,0.000000
0.004363250,0.614198,0.0,0.000000
0.004363500,0.614320,0.0,0.000000
0.004363750,0.614442,0.0,0.000000
0.004364000,0.614564,0.0,0.000000
0.004364250,0.614686,0.0,0.000000
0.004364500,0.614808,0.0,0.000000
0.004364750,0.614930,0.0,0.000000
0.004365000,0.615052,0.0,0.000000
0.004365250,0.615174,0.0,0.000000
0.004365500,0.615295,0.0,0.000000
0.004365750,0.615417,0.0,0.000000
0.004366000,0.615539,0.0,0.000000
0.004366250,0.615661,0.0,0.000000
0.004366500,0.615783,0.0,0.000000
0.004366750,0.615904,0.0,0.000000
0.004367000,0.616026,0.0,0.000000
0.004367250,0.616148,0.0,0.000000
0.004367500,0.616269,0.0,0.000000
0.004367750,0.616391,0.0,0.000000
0.004368000,0.616512,0.0,0.000000
0.004368250,0.616634,0.0,0.000000
0.004368500,0.616755,0.0,0.000000
0.004368750,0.616877,0.0,0.000000
0.004369000,0.616998,0.0,0.000000
0.004369250,0.617120,0.0,0.000000
0.004369500,0.617241,0.0,0.000000
0.004369750,0.617363,0.0,0.000000
0.004370000,0.617484,0.0,0.000000
0.004370250,0.617605,0.0,0.000000
0.004370500,0.617727,0.0,0.000000
0.004370750,0.617848,0.0,0.000000
0.004371000,0.617969,0.0,0.000000
0.004371250,0.618091,0.0,0.000000
0.004371500,0.618212,0.0,0.000000
0.004371750,0.618333,0.0,0.000000
0.004372000,0.618454,0.0,0.000000
0.004372250,0.618575,0.0,0.000000
0.004372500,0.618696,0.0,0.000000
0.004372750,0.618818,0.0,0.000000
0.004373000,0.618939,0.0,0.000000
0.004373250,0.619060,0.0,0.000000
0.004373500,0.619181,0.0,0.000000
0.004373750,0.619302,0.0,0.000000
0.004374000,0.619423,0.0,0.000000
0.004374250,0.619544,0.0,0.000000
0.004374500,0.619665,0.0,0.000000
0.004374750,0.619785,0.0,0.000000
0.004375000,0.619906,0.0,0.000000
0.004375250,0.620027,0.0,0.000000
0.004375500,0.620148,0.0,0.000000
0.004375750,0.620269,0.0,0.000000
0.004376000,0.620390,0.0,0.000000
0.004376250,0.620510,0.0,0.000000
0.004376500,0.620631,0.0,0.000000
0.004376750,0.620752,0.0,0.000000
0.004377000,0.620872,0.0,0.000000
0.004377250,0.620993,0.0,0.000000
0.004377500,0.621114,0.0,0.000000
0.004377750,0.621234,0.0,0.000000
0.004378000,0.621355,0.0,0.000000
0.004378250,0.621475,0.0,0.000000
0.004378500,0.621596,0.0,0.000000
0.004378750,0.621716,0.0,0.000000
0.004379000,0.621837,0.0,0.000000
0.004379250,0.621957,0.0,0.000000
0.004379500,0.622078,0.0,0.000000
0.004379750,0.622198,0.0,0.000000
0.004380000,0.622318,0.0,0.000000
0.004380250,0.622439,0.0,0.000000
0.004380500,0.622559,0.0,0.000000
0.004380750,0.622679,0.0,0.000000
0.004381000,0.622800,0.0,0.000000
0.004381250,0.622920,0.0,0.000000
0.004381500,0.623040,0.0,0.000000
0.004381750,0.623160,0.0,0.000000
0.004382000,0.623280,0.0,0.000000
0.004382250,0.623401,0.0,0.000000
0.004382500,0.623521,0.0,0.000000
0.004382750,0.623641,0.0,0.000000
0.004383000,0.623761,0.0,0.000000
0.004383250,0.623881,0.0,0.000000
0.004383500,0.624001,0.0,0.000000
0.004383750,0.624121,0.0,0.000000
0.004384000,0.624241,0.0,0.000000
0.004384250,0.624361,0.0,0.000000
0.004384500,0.624481,0.0,0.000000
0.004384750,0.624601,0.0,0.000000
0.004385000,0.624720,0.0,0.000000
0.004385250,0.624840,0.0,0.000000
0.004385500,0.624960,0.0,0.000000
0.004385750,0.625080,0.0,0.000000
0.004386000,0.625200,0.0,0.000000
0.004386250,0.625319,0.0,0.000000
0.004386500,0.625439,0.0,0.000000
0.004386750,0.625559,0.0,0.000000
0.004387000,0.625679,0.0,0.000000
0.004387250,0.625798,0.0,0.000000
0.004387500,0.625918,0.0,0.000000
0.004387750,0.626037,0.0,0.000000
0.004388000,0.626157,0.0,0.000000
0.004388250,0.626276,0.0,0.000000
0.004388500,0.626396,0.0,0.000000
0.004388750,0.626516,0.0,0.000000
0.004389000,0.626635,0.0,0.000000
0.004389250,0.626754,0.0,0.000000
0.004389500,0.626874,0.0,0.000000
0.004389750,0.626993,0.0,0.000000
0.004390000,0.627113,0.0,0.000000
0.004390250,0.627232,0.0,0.000000
0.004390500,0.627351,0.0,0.000000
0.004390750,0.627470,0.0,0.000000
0.004391000,0.627590,0.0,0.000000
0.004391250,0.627709,0.0,0.000000
0.004391500,0.627828,0.0,0.000000
0.004391750,0.627947,0.0,0.000000
0.004392000,0.628067,0.0,0.000000
0.004392250,0.628186,0.0,0.000000
0.004392500,0.628305,0.0,0.000000
0.004392750,0.628424,0.0,0.000000
0.004393000,0.628543,0.0,0.000000
0.004393250,0.628662,0.0,0.000000
0.004393500,0.628781,0.0,0.000000
0.004393750,0.628900,0.0,0.000000
0.004394000,0.629019,0.0,0.000000
0.004394250,0.629138,0.0,0.000000
0.004394500,0.629257,0.0,0.000000
0.004394750,0.629376,0.0,0.000000
0.004395000,0.629495,0.0,0.000000
0.004395250,0.629614,0.0,0.000000
0.004395500,0.629732,0.0,0.000000
0.004395750,0.629851,0.0,0.000000
0.004396000,0.629970,0.0,0.000000
0.004396250,0.630089,0.0,0.000000
0.004396500,0.630207,0.0,0.000000
0.004396750,0.630326,0.0,0.000000
0.004397000,0.630445,0.0,0.000000
0.004397250,0.630563,0.0,0.000000
0.004397500,0.630682,0.0,0.000000
0.004397750,0.630801,0.0,0.000000
0.004398000,0.630919,0.0,0.000000
0.004398250,0.631038,0.0,0.000000
0.004398500,0.631156,0.0,0.000000
0.004398750,0.631275,0.0,0.000000
0.004399000,0.631393,0.0,0.000000
0.004399250,0.631512,0.0,0.000000
0.004399500,0.631630,0.0,0.000000
0.004399750,0.631749,0.0,0.000000
0.004400000,0.631867,0.0,0.000000
0.004400250,0.631985,0.0,0.000000
0.004400500,0.632104,0.0,0.000000
0.004400750,0.632222,0.0,0.000000
0.004401000,0.632340,0.0,0.000000
0.004401250,0.632458,0.0,0.000000
0.004401500,0.632577,0.0,0.000000
0.004401750,0.632695,0.0,0.000000
0.004402000,0.632813,0.0,0.000000
0.004402250,0.632931,0.0,0.000000
0.004402500,0.633049,0.0,0.000000
0.004402750,0.633167,0.0,0.000000
0.004403000,0.633286,0.0,0.000000
0.004403250,0.633404,0.0,0.000000
0.004403500,0.633522,0.0,0.000000
0.004403750,0.633640,0.0,0.000000
0.004404000,0.633758,0.0,0.000000
0.004404250,0.633876,0.0,0.000000
0.004404500,0.633994,0.0,0.000000
0.004404750,0.634111,0.0,0.000000
0.004405000,0.634229,0.0,0.000000
0.004405250,0.634347,0.0,0.000000
0.004405500,0.634465,0.0,0.000000
0.004405750,0.634583,0.0,0.000000
0.004406000,0.634701,0.0,0.000000
0.004406250,0.634818,0.0,0.000000
0.004406500,0.634936,0.0,0.000000
0.004406750,0.635054,0.0,0.000000
0.004407000,0.635171,0.0,0.000000
0.004407250,0.635289,0.0,0.000000
0.004407500,0.635407,0.0,0.000000
0.004407750,0.635524,0.0,0.000000
0.004408000,0.635642,0.0,0.000000
0.004408250,0.635760,0.0,0.000000
0.004408500,0.635877,0.0,0.000000
0.004408750,0.635995,0.0,0.000000
0.004409000,0.636112,0.0,0.000000
0.004409250,0.636230,0.0,0.000000
0.004409500,0.636347,0.0,0.000000
0.004409750,0.636464,0.0,0.000000
0.004410000,0.636582,0.0,0.000000
0.004410250,0.636699,0.0,0.000000
0.004410500,0.636817,0.0,0.000000
0.004410750,0.636934,0.0,0.000000
0.004411000,0.637051,0.0,0.000000
0.004411250,0.637168,0.0,0.000000
0.004411500,0.637286,0.0,0.000000
0.004411750,0.637403,0.0,0.000000
0.004412000,0.637520,0.0,0.000000
0.004412250,0.637637,0.0,0.000000
0.004412500,0.637754,0.0,0.000000
0.004412750,0.637872,0.0,0.000000
0.004413000,0.637989,0.0,0.000000
0.004413250,0.638106,0.0,0.000000
0.004413500,0.638223,0.0,0.000000
0.004413750,0.638340,0.0,0.000000
0.004414000,0.638457,0.0,0.000000
0.004414250,0.638574,0.0,0.000000
0.004414500,0.638691,0.0,0.000000
0.004414750,0.638808,0.0,0.000000
0.004415000,0.638925,0.0,0.000000
0.004415250,0.639041,0.0,0.000000
0.004415500,0.639158,0.0,0.000000
0.004415750,0.639275,0.0,0.000000
0.004416000,0.639392,0.0,0.000000
0.004416250,0.639509,0.0,0.000000
0.004416500,0.639626,0.0,0.000000
0.004416750,0.639742,0.0,0.000000
0.004417000,0.639859,0.0,0.000000
0.004417250,0.639976,0.0,0.000000
0.004417500,0.640092,0.0,0.000000
0.004417750,0.640209,0.0,0.000000
0.004418000,0.640326,0.0,0.000000
0.004418250,0.640442,0.0,0.000000
0.004418500,0.640559,0.0,0.000000
0.004418750,0.640675,0.0,0.000000
0.004419000,0.640792,0.0,0.000000
0.004419250,0.640908,0.0,0.000000
0.004419500,0.641025,0.0,0.000000
0.004419750,0.641141,0.0,0.000000
0.004420000,0.641258,0.0,0.000000
0.004420250,0.641374,0.0,0.000000
0.004420500,0.641490,0.0,0.000000
0.004420750,0.641607,0.0,0.000000
0.004421000,0.641723,0.0,0.000000
0.004421250,0.641839,0.0,0.000000
0.004421500,0.641956,0.0,0.000000
0.004421750,0.642072,0.0,0.000000
0.004422000,0.642188,0.0,0.000000
0.004422250,0.642304,0.0,0.000000
0.004422500,0.642421,0.0,0.000000
0.004422750,0.642537,0.0,0.000000
0.004423000,0.642653,0.0,0.000000
0.004423250,0.642769,0.0,0.000000
0.004423500,0.642885,0.0,0.000000
0.004423750,0.643001,0.0,0.000000
0.004424000,0.643117,0.0,0.000000
0.004424250,0.643233,0.0,0.000000
0.004424500,0.643349,0.0,0.000000
0.004424750,0.643465,0.0,0.000000
0.004425000,0.643581,0.0,0.000000
0.004425250,0.643697,0.0,0.000000
0.004425500,0.643813,0.0,0.000000
0.004425750,0.643929,0.0,0.000000
0.004426000,0.644044,0.0,0.000000
0.004426250,0.644160,0.0,0.000000
0.004426500,0.644276,0.0,0.000000
0.004426750,0.644392,0.0,0.000000
0.004427000,0.644508,0.0,0.000000
0.004427250,0.644623,0.0,0.000000
0.004427500,0.644739,0.0,0.000000
0.004427750,0.644855,0.0,0.000000
0.004428000,0.644970,0.0,0.000000
0.004428250,0.645086,0.0,0.000000
0.004428500,0.645202,0.0,0.000000
0.004428750,0.645317,0.0,0.000000
0.004429000,0.645433,0.0,0.000000
0.004429250,0.645548,0.0,0.000000
0.004429500,0.645664,0.0,0.000000
0.004429750,0.645779,0.0,0.000000
0.004430000,0.645895,0.0,0.000000
0.004430250,0.646010,0.0,0.000000
0.004430500,0.646125,0.0,0.000000
0.004430750,0.646241,0.0,0.000000
0.004431000,0.646356,0.0,0.000000
0.004431250,0.646472,0.0,0.000000
0.004431500,0.646587,0.0,0.000000
0.004431750,0.646702,0.0,0.000000
0.004432000,0.646817,0.0,0.000000
0.004432250,0.646933,0.0,0.000000
0.004432500,0.647048,0.0,0.000000
0.004432750,0.647163,0.0,0.000000
0.004433000,0.647278,0.0,0.000000
0.004433250,0.647393,0.0,0.000000
0.004433500,0.647508,0.0,0.000000
0.004433750,0.647624,0.0,0.000000
0.004434000,0.647739,0.0,0.000000
0.004434250,0.647854,0.0,0.000000
0.004434500,0.647969,0.0,0.000000
0.004434750,0.648084,0.0,0.000000
0.004435000,0.648199,0.0,0.000000
0.004435250,0.648314,0.0,0.000000
0.004435500,0.648429,0.0,0.000000
0.004435750,0.648543,0.0,0.000000
0.004436000,0.648658,0.0,0.000000
0.004436250,0.648773,0.0,0.000000
0.004436500,0.648888,0.0,0.000000
0.004436750,0.649003,0.0,0.000000
0.004437000,0.649118,0.0,0.000000
0.004437250,0.649232,0.0,0.000000
0.004437500,0.649347,0.0,0.000000
0.004437750,0.649462,0.0,0.000000
0.004438000,0.649577,0.0,0.000000
0.004438250,0.649691,0.0,0.000000
0.004438500,0.649806,0.0,0.000000
0.004438750,0.649920,0.0,0.000000
0.004439000,0.650035,0.0,0.000000
0.004439250,0.650150,0.0,0.000000
0.004439500,0.650264,0.0,0.000000
0.004439750,0.650379,0.0,0.000000
0.004440000,0.650493,0.0,0.000000
0.004440250,0.650608,0.0,0.000000
0.004440500,0.650722,0.0,0.000000
0.004440750,0.650837,0.0,0.000000
0.004441000,0.650951,0.0,0.000000
0.004441250,0.651065,0.0,0.000000
0.004441500,0.651180,0.0,0.000000
0.004441750,0.651294,0.0,0.000000
0.004442000,0.651408,0.0,0.000000
0.004442250,0.651523,0.0,0.000000
0.004442500,0.651637,0.0,0.000000
0.004442750,0.651751,0.0,0.000000
0.004443000,0.651865,0.0,0.000000
0.004443250,0.651980,0.0,0.000000
0.004443500,0.652094,0.0,0.000000
0.004443750,0.652208,0.0,0.000000
0.004444000,0.652322,0.0,0.000000
0.004444250,0.652436,0.0,0.000000
0.004444500,0.652550,0.0,0.000000
0.004444750,0.652664,0.0,0.000000
0.004445000,0.652778,0.0,0.000000
0.004445250,0.652892,0.0,0.000000
0.004445500,0.653006,0.0,0.000000
0.004445750,0.653120,0.0,0.000000
0.004446000,0.653234,0.0,0.000000
0.004446250,0.653348,0.0,0.000000
0.004446500,0.653462,0.0,0.000000
0.004446750,0.653576,0.0,0.000000
0.004447000,0.653690,0.0,0.000000
0.004447250,0.653803,0.0,0.000000
0.004447500,0.653917,0.0,0.000000
0.004447750,0.654031,0.0,0.000000
0.004448000,0.654145,0.0,0.000000
0.004448250,0.654258,0.0,0.000000
0.004448500,0.654372,0.0,0.000000
0.004448750,0.654486,0.0,0.000000
0.004449000,0.654599,0.0,0.000000
0.004449250,0.654713,0.0,0.000000
0.004449500,0.654827,0.0,0.000000
0.004449750,0.654940,0.0,0.000000
0.004450000,0.655054,0.0,0.000000
0.004450250,0.655167,0.0,0.000000
0.004450500,0.655281,0.0,0.000000
0.004450750,0.655394,0.0,0.000000
0.004451000,0.655508,0.0,0.000000
0.004451250,0.655621,0.0,0.000000
0.004451500,0.655734,0.0,0.000000
0.004451750,0.655848,0.0,0.000000
0.004452000,0.655961,0.0,0.000000
0.004452250,0.656075,0.0,0.000000
0.004452500,0.656188,0.0,0.000000
0.004452750,0.656301,0.0,0.000000
0.004453000,0.656414,0.0,0.000000
0.004453250,0.656528,0.0,0.000000
0.004453500,0.656641,0.0,0.000000
0.004453750,0.656754,0.0,0.000000
0.004454000,0.656867,0.0,0.000000
0.004454250,0.656980,0.0,0.000000
0.004454500,0.657093,0.0,0.000000
0.004454750,0.657207,0.0,0.000000
0.004455000,0.657320,0.0,0.000000
0.004455250,0.657433,0.0,0.000000
0.004455500,0.657546,0.0,0.000000
0.004455750,0.657659,0.0,0.000000
0.004456000,0.657772,0.0,0.000000
0.004456250,0.657885,0.0,0.000000
0.004456500,0.657998,0.0,0.000000
0.004456750,0.658110,0.0,0.000000
0.004457000,0.658223,0.0,0.000000
0.004457250,0.658336,0.0,0.000000
0.004457500,0.658449,0.0,0.000000
0.004457750,0.658562,0.0,0.000000
0.004458000,0.658675,0.0,0.000000
0.004458250,0.658787,0.0,0.000000
0.004458500,0.658900,0.0,0.000000
0.004458750,0.659013,0.0,0.000000
0.004459000,0.659126,0.0,0.000000
0.004459250,0.659238,0.0,0.000000
0.004459500,0.659351,0.0,0.000000
0.004459750,0.659464,0.0,0.000000
0.004460000,0.659576,0.0,0.000000
0.004460250,0.659689,0.0,0.000000
0.004460500,0.659801,0.0,0.000000
0.004460750,0.659914,0.0,0.000000
0.004461000,0.660026,0.0,0.000000
0.004461250,0.660139,0.0,0.000000
0.004461500,0.660251,0.0,0.000000
0.004461750,0.660364,0.0,0.000000
0.004462000,0.660476,0.0,0.000000
0.004462250,0.660589,0.0,0.000000
0.004462500,0.660701,0.0,0.000000
0.004462750,0.660813,0.0,0.000000
0.004463000,0.660926,0.0,0.000000
0.004463250,0.661038,0.0,0.000000
0.004463500,0.661150,0.0,0.000000
0.004463750,0.661262,0.0,0.000000
0.004464000,0.661375,0.0,0.000000
0.004464250,0.661487,0.0,0.000000
0.004464500,0.661599,0.0,0.000000
0.004464750,0.661711,0.0,0.000000
0.004465000,0.661823,0.0,0.000000
0.004465250,0.661935,0.0,0.000000
0.004465500,0.662048,0.0,0.000000
0.004465750,0.662160,0.0,0.000000
0.004466000,0.662272,0.0,0.000000
0.004466250,0.662384,0.0,0.000000
0.004466500,0.662496,0.0,0.000000
0.004466750,0.662608,0.0,0.000000
0.004467000,0.662720,0.0,0.000000
0.004467250,0.662831,0.0,0.000000
0.004467500,0.662943,0.0,0.000000
0.004467750,0.663055,0.0,0.000000
0.004468000,0.663167,0.0,0.000000
0.004468250,0.663279,0.0,0.000000
0.004468500,0.663391,0.0,0.000000
0.004468750,0.663503,0.0,0.000000
0.004469000,0.663614,0.0,0.000000
0.004469250,0.663726,0.0,0.000000
0.004469500,0.663838,0.0,0.000000
0.004469750,0.663949,0.0,0.000000
0.004470000,0.664061,0.0,0.000000
0.004470250,0.664173,0.0,0.000000
0.004470500,0.664284,0.0,0.000000
0.004470750,0.664396,0.0,0.000000
0.004471000,0.664508,0.0,0.000000
0.004471250,0.664619,0.0,0.000000
0.004471500,0.664731,0.0,0.000000
0.004471750,0.664842,0.0,0.000000
0.004472000,0.664954,0.0,0.000000
0.004472250,0.665065,0.0,0.000000
0.004472500,0.665177,0.0,0.000000
0.004472750,0.665288,0.0,0.000000
0.004473000,0.665399,0.0,0.000000
0.004473250,0.665511,0.0,0.000000
0.004473500,0.665622,0.0,0.000000
0.004473750,0.665733,0.0,0.000000
0.004474000,0.665845,0.0,0.000000
0.004474250,0.665956,0.0,0.000000
0.004474500,0.666067,0.0,0.000000
0.004474750,0.666178,0.0,0.000000
0.004475000,0.666290,0.0,0.000000
0.004475250,0.666401,0.0,0.000000
0.004475500,0.666512,0.0,0.000000
0.004475750,0.666623,0.0,0.000000
0.004476000,0.666734,0.0,0.000000
0.004476250,0.666845,0.0,0.000000
0.004476500,0.666956,0.0,0.000000
0.004476750,0.667067,0.0,0.000000
0.004477000,0.667178,0.0,0.000000
0.004477250,0.667289,0.0,0.000000
0.004477500,0.667400,0.0,0.000000
0.004477750,0.667511,0.0,0.000000
0.004478000,0.667622,0.0,0.000000
0.004478250,0.667733,0.0,0.000000
0.004478500,0.667844,0.0,0.000000
0.004478750,0.667955,0.0,0.000000
0.004479000,0.668066,0.0,0.000000
0.004479250,0.668176,0.0,0.000000
0.004479500,0.668287,0.0,0.000000
0.004479750,0.668398,0.0,0.000000
0.004480000,0.668509,0.0,0.000000
0.004480250,0.668620,0.0,0.000000
0.004480500,0.668730,0.0,0.000000
0.004480750,0.668841,0.0,0.000000
0.004481000,0.668952,0.0,0.000000
0.004481250,0.669062,0.0,0.000000
0.004481500,0.669173,0.0,0.000000
0.004481750,0.669283,0.0,0.000000
0.004482000,0.669394,0.0,0.000000
0.004482250,0.669504,0.0,0.000000
0.004482500,0.669615,0.0,0.000000
0.004482750,0.669725,0.0,0.000000
0.004483000,0.669836,0.0,0.000000
0.004483250,0.669946,0.0,0.000000
0.004483500,0.670057,0.0,0.000000
0.004483750,0.670167,0.0,0.000000
0.004484000,0.670278,0.0,0.000000
0.004484250,0.670388,0.0,0.000000
0.004484500,0.670498,0.0,0.000000
0.004484750,0.670609,0.0,0.000000
0.004485000,0.670719,0.0,0.000000
0.004485250,0.670829,0.0,0.000000
0.004485500,0.670939,0.0,0.000000
0.004485750,0.671049,0.0,0.000000
0.004486000,0.671160,0.0,0.000000
0.004486250,0.671270,0.0,0.000000
0.004486500,0.671380,0.0,0.000000
0.004486750,0.671490,0.0,0.000000
0.004487000,0.671600,0.0,0.000000
0.004487250,0.671710,0.0,0.000000
0.004487500,0.671820,0.0,0.000000
0.004487750,0.671930,0.0,0.000000
0.004488000,0.672040,0.0,0.000000
0.004488250,0.672150,0.0,0.000000
0.004488500,0.672260,0.0,0.000000
0.004488750,0.672370,0.0,0.000000
0.004489000,0.672480,0.0,0.000000
0.004489250,0.672590,0.0,0.000000
0.004489500,0.672700,0.0,0.000000
0.004489750,0.672810,0.0,0.000000
0.004490000,0.672920,0.0,0.000000
0.004490250,0.673029,0.0,0.000000
0.004490500,0.673139,0.0,0.000000
0.004490750,0.673249,0.0,0.000000
0.004491000,0.673359,0.0,0.000000
0.004491250,0.673468,0.0,0.000000
0.004491500,0.673578,0.0,0.000000
0.004491750,0.673688,0.0,0.000000
0.004492000,0.673797,0.0,0.000000
0.004492250,0.673907,0.0,0.000000
0.004492500,0.674017,0.0,0.000000
0.004492750,0.674126,0.0,0.000000
0.004493000,0.674236,0.0,0.000000
0.004493250,0.674345,0.0,0.000000
0.004493500,0.674455,0.0,0.000000
0.004493750,0.674564,0.0,0.000000
0.004494000,0.674674,0.0,0.000000
0.004494250,0.674783,0.0,0.000000
0.004494500,0.674893,0.0,0.000000
0.004494750,0.675002,0.0,0.000000
0.004495000,0.675111,0.0,0.000000
0.004495250,0.675221,0.0,0.000000
0.004495500,0.675330,0.0,0.000000
0.004495750,0.675439,0.0,0.000000
0.004496000,0.675548,0.0,0.000000
0.004496250,0.675658,0.0,0.000000
0.004496500,0.675767,0.0,0.000000
0.004496750,0.675876,0.0,0.000000
0.004497000,0.675985,0.0,0.000000
0.004497250,0.676095,0.0,0.000000
0.004497500,0.676204,0.0,0.000000
0.004497750,0.676313,0.0,0.000000
0.004498000,0.676422,0.0,0.000000
0.004498250,0.676531,0.0,0.000000
0.004498500,0.676640,0.0,0.000000
0.004498750,0.676749,0.0,0.000000
0.004499000,0.676858,0.0,0.000000
0.004499250,0.676967,0.0,0.000000
0.004499500,0.677076,0.0,0.000000
0.004499750,0.677185,0.0,0.000000
0.004500000,0.677294,0.0,0.000000
0.004500250,0.677403,0.0,0.000000
0.004500500,0.677512,0.0,0.000000
0.004500750,0.677620,0.0,0.000000
0.004501000,0.677729,0.0,0.000000
0.004501250,0.677838,0.0,0.000000
0.004501500,0.677947,0.0,0.000000
0.004501750,0.678056,0.0,0.000000
0.004502000,0.678164,0.0,0.000000
0.004502250,0.678273,0.0,0.000000
0.004502500,0.678382,0.0,0.000000
0.004502750,0.678490,0.0,0.000000
0.004503000,0.678599,0.0,0.000000
0.004503250,0.678708,0.0,0.000000
0.004503500,0.678816,0.0,0.000000
0.004503750,0.678925,0.0,0.000000
0.004504000,0.679033,0.0,0.000000
0.004504250,0.679142,0.0,0.000000
0.004504500,0.679250,0.0,0.000000
0.004504750,0.679359,0.0,0.000000
0.004505000,0.679467,0.0,0.000000
0.004505250,0.679576,0.0,0.000000
0.004505500,0.679684,0.0,0.000000
0.004505750,0.679793,0.0,0.000000
0.004506000,0.679901,0.0,0.000000
0.004506250,0.680009,0.0,0.000000
0.004506500,0.680118,0.0,0.000000
0.004506750,0.680226,0.0,0.000000
0.004507000,0.680334,0.0,0.000000
0.004507250,0.680442,0.0,0.000000
0.004507500,0.680551,0.0,0.000000
0.004507750,0.680659,0.0,0.000000
0.004508000,0.680767,0.0,0.000000
0.004508250,0.680875,0.0,0.000000
0.004508500,0.680983,0.0,0.000000
0.004508750,0.681091,0.0,0.000000
0.004509000,0.681200,0.0,0.000000
0.004509250,0.681308,0.0,0.000000
0.004509500,0.681416,0.0,0.000000
0.004509750,0.681524,0.0,0.000000
0.004510000,0.681632,0.0,0.000000
0.004510250,0.681740,0.0,0.000000
0.004510500,0.681848,0.0,0.000000
0.004510750,0.681956,0.0,0.000000
0.004511000,0.682064,0.0,0.000000
0.004511250,0.682171,0.0,0.000000
0.004511500,0.682279,0.0,0.000000
0.004511750,0.682387,0.0,0.000000
0.004512000,0.682495,0.0,0.000000
0.004512250,0.682603,0.0,0.000000
0.004512500,0.682711,0.0,0.000000
0.004512750,0.682818,0.0,0.000000
0.004513000,0.682926,0.0,0.000000
0.004513250,0.683034,0.0,0.000000
0.004513500,0.683142,0.0,0.000000
0.004513750,0.683249,0.0,0.000000
0.004514000,0.683357,0.0,0.000000
0.004514250,0.683464,0.0,0.000000
0.004514500,0.683572,0.0,0.000000
0.004514750,0.683680,0.0,0.000000
0.004515000,0.683787,0.0,0.000000
0.004515250,0.683895,0.0,0.000000
0.004515500,0.684002,0.0,0.000000
0.004515750,0.684110,0.0,0.000000
0.004516000,0.684217,0.0,0.000000
0.004516250,0.684325,0.0,0.000000
0.004516500,0.684432,0.0,0.000000
0.004516750,0.684539,0.0,0.000000
0.004517000,0.684647,0.0,0.000000
0.004517250,0.684754,0.0,0.000000
0.004517500,0.684862,0.0,0.000000
0.004517750,0.684969,0.0,0.000000
0.004518000,0.685076,0.0,0.000000
0.004518250,0.685183,0.0,0.000000
0.004518500,0.685291,0.0,0.000000
0.004518750,0.685398,0.0,0.000000
0.004519000,0.685505,0.0,0.000000
0.004519250,0.685612,0.0,0.000000
0.004519500,0.685719,0.0,0.000000
0.004519750,0.685827,0.0,0.000000
0.004520000,0.685934,0.0,0.000000
0.004520250,0.686041,0.0,0.000000
0.004520500,0.686148,0.0,0.000000
0.004520750,0.686255,0.0,0.000000
0.004521000,0.686362,0.0,0.000000
0.004521250,0.686469,0.0,0.000000
0.004521500,0.686576,0.0,0.000000
0.004521750,0.686683,0.0,0.000000
0.004522000,0.686790,0.0,0.000000
0.004522250,0.686897,0.0,0.000000
0.004522500,0.687004,0.0,0.000000
0.004522750,0.687110,0.0,0.000000
0.004523000,0.687217,0.0,0.000000
0.004523250,0.687324,0.0,0.000000
0.004523500,0.687431,0.0,0.000000
0.004523750,0.687538,0.0,0.000000
0.004524000,0.687644,0.0,0.000000
0.004524250,0.687751,0.0,0.000000
0.004524500,0.687858,0.0,0.000000
0.004524750,0.687965,0.0,0.000000
0.004525000,0.688071,0.0,0.000000
0.004525250,0.688178,0.0,0.000000
0.004525500,0.688285,0.0,0.000000
0.004525750,0.688391,0.0,0.000000
0.004526000,0.688498,0.0,0.000000
0.004526250,0.688604,0.0,0.000000
0.004526500,0.688711,0.0,0.000000
0.004526750,0.688817,0.0,0.000000
0.004527000,0.688924,0.0,0.000000
0.004527250,0.689030,0.0,0.000000
0.004527500,0.689137,0.0,0.000000
0.004527750,0.689243,0.0,0.000000
0.004528000,0.689350,0.0,0.000000
0.004528250,0.689456,0.0,0.000000
0.004528500,0.689562,0.0,0.000000
0.004528750,0.689669,0.0,0.000000
0.004529000,0.689775,0.0,0.000000
0.004529250,0.689881,0.0,0.000000
0.004529500,0.689987,0.0,0.000000
0.004529750,0.690094,0.0,0.000000
0.004530000,0.690200,0.0,0.000000
0.004530250,0.690306,0.0,0.000000
0.004530500,0.690412,0.0,0.000000
0.004530750,0.690518,0.0,0.000000
0.004531000,0.690625,0.0,0.000000
0.004531250,0.690731,0.0,0.000000
0.004531500,0.690837,0.0,0.000000
0.004531750,0.690943,0.0,0.000000
0.004532000,0.691049,0.0,0.000000
0.004532250,0.691155,0.0,0.000000
0.004532500,0.691261,0.0,0.000000
0.004532750,0.691367,0.0,0.000000
0.004533000,0.691473,0.0,0.000000
0.004533250,0.691579,0.0,0.000000
0.004533500,0.691685,0.0,0.000000
0.004533750,0.691791,0.0,0.000000
0.004534000,0.691896,0.0,0.000000
0.004534250,0.692002,0.0,0.000000
0.004534500,0.692108,0.0,0.000000
0.004534750,0.692214,0.0,0.000000
0.004535000,0.692320,0.0,0.000000
0.004535250,0.692425,0.0,0.000000
0.004535500,0.692531,0.0,0.000000
0.004535750,0.692637,0.0,0.000000
0.004536000,0.692743,0.0,0.000000
0.004536250,0.692848,0.0,0.000000
0.004536500,0.692954,0.0,0.000000
0.004536750,0.693060,0.0,0.000000
0.004537000,0.693165,0.0,0.000000
0.004537250,0.693271,0.0,0.000000
0.004537500,0.693376,0.0,0.000000
0.004537750,0.693482,0.0,0.000000
0.004538000,0.693587,0.0,0.000000
0.004538250,0.693693,0.0,0.000000
0.004538500,0.693798,0.0,0.000000
0.004538750,0.693904,0.0,0.000000
0.004539000,0.694009,0.0,0.000000
0.004539250,0.694115,0.0,0.000000
0.004539500,0.694220,0.0,0.000000
0.004539750,0.694325,0.0,0.000000
0.004540000,0.694431,0.0,0.000000
0.004540250,0.694536,0.0,0.000000
0.004540500,0.694641,0.0,0.000000
0.004540750,0.694747,0.0,0.000000
0.004541000,0.694852,0.0,0.000000
0.004541250,0.694957,0.0,0.000000
0.004541500,0.695062,0.0,0.000000
0.004541750,0.695167,0.0,0.000000
0.004542000,0.695273,0.0,0.000000
0.004542250,0.695378,0.0,0.000000
0.004542500,0.695483,0.0,0.000000
0.004542750,0.695588,0.0,0.000000
0.004543000,0.695693,0.0,0.000000
0.004543250,0.695798,0.0,0.000000
0.004543500,0.695903,0.0,0.000000
0.004543750,0.696008,0.0,0.000000
0.004544000,0.696113,0.0,0.000000
0.004544250,0.696218,0.0,0.000000
0.004544500,0.696323,0.0,0.000000
0.004544750,0.696428,0.0,0.000000
0.004545000,0.696533,0.0,0.000000
0.004545250,0.696638,0.0,0.000000
0.004545500,0.696743,0.0,0.000000
0.004545750,0.696847,0.0,0.000000
0.004546000,0.696952,0.0,0.000000
0.004546250,0.697057,0.0,0.000000
0.004546500,0.697162,0.0,0.000000
0.004546750,0.697267,0.0,0.000000
0.004547000,0.697371,0.0,0.000000
0.004547250,0.697476,0.0,0.000000
0.004547500,0.697581,0.0,0.000000
0.004547750,0.697685,0.0,0.000000
0.004548000,0.697790,0.0,0.000000
0.004548250,0.697895,0.0,0.000000
0.004548500,0.697999,0.0,0.000000
0.004548750,0.698104,0.0,0.000000
0.004549000,0.698208,0.0,0.000000
0.004549250,0.698313,0.0,0.000000
0.004549500,0.698417,0.0,0.000000
0.004549750,0.698522,0.0,0.000000
0.004550000,0.698626,0.0,0.000000
0.004550250,0.698731,0.0,0.000000
0.004550500,0.698835,0.0,0.000000
0.004550750,0.698940,0.0,0.000000
0.004551000,0.699044,0.0,0.000000
0.004551250,0.699148,0.0,0.000000
0.004551500,0.699253,0.0,0.000000
0.004551750,0.699357,0.0,0.000000
0.004552000,0.699461,0.0,0.000000
0.004552250,0.699566,0.0,0.000000
0.004552500,0.699670,0.0,0.000000
0.004552750,0.699774,0.0,0.000000
0.004553000,0.699878,0.0,0.000000
0.004553250,0.699982,0.0,0.000000
0.004553500,0.700087,0.0,0.000000
0.004553750,0.700191,0.0,0.000000
0.004554000,0.700295,0.0,0.000000
0.004554250,0.700399,0.0,0.000000
0.004554500,0.700503,0.0,0.000000
0.004554750,0.700607,0.0,0.000000
0.004555000,0.700711,0.0,0.000000
0.004555250,0.700815,0.0,0.000000
0.004555500,0.700919,0.0,0.000000
0.004555750,0.701023,0.0,0.000000
0.004556000,0.701127,0.0,0.000000
0.004556250,0.701231,0.0,0.000000
0.004556500,0.701335,0.0,0.000000
0.004556750,0.701439,0.0,0.000000
0.004557000,0.701543,0.0,0.000000
0.004557250,0.701646,0.0,0.000000
0.004557500,0.701750,0.0,0.000000
0.004557750,0.701854,0.0,0.000000
0.004558000,0.701958,0.0,0.000000
0.004558250,0.702062,0.0,0.000000
0.004558500,0.702165,0.0,0.000000
0.004558750,0.702269,0.0,0.000000
0.004559000,0.702373,0.0,0.000000
0.004559250,0.702476,0.0,0.000000
0.004559500,0.702580,0.0,0.000000
0.004559750,0.702684,0.0,0.000000
0.004560000,0.702787,0.0,0.000000
0.004560250,0.702891,0.0,0.000000
0.004560500,0.702994,0.0,0.000000
0.004560750,0.703098,0.0,0.000000
0.004561000,0.703201,0.0,0.000000
0.004561250,0.703305,0.0,0.000000
0.004561500,0.703408,0.0,0.000000
0.004561750,0.703512,0.0,0.000000
0.004562000,0.703615,0.0,0.000000
0.004562250,0.703719,0.0,0.000000
0.004562500,0.703822,0.0,0.000000
0.004562750,0.703925,0.0,0.000000
0.004563000,0.704029,0.0,0.000000
0.004563250,0.704132,0.0,0.000000
0.004563500,0.704235,0.0,0.000000
0.004563750,0.704339,0.0,0.000000
0.004564000,0.704442,0.0,0.000000
0.004564250,0.704545,0.0,0.000000
0.004564500,0.704648,0.0,0.000000
0.004564750,0.704752,0.0,0.000000
0.004565000,0.704855,0.0,0.000000
0.004565250,0.704958,0.0,0.000000
0.004565500,0.705061,0.0,0.000000
0.004565750,0.705164,0.0,0.000000
0.004566000,0.705267,0.0,0.000000
0.004566250,0.705370,0.0,0.000000
0.004566500,0.705473,0.0,0.000000
0.004566750,0.705576,0.0,0.000000
0.004567000,0.705679,0.0,0.000000
0.004567250,0.705782,0.0,0.000000
0.004567500,0.705885,0.0,0.000000
0.004567750,0.705988,0.0,0.000000
0.004568000,0.706091,0.0,0.000000
0.004568250,0.706194,0.0,0.000000
0.004568500,0.706297,0.0,0.000000
0.004568750,0.706400,0.0,0.000000
0.004569000,0.706502,0.0,0.000000
0.004569250,0.706605,0.0,0.000000
0.004569500,0.706708,0.0,0.000000
0.004569750,0.706811,0.0,0.000000
0.004570000,0.706914,0.0,0.000000
0.004570250,0.707016,0.0,0.000000
0.004570500,0.707119,0.0,0.000000
0.004570750,0.707222,0.0,0.000000
0.004571000,0.707324,0.0,0.000000
0.004571250,0.707427,0.0,0.000000
0.004571500,0.707530,0.0,0.000000
0.004571750,0.707632,0.0,0.000000
0.004572000,0.707735,0.0,0.000000
0.004572250,0.707837,0.0,0.000000
0.004572500,0.707940,0.0,0.000000
0.004572750,0.708042,0.0,0.000000
0.004573000,0.708145,0.0,0.000000
0.004573250,0.708247,0.0,0.000000
0.004573500,0.708350,0.0,0.000000
0.004573750,0.708452,0.0,0.000000
0.004574000,0.708555,0.0,0.000000
0.004574250,0.708657,0.0,0.000000
0.004574500,0.708759,0.0,0.000000
0.004574750,0.708862,0.0,0.000000
0.004575000,0.708964,0.0,0.000000
0.004575250,0.709066,0.0,0.000000
0.004575500,0.709168,0.0,0.000000
0.004575750,0.709271,0.0,0.000000
0.004576000,0.709373,0.0,0.000000
0.004576250,0.709475,0.0,0.000000
0.004576500,0.709577,0.0,0.000000
0.004576750,0.709679,0.0,0.000000
0.004577000,0.709782,0.0,0.000000
0.004577250,0.709884,0.0,0.000000
0.004577500,0.709986,0.0,0.000000
0.004577750,0.710088,0.0,0.000000
0.004578000,0.710190,0.0,0.000000
0.004578250,0.710292,0.0,0.000000
0.004578500,0.710394,0.0,0.000000
0.004578750,0.710496,0.0,0.000000
0.004579000,0.710598,0.0,0.000000
0.004579250,0.710700,0.0,0.000000
0.004579500,0.710802,0.0,0.000000
0.004579750,0.710904,0.0,0.000000
0.004580000,0.711006,0.0,0.000000
0.004580250,0.711108,0.0,0.000000
0.004580500,0.711209,0.0,0.000000
0.004580750,0.711311,0.0,0.000000
0.004581000,0.711413,0.0,0.000000
0.004581250,0.711515,0.0,0.000000
0.004581500,0.711617,0.0,0.000000
0.004581750,0.711718,0.0,0.000000
0.004582000,0.711820,0.0,0.000000
0.004582250,0.711922,0.0,0.000000
0.004582500,0.712023,0.0,0.000000
0.004582750,0.712125,0.0,0.000000
0.004583000,0.712227,0.0,0.000000
0.004583250,0.712328,0.0,0.000000
0.004583500,0.712430,0.0,0.000000
0.004583750,0.712531,0.0,0.000000
0.004584000,0.712633,0.0,0.000000
0.004584250,0.712735,0.0,0.000000
0.004584500,0.712836,0.0,0.000000
0.004584750,0.712938,0.0,0.000000
0.004585000,0.713039,0.0,0.000000
0.004585250,0.713140,0.0,0.000000
0.004585500,0.713242,0.0,0.000000
0.004585750,0.713343,0.0,0.000000
0.004586000,0.713445,0.0,0.000000
0.004586250,0.713546,0.0,0.000000
0.004586500,0.713647,0.0,0.000000
0.004586750,0.713749,0.0,0.000000
0.004587000,0.713850,0.0,0.000000
0.004587250,0.713951,0.0,0.000000
0.004587500,0.714052,0.0,0.000000
0.004587750,0.714154,0.0,0.000000
0.004588000,0.714255,0.0,0.000000
0.004588250,0.714356,0.0,0.000000
0.004588500,0.714457,0.0,0.000000
0.004588750,0.714558,0.0,0.000000
0.004589000,0.714660,0.0,0.000000
0.004589250,0.714761,0.0,0.000000
0.004589500,0.714862,0.0,0.000000
0.004589750,0.714963,0.0,0.000000
0.004590000,0.715064,0.0,0.000000
0.004590250,0.715165,0.0,0.000000
0.004590500,0.715266,0.0,0.000000
0.004590750,0.715367,0.0,0.000000
0.004591000,0.715468,0.0,0.000000
0.004591250,0.715569,0.0,0.000000
0.004591500,0.715670,0.0,0.000000
0.004591750,0.715771,0.0,0.000000
0.004592000,0.715871,0.0,0.000000
0.004592250,0.715972,0.0,0.000000
0.004592500,0.716073,0.0,0.000000
0.004592750,0.716174,0.0,0.000000
0.004593000,0.716275,0.0,0.000000
0.004593250,0.716375,0.0,0.000000
0.004593500,0.716476,0.0,0.000000
0.004593750,0.716577,0.0,0.000000
0.004594000,0.716678,0.0,0.000000
0.004594250,0.716778,0.0,0.000000
0.004594500,0.716879,0.0,0.000000
0.004594750,0.716980,0.0,0.000000
0.004595000,0.717080,0.0,0.000000
0.004595250,0.717181,0.0,0.000000
0.004595500,0.717281,0.0,0.000000
0.004595750,0.717382,0.0,0.000000
0.004596000,0.717483,0.0,0.000000
0.004596250,0.717583,0.0,0.000000
0.004596500,0.717684,0.0,0.000000
0.004596750,0.717784,0.0,0.000000
0.004597000,0.717884,0.0,0.000000
0.004597250,0.717985,0.0,0.000000
0.004597500,0.718085,0.0,0.000000
0.004597750,0.718186,0.0,0.000000
0.004598000,0.718286,0.0,0.000000
0.004598250,0.718386,0.0,0.000000
0.004598500,0.718487,0.0,0.000000
0.004598750,0.718587,0.0,0.000000
0.004599000,0.718687,0.0,0.000000
0.004599250,0.718788,0.0,0.000000
0.004599500,0.718888,0.0,0.000000
0.004599750,0.718988,0.0,0.000000
0.004600000,0.719088,0.0,0.000000
0.004600250,0.719189,0.0,0.000000
0.004600500,0.719289,0.0,0.000000
0.004600750,0.719389,0.0,0.000000
0.004601000,0.719489,0.0,0.000000
0.004601250,0.719589,0.0,0.000000
0.004601500,0.719689,0.0,0.000000
0.004601750,0.719789,0.0,0.000000
0.004602000,0.719889,0.0,0.000000
0.004602250,0.719989,0.0,0.000000
0.004602500,0.720089,0.0,0.000000
0.004602750,0.720189,0.0,0.000000
0.004603000,0.720289,0.0,0.000000
0.004603250,0.720389,0.0,0.000000
0.004603500,0.720489,0.0,0.000000
0.004603750,0.720589,0.0,0.000000
0.004604000,0.720689,0.0,0.000000
0.004604250,0.720789,0.0,0.000000
0.004604500,0.720888,0.0,0.000000
0.004604750,0.720988,0.0,0.000000
0.004605000,0.721088,0.0,0.000000
0.004605250,0.721188,0.0,0.000000
0.004605500,0.721287,0.0,0.000000
0.004605750,0.721387,0.0,0.000000
0.004606000,0.721487,0.0,0.000000
0.004606250,0.721587,0.0,0.000000
0.004606500,0.721686,0.0,0.000000
0.004606750,0.721786,0.0,0.000000
0.004607000,0.721886,0.0,0.000000
0.004607250,0.721985,0.0,0.000000
0.004607500,0.722085,0.0,0.000000
0.004607750,0.722184,0.0,0.000000
0.004608000,0.722284,0.0,0.000000
0.004608250,0.722383,0.0,0.000000
0.004608500,0.722483,0.0,0.000000
0.004608750,0.722582,0.0,0.000000
0.004609000,0.722682,0.0,0.000000
0.004609250,0.722781,0.0,0.000000
0.004609500,0.722881,0.0,0.000000
0.004609750,0.722980,0.0,0.000000
0.004610000,0.723079,0.0,0.000000
0.004610250,0.723179,0.0,0.000000
0.004610500,0.723278,0.0,0.000000
0.004610750,0.723377,0.0,0.000000
0.004611000,0.723477,0.0,0.000000
0.004611250,0.723576,0.0,0.000000
0.004611500,0.723675,0.0,0.000000
0.004611750,0.723774,0.0,0.000000
0.004612000,0.723874,0.0,0.000000
0.004612250,0.723973,0.0,0.000000
0.004612500,0.724072,0.0,0.000000
0.004612750,0.724171,0.0,0.000000
0.004613000,0.724270,0.0,0.000000
0.004613250,0.724369,0.0,0.000000
0.004613500,0.724468,0.0,0.000000
0.004613750,0.724567,0.0,0.000000
0.004614000,0.724666,0.0,0.000000
0.004614250,0.724765,0.0,0.000000
0.004614500,0.724864,0.0,0.000000
0.004614750,0.724963,0.0,0.000000
0.004615000,0.725062,0.0,0.000000
0.004615250,0.725161,0.0,0.000000
0.004615500,0.725260,0.0,0.000000
0.004615750,0.725359,0.0,0.000000
0.004616000,0.725458,0.0,0.000000
0.004616250,0.725557,0.0,0.000000
0.004616500,0.725656,0.0,0.000000
0.004616750,0.725755,0.0,0.000000
0.004617000,0.725853,0.0,0.000000
0.004617250,0.725952,0.0,0.000000
0.004617500,0.726051,0.0,0.000000
0.004617750,0.726150,0.0,0.000000
0.004618000,0.726248,0.0,0.000000
0.004618250,0.726347,0.0,0.000000
0.004618500,0.726446,0.0,0.000000
0.004618750,0.726544,0.0,0.000000
0.004619000,0.726643,0.0,0.000000
0.004619250,0.726742,0.0,0.000000
0.004619500,0.726840,0.0,0.000000
0.004619750,0.726939,0.0,0.000000
0.004620000,0.727037,0.0,0.000000
0.004620250,0.727136,0.0,0.000000
0.004620500,0.727234,0.0,0.000000
0.004620750,0.727333,0.0,0.000000
0.004621000,0.727431,0.0,0.000000
0.004621250,0.727530,0.0,0.000000
0.004621500,0.727628,0.0,0.000000
0.004621750,0.727727,0.0,0.000000
0.004622000,0.727825,0.0,0.000000
0.004622250,0.727923,0.0,0.000000
0.004622500,0.728022,0.0,0.000000
0.004622750,0.728120,0.0,0.000000
0.004623000,0.728218,0.0,0.000000
0.004623250,0.728317,0.0,0.000000
0.004623500,0.728415,0.0,0.000000
0.004623750,0.728513,0.0,0.000000
0.004624000,0.728611,0.0,0.000000
0.004624250,0.728710,0.0,0.000000
0.004624500,0.728808,0.0,0.000000
0.004624750,0.728906,0.0,0.000000
0.004625000,0.729004,0.0,0.000000
0.004625250,0.729102,0.0,0.000000
0.004625500,0.729200,0.0,0.000000
0.004625750,0.729298,0.0,0.000000
0.004626000,0.729396,0.0,0.000000
0.004626250,0.729494,0.0,0.000000
0.004626500,0.729592,0.0,0.000000
0.004626750,0.729690,0.0,0.000000
0.004627000,0.729788,0.0,0.000000
0.004627250,0.729886,0.0,0.000000
0.004627500,0.729984,0.0,0.000000
0.004627750,0.730082,0.0,0.000000
0.004628000,0.730180,0.0,0.000000
0.004628250,0.730278,0.0,0.000000
0.004628500,0.730376,0.0,0.000000
0.004628750,0.730474,0.0,0.000000
0.004629000,0.730571,0.0,0.000000
0.004629250,0.730669,0.0,0.000000
0.004629500,0.730767,0.0,0.000000
0.004629750,0.730865,0.0,0.000000
0.004630000,0.730962,0.0,0.000000
0.004630250,0.731060,0.0,0.000000
0.004630500,0.731158,0.0,0.000000
0.004630750,0.731255,0.0,0.000000
0.004631000,0.731353,0.0,0.000000
0.004631250,0.731451,0.0,0.000000
0.004631500,0.731548,0.0,0.000000
0.004631750,0.731646,0.0,0.000000
0.004632000,0.731744,0.0,0.000000
0.004632250,0.731841,0.0,0.000000
0.004632500,0.731939,0.0,0.000000
0.004632750,0.732036,0.0,0.000000
0.004633000,0.732134,0.0,0.000000
0.004633250,0.732231,0.0,0.000000
0.004633500,0.732329,0.0,0.000000
0.004633750,0.732426,0.0,0.000000
0.004634000,0.732523,0.0,0.000000
0.004634250,0.732621,0.0,0.000000
0.004634500,0.732718,0.0,0.000000
0.004634750,0.732815,0.0,0.000000
0.004635000,0.732913,0.0,0.000000
0.004635250,0.733010,0.0,0.000000
0.004635500,0.733107,0.0,0.000000
0.004635750,0.733205,0.0,0.000000
0.004636000,0.733302,0.0,0.000000
0.004636250,0.733399,0.0,0.000000
0.004636500,0.733496,0.0,0.000000
0.004636750,0.733593,0.0,0.000000
0.004637000,0.733691,0.0,0.000000
0.004637250,0.733788,0.0,0.000000
0.004637500,0.733885,0.0,0.000000
0.004637750,0.733982,0.0,0.000000
0.004638000,0.734079,0.0,0.000000
0.004638250,0.734176,0.0,0.000000
0.004638500,0.734273,0.0,0.000000
0.004638750,0.734370,0.0,0.000000
0.004639000,0.734467,0.0,0.000000
0.004639250,0.734564,0.0,0.000000
0.004639500,0.734661,0.0,0.000000
0.004639750,0.734758,0.0,0.000000
0.004640000,0.734855,0.0,0.000000
0.004640250,0.734952,0.0,0.000000
0.004640500,0.735049,0.0,0.000000
0.004640750,0.735146,0.0,0.000000
0.004641000,0.735242,0.0,0.000000
0.004641250,0.735339,0.0,0.000000
0.004641500,0.735436,0.0,0.000000
0.004641750,0.735533,0.0,0.000000
0.004642000,0.735629,0.0,0.000000
0.004642250,0.735726,0.0,0.000000
0.004642500,0.735823,0.0,0.000000
0.004642750,0.735920,0.0,0.000000
0.004643000,0.736016,0.0,0.000000
0.004643250,0.736113,0.0,0.000000
0.004643500,0.736210,0.0,0.000000
0.004643750,0.736306,0.0,0.000000
0.004644000,0.736403,0.0,0.000000
0.004644250,0.736499,0.0,0.000000
0.004644500,0.736596,0.0,0.000000
0.004644750,0.736693,0.0,0.000000
0.004645000,0.736789,0.0,0.000000
0.004645250,0.736886,0.0,0.000000
0.004645500,0.736982,0.0,0.000000
0.004645750,0.737078,0.0,0.000000
0.004646000,0.737175,0.0,0.000000
0.004646250,0.737271,0.0,0.000000
0.004646500,0.737368,0.0,0.000000
0.004646750,0.737464,0.0,0.000000
0.004647000,0.737561,0.0,0.000000
0.004647250,0.737657,0.0,0.000000
0.004647500,0.737753,0.0,0.000000
0.004647750,0.737849,0.0,0.000000
0.004648000,0.737946,0.0,0.000000
0.004648250,0.738042,0.0,0.000000
0.004648500,0.738138,0.0,0.000000
0.004648750,0.738234,0.0,0.000000
0.004649000,0.738331,0.0,0.000000
0.004649250,0.738427,0.0,0.000000
0.004649500,0.738523,0.0,0.000000
0.004649750,0.738619,0.0,0.000000
0.004650000,0.738715,0.0,0.000000
0.004650250,0.738811,0.0,0.000000
0.004650500,0.738907,0.0,0.000000
0.004650750,0.739004,0.0,0.000000
0.004651000,0.739100,0.0,0.000000
0.004651250,0.739196,0.0,0.000000
0.004651500,0.739292,0.0,0.000000
0.004651750,0.739388,0.0,0.000000
0.004652000,0.739484,0.0,0.000000
0.004652250,0.739579,0.0,0.000000
0.004652500,0.739675,0.0,0.000000
0.004652750,0.739771,0.0,0.000000
0.004653000,0.739867,0.0,0.000000
0.004653250,0.739963,0.0,0.000000
0.004653500,0.740059,0.0,0.000000
0.004653750,0.740155,0.0,0.000000
0.004654000,0.740250,0.0,0.000000
0.004654250,0.740346,0.0,0.000000
0.004654500,0.740442,0.0,0.000000
0.004654750,0.740538,0.0,0.000000
0.004655000,0.740633,0.0,0.000000
0.004655250,0.740729,0.0,0.000000
0.004655500,0.740825,0.0,0.000000
0.004655750,0.740920,0.0,0.000000
0.004656000,0.741016,0.0,0.000000
0.004656250,0.741112,0.0,0.000000
0.004656500,0.741207,0.0,0.000000
0.004656750,0.741303,0.0,0.000000
0.004657000,0.741398,0.0,0.000000
0.004657250,0.741494,0.0,0.000000
0.004657500,0.741589,0.0,0.000000
0.004657750,0.741685,0.0,0.000000
0.004658000,0.741780,0.0,0.000000
0.004658250,0.741876,0.0,0.000000
0.004658500,0.741971,0.0,0.000000
0.004658750,0.742067,0.0,0.000000
0.004659000,0.742162,0.0,0.000000
0.004659250,0.742257,0.0,0.000000
0.004659500,0.742353,0.0,0.000000
0.004659750,0.742448,0.0,0.000000
0.004660000,0.742543,0.0,0.000000
0.004660250,0.742639,0.0,0.000000
0.004660500,0.742734,0.0,0.000000
0.004660750,0.742829,0.0,0.000000
0.004661000,0.742924,0.0,0.000000
0.004661250,0.743020,0.0,0.000000
0.004661500,0.743115,0.0,0.000000
0.004661750,0.743210,0.0,0.000000
0.004662000,0.743305,0.0,0.000000
0.004662250,0.743400,0.0,0.000000
0.004662500,0.743495,0.0,0.000000
0.004662750,0.743590,0.0,0.000000
0.004663000,0.743685,0.0,0.000000
0.004663250,0.743780,0.0,0.000000
0.004663500,0.743876,0.0,0.000000
0.004663750,0.743971,0.0,0.000000
0.004664000,0.744066,0.0,0.000000
0.004664250,0.744160,0.0,0.000000
0.004664500,0.744255,0.0,0.000000
0.004664750,0.744350,0.0,0.000000
0.004665000,0.744445,0.0,0.000000
0.004665250,0.744540,0.0,0.000000
0.004665500,0.744635,0.0,0.000000
0.004665750,0.744730,0.0,0.000000
0.004666000,0.744825,0.0,0.000000
0.004666250,0.744920,0.0,0.000000
0.004666500,0.745014,0.0,0.000000
0.004666750,0.745109,0.0,0.000000
0.004667000,0.745204,0.0,0.000000
0.004667250,0.745299,0.0,0.000000
0.004667500,0.745393,0.0,0.000000
0.004667750,0.745488,0.0,0.000000
0.004668000,0.745583,0.0,0.000000
0.004668250,0.745678,0.0,0.000000
0.004668500,0.745772,0.0,0.000000
0.004668750,0.745867,0.0,0.000000
0.004669000,0.745961,0.0,0.000000
0.004669250,0.746056,0.0,0.000000
0.004669500,0.746151,0.0,0.000000
0.004669750,0.746245,0.0,0.000000
0.004670000,0.746340,0.0,0.000000
0.004670250,0.746434,0.0,0.000000
0.004670500,0.746529,0.0,0.000000
0.004670750,0.746623,0.0,0.000000
0.004671000,0.746718,0.0,0.000000
0.004671250,0.746812,0.0,0.000000
0.004671500,0.746906,0.0,0.000000
0.004671750,0.747001,0.0,0.000000
0.004672000,0.747095,0.0,0.000000
0.004672250,0.747190,0.0,0.000000
0.004672500,0.747284,0.0,0.000000
0.004672750,0.747378,0.0,0.000000
0.004673000,0.747473,0.0,0.000000
0.004673250,0.747567,0.0,0.000000
0.004673500,0.747661,0.0,0.000000
0.004673750,0.747755,0.0,0.000000
0.004674000,0.747850,0.0,0.000000
0.004674250,0.747944,0.0,0.000000
0.004674500,0.748038,0.0,0.000000
0.004674750,0.748132,0.0,0.000000
0.004675000,0.748226,0.0,0.000000
0.004675250,0.748320,0.0,0.000000
0.004675500,0.748414,0.0,0.000000
0.004675750,0.748508,0.0,0.000000
0.004676000,0.748603,0.0,0.000000
0.004676250,0.748697,0.0,0.000000
0.004676500,0.748791,0.0,0.000000
0.004676750,0.748885,0.0,0.000000
0.004677000,0.748979,0.0,0.000000
0.004677250,0.749072,0.0,0.000000
0.004677500,0.749166,0.0,0.000000
0.004677750,0.749260,0.0,0.000000
0.004678000,0.749354,0.0,0.000000
0.004678250,0.749448,0.0,0.000000
0.004678500,0.749542,0.0,0.000000
0.004678750,0.749636,0.0,0.000000
0.004679000,0.749730,0.0,0.000000
0.004679250,0.749823,0.0,0.000000
0.004679500,0.749917,0.0,0.000000
0.004679750,0.750011,0.0,0.000000
0.004680000,0.750105,0.0,0.000000
0.004680250,0.750198,0.0,0.000000
0.004680500,0.750292,0.0,0.000000
0.004680750,0.750386,0.0,0.000000
0.004681000,0.750479,0.0,0.000000
0.004681250,0.750573,0.0,0.000000
0.004681500,0.750667,0.0,0.000000
0.004681750,0.750760,0.0,0.000000
0.004682000,0.750854,0.0,0.000000
0.004682250,0.750947,0.0,0.000000
0.004682500,0.751041,0.0,0.000000
0.004682750,0.751135,0.0,0.000000
0.004683000,0.751228,0.0,0.000000
0.004683250,0.751321,0.0,0.000000
0.004683500,0.751415,0.0,0.000000
0.004683750,0.751508,0.0,0.000000
0.004684000,0.751602,0.0,0.000000
0.004684250,0.751695,0.0,0.000000
0.004684500,0.751789,0.0,0.000000
0.004684750,0.751882,0.0,0.000000
0.004685000,0.751975,0.0,0.000000
0.004685250,0.752069,0.0,0.000000
0.004685500,0.752162,0.0,0.000000
0.004685750,0.752255,0.0,0.000000
0.004686000,0.752349,0.0,0.000000
0.004686250,0.752442,0.0,0.000000
0.004686500,0.752535,0.0,0.000000
0.004686750,0.752628,0.0,0.000000
0.004687000,0.752721,0.0,0.000000
0.004687250,0.752815,0.0,0.000000
0.004687500,0.752908,0.0,0.000000
0.004687750,0.753001,0.0,0.000000
0.004688000,0.753094,0.0,0.000000
0.004688250,0.753187,0.0,0.000000
0.004688500,0.753280,0.0,0.000000
0.004688750,0.753373,0.0,0.000000
0.004689000,0.753466,0.0,0.000000
0.004689250,0.753559,0.0,0.000000
0.004689500,0.753652,0.0,0.000000
0.004689750,0.753745,0.0,0.000000
0.004690000,0.753838,0.0,0.000000
0.004690250,0.753931,0.0,0.000000
0.004690500,0.754024,0.0,0.000000
0.004690750,0.754117,0.0,0.000000
0.004691000,0.754210,0.0,0.000000
0.004691250,0.754303,0.0,0.000000
0.004691500,0.754396,0.0,0.000000
0.004691750,0.754489,0.0,0.000000
0.004692000,0.754581,0.0,0.000000
0.004692250,0.754674,0.0,0.000000
0.004692500,0.754767,0.0,0.000000
0.004692750,0.754860,0.0,0.000000
0.004693000,0.754952,0.0,0.000000
0.004693250,0.755045,0.0,0.000000
0.004693500,0.755138,0.0,0.000000
0.004693750,0.755230,0.0,0.000000
0.004694000,0.755323,0.0,0.000000
0.004694250,0.755416,0.0,0.000000
0.004694500,0.755508,0.0,0.000000
0.004694750,0.755601,0.0,0.000000
0.004695000,0.755693,0.0,0.000000
0.004695250,0.755786,0.0,0.000000
0.004695500,0.755879,0.0,0.000000
0.004695750,0.755971,0.0,0.000000
0.004696000,0.756064,0.0,0.000000
0.004696250,0.756156,0.0,0.000000
0.004696500,0.756249,0.0,0.000000
0.004696750,0.756341,0.0,0.000000
0.004697000,0.756433,0.0,0.000000
0.004697250,0.756526,0.0,0.000000
0.004697500,0.756618,0.0,0.000000
0.004697750,0.756711,0.0,0.000000
0.004698000,0.756803,0.0,0.000000
0.004698250,0.756895,0.0,0.000000
0.004698500,0.756988,0.0,0.000000
0.004698750,0.757080,0.0,0.000000
0.004699000,0.757172,0.0,0.000000
0.004699250,0.757264,0.0,0.000000
0.004699500,0.757357,0.0,0.000000
0.004699750,0.757449,0.0,0.000000
0.004700000,0.757541,0.0,0.000000
0.004700250,0.757633,0.0,0.000000
0.004700500,0.757725,0.0,0.000000
0.004700750,0.757817,0.0,0.000000
0.004701000,0.757910,0.0,0.000000
0.004701250,0.758002,0.0,0.000000
0.004701500,0.758094,0.0,0.000000
0.004701750,0.758186,0.0,0.000000
0.004702000,0.758278,0.0,0.000000
0.004702250,0.758370,0.0,0.000000
0.004702500,0.758462,0.0,0.000000
0.004702750,0.758554,0.0,0.000000
0.004703000,0.758646,0.0,0.000000
0.004703250,0.758738,0.0,0.000000
0.004703500,0.758830,0.0,0.000000
0.004703750,0.758922,0.0,0.000000
0.004704000,0.759013,0.0,0.000000
0.004704250,0.759105,0.0,0.000000
0.004704500,0.759197,0.0,0.000000
0.004704750,0.759289,0.0,0.000000
0.004705000,0.759381,0.0,0.000000
0.004705250,0.759473,0.0,0.000000
0.004705500,0.759564,0.0,0.000000
0.004705750,0.759656,0.0,0.000000
0.004706000,0.759748,0.0,0.000000
0.004706250,0.759840,0.0,0.000000
0.004706500,0.759931,0.0,0.000000
0.004706750,0.760023,0.0,0.000000
0.004707000,0.760115,0.0,0.000000
0.004707250,0.760206,0.0,0.000000
0.004707500,0.760298,0.0,0.000000
0.004707750,0.760389,0.0,0.000000
0.004708000,0.760481,0.0,0.000000
0.004708250,0.760572,0.0,0.000000
0.004708500,0.760664,0.0,0.000000
0.004708750,0.760756,0.0,0.000000
0.004709000,0.760847,0.0,0.000000
0.004709250,0.760939,0.0,0.000000
0.004709500,0.761030,0.0,0.000000
0.004709750,0.761121,0.0,0.000000
0.004710000,0.761213,0.0,0.000000
0.004710250,0.761304,0.0,0.000000
0.004710500,0.761396,0.0,0.000000
0.004710750,0.761487,0.0,0.000000
0.004711000,0.761578,0.0,0.000000
0.004711250,0.761670,0.0,0.000000
0.004711500,0.761761,0.0,0.000000
0.004711750,0.761852,0.0,0.000000
0.004712000,0.761944,0.0,0.000000
0.004712250,0.762035,0.0,0.000000
0.004712500,0.762126,0.0,0.000000
0.004712750,0.762217,0.0,0.000000
0.004713000,0.762309,0.0,0.000000
0.004713250,0.762400,0.0,0.000000
0.004713500,0.762491,0.0,0.000000
0.004713750,0.762582,0.0,0.000000
0.004714000,0.762673,0.0,0.000000
0.004714250,0.762764,0.0,0.000000
0.004714500,0.762855,0.0,0.000000
0.004714750,0.762946,0.0,0.000000
0.004715000,0.763037,0.0,0.000000
0.004715250,0.763128,0.0,0.000000
0.004715500,0.763219,0.0,0.000000
0.004715750,0.763310,0.0,0.000000
0.004716000,0.763401,0.0,0.000000
0.004716250,0.763492,0.0,0.000000
0.004716500,0.763583,0.0,0.000000
0.004716750,0.763674,0.0,0.000000
0.004717000,0.763765,0.0,0.000000
0.004717250,0.763856,0.0,0.000000
0.004717500,0.763947,0.0,0.000000
0.004717750,0.764038,0.0,0.000000
0.004718000,0.764129,0.0,0.000000
0.004718250,0.764219,0.0,0.000000
0.004718500,0.764310,0.0,0.000000
0.004718750,0.764401,0.0,0.000000
0.004719000,0.764492,0.0,0.000000
0.004719250,0.764582,0.0,0.000000
0.004719500,0.764673,0.0,0.000000
0.004719750,0.764764,0.0,0.000000
0.004720000,0.764854,0.0,0.000000
0.004720250,0.764945,0.0,0.000000
0.004720500,0.765036,0.0,0.000000
0.004720750,0.765126,0.0,0.000000
0.004721000,0.765217,0.0,0.000000
0.004721250,0.765307,0.0,0.000000
0.004721500,0.765398,0.0,0.000000
0.004721750,0.765489,0.0,0.000000
0.004722000,0.765579,0.0,0.000000
0.004722250,0.765670,0.0,0.000000
0.004722500,0.765760,0.0,0.000000
0.004722750,0.765851,0.0,0.000000
0.004723000,0.765941,0.0,0.000000
0.004723250,0.766031,0.0,0.000000
0.004723500,0.766122,0.0,0.000000
0.004723750,0.766212,0.0,0.000000
0.004724000,0.766303,0.0,0.000000
0.004724250,0.766393,0.0,0.000000
0.004724500,0.766483,0.0,0.000000
0.004724750,0.766573,0.0,0.000000
0.004725000,0.766664,0.0,0.000000
0.004725250,0.766754,0.0,0.000000
0.004725500,0.766844,0.0,0.000000
0.004725750,0.766935,0.0,0.000000
0.004726000,0.767025,0.0,0.000000
0.004726250,0.767115,0.0,0.000000
0.004726500,0.767205,0.0,0.000000
0.004726750,0.767295,0.0,0.000000
0.004727000,0.767385,0.0,0.000000
0.004727250,0.767476,0.0,0.000000
0.004727500,0.767566,0.0,0.000000
0.004727750,0.767656,0.0,0.000000
0.004728000,0.767746,0.0,0.000000
0.004728250,0.767836,0.0,0.000000
0.004728500,0.767926,0.0,0.000000
0.004728750,0.768016,0.0,0.000000
0.004729000,0.768106,0.0,0.000000
0.004729250,0.768196,0.0,0.000000
0.004729500,0.768286,0.0,0.000000
0.004729750,0.768376,0.0,0.000000
0.004730000,0.768466,0.0,0.000000
0.004730250,0.768556,0.0,0.000000
0.004730500,0.768645,0.0,0.000000
0.004730750,0.768735,0.0,0.000000
0.004731000,0.768825,0.0,0.000000
0.004731250,0.768915,0.0,0.000000
0.004731500,0.769005,0.0,0.000000
0.004731750,0.769095,0.0,0.000000
0.004732000,0.769184,0.0,0.000000
0.004732250,0.769274,0.0,0.000000
0.004732500,0.769364,0.0,0.000000
0.004732750,0.769454,0.0,0.000000
0.004733000,0.769543,0.0,0.000000
0.004733250,0.769633,0.0,0.000000
0.004733500,0.769723,0.0,0.000000
0.004733750,0.769812,0.0,0.000000
0.004734000,0.769902,0.0,0.000000
0.004734250,0.769991,0.0,0.000000
0.004734500,0.770081,0.0,0.000000
0.004734750,0.770171,0.0,0.000000
0.004735000,0.770260,0.0,0.000000
0.004735250,0.770350,0.0,0.000000
0.004735500,0.770439,0.0,0.000000
0.004735750,0.770529,0.0,0.000000
0.004736000,0.770618,0.0,0.000000
0.004736250,0.770708,0.0,0.000000
0.004736500,0.770797,0.0,0.000000
0.004736750,0.770886,0.0,0.000000
0.004737000,0.770976,0.0,0.000000
0.004737250,0.771065,0.0,0.000000
0.004737500,0.771154,0.0,0.000000
0.004737750,0.771244,0.0,0.000000
0.004738000,0.771333,0.0,0.000000
0.004738250,0.771422,0.0,0.000000
0.004738500,0.771512,0.0,0.000000
0.004738750,0.771601,0.0,0.000000
0.004739000,0.771690,0.0,0.000000
0.004739250,0.771779,0.0,0.000000
0.004739500,0.771869,0.0,0.000000
0.004739750,0.771958,0.0,0.000000
0.004740000,0.772047,0.0,0.000000
0.004740250,0.772136,0.0,0.000000
0.004740500,0.772225,0.0,0.000000
0.004740750,0.772314,0.0,0.000000
0.004741000,0.772404,0.0,0.000000
0.004741250,0.772493,0.0,0.000000
0.004741500,0.772582,0.0,0.000000
0.004741750,0.772671,0.0,0.000000
0.004742000,0.772760,0.0,0.000000
0.004742250,0.772849,0.0,0.000000
0.004742500,0.772938,0.0,0.000000
0.004742750,0.773027,0.0,0.000000
0.004743000,0.773116,0.0,0.000000
0.004743250,0.773205,0.0,0.000000
0.004743500,0.773293,1.0,4.180000
0.004743750,0.773382,0.0,3.538294
0.004744000,0.053910,0.0,2.995100
0.004744250,0.054148,0.0,2.535298
0.004744500,0.054387,0.0,2.146084
0.004744750,0.054626,0.0,1.816620
0.004745000,0.054864,0.0,1.537736
0.004745250,0.055103,0.0,1.301666
0.004745500,0.055342,0.0,1.101836
0.004745750,0.055580,0.0,0.932684
0.004746000,0.055818,0.0,0.789500
0.004746250,0.056057,0.0,0.668297
0.004746500,0.056295,0.0,0.565701
0.004746750,0.056533,0.0,0.478856
0.004747000,0.056772,0.0,0.405343
0.004747250,0.057010,0.0,0.343115
0.004747500,0.057248,0.0,0.290441
0.004747750,0.057486,0.0,0.245853
0.004748000,0.057724,0.0,0.208110
0.004748250,0.057962,0.0,0.176161
0.004748500,0.058200,0.0,0.149117
0.004748750,0.058438,0.0,0.126225
0.004749000,0.058676,0.0,0.106847
0.004749250,0.058913,0.0,0.090444
0.004749500,0.059151,0.0,0.076559
0.004749750,0.059389,0.0,0.064806
0.004750000,0.059626,0.0,0.054857
0.004750250,0.059864,0.0,0.046436
0.004750500,0.060102,0.0,0.039307
0.004750750,0.060339,0.0,0.033273
0.004751000,0.060576,0.0,0.000000
0.004751250,0.060814,0.0,0.000000
0.004751500,0.061051,0.0,0.000000
0.004751750,0.061288,0.0,0.000000
0.004752000,0.061526,0.0,0.000000
0.004752250,0.061763,0.0,0.000000
0.004752500,0.062000,0.0,0.000000
0.004752750,0.062237,0.0,0.000000
0.004753000,0.062474,0.0,0.000000
0.004753250,0.062711,0.0,0.000000
0.004753500,0.062948,0.0,0.000000
0.004753750,0.063185,0.0,0.000000
0.004754000,0.063422,0.0,0.000000
0.004754250,0.063659,0.0,0.000000
0.004754500,0.063895,0.0,0.000000
0.004754750,0.064132,0.0,0.000000
0.004755000,0.064369,0.0,0.000000
0.004755250,0.064605,0.0,0.000000
0.004755500,0.064842,0.0,0.000000
0.004755750,0.065078,0.0,0.000000
0.004756000,0.065315,0.0,0.000000
0.004756250,0.065551,0.0,0.000000
0.004756500,0.065787,0.0,0.000000
0.004756750,0.066024,0.0,0.000000
0.004757000,0.066260,0.0,0.000000
0.004757250,0.066496,0.0,0.000000
0.004757500,0.066732,0.0,0.000000
0.004757750,0.066968,0.0,0.000000
0.004758000,0.067204,0.0,0.000000
0.004758250,0.067440,0.0,0.000000
0.004758500,0.067676,0.0,0.000000
0.004758750,0.067912,0.0,0.000000
0.004759000,0.068148,0.0,0.000000
0.004759250,0.068384,0.0,0.000000
0.004759500,0.068620,0.0,0.000000
0.004759750,0.068855,0.0,0.000000
0.004760000,0.069091,0.0,0.000000
0.004760250,0.069327,0.0,0.000000
0.004760500,0.069562,0.0,0.000000
0.004760750,0.069798,0.0,0.000000
0.004761000,0.070033,0.0,0.000000
0.004761250,0.070269,0.0,0.000000
0.004761500,0.070504,0.0,0.000000
0.004761750,0.070739,0.0,0.000000
0.004762000,0.070974,0.0,0.000000
0.004762250,0.071210,0.0,0.000000
0.004762500,0.071445,0.0,0.000000
0.004762750,0.071680,0.0,0.000000
0.004763000,0.071915,0.0,0.000000
0.004763250,0.072150,0.0,0.000000
0.004763500,0.072385,0.0,0.000000
0.004763750,0.072620,0.0,0.000000
0.004764000,0.072855,0.0,0.000000
0.004764250,0.073090,0.0,0.000000
0.004764500,0.073324,0.0,0.000000
0.004764750,0.073559,0.0,0.000000
0.004765000,0.073794,0.0,0.000000
0.004765250,0.074028,0.0,0.000000
0.004765500,0.074263,0.0,0.000000
0.004765750,0.074497,0.0,0.000000
0.004766000,0.074732,0.0,0.000000
0.004766250,0.074966,0.0,0.000000
0.004766500,0.075201,0.0,0.000000
0.004766750,0.075435,0.0,0.000000
0.004767000,0.075669,0.0,0.000000
0.004767250,0.075904,0.0,0.000000
0.004767500,0.076138,0.0,0.000000
0.004767750,0.076372,0.0,0.000000
0.004768000,0.076606,0.0,0.000000
0.004768250,0.076840,0.0,0.000000
0.004768500,0.077074,0.0,0.000000
0.004768750,0.077308,0.0,0.000000
0.004769000,0.077542,0.0,0.000000
0.004769250,0.077776,0.0,0.000000
0.004769500,0.078010,0.0,0.000000
0.004769750,0.078243,0.0,0.000000
0.004770000,0.078477,0.0,0.000000
0.004770250,0.078711,0.0,0.000000
0.004770500,0.078944,0.0,0.000000
0.004770750,0.079178,0.0,0.000000
0.004771000,0.079411,0.0,0.000000
0.004771250,0.079645,0.0,0.000000
0.004771500,0.079878,0.0,0.000000
0.004771750,0.080111,0.0,0.000000
0.004772000,0.080345,0.0,0.000000
0.004772250,0.080578,0.0,0.000000
0.004772500,0.080811,0.0,0.000000
0.004772750,0.081044,0.0,0.000000
0.004773000,0.081278,0.0,0.000000
0.004773250,0.081511,0.0,0.000000
0.004773500,0.081744,0.0,0.000000
0.004773750,0.081977,0.0,0.000000
0.004774000,0.082209,0.0,0.000000
0.004774250,0.082442,0.0,0.000000
0.004774500,0.082675,0.0,0.000000
0.004774750,0.082908,0.0,0.000000
0.004775000,0.083141,0.0,0.000000
0.004775250,0.083373,0.0,0.000000
0.004775500,0.083606,0.0,0.000000
0.004775750,0.083839,0.0,0.000000
0.004776000,0.084071,0.0,0.000000
0.004776250,0.084304,0.0,0.000000
0.004776500,0.084536,0.0,0.000000
0.004776750,0.084768,0.0,0.000000
0.004777000,0.085001,0.0,0.000000
0.004777250,0.085233,0.0,0.000000
0.004777500,0.085465,0.0,0.000000
0.004777750,0.085697,0.0,0.000000
0.004778000,0.085930,0.0,0.000000
0.004778250,0.086162,0.0,0.000000
0.004778500,0.086394,0.0,0.000000
0.004778750,0.086626,0.0,0.000000
0.004779000,0.086858,0.0,0.000000
0.004779250,0.087090,0.0,0.000000
0.004779500,0.087321,0.0,0.000000
0.004779750,0.087553,0.0,0.000000
0.004780000,0.087785,0.0,0.000000
0.004780250,0.088017,0.0,0.000000
0.004780500,0.088248,0.0,0.000000
0.004780750,0.088480,0.0,0.000000
0.004781000,0.088712,0.0,0.000000
0.004781250,0.088943,0.0,0.000000
0.004781500,0.089175,0.0,0.000000
0.004781750,0.089406,0.0,0.000000
0.004782000,0.089637,0.0,0.000000
0.004782250,0.089869,0.0,0.000000
0.004782500,0.090100,0.0,0.000000
0.004782750,0.090331,0.0,0.000000
0.004783000,0.090562,0.0,0.000000
0.004783250,0.090793,0.0,0.000000
0.004783500,0.091025,0.0,0.000000
0.004783750,0.091256,0.0,0.000000
0.004784000,0.091487,0.0,0.000000
0.004784250,0.091718,0.0,0.000000
0.004784500,0.091948,0.0,0.000000
0.004784750,0.092179,0.0,0.000000
0.004785000,0.092410,0.0,0.000000
0.004785250,0.092641,0.0,0.000000
0.004785500,0.092871,0.0,0.000000
0.004785750,0.093102,0.0,0.000000
0.004786000,0.093333,0.0,0.000000
0.004786250,0.093563,0.0,0.000000
0.004786500,0.093794,0.0,0.000000
0.004786750,0.094024,0.0,0.000000
0.004787000,0.094255,0.0,0.000000
0.004787250,0.094485,0.0,0.000000
0.004787500,0.094715,0.0,0.000000
0.004787750,0.094946,0.0,0.000000
0.004788000,0.095176,0.0,0.000000
0.004788250,0.095406,0.0,0.000000
0.004788500,0.095636,0.0,0.000000
0.004788750,0.095866,0.0,0.000000
0.004789000,0.096096,0.0,0.000000
0.004789250,0.096326,0.0,0.000000
0.004789500,0.096556,0.0,0.000000
0.004789750,0.096786,0.0,0.000000
0.004790000,0.097016,0.0,0.000000
0.004790250,0.097246,0.0,0.000000
0.004790500,0.097475,0.0,0.000000
0.004790750,0.097705,0.0,0.000000
0.004791000,0.097935,0.0,0.000000
0.004791250,0.098164,0.0,0.000000
0.004791500,0.098394,0.0,0.000000
0.004791750,0.098623,0.0,0.000000
0.004792000,0.098853,0.0,0.000000
0.004792250,0.099082,0.0,0.000000
0.004792500,0.099312,0.0,0.000000
0.004792750,0.099541,0.0,0.000000
0.004793000,0.099770,0.0,0.000000
0.004793250,0.099999,0.0,0.000000
0.004793500,0.100228,0.0,0.000000
0.004793750,0.100458,0.0,0.000000
0.004794000,0.100687,0.0,0.000000
0.004794250,0.100916,0.0,0.000000
0.004794500,0.101145,0.0,0.000000
0.004794750,0.101374,0.0,0.000000
0.004795000,0.101602,0.0,0.000000
0.004795250,0.101831,0.0,0.000000
0.004795500,0.102060,0.0,0.000000
0.004795750,0.102289,0.0,0.000000
0.004796000,0.102518,0.0,0.000000
0.004796250,0.102746,0.0,0.000000
0.004796500,0.102975,0.0,0.000000
0.004796750,0.103203,0.0,0.000000
0.004797000,0.103432,0.0,0.000000
0.004797250,0.103660,0.0,0.000000
0.004797500,0.103889,0.0,0.000000
0.004797750,0.104117,0.0,0.000000
0.004798000,0.104345,0.0,0.000000
0.004798250,0.104574,0.0,0.000000
0.004798500,0.104802,0.0,0.000000
0.004798750,0.105030,0.0,0.000000
0.004799000,0.105258,0.0,0.000000
0.004799250,0.105486,0.0,0.000000
0.004799500,0.105714,0.0,0.000000
0.004799750,0.105942,0.0,0.000000
0.004800000,0.106170,0.0,0.000000
0.004800250,0.106398,0.0,0.000000
0.004800500,0.106626,0.0,0.000000
0.004800750,0.106854,0.0,0.000000
0.004801000,0.107081,0.0,0.000000
0.004801250,0.107309,0.0,0.000000
0.004801500,0.107537,0.0,0.000000
0.004801750,0.107764,0.0,0.000000
0.004802000,0.107992,0.0,0.000000
0.004802250,0.108219,0.0,0.000000
0.004802500,0.108447,0.0,0.000000
0.004802750,0.108674,0.0,0.000000
0.004803000,0.108901,0.0,0.000000
0.004803250,0.109129,0.0,0.000000
0.004803500,0.109356,0.0,0.000000
0.004803750,0.109583,0.0,0.000000
0.004804000,0.109810,0.0,0.000000
0.004804250,0.110038,0.0,0.000000
0.004804500,0.110265,0.0,0.000000
0.004804750,0.110492,0.0,0.000000
0.004805000,0.110719,0.0,0.000000
0.004805250,0.110946,0.0,0.000000
0.004805500,0.111172,0.0,0.000000
0.004805750,0.111399,0.0,0.000000
0.004806000,0.111626,0.0,0.000000
0.004806250,0.111853,0.0,0.000000
0.004806500,0.112080,0.0,0.000000
0.004806750,0.112306,0.0,0.000000
0.004807000,0.112533,0.0,0.000000
0.004807250,0.112759,0.0,0.000000
0.004807500,0.112986,0.0,0.000000
0.004807750,0.113212,0.0,0.000000
0.004808000,0.113439,0.0,0.000000
0.004808250,0.113665,0.0,0.000000
0.004808500,0.113891,0.0,0.000000
0.004808750,0.114118,0.0,0.000000
0.004809000,0.114344,0.0,0.000000
0.004809250,0.114570,0.0,0.000000
0.004809500,0.114796,0.0,0.000000
0.004809750,0.115022,0.0,0.000000
0.004810000,0.115248,0.0,0.000000
0.004810250,0.115474,0.0,0.000000
0.004810500,0.115700,0.0,0.000000
0.004810750,0.115926,0.0,0.000000
0.004811000,0.116152,0.0,0.000000
0.004811250,0.116378,0.0,0.000000
0.004811500,0.116604,0.0,0.000000
0.004811750,0.116829,0.0,0.000000
0.004812000,0.117055,0.0,0.000000
0.004812250,0.117281,0.0,0.000000
0.004812500,0.117506,0.0,0.000000
0.004812750,0.117732,0.0,0.000000
0.004813000,0.117957,0.0,0.000000
0.004813250,0.118182,0.0,0.000000
0.004813500,0.118408,0.0,0.000000
0.004813750,0.118633,0.0,0.000000
0.004814000,0.118858,0.0,0.000000
0.004814250,0.119084,0.0,0.000000
0.004814500,0.119309,0.0,0.000000
0.004814750,0.119534,0.0,0.000000
0.004815000,0.119759,0.0,0.000000
0.004815250,0.119984,0.0,0.000000
0.004815500,0.120209,0.0,0.000000
0.004815750,0.120434,0.0,0.000000
0.004816000,0.120659,0.0,0.000000
0.004816250,0.120884,0.0,0.000000
0.004816500,0.121109,0.0,0.000000
0.004816750,0.121334,0.0,0.000000
0.004817000,0.121558,0.0,0.000000
0.004817250,0.121783,0.0,0.000000
0.004817500,0.122008,0.0,0.000000
0.004817750,0.122232,0.0,0.000000
0.004818000,0.122457,0.0,0.000000
0.004818250,0.122681,0.0,0.000000
0.004818500,0.122906,0.0,0.000000
0.004818750,0.123130,0.0,0.000000
0.004819000,0.123354,0.0,0.000000
0.004819250,0.123579,0.0,0.000000
0.004819500,0.123803,0.0,0.000000
0.004819750,0.124027,0.0,0.000000
0.004820000,0.124251,0.0,0.000000
0.004820250,0.124475,0.0,0.000000
0.004820500,0.124699,0.0,0.000000
0.004820750,0.124923,0.0,0.000000
0.004821000,0.125147,0.0,0.000000
0.004821250,0.125371,0.0,0.000000
0.004821500,0.125595,0.0,0.000000
0.004821750,0.125819,0.0,0.000000
0.004822000,0.126043,0.0,0.000000
0.004822250,0.126267,0.0,0.000000
0.004822500,0.126490,0.0,0.000000
0.004822750,0.126714,0.0,0.000000
0.004823000,0.126938,0.0,0.000000
0.004823250,0.127161,0.0,0.000000
0.004823500,0.127385,0.0,0.000000
0.004823750,0.127608,0.0,0.000000
0.004824000,0.127831,0.0,0.000000
0.004824250,0.128055,0.0,0.000000
0.004824500,0.128278,0.0,0.000000
0.004824750,0.128501,0.0,0.000000
0.004825000,0.128725,0.0,0.000000
0.004825250,0.128948,0.0,0.000000
0.004825500,0.129171,0.0,0.000000
0.004825750,0.129394,0.0,0.000000
0.004826000,0.129617,0.0,0.000000
0.004826250,0.129840,0.0,0.000000
0.004826500,0.130063,0.0,0.000000
0.004826750,0.130286,0.0,0.000000
0.004827000,0.130509,0.0,0.000000
0.004827250,0.130732,0.0,0.000000
0.004827500,0.130954,0.0,0.000000
0.004827750,0.131177,0.0,0.000000
0.004828000,0.131400,0.0,0.000000
0.004828250,0.131622,0.0,0.000000
0.004828500,0.131845,0.0,0.000000
0.004828750,0.132067,0.0,0.000000
0.004829000,0.132290,0.0,0.000000
0.004829250,0.132512,0.0,0.000000
0.004829500,0.132735,0.0,0.000000
0.004829750,0.132957,0.0,0.000000
0.004830000,0.133179,0.0,0.000000
0.004830250,0.133402,0.0,0.000000
0.004830500,0.133624,0.0,0.000000
0.004830750,0.133846,0.0,0.000000
0.004831000,0.134068,0.0,0.000000
0.004831250,0.134290,0.0,0.000000
0.004831500,0.134512,0.0,0.000000
0.004831750,0.134734,0.0,0.000000
0.004832000,0.134956,0.0,0.000000
0.004832250,0.135178,0.0,0.000000
0.004832500,0.135400,0.0,0.000000
0.004832750,0.135622,0.0,0.000000
0.004833000,0.135843,0.0,0.000000
0.004833250,0.136065,0.0,0.000000
0.004833500,0.136287,0.0,0.000000
0.004833750,0.136508,0.0,0.000000
0.004834000,0.136730,0.0,0.000000
0.004834250,0.136951,0.0,0.000000
0.004834500,0.137173,0.0,0.000000
0.004834750,0.137394,0.0,0.000000
0.004835000,0.137616,0.0,0.000000
0.004835250,0.137837,0.0,0.000000
0.004835500,0.138058,0.0,0.000000
0.004835750,0.138280,0.0,0.000000
0.004836000,0.138501,0.0,0.000000
0.004836250,0.138722,0.0,0.000000
0.004836500,0.138943,0.0,0.000000
0.004836750,0.139164,0.0,0.000000
0.004837000,0.139385,0.0,0.000000
0.004837250,0.139606,0.0,0.000000
0.004837500,0.139827,0.0,0.000000
0.004837750,0.140048,0.0,0.000000
0.004838000,0.140269,0.0,0.000000
0.004838250,0.140489,0.0,0.000000
0.004838500,0.140710,0.0,0.000000
0.004838750,0.140931,0.0,0.000000
0.004839000,0.141151,0.0,0.000000
0.004839250,0.141372,0.0,0.000000
0.004839500,0.141593,0.0,0.000000
0.004839750,0.141813,0.0,0.000000
0.004840000,0.142034,0.0,0.000000
0.004840250,0.142254,0.0,0.000000
0.004840500,0.142474,0.0,0.000000
0.004840750,0.142695,0.0,0.000000
0.004841000,0.142915,0.0,0.000000
0.004841250,0.143135,0.0,0.000000
0.004841500,0.143355,0.0,0.000000
0.004841750,0.143575,0.0,0.000000
0.004842000,0.143796,0.0,0.000000
0.004842250,0.144016,0.0,0.000000
0.004842500,0.144236,0.0,0.000000
0.004842750,0.144456,0.0,0.000000
0.004843000,0.144675,0.0,0.000000
0.004843250,0.144895,0.0,0.000000
0.004843500,0.145115,0.0,0.000000
0.004843750,0.145335,0.0,0.000000
0.004844000,0.145555,0.0,0.000000
0.004844250,0.145774,0.0,0.000000
0.004844500,0.145994,0.0,0.000000
0.004844750,0.146213,0.0,0.000000
0.004845000,0.146433,0.0,0.000000
0.004845250,0.146652,0.0,0.000000
0.004845500,0.146872,0.0,0.000000
0.004845750,0.147091,0.0,0.000000
0.004846000,0.147311,0.0,0.000000
0.004846250,0.147530,0.0,0.000000
0.004846500,0.147749,0.0,0.000000
0.004846750,0.147968,0.0,0.000000
0.004847000,0.148188,0.0,0.000000
0.004847250,0.148407,0.0,0.000000
0.004847500,0.148626,0.0,0.000000
0.004847750,0.148845,0.0,0.000000
0.004848000,0.149064,0.0,0.000000
0.004848250,0.149283,0.0,0.000000
0.004848500,0.149502,0.0,0.000000
0.004848750,0.149721,0.0,0.000000
0.004849000,0.149939,0.0,0.000000
0.004849250,0.150158,0.0,0.000000
0.004849500,0.150377,0.0,0.000000
0.004849750,0.150596,0.0,0.000000
0.004850000,0.150814,0.0,0.000000
0.004850250,0.151033,0.0,0.000000
0.004850500,0.151251,0.0,0.000000
0.004850750,0.151470,0.0,0.000000
0.004851000,0.151688,0.0,0.000000
0.004851250,0.151907,0.0,0.000000
0.004851500,0.152125,0.0,0.000000
0.004851750,0.152343,0.0,0.000000
0.004852000,0.152562,0.0,0.000000
0.004852250,0.152780,0.0,0.000000
0.004852500,0.152998,0.0,0.000000
0.004852750,0.153216,0.0,0.000000
0.004853000,0.153434,0.0,0.000000
0.004853250,0.153652,0.0,0.000000
0.004853500,0.153870,0.0,0.000000
0.004853750,0.154088,0.0,0.000000
0.004854000,0.154306,0.0,0.000000
0.004854250,0.154524,0.0,0.000000
0.004854500,0.154742,0.0,0.000000
0.004854750,0.154959,0.0,0.000000
0.004855000,0.155177,0.0,0.000000
0.004855250,0.155395,0.0,0.000000
0.004855500,0.155612,0.0,0.000000
0.004855750,0.155830,0.0,0.000000
0.004856000,0.156048,0.0,0.000000
0.004856250,0.156265,0.0,0.000000
0.004856500,0.156482,0.0,0.000000
0.004856750,0.156700,0.0,0.000000
0.004857000,0.156917,0.0,0.000000
0.004857250,0.157135,0.0,0.000000
0.004857500,0.157352,0.0,0.000000
0.004857750,0.157569,0.0,0.000000
0.004858000,0.157786,0.0,0.000000
0.004858250,0.158003,0.0,0.000000
0.004858500,0.158220,0.0,0.000000
0.004858750,0.158437,0.0,0.000000
0.004859000,0.158654,0.0,0.000000
0.004859250,0.158871,0.0,0.000000
0.004859500,0.159088,0.0,0.000000
0.004859750,0.159305,0.0,0.000000
0.004860000,0.159522,0.0,0.000000
0.004860250,0.159739,0.0,0.000000
0.004860500,0.159955,0.0,0.000000
0.004860750,0.160172,0.0,0.000000
0.004861000,0.160389,0.0,0.000000
0.004861250,0.160605,0.0,0.000000
0.004861500,0.160822,0.0,0.000000
0.004861750,0.161038,0.0,0.000000
0.004862000,0.161255,0.0,0.000000
0.004862250,0.161471,0.0,0.000000
0.004862500,0.161688,0.0,0.000000
0.004862750,0.161904,0.0,0.000000
0.004863000,0.162120,0.0,0.000000
0.004863250,0.162336,0.0,0.000000
0.004863500,0.162553,0.0,0.000000
0.004863750,0.162769,0.0,0.000000
0.004864000,0.162985,0.0,0.000000
0.004864250,0.163201,0.0,0.000000
0.004864500,0.163417,0.0,0.000000
0.004864750,0.163633,0.0,0.000000
0.004865000,0.163849,0.0,0.000000
0.004865250,0.164065,0.0,0.000000
0.004865500,0.164280,0.0,0.000000
0.004865750,0.164496,0.0,0.000000
0.004866000,0.164712,0.0,0.000000
0.004866250,0.164928,0.0,0.000000
0.004866500,0.165143,0.0,0.000000
0.004866750,0.165359,0.0,0.000000
0.004867000,0.165574,0.0,0.000000
0.004867250,0.165790,0.0,0.000000
0.004867500,0.166005,0.0,0.000000
0.004867750,0.166221,0.0,0.000000
0.004868000,0.166436,0.0,0.000000
0.004868250,0.166651,0.0,0.000000
0.004868500,0.166867,0.0,0.000000
0.004868750,0.167082,0.0,0.000000
0.004869000,0.167297,0.0,0.000000
0.004869250,0.167512,0.0,0.000000
0.004869500,0.167727,0.0,0.000000
0.004869750,0.167942,0.0,0.000000
0.004870000,0.168157,0.0,0.000000
0.004870250,0.168372,0.0,0.000000
0.004870500,0.168587,0.0,0.000000
0.004870750,0.168802,0.0,0.000000
0.004871000,0.169017,0.0,0.000000
0.004871250,0.169232,0.0,0.000000
0.004871500,0.169446,0.0,0.000000
0.004871750,0.169661,0.0,0.000000
0.004872000,0.169876,0.0,0.000000
0.004872250,0.170090,0.0,0.000000
0.004872500,0.170305,0.0,0.000000
0.004872750,0.170519,0.0,0.000000
0.004873000,0.170734,0.0,0.000000
0.004873250,0.170948,0.0,0.000000
0.004873500,0.171163,0.0,0.000000
0.004873750,0.171377,0.0,0.000000
0.004874000,0.171591,0.0,0.000000
0.004874250,0.171806,0.0,0.000000
0.004874500,0.172020,0.0,0.000000
0.004874750,0.172234,0.0,0.000000
0.004875000,0.172448,0.0,0.000000
0.004875250,0.172662,0.0,0.000000
0.004875500,0.172876,0.0,0.000000
0.004875750,0.173090,0.0,0.000000
0.004876000,0.173304,0.0,0.000000
0.004876250,0.173518,0.0,0.000000
0.004876500,0.173732,0.0,0.000000
0.004876750,0.173946,0.0,0.000000
0.004877000,0.174159,0.0,0.000000
0.004877250,0.174373,0.0,0.000000
0.004877500,0.174587,0.0,0.000000
0.004877750,0.174800,0.0,0.000000
0.004878000,0.175014,0.0,0.000000
0.004878250,0.175228,0.0,0.000000
0.004878500,0.175441,0.0,0.000000
0.004878750,0.175654,0.0,0.000000
0.004879000,0.175868,0.0,0.000000
0.004879250,0.176081,0.0,0.000000
0.004879500,0.176295,0.0,0.000000
0.004879750,0.176508,0.0,0.000000
0.004880000,0.176721,0.0,0.000000
0.004880250,0.176934,0.0,0.000000
0.004880500,0.177147,0.0,0.000000
0.004880750,0.177360,0.0,0.000000
0.004881000,0.177573,0.0,0.000000
0.004881250,0.177786,0.0,0.000000
0.004881500,0.177999,0.0,0.000000
0.004881750,0.178212,0.0,0.000000
0.004882000,0.178425,0.0,0.000000
0.004882250,0.178638,0.0,0.000000
0.004882500,0.178851,0.0,0.000000
0.004882750,0.179064,0.0,0.000000
0.004883000,0.179276,0.0,0.000000
0.004883250,0.179489,0.0,0.000000
0.004883500,0.179702,0.0,0.000000
0.004883750,0.179914,0.0,0.000000
0.004884000,0.180127,0.0,0.000000
0.004884250,0.180339,0.0,0.000000
0.004884500,0.180552,0.0,0.000000
0.004884750,0.180764,0.0,0.000000
0.004885000,0.180976,0.0,0.000000
0.004885250,0.181189,0.0,0.000000
0.004885500,0.181401,0.0,0.000000
0.004885750,0.181613,0.0,0.000000
0.004886000,0.181825,0.0,0.000000
0.004886250,0.182037,0.0,0.000000
0.004886500,0.182249,0.0,0.000000
0.004886750,0.182461,0.0,0.000000
0.004887000,0.182673,0.0,0.000000
0.004887250,0.182885,0.0,0.000000
0.004887500,0.183097,0.0,0.000000
0.004887750,0.183309,0.0,0.000000
0.004888000,0.183521,0.0,0.000000
0.004888250,0.183733,0.0,0.000000
0.004888500,0.183944,0.0,0.000000
0.004888750,0.184156,0.0,0.000000
0.004889000,0.184368,0.0,0.000000
0.004889250,0.184579,0.0,0.000000
0.004889500,0.184791,0.0,0.000000
0.004889750,0.185002,0.0,0.000000
0.004890000,0.185214,0.0,0.000000
0.004890250,0.185425,0.0,0.000000
0.004890500,0.185637,0.0,0.000000
0.004890750,0.185848,0.0,0.000000
0.004891000,0.186059,0.0,0.000000
0.004891250,0.186270,0.0,0.000000
0.004891500,0.186482,0.0,0.000000
0.004891750,0.186693,0.0,0.000000
0.004892000,0.186904,0.0,0.000000
0.004892250,0.187115,0.0,0.000000
0.004892500,0.187326,0.0,0.000000
0.004892750,0.187537,0.0,0.000000
0.004893000,0.187748,0.0,0.000000
0.004893250,0.187959,0.0,0.000000
0.004893500,0.188170,0.0,0.000000
0.004893750,0.188380,0.0,0.000000
0.004894000,0.188591,0.0,0.000000
0.004894250,0.188802,0.0,0.000000
0.004894500,0.189013,0.0,0.000000
0.004894750,0.189223,0.0,0.000000
0.004895000,0.189434,0.0,0.000000
0.004895250,0.189644,0.0,0.000000
0.004895500,0.189855,0.0,0.000000
0.004895750,0.190065,0.0,0.000000
0.004896000,0.190276,0.0,0.000000
0.004896250,0.190486,0.0,0.000000
0.004896500,0.190696,0.0,0.000000
0.004896750,0.190907,0.0,0.000000
0.004897000,0.191117,0.0,0.000000
0.004897250,0.191327,0.0,0.000000
0.004897500,0.191537,0.0,0.000000
0.004897750,0.191747,0.0,0.000000
0.004898000,0.191957,0.0,0.000000
0.004898250,0.192167,0.0,0.000000
0.004898500,0.192377,0.0,0.000000
0.004898750,0.192587,0.0,0.000000
0.004899000,0.192797,0.0,0.000000
0.004899250,0.193007,0.0,0.000000
0.004899500,0.193217,0.0,0.000000
0.004899750,0.193426,0.0,0.000000
0.004900000,0.193636,0.0,0.000000
0.004900250,0.193846,0.0,0.000000
0.004900500,0.194055,0.0,0.000000
0.004900750,0.194265,0.0,0.000000
0.004901000,0.194474,0.0,0.000000
0.004901250,0.194684,0.0,0.000000
0.004901500,0.194893,0.0,0.000000
0.004901750,0.195103,0.0,0.000000
0.004902000,0.195312,0.0,0.000000
0.004902250,0.195521,0.0,0.000000
0.004902500,0.195731,0.0,0.000000
0.004902750,0.195940,0.0,0.000000
0.004903000,0.196149,0.0,0.000000
0.004903250,0.196358,0.0,0.000000
0.004903500,0.196567,0.0,0.000000
0.004903750,0.196776,0.0,0.000000
0.004904000,0.196985,0.0,0.000000
0.004904250,0.197194,0.0,0.000000
0.004904500,0.197403,0.0,0.000000
0.004904750,0.197612,0.0,0.000000
0.004905000,0.197821,0.0,0.000000
0.004905250,0.198030,0.0,0.000000
0.004905500,0.198239,0.0,0.000000
0.004905750,0.198447,0.0,0.000000
0.004906000,0.198656,0.0,0.000000
0.004906250,0.198864,0.0,0.000000
0.004906500,0.199073,0.0,0.000000
0.004906750,0.199282,0.0,0.000000
0.004907000,0.199490,0.0,0.000000
0.004907250,0.199699,0.0,0.000000
0.004907500,0.199907,0.0,0.000000
0.004907750,0.200115,0.0,0.000000
0.004908000,0.200324,0.0,0.000000
0.004908250,0.200532,0.0,0.000000
0.004908500,0.200740,0.0,0.000000
0.004908750,0.200948,0.0,0.000000
0.004909000,0.201156,0.0,0.000000
0.004909250,0.201364,0.0,0.000000
0.004909500,0.201573,0.0,0.000000
0.004909750,0.201781,0.0,0.000000
0.004910000,0.201988,0.0,0.000000
0.004910250,0.202196,0.0,0.000000
0.004910500,0.202404,0.0,0.000000
0.004910750,0.202612,0.0,0.000000
0.004911000,0.202820,0.0,0.000000
0.004911250,0.203028,0.0,0.000000
0.004911500,0.203235,0.0,0.000000
0.004911750,0.203443,0.0,0.000000
0.004912000,0.203651,0.0,0.000000
0.004912250,0.203858,0.0,0.000000
0.004912500,0.204066,0.0,0.000000
0.004912750,0.204273,0.0,0.000000
0.004913000,0.204481,0.0,0.000000
0.004913250,0.204688,0.0,0.000000
0.004913500,0.204895,0.0,0.000000
0.004913750,0.205103,0.0,0.000000
0.004914000,0.205310,0.0,0.000000
0.004914250,0.205517,0.0,0.000000
0.004914500,0.205724,0.0,0.000000
0.004914750,0.205932,0.0,0.000000
0.004915000,0.206139,0.0,0.000000
0.004915250,0.206346,0.0,0.000000
0.004915500,0.206553,0.0,0.000000
0.004915750,0.206760,0.0,0.000000
0.004916000,0.206967,0.0,0.000000
0.004916250,0.207173,0.0,0.000000
0.004916500,0.207380,0.0,0.000000
0.004916750,0.207587,0.0,0.000000
0.004917000,0.207794,0.0,0.000000
0.004917250,0.208001,0.0,0.000000
0.004917500,0.208207,0.0,0.000000
0.004917750,0.208414,0.0,0.000000
0.004918000,0.208620,0.0,0.000000
0.004918250,0.208827,0.0,0.000000
0.004918500,0.209033,0.0,0.000000
0.004918750,0.209240,0.0,0.000000
0.004919000,0.209446,0.0,0.000000
0.004919250,0.209653,0.0,0.000000
0.004919500,0.209859,0.0,0.000000
0.004919750,0.210065,0.0,0.000000
0.004920000,0.210272,0.0,0.000000
0.004920250,0.210478,0.0,0.000000
0.004920500,0.210684,0.0,0.000000
0.004920750,0.210890,0.0,0.000000
0.004921000,0.211096,0.0,0.000000
0.004921250,0.211302,0.0,0.000000
0.004921500,0.211508,0.0,0.000000
0.004921750,0.211714,0.0,0.000000
0.004922000,0.211920,0.0,0.000000
0.004922250,0.212126,0.0,0.000000
0.004922500,0.212332,0.0,0.000000
0.004922750,0.212537,0.0,0.000000
0.004923000,0.212743,0.0,0.000000
0.004923250,0.212949,0.0,0.000000
0.004923500,0.213154,0.0,0.000000
0.004923750,0.213360,0.0,0.000000
0.004924000,0.213565,0.0,0.000000
0.004924250,0.213771,0.0,0.000000
0.004924500,0.213976,0.0,0.000000
0.004924750,0.214182,0.0,0.000000
0.004925000,0.214387,0.0,0.000000
0.004925250,0.214593,0.0,0.000000
0.004925500,0.214798,0.0,0.000000
0.004925750,0.215003,0.0,0.000000
0.004926000,0.215208,0.0,0.000000
0.004926250,0.215413,0.0,0.000000
0.004926500,0.215619,0.0,0.000000
0.004926750,0.215824,0.0,0.000000
0.004927000,0.216029,0.0,0.000000
0.004927250,0.216234,0.0,0.000000
0.004927500,0.216439,0.0,0.000000
0.004927750,0.216644,0.0,0.000000
0.004928000,0.216848,0.0,0.000000
0.004928250,0.217053,0.0,0.000000
0.004928500,0.217258,0.0,0.000000
0.004928750,0.217463,0.0,0.000000
0.004929000,0.217667,0.0,0.000000
0.004929250,0.217872,0.0,0.000000
0.004929500,0.218077,0.0,0.000000
0.004929750,0.218281,0.0,0.000000
0.004930000,0.218486,0.0,0.000000
0.004930250,0.218690,0.0,0.000000
0.004930500,0.218895,0.0,0.000000
0.004930750,0.219099,0.0,0.000000
0.004931000,0.219304,0.0,0.000000
0.004931250,0.219508,0.0,0.000000
0.004931500,0.219712,0.0,0.000000
0.004931750,0.219916,0.0,0.000000
0.004932000,0.220121,0.0,0.000000
0.004932250,0.220325,0.0,0.000000
0.004932500,0.220529,0.0,0.000000
0.004932750,0.220733,0.0,0.000000
0.004933000,0.220937,0.0,0.000000
0.004933250,0.221141,0.0,0.000000
0.004933500,0.221345,0.0,0.000000
0.004933750,0.221549,0.0,0.000000
0.004934000,0.221752,0.0,0.000000
0.004934250,0.221956,0.0,0.000000
0.004934500,0.222160,0.0,0.000000
0.004934750,0.222364,0.0,0.000000
0.004935000,0.222567,0.0,0.000000
0.004935250,0.222771,0.0,0.000000
0.004935500,0.222975,0.0,0.000000
0.004935750,0.223178,0.0,0.000000
0.004936000,0.223382,0.0,0.000000
0.004936250,0.223585,0.0,0.000000
0.004936500,0.223789,0.0,0.000000
0.004936750,0.223992,0.0,0.000000
0.004937000,0.224195,0.0,0.000000
0.004937250,0.224399,0.0,0.000000
0.004937500,0.224602,0.0,0.000000
0.004937750,0.224805,0.0,0.000000
0.004938000,0.225008,0.0,0.000000
0.004938250,0.225211,0.0,0.000000
0.004938500,0.225414,0.0,0.000000
0.004938750,0.225617,0.0,0.000000
0.004939000,0.225820,0.0,0.000000
0.004939250,0.226023,0.0,0.000000
0.004939500,0.226226,0.0,0.000000
0.004939750,0.226429,0.0,0.000000
0.004940000,0.226632,0.0,0.000000
0.004940250,0.226835,0.0,0.000000
0.004940500,0.227038,0.0,0.000000
0.004940750,0.227240,0.0,0.000000
0.004941000,0.227443,0.0,0.000000
0.004941250,0.227646,0.0,0.000000
0.004941500,0.227848,0.0,0.000000
0.004941750,0.228051,0.0,0.000000
0.004942000,0.228253,0.0,0.000000
0.004942250,0.228456,0.0,0.000000
0.004942500,0.228658,0.0,0.000000
0.004942750,0.228860,0.0,0.000000
0.004943000,0.229063,0.0,0.000000
0.004943250,0.229265,0.0,0.000000
0.004943500,0.229467,0.0,0.000000
0.004943750,0.229669,0.0,0.000000
0.004944000,0.229872,0.0,0.000000
0.004944250,0.230074,0.0,0.000000
0.004944500,0.230276,0.0,0.000000
0.004944750,0.230478,0.0,0.000000
0.004945000,0.230680,0.0,0.000000
0.004945250,0.230882,0.0,0.000000
0.004945500,0.231084,0.0,0.000000
0.004945750,0.231285,0.0,0.000000
0.004946000,0.231487,0.0,0.000000
0.004946250,0.231689,0.0,0.000000
0.004946500,0.231891,0.0,0.000000
0.004946750,0.232092,0.0,0.000000
0.004947000,0.232294,0.0,0.000000
0.004947250,0.232496,0.0,0.000000
0.004947500,0.232697,0.0,0.000000
0.004947750,0.232899,0.0,0.000000
0.004948000,0.233100,0.0,0.000000
0.004948250,0.233302,0.0,0.000000
0.004948500,0.233503,0.0,0.000000
0.004948750,0.233704,0.0,0.000000
0.004949000,0.233906,0.0,0.000000
0.004949250,0.234107,0.0,0.000000
0.004949500,0.234308,0.0,0.000000
0.004949750,0.234509,0.0,0.000000
0.004950000,0.234711,0.0,0.000000
0.004950250,0.234912,0.0,0.000000
0.004950500,0.235113,0.0,0.000000
0.004950750,0.235314,0.0,0.000000
0.004951000,0.235515,0.0,0.000000
0.004951250,0.235716,0.0,0.000000
0.004951500,0.235917,0.0,0.000000
0.004951750,0.236117,0.0,0.000000
0.004952000,0.236318,0.0,0.000000
0.004952250,0.236519,0.0,0.000000
0.004952500,0.236720,0.0,0.000000
0.004952750,0.236920,0.0,0.000000
0.004953000,0.237121,0.0,0.000000
0.004953250,0.237322,0.0,0.000000
0.004953500,0.237522,0.0,0.000000
0.004953750,0.237723,0.0,0.000000
0.004954000,0.237923,0.0,0.000000
0.004954250,0.238124,0.0,0.000000
0.004954500,0.238324,0.0,0.000000
0.004954750,0.238524,0.0,0.000000
0.004955000,0.238725,0.0,0.000000
0.004955250,0.238925,0.0,0.000000
0.004955500,0.239125,0.0,0.000000
0.004955750,0.239325,0.0,0.000000
0.004956000,0.239525,0.0,0.000000
0.004956250,0.239726,0.0,0.000000
0.004956500,0.239926,0.0,0.000000
0.004956750,0.240126,0.0,0.000000
0.004957000,0.240326,0.0,0.000000
0.004957250,0.240526,0.0,0.000000
0.004957500,0.240725,0.0,0.000000
0.004957750,0.240925,0.0,0.000000
0.004958000,0.241125,0.0,0.000000
0.004958250,0.241325,0.0,0.000000
0.004958500,0.241525,0.0,0.000000
0.004958750,0.241724,0.0,0.000000
0.004959000,0.241924,0.0,0.000000
0.004959250,0.242123,0.0,0.000000
0.004959500,0.242323,0.0,0.000000
0.004959750,0.242523,0.0,0.000000
0.004960000,0.242722,0.0,0.000000
0.004960250,0.242921,0.0,0.000000
0.004960500,0.243121,0.0,0.000000
0.004960750,0.243320,0.0,0.000000
0.004961000,0.243520,0.0,0.000000
0.004961250,0.243719,0.0,0.000000
0.004961500,0.243918,0.0,0.000000
0.004961750,0.244117,0.0,0.000000
0.004962000,0.244316,0.0,0.000000
0.004962250,0.244515,0.0,0.000000
0.004962500,0.244715,0.0,0.000000
0.004962750,0.244914,0.0,0.000000
0.004963000,0.245113,0.0,0.000000
0.004963250,0.245311,0.0,0.000000
0.004963500,0.245510,0.0,0.000000
0.004963750,0.245709,0.0,0.000000
0.004964000,0.245908,0.0,0.000000
0.004964250,0.246107,0.0,0.000000
0.004964500,0.246305,0.0,0.000000
0.004964750,0.246504,0.0,0.000000
0.004965000,0.246703,0.0,0.000000
0.004965250,0.246901,0.0,0.000000
0.004965500,0.247100,0.0,0.000000
0.004965750,0.247299,0.0,0.000000
0.004966000,0.247497,0.0,0.000000
0.004966250,0.247695,0.0,0.000000
0.004966500,0.247894,0.0,0.000000
0.004966750,0.248092,0.0,0.000000
0.004967000,0.248291,0.0,0.000000
0.004967250,0.248489,0.0,0.000000
0.004967500,0.248687,0.0,0.000000
0.004967750,0.248885,0.0,0.000000
0.004968000,0.249083,0.0,0.000000
0.004968250,0.249281,0.0,0.000000
0.004968500,0.249480,0.0,0.000000
0.004968750,0.249678,0.0,0.000000
0.004969000,0.249876,0.0,0.000000
0.004969250,0.250073,0.0,0.000000
0.004969500,0.250271,0.0,0.000000
0.004969750,0.250469,0.0,0.000000
0.004970000,0.250667,0.0,0.000000
0.004970250,0.250865,0.0,0.000000
0.004970500,0.251063,0.0,0.000000
0.004970750,0.251260,0.0,0.000000
0.004971000,0.251458,0.0,0.000000
0.004971250,0.251656,0.0,0.000000
0.004971500,0.251853,0.0,0.000000
0.004971750,0.252051,0.0,0.000000
0.004972000,0.252248,0.0,0.000000
0.004972250,0.252446,0.0,0.000000
0.004972500,0.252643,0.0,0.000000
0.004972750,0.252841,0.0,0.000000
0.004973000,0.253038,0.0,0.000000
0.004973250,0.253235,0.0,0.000000
0.004973500,0.253432,0.0,0.000000
0.004973750,0.253630,0.0,0.000000
0.004974000,0.253827,0.0,0.000000
0.004974250,0.254024,0.0,0.000000
0.004974500,0.254221,0.0,0.000000
0.004974750,0.254418,0.0,0.000000
0.004975000,0.254615,0.0,0.000000
0.004975250,0.254812,0.0,0.000000
0.004975500,0.255009,0.0,0.000000
0.004975750,0.255206,0.0,0.000000
0.004976000,0.255403,0.0,0.000000
0.004976250,0.255600,0.0,0.000000
0.004976500,0.255796,0.0,0.000000
0.004976750,0.255993,0.0,0.000000
0.004977000,0.256190,0.0,0.000000
0.004977250,0.256386,0.0,0.000000
0.004977500,0.256583,0.0,0.000000
0.004977750,0.256780,0.0,0.000000
0.004978000,0.256976,0.0,0.000000
0.004978250,0.257173,0.0,0.000000
0.004978500,0.257369,0.0,0.000000
0.004978750,0.257565,0.0,0.000000
0.004979000,0.257762,0.0,0.000000
0.004979250,0.257958,0.0,0.000000
0.004979500,0.258154,0.0,0.000000
0.004979750,0.258351,0.0,0.000000
0.004980000,0.258547,0.0,0.000000
0.004980250,0.258743,0.0,0.000000
0.004980500,0.258939,0.0,0.000000
0.004980750,0.259135,0.0,0.000000
0.004981000,0.259331,0.0,0.000000
0.004981250,0.259527,0.0,0.000000
0.004981500,0.259723,0.0,0.000000
0.004981750,0.259919,0.0,0.000000
0.004982000,0.260115,0.0,0.000000
0.004982250,0.260311,0.0,0.000000
0.004982500,0.260506,0.0,0.000000
0.004982750,0.260702,0.0,0.000000
0.004983000,0.260898,0.0,0.000000
0.004983250,0.261094,0.0,0.000000
0.004983500,0.261289,0.0,0.000000
0.004983750,0.261485,0.0,0.000000
0.004984000,0.261680,0.0,0.000000
0.004984250,0.261876,0.0,0.000000
0.004984500,0.262071,0.0,0.000000
0.004984750,0.262267,0.0,0.000000
0.004985000,0.262462,0.0,0.000000
0.004985250,0.262657,0.0,0.000000
0.004985500,0.262853,0.0,0.000000
0.004985750,0.263048,0.0,0.000000
0.004986000,0.263243,0.0,0.000000
0.004986250,0.263438,0.0,0.000000
0.004986500,0.263633,0.0,0.000000
0.004986750,0.263829,0.0,0.000000
0.004987000,0.264024,0.0,0.000000
0.004987250,0.264219,0.0,0.000000
0.004987500,0.264414,0.0,0.000000
0.004987750,0.264609,0.0,0.000000
0.004988000,0.264803,0.0,0.000000
0.004988250,0.264998,0.0,0.000000
0.004988500,0.265193,0.0,0.000000
0.004988750,0.265388,0.0,0.000000
0.004989000,0.265583,0.0,0.000000
0.004989250,0.265777,0.0,0.000000
0.004989500,0.265972,0.0,0.000000
0.004989750,0.266167,0.0,0.000000
0.004990000,0.266361,0.0,0.000000
0.004990250,0.266556,0.0,0.000000
0.004990500,0.266750,0.0,0.000000
0.004990750,0.266944,0.0,0.000000
0.004991000,0.267139,0.0,0.000000
0.004991250,0.267333,0.0,0.000000
0.004991500,0.267528,0.0,0.000000
0.004991750,0.267722,0.0,0.000000
0.004992000,0.267916,0.0,0.000000
0.004992250,0.268110,0.0,0.000000
0.004992500,0.268304,0.0,0.000000
0.004992750,0.268499,0.0,0.000000
0.004993000,0.268693,0.0,0.000000
0.004993250,0.268887,0.0,0.000000
0.004993500,0.269081,0.0,0.000000
0.004993750,0.269275,0.0,0.000000
0.004994000,0.269469,0.0,0.000000
0.004994250,0.269662,0.0,0.000000
0.004994500,0.269856,0.0,0.000000
0.004994750,0.270050,0.0,0.000000
0.004995000,0.270244,0.0,0.000000
0.004995250,0.270438,0.0,0.000000
0.004995500,0.270631,0.0,0.000000
0.004995750,0.270825,0.0,0.000000
0.004996000,0.271018,0.0,0.000000
0.004996250,0.271212,0.0,0.000000
0.004996500,0.271406,0.0,0.000000
0.004996750,0.271599,0.0,0.000000
0.004997000,0.271792,0.0,0.000000
0.004997250,0.271986,0.0,0.000000
0.004997500,0.272179,0.0,0.000000
0.004997750,0.272372,0.0,0.000000
0.004998000,0.272566,0.0,0.000000
0.004998250,0.272759,0.0,0.000000
0.004998500,0.272952,0.0,0.000000
0.004998750,0.273145,0.0,0.000000
0.004999000,0.273338,0.0,0.000000
0.004999250,0.273531,0.0,0.000000
0.004999500,0.273725,0.0,0.000000
0.004999750,0.273918,0.0,0.000000
