time,membrane,spike,pulse
0.000000000,0.000000,0.0,0.000000
0.000000250,0.021805,0.0,0.000000
0.000000500,0.022051,0.0,0.000000
0.000000750,0.022296,0.0,0.000000
0.000001000,0.022542,0.0,0.000000
0.000001250,0.022787,0.0,0.000000
0.000001500,0.023032,0.0,0.000000
0.000001750,0.023277,0.0,0.000000
0.000002000,0.023523,0.0,0.000000
0.000002250,0.023768,0.0,0.000000
0.000002500,0.024013,0.0,0.000000
0.000002750,0.024258,0.0,0.000000
0.000003000,0.024503,0.0,0.000000
0.000003250,0.024748,0.0,0.000000
0.000003500,0.024992,0.0,0.000000
0.000003750,0.025237,0.0,0.000000
0.000004000,0.025482,0.0,0.000000
0.000004250,0.025727,0.0,0.000000
0.000004500,0.025971,0.0,0.000000
0.000004750,0.026216,0.0,0.000000
0.000005000,0.026460,0.0,0.000000
0.000005250,0.026705,0.0,0.000000
0.000005500,0.026949,0.0,0.000000
0.000005750,0.027194,0.0,0.000000
0.000006000,0.027438,0.0,0.000000
0.000006250,0.027682,0.0,0.000000
0.000006500,0.027927,0.0,0.000000
0.000006750,0.028171,0.0,0.000000
0.000007000,0.028415,0.0,0.000000
0.000007250,0.028659,0.0,0.000000
0.000007500,0.028903,0.0,0.000000
0.000007750,0.029147,0.0,0.000000
0.000008000,0.029391,0.0,0.000000
0.000008250,0.029635,0.0,0.000000
0.000008500,0.029879,0.0,0.000000
0.000008750,0.030122,0.0,0.000000
0.000009000,0.030366,0.0,0.000000
0.000009250,0.030610,0.0,0.000000
0.000009500,0.030853,0.0,0.000000
0.000009750,0.031097,0.0,0.000000
0.000010000,0.031341,0.0,0.000000
0.000010250,0.031584,0.0,0.000000
0.000010500,0.031827,0.0,0.000000
0.000010750,0.032071,0.0,0.000000
0.000011000,0.032314,0.0,0.000000
0.000011250,0.032557,0.0,0.000000
0.000011500,0.032801,0.0,0.000000
0.000011750,0.033044,0.0,0.000000
0.000012000,0.033287,0.0,0.000000
0.000012250,0.033530,0.0,0.000000
0.000012500,0.033773,0.0,0.000000
0.000012750,0.034016,0.0,0.000000
0.000013000,0.034259,0.0,0.000000
0.000013250,0.034502,0.0,0.000000
0.000013500,0.034745,0.0,0.000000
0.000013750,0.034987,0.0,0.000000
0.000014000,0.035230,0.0,0.000000
0.000014250,0.035473,0.0,0.000000
0.000014500,0.035715,0.0,0.000000
0.000014750,0.035958,0.0,0.000000
0.000015000,0.036200,0.0,0.000000
0.000015250,0.036443,0.0,0.000000
0.000015500,0.036685,0.0,0.000000
0.000015750,0.036928,0.0,0.000000
0.000016000,0.037170,0.0,0.000000
0.000016250,0.037412,0.0,0.000000
0.000016500,0.037654,0.0,0.000000
0.000016750,0.037896,0.0,0.000000
0.000017000,0.038139,0.0,0.000000
0.000017250,0.038381,0.0,0.000000
0.000017500,0.038623,0.0,0.000000
0.000017750,0.038865,0.0,0.000000
0.000018000,0.039107,0.0,0.000000
0.000018250,0.039348,0.0,0.000000
0.000018500,0.039590,0.0,0.000000
0.000018750,0.039832,0.0,0.000000
0.000019000,0.040074,0.0,0.000000
0.000019250,0.040315,0.0,0.000000
0.000019500,0.040557,0.0,0.000000
0.000019750,0.040798,0.0,0.000000
0.000020000,0.041040,0.0,0.000000
0.000020250,0.041281,0.0,0.000000
0.000020500,0.041523,0.0,0.000000
0.000020750,0.041764,0.0,0.000000
0.000021000,0.042005,0.0,0.000000
0.000021250,0.042247,0.0,0.000000
0.000021500,0.042488,0.0,0.000000
0.000021750,0.042729,0.0,0.000000
0.000022000,0.042970,0.0,0.000000
0.000022250,0.043211,0.0,0.000000
0.000022500,0.043452,0.0,0.000000
0.000022750,0.043693,0.0,0.000000
0.000023000,0.043934,0.0,0.000000
0.000023250,0.044175,0.0,0.000000
0.000023500,0.044416,0.0,0.000000
0.000023750,0.044656,0.0,0.000000
0.000024000,0.044897,0.0,0.000000
0.000024250,0.045138,0.0,0.000000
0.000024500,0.045378,0.0,0.000000
0.000024750,0.045619,0.0,0.000000
0.000025000,0.045859,0.0,0.000000
0.000025250,0.046100,0.0,0.000000
0.000025500,0.046340,0.0,0.000000
0.000025750,0.046581,0.0,0.000000
0.000026000,0.046821,0.0,0.000000
0.000026250,0.047061,0.0,0.000000
0.000026500,0.047301,0.0,0.000000
0.000026750,0.047542,0.0,0.000000
0.000027000,0.047782,0.0,0.000000
0.000027250,0.048022,0.0,0.000000
0.000027500,0.048262,0.0,0.000000
0.000027750,0.048502,0.0,0.000000
0.000028000,0.048741,0.0,0.000000
0.000028250,0.048981,0.0,0.000000
0.000028500,0.049221,0.0,0.000000
0.000028750,0.049461,0.0,0.000000
0.000029000,0.049701,0.0,0.000000
0.000029250,0.049940,0.0,0.000000
0.000029500,0.050180,0.0,0.000000
0.000029750,0.050419,0.0,0.000000
0.000030000,0.050659,0.0,0.000000
0.000030250,0.050898,0.0,0.000000
0.000030500,0.051138,0.0,0.000000
0.000030750,0.051377,0.0,0.000000
0.000031000,0.051616,0.0,0.000000
0.000031250,0.051856,0.0,0.000000
0.000031500,0.052095,0.0,0.000000
0.000031750,0.052334,0.0,0.000000
0.000032000,0.052573,0.0,0.000000
0.000032250,0.052812,0.0,0.000000
0.000032500,0.053051,0.0,0.000000
0.000032750,0.053290,0.0,0.000000
0.000033000,0.053529,0.0,0.000000
0.000033250,0.053768,0.0,0.000000
0.000033500,0.054007,0.0,0.000000
0.000033750,0.054245,0.0,0.000000
0.000034000,0.054484,0.0,0.000000
0.000034250,0.054723,0.0,0.000000
0.000034500,0.054961,0.0,0.000000
0.000034750,0.055200,0.0,0.000000
0.000035000,0.055438,0.0,0.000000
0.000035250,0.055677,0.0,0.000000
0.000035500,0.055915,0.0,0.000000
0.000035750,0.056154,0.0,0.000000
0.000036000,0.056392,0.0,0.000000
0.000036250,0.056630,0.0,0.000000
0.000036500,0.056868,0.0,0.000000
0.000036750,0.057106,0.0,0.000000
0.000037000,0.057345,0.0,0.000000
0.000037250,0.057583,0.0,0.000000
0.000037500,0.057821,0.0,0.000000
0.000037750,0.058059,0.0,0.000000
0.000038000,0.058296,0.0,0.000000
0.000038250,0.058534,0.0,0.000000
0.000038500,0.058772,0.0,0.000000
0.000038750,0.059010,0.0,0.000000
0.000039000,0.059248,0.0,0.000000
0.000039250,0.059485,0.0,0.000000
0.000039500,0.059723,0.0,0.000000
0.000039750,0.059960,0.0,0.000000
0.000040000,0.060198,0.0,0.000000
0.000040250,0.060435,0.0,0.000000
0.000040500,0.060673,0.0,0.000000
0.000040750,0.060910,0.0,0.000000
0.000041000,0.061148,0.0,0.000000
0.000041250,0.061385,0.0,0.000000
0.000041500,0.061622,0.0,0.000000
0.000041750,0.061859,0.0,0.000000
0.000042000,0.062096,0.0,0.000000
0.000042250,0.062333,0.0,0.000000
0.000042500,0.062570,0.0,0.000000
0.000042750,0.062807,0.0,0.000000
0.000043000,0.063044,0.0,0.000000
0.000043250,0.063281,0.0,0.000000
0.000043500,0.063518,0.0,0.000000
0.000043750,0.063755,0.0,0.000000
0.000044000,0.063991,0.0,0.000000
0.000044250,0.064228,0.0,0.000000
0.000044500,0.064465,0.0,0.000000
0.000044750,0.064701,0.0,0.000000
0.000045000,0.064938,0.0,0.000000
0.000045250,0.065174,0.0,0.000000
0.000045500,0.065411,0.0,0.000000
0.000045750,0.065647,0.0,0.000000
0.000046000,0.065883,0.0,0.000000
0.000046250,0.066120,0.0,0.000000
0.000046500,0.066356,0.0,0.000000
0.000046750,0.066592,0.0,0.000000
0.000047000,0.066828,0.0,0.000000
0.000047250,0.067064,0.0,0.000000
0.000047500,0.067300,0.0,0.000000
0.000047750,0.067536,0.0,0.000000
0.000048000,0.067772,0.0,0.000000
0.000048250,0.068008,0.0,0.000000
0.000048500,0.068244,0.0,0.000000
0.000048750,0.068480,0.0,0.000000
0.000049000,0.068715,0.0,0.000000
0.000049250,0.068951,0.0,0.000000
0.000049500,0.069187,0.0,0.000000
0.000049750,0.069422,0.0,0.000000
0.000050000,0.069658,0.0,0.000000
0.000050250,0.069893,0.0,0.000000
0.000050500,0.070129,0.0,0.000000
0.000050750,0.070364,0.0,0.000000
0.000051000,0.070599,0.0,0.000000
0.000051250,0.070835,0.0,0.000000
0.000051500,0.071070,0.0,0.000000
0.000051750,0.071305,0.0,0.000000
0.000052000,0.071540,0.0,0.000000
0.000052250,0.071775,0.0,0.000000
0.000052500,0.072010,0.0,0.000000
0.000052750,0.072245,0.0,0.000000
0.000053000,0.072480,0.0,0.000000
0.000053250,0.072715,0.0,0.000000
0.000053500,0.072950,0.0,0.000000
0.000053750,0.073185,0.0,0.000000
0.000054000,0.073420,0.0,0.000000
0.000054250,0.073654,0.0,0.000000
0.000054500,0.073889,0.0,0.000000
0.000054750,0.074124,0.0,0.000000
0.000055000,0.074358,0.0,0.000000
0.000055250,0.074593,0.0,0.000000
0.000055500,0.074827,0.0,0.000000
0.000055750,0.075062,0.0,0.000000
0.000056000,0.075296,0.0,0.000000
0.000056250,0.075530,0.0,0.000000
0.000056500,0.075764,0.0,0.000000
0.000056750,0.075999,0.0,0.000000
0.000057000,0.076233,0.0,0.000000
0.000057250,0.076467,0.0,0.000000
0.000057500,0.076701,0.0,0.000000
0.000057750,0.076935,0.0,0.000000
0.000058000,0.077169,0.0,0.000000
0.000058250,0.077403,0.0,0.000000
0.000058500,0.077637,0.0,0.000000
0.000058750,0.077871,0.0,0.000000
0.000059000,0.078104,0.0,0.000000
0.000059250,0.078338,0.0,0.000000
0.000059500,0.078572,0.0,0.000000
0.000059750,0.078805,0.0,0.000000
0.000060000,0.079039,0.0,0.000000
0.000060250,0.079273,0.0,0.000000
0.000060500,0.079506,0.0,0.000000
0.000060750,0.079739,0.0,0.000000
0.000061000,0.079973,0.0,0.000000
0.000061250,0.080206,0.0,0.000000
0.000061500,0.080440,0.0,0.000000
0.000061750,0.080673,0.0,0.000000
0.000062000,0.080906,0.0,0.000000
0.000062250,0.081139,0.0,0.000000
0.000062500,0.081372,0.0,0.000000
0.000062750,0.081605,0.0,0.000000
0.000063000,0.081838,0.0,0.000000
0.000063250,0.082071,0.0,0.000000
0.000063500,0.082304,0.0,0.000000
0.000063750,0.082537,0.0,0.000000
0.000064000,0.082770,0.0,0.000000
0.000064250,0.083002,0.0,0.000000
0.000064500,0.083235,0.0,0.000000
0.000064750,0.083468,0.0,0.000000
0.000065000,0.083700,0.0,0.000000
0.000065250,0.083933,0.0,0.000000
0.000065500,0.084166,0.0,0.000000
0.000065750,0.084398,0.0,0.000000
0.000066000,0.084630,0.0,0.000000
0.000066250,0.084863,0.0,0.000000
0.000066500,0.085095,0.0,0.000000
0.000066750,0.085327,0.0,0.000000
0.000067000,0.085560,0.0,0.000000
0.000067250,0.085792,0.0,0.000000
0.000067500,0.086024,0.0,0.000000
0.000067750,0.086256,0.0,0.000000
0.000068000,0.086488,0.0,0.000000
0.000068250,0.086720,0.0,0.000000
0.000068500,0.086952,0.0,0.000000
0.000068750,0.087184,0.0,0.000000
0.000069000,0.087416,0.0,0.000000
0.000069250,0.087647,0.0,0.000000
0.000069500,0.087879,0.0,0.000000
0.000069750,0.088111,0.0,0.000000
0.000070000,0.088342,0.0,0.000000
0.000070250,0.088574,0.0,0.000000
0.000070500,0.088806,0.0,0.000000
0.000070750,0.089037,0.0,0.000000
0.000071000,0.089269,0.0,0.000000
0.000071250,0.089500,0.0,0.000000
0.000071500,0.089731,0.0,0.000000
0.000071750,0.089963,0.0,0.000000
0.000072000,0.090194,0.0,0.000000
0.000072250,0.090425,0.0,0.000000
0.000072500,0.090656,0.0,0.000000
0.000072750,0.090887,0.0,0.000000
0.000073000,0.091118,0.0,0.000000
0.000073250,0.091349,0.0,0.000000
0.000073500,0.091580,0.0,0.000000
0.000073750,0.091811,0.0,0.000000
0.000074000,0.092042,0.0,0.000000
0.000074250,0.092273,0.0,0.000000
0.000074500,0.092504,0.0,0.000000
0.000074750,0.092734,0.0,0.000000
0.000075000,0.092965,0.0,0.000000
0.000075250,0.093196,0.0,0.000000
0.000075500,0.093426,0.0,0.000000
0.000075750,0.093657,0.0,0.000000
0.000076000,0.093887,0.0,0.000000
0.000076250,0.094118,0.0,0.000000
0.000076500,0.094348,0.0,0.000000
0.000076750,0.094579,0.0,0.000000
0.000077000,0.094809,0.0,0.000000
0.000077250,0.095039,0.0,0.000000
0.000077500,0.095269,0.0,0.000000
0.000077750,0.095499,0.0,0.000000
0.000078000,0.095730,0.0,0.000000
0.000078250,0.095960,0.0,0.000000
0.000078500,0.096190,0.0,0.000000
0.000078750,0.096420,0.0,0.000000
0.000079000,0.096649,0.0,0.000000
0.000079250,0.096879,0.0,0.000000
0.000079500,0.097109,0.0,0.000000
0.000079750,0.097339,0.0,0.000000
0.000080000,0.097569,0.0,0.000000
0.000080250,0.097798,0.0,0.000000
0.000080500,0.098028,0.0,0.000000
0.000080750,0.098258,0.0,0.000000
0.000081000,0.098487,0.0,0.000000
0.000081250,0.098717,0.0,0.000000
0.000081500,0.098946,0.0,0.000000
0.000081750,0.099175,0.0,0.000000
0.000082000,0.099405,0.0,0.000000
0.000082250,0.099634,0.0,0.000000
0.000082500,0.099863,0.0,0.000000
0.000082750,0.100092,0.0,0.000000
0.000083000,0.100322,0.0,0.000000
0.000083250,0.100551,0.0,0.000000
0.000083500,0.100780,0.0,0.000000
0.000083750,0.101009,0.0,0.000000
0.000084000,0.101238,0.0,0.000000
0.000084250,0.101467,0.0,0.000000
0.000084500,0.101695,0.0,0.000000
0.000084750,0.101924,0.0,0.000000
0.000085000,0.102153,0.0,0.000000
0.000085250,0.102382,0.0,0.000000
0.000085500,0.102610,0.0,0.000000
0.000085750,0.102839,0.0,0.000000
0.000086000,0.103068,0.0,0.000000
0.000086250,0.103296,0.0,0.000000
0.000086500,0.103525,0.0,0.000000
0.000086750,0.103753,0.0,0.000000
0.000087000,0.103981,0.0,0.000000
0.000087250,0.104210,0.0,0.000000
0.000087500,0.104438,0.0,0.000000
0.000087750,0.104666,0.0,0.000000
0.000088000,0.104894,0.0,0.000000
0.000088250,0.105123,0.0,0.000000
0.000088500,0.105351,0.0,0.000000
0.000088750,0.105579,0.0,0.000000
0.000089000,0.105807,0.0,0.000000
0.000089250,0.106035,0.0,0.000000
0.000089500,0.106263,0.0,0.000000
0.000089750,0.106490,0.0,0.000000
0.000090000,0.106718,0.0,0.000000
0.000090250,0.106946,0.0,0.000000
0.000090500,0.107174,0.0,0.000000
0.000090750,0.107401,0.0,0.000000
0.000091000,0.107629,0.0,0.000000
0.000091250,0.107857,0.0,0.000000
0.000091500,0.108084,0.0,0.000000
0.000091750,0.108312,0.0,0.000000
0.000092000,0.108539,0.0,0.000000
0.000092250,0.108766,0.0,0.000000
0.000092500,0.108994,0.0,0.000000
0.000092750,0.109221,0.0,0.000000
0.000093000,0.109448,0.0,0.000000
0.000093250,0.109676,0.0,0.000000
0.000093500,0.109903,0.0,0.000000
0.000093750,0.110130,0.0,0.000000
0.000094000,0.110357,0.0,0.000000
0.000094250,0.110584,0.0,0.000000
0.000094500,0.110811,0.0,0.000000
0.000094750,0.111038,0.0,0.000000
0.000095000,0.111265,0.0,0.000000
0.000095250,0.111491,0.0,0.000000
0.000095500,0.111718,0.0,0.000000
0.000095750,0.111945,0.0,0.000000
0.000096000,0.112172,0.0,0.000000
0.000096250,0.112398,0.0,0.000000
0.000096500,0.112625,0.0,0.000000
0.000096750,0.112851,0.0,0.000000
0.000097000,0.113078,0.0,0.000000
0.000097250,0.113304,0.0,0.000000
0.000097500,0.113531,0.0,0.000000
0.000097750,0.113757,0.0,0.000000
0.000098000,0.113983,0.0,0.000000
0.000098250,0.114210,0.0,0.000000
0.000098500,0.114436,0.0,0.000000
0.000098750,0.114662,0.0,0.000000
0.000099000,0.114888,0.0,0.000000
0.000099250,0.115114,0.0,0.000000
0.000099500,0.115340,0.0,0.000000
0.000099750,0.115566,0.0,0.000000
0.000100000,0.115792,0.0,0.000000
0.000100250,0.116018,0.0,0.000000
0.000100500,0.116244,0.0,0.000000
0.000100750,0.116469,0.0,0.000000
0.000101000,0.116695,0.0,0.000000
0.000101250,0.116921,0.0,0.000000
0.000101500,0.117147,0.0,0.000000
0.000101750,0.117372,0.0,0.000000
0.000102000,0.117598,0.0,0.000000
0.000102250,0.117823,0.0,0.000000
0.000102500,0.118049,0.0,0.000000
0.000102750,0.118274,0.0,0.000000
0.000103000,0.118499,0.0,0.000000
0.000103250,0.118725,0.0,0.000000
0.000103500,0.118950,0.0,0.000000
0.000103750,0.119175,0.0,0.000000
0.000104000,0.119400,0.0,0.000000
0.000104250,0.119625,0.0,0.000000
0.000104500,0.119851,0.0,0.000000
0.000104750,0.120076,0.0,0.000000
0.000105000,0.120301,0.0,0.000000
0.000105250,0.120526,0.0,0.000000
0.000105500,0.120750,0.0,0.000000
0.000105750,0.120975,0.0,0.000000
0.000106000,0.121200,0.0,0.000000
0.000106250,0.121425,0.0,0.000000
0.000106500,0.121649,0.0,0.000000
0.000106750,0.121874,0.0,0.000000
0.000107000,0.122099,0.0,0.000000
0.000107250,0.122323,0.0,0.000000
0.000107500,0.122548,0.0,0.000000
0.000107750,0.122772,0.0,0.000000
0.000108000,0.122997,0.0,0.000000
0.000108250,0.123221,0.0,0.000000
0.000108500,0.123445,0.0,0.000000
0.000108750,0.123670,0.0,0.000000
0.000109000,0.123894,0.0,0.000000
0.000109250,0.124118,0.0,0.000000
0.000109500,0.124342,0.0,0.000000
0.000109750,0.124566,0.0,0.000000
0.000110000,0.124790,0.0,0.000000
0.000110250,0.125014,0.0,0.000000
0.000110500,0.125238,0.0,0.000000
0.000110750,0.125462,0.0,0.000000
0.000111000,0.125686,0.0,0.000000
0.000111250,0.125910,0.0,0.000000
0.000111500,0.126134,0.0,0.000000
0.000111750,0.126357,0.0,0.000000
0.000112000,0.126581,0.0,0.000000
0.000112250,0.126805,0.0,0.000000
0.000112500,0.127028,0.0,0.000000
0.000112750,0.127252,0.0,0.000000
0.000113000,0.127475,0.0,0.000000
0.000113250,0.127699,0.0,0.000000
0.000113500,0.127922,0.0,0.000000
0.000113750,0.128146,0.0,0.000000
0.000114000,0.128369,0.0,0.000000
0.000114250,0.128592,0.0,0.000000
0.000114500,0.128815,0.0,0.000000
0.000114750,0.129038,0.0,0.000000
0.000115000,0.129262,0.0,0.000000
0.000115250,0.129485,0.0,0.000000
0.000115500,0.129708,0.0,0.000000
0.000115750,0.129931,0.0,0.000000
0.000116000,0.130154,0.0,0.000000
0.000116250,0.130376,0.0,0.000000
0.000116500,0.130599,0.0,0.000000
0.000116750,0.130822,0.0,0.000000
0.000117000,0.131045,0.0,0.000000
0.000117250,0.131268,0.0,0.000000
0.000117500,0.131490,0.0,0.000000
0.000117750,0.131713,0.0,0.000000
0.000118000,0.131935,0.0,0.000000
0.000118250,0.132158,0.0,0.000000
0.000118500,0.132380,0.0,0.000000
0.000118750,0.132603,0.0,0.000000
0.000119000,0.132825,0.0,0.000000
0.000119250,0.133047,0.0,0.000000
0.000119500,0.133270,0.0,0.000000
0.000119750,0.133492,0.0,0.000000
0.000120000,0.133714,0.0,0.000000
0.000120250,0.133936,0.0,0.000000
0.000120500,0.134158,0.0,0.000000
0.000120750,0.134380,0.0,0.000000
0.000121000,0.134602,0.0,0.000000
0.000121250,0.134824,0.0,0.000000
0.000121500,0.135046,0.0,0.000000
0.000121750,0.135268,0.0,0.000000
0.000122000,0.135490,0.0,0.000000
0.000122250,0.135712,0.0,0.000000
0.000122500,0.135933,0.0,0.000000
0.000122750,0.136155,0.0,0.000000
0.000123000,0.136377,0.0,0.000000
0.000123250,0.136598,0.0,0.000000
0.000123500,0.136820,0.0,0.000000
0.000123750,0.137041,0.0,0.000000
0.000124000,0.137263,0.0,0.000000
0.000124250,0.137484,0.0,0.000000
0.000124500,0.137706,0.0,0.000000
0.000124750,0.137927,0.0,0.000000
0.000125000,0.138148,0.0,0.000000
0.000125250,0.138369,0.0,0.000000
0.000125500,0.138591,0.0,0.000000
0.000125750,0.138812,0.0,0.000000
0.000126000,0.139033,0.0,0.000000
0.000126250,0.139254,0.0,0.000000
0.000126500,0.139475,0.0,0.000000
0.000126750,0.139696,0.0,0.000000
0.000127000,0.139917,0.0,0.000000
0.000127250,0.140137,0.0,0.000000
0.000127500,0.140358,0.0,0.000000
0.000127750,0.140579,0.0,0.000000
0.000128000,0.140800,0.0,0.000000
0.000128250,0.141020,0.0,0.000000
0.000128500,0.141241,0.0,0.000000
0.000128750,0.141462,0.0,0.000000
0.000129000,0.141682,0.0,0.000000
0.000129250,0.141903,0.0,0.000000
0.000129500,0.142123,0.0,0.000000
0.000129750,0.142343,0.0,0.000000
0.000130000,0.142564,0.0,0.000000
0.000130250,0.142784,0.0,0.000000
0.000130500,0.143004,0.0,0.000000
0.000130750,0.143225,0.0,0.000000
0.000131000,0.143445,0.0,0.000000
0.000131250,0.143665,0.0,0.000000
0.000131500,0.143885,0.0,0.000000
0.000131750,0.144105,0.0,0.000000
0.000132000,0.144325,0.0,0.000000
0.000132250,0.144545,0.0,0.000000
0.000132500,0.144765,0.0,0.000000
0.000132750,0.144985,0.0,0.000000
0.000133000,0.145204,0.0,0.000000
0.000133250,0.145424,0.0,0.000000
0.000133500,0.145644,0.0,0.000000
0.000133750,0.145863,0.0,0.000000
0.000134000,0.146083,0.0,0.000000
0.000134250,0.146303,0.0,0.000000
0.000134500,0.146522,0.0,0.000000
0.000134750,0.146742,0.0,0.000000
0.000135000,0.146961,0.0,0.000000
0.000135250,0.147180,0.0,0.000000
0.000135500,0.147400,0.0,0.000000
0.000135750,0.147619,0.0,0.000000
0.000136000,0.147838,0.0,0.000000
0.000136250,0.148058,0.0,0.000000
0.000136500,0.148277,0.0,0.000000
0.000136750,0.148496,0.0,0.000000
0.000137000,0.148715,0.0,0.000000
0.000137250,0.148934,0.0,0.000000
0.000137500,0.149153,0.0,0.000000
0.000137750,0.149372,0.0,0.000000
0.000138000,0.149591,0.0,0.000000
0.000138250,0.149809,0.0,0.000000
0.000138500,0.150028,0.0,0.000000
0.000138750,0.150247,0.0,0.000000
0.000139000,0.150466,0.0,0.000000
0.000139250,0.150684,0.0,0.000000
0.000139500,0.150903,0.0,0.000000
0.000139750,0.151122,0.0,0.000000
0.000140000,0.151340,0.0,0.000000
0.000140250,0.151558,0.0,0.000000
0.000140500,0.151777,0.0,0.000000
0.000140750,0.151995,0.0,0.000000
0.000141000,0.152214,0.0,0.000000
0.000141250,0.152432,0.0,0.000000
0.000141500,0.152650,0.0,0.000000
0.000141750,0.152868,0.0,0.000000
0.000142000,0.153086,0.0,0.000000
0.000142250,0.153305,0.0,0.000000
0.000142500,0.153523,0.0,0.000000
0.000142750,0.153741,0.0,0.000000
0.000143000,0.153959,0.0,0.000000
0.000143250,0.154177,0.0,0.000000
0.000143500,0.154394,0.0,0.000000
0.000143750,0.154612,0.0,0.000000
0.000144000,0.154830,0.0,0.000000
0.000144250,0.155048,0.0,0.000000
0.000144500,0.155266,0.0,0.000000
0.000144750,0.155483,0.0,0.000000
0.000145000,0.155701,0.0,0.000000
0.000145250,0.155918,0.0,0.000000
0.000145500,0.156136,0.0,0.000000
0.000145750,0.156353,0.0,0.000000
0.000146000,0.156571,0.0,0.000000
0.000146250,0.156788,0.0,0.000000
0.000146500,0.157005,0.0,0.000000
0.000146750,0.157223,0.0,0.000000
0.000147000,0.157440,0.0,0.000000
0.000147250,0.157657,0.0,0.000000
0.000147500,0.157874,0.0,0.000000
0.000147750,0.158091,0.0,0.000000
0.000148000,0.158309,0.0,0.000000
0.000148250,0.158526,0.0,0.000000
0.000148500,0.158743,0.0,0.000000
0.000148750,0.158959,0.0,0.000000
0.000149000,0.159176,0.0,0.000000
0.000149250,0.159393,0.0,0.000000
0.000149500,0.159610,0.0,0.000000
0.000149750,0.159827,0.0,0.000000
0.000150000,0.160043,0.0,0.000000
0.000150250,0.160260,0.0,0.000000
0.000150500,0.160477,0.0,0.000000
0.000150750,0.160693,0.0,0.000000
0.000151000,0.160910,0.0,0.000000
0.000151250,0.161126,0.0,0.000000
0.000151500,0.161343,0.0,0.000000
0.000151750,0.161559,0.0,0.000000
0.000152000,0.161775,0.0,0.000000
0.000152250,0.161992,0.0,0.000000
0.000152500,0.162208,0.0,0.000000
0.000152750,0.162424,0.0,0.000000
0.000153000,0.162640,0.0,0.000000
0.000153250,0.162856,0.0,0.000000
0.000153500,0.163072,0.0,0.000000
0.000153750,0.163289,0.0,0.000000
0.000154000,0.163504,0.0,0.000000
0.000154250,0.163720,0.0,0.000000
0.000154500,0.163936,0.0,0.000000
0.000154750,0.164152,0.0,0.000000
0.000155000,0.164368,0.0,0.000000
0.000155250,0.164584,0.0,0.000000
0.000155500,0.164799,0.0,0.000000
0.000155750,0.165015,0.0,0.000000
0.000156000,0.165231,0.0,0.000000
0.000156250,0.165446,0.0,0.000000
0.000156500,0.165662,0.0,0.000000
0.000156750,0.165877,0.0,0.000000
0.000157000,0.166093,0.0,0.000000
0.000157250,0.166308,0.0,0.000000
0.000157500,0.166523,0.0,0.000000
0.000157750,0.166739,0.0,0.000000
0.000158000,0.166954,0.0,0.000000
0.000158250,0.167169,0.0,0.000000
0.000158500,0.167384,0.0,0.000000
0.000158750,0.167600,0.0,0.000000
0.000159000,0.167815,0.0,0.000000
0.000159250,0.168030,0.0,0.000000
0.000159500,0.168245,0.0,0.000000
0.000159750,0.168460,0.0,0.000000
0.000160000,0.168675,0.0,0.000000
0.000160250,0.168889,0.0,0.000000
0.000160500,0.169104,0.0,0.000000
0.000160750,0.169319,0.0,0.000000
0.000161000,0.169534,0.0,0.000000
0.000161250,0.169748,0.0,0.000000
0.000161500,0.169963,0.0,0.000000
0.000161750,0.170178,0.0,0.000000
0.000162000,0.170392,0.0,0.000000
0.000162250,0.170607,0.0,0.000000
0.000162500,0.170821,0.0,0.000000
0.000162750,0.171036,0.0,0.000000
0.000163000,0.171250,0.0,0.000000
0.000163250,0.171464,0.0,0.000000
0.000163500,0.171679,0.0,0.000000
0.000163750,0.171893,0.0,0.000000
0.000164000,0.172107,0.0,0.000000
0.000164250,0.172321,0.0,0.000000
0.000164500,0.172535,0.0,0.000000
0.000164750,0.172749,0.0,0.000000
0.000165000,0.172963,0.0,0.000000
0.000165250,0.173177,0.0,0.000000
0.000165500,0.173391,0.0,0.000000
0.000165750,0.173605,0.0,0.000000
0.000166000,0.173819,0.0,0.000000
0.000166250,0.174033,0.0,0.000000
0.000166500,0.174246,0.0,0.000000
0.000166750,0.174460,0.0,0.000000
0.000167000,0.174674,0.0,0.000000
0.000167250,0.174887,0.0,0.000000
0.000167500,0.175101,0.0,0.000000
0.000167750,0.175314,0.0,0.000000
0.000168000,0.175528,0.0,0.000000
0.000168250,0.175741,0.0,0.000000
0.000168500,0.175955,0.0,0.000000
0.000168750,0.176168,0.0,0.000000
0.000169000,0.176381,0.0,0.000000
0.000169250,0.176595,0.0,0.000000
0.000169500,0.176808,0.0,0.000000
0.000169750,0.177021,0.0,0.000000
0.000170000,0.177234,0.0,0.000000
0.000170250,0.177447,0.0,0.000000
0.000170500,0.177660,0.0,0.000000
0.000170750,0.177873,0.0,0.000000
0.000171000,0.178086,0.0,0.000000
0.000171250,0.178299,0.0,0.000000
0.000171500,0.178512,0.0,0.000000
0.000171750,0.178725,0.0,0.000000
0.000172000,0.178937,0.0,0.000000
0.000172250,0.179150,0.0,0.000000
0.000172500,0.179363,0.0,0.000000
0.000172750,0.179575,0.0,0.000000
0.000173000,0.179788,0.0,0.000000
0.000173250,0.180001,0.0,0.000000
0.000173500,0.180213,0.0,0.000000
0.000173750,0.180426,0.0,0.000000
0.000174000,0.180638,0.0,0.000000
0.000174250,0.180850,0.0,0.000000
0.000174500,0.181063,0.0,0.000000
0.000174750,0.181275,0.0,0.000000
0.000175000,0.181487,0.0,0.000000
0.000175250,0.181699,0.0,0.000000
0.000175500,0.181911,0.0,0.000000
0.000175750,0.182124,0.0,0.000000
0.000176000,0.182336,0.0,0.000000
0.000176250,0.182548,0.0,0.000000
0.000176500,0.182760,0.0,0.000000
0.000176750,0.182972,0.0,0.000000
0.000177000,0.183183,0.0,0.000000
0.000177250,0.183395,0.0,0.000000
0.000177500,0.183607,0.0,0.000000
0.000177750,0.183819,0.0,0.000000
0.000178000,0.184031,0.0,0.000000
0.000178250,0.184242,0.0,0.000000
0.000178500,0.184454,0.0,0.000000
0.000178750,0.184665,0.0,0.000000
0.000179000,0.184877,0.0,0.000000
0.000179250,0.185088,0.0,0.000000
0.000179500,0.185300,0.0,0.000000
0.000179750,0.185511,0.0,0.000000
0.000180000,0.185723,0.0,0.000000
0.000180250,0.185934,0.0,0.000000
0.000180500,0.186145,0.0,0.000000
0.000180750,0.186356,0.0,0.000000
0.000181000,0.186568,0.0,0.000000
0.000181250,0.186779,0.0,0.000000
0.000181500,0.186990,0.0,0.000000
0.000181750,0.187201,0.0,0.000000
0.000182000,0.187412,0.0,0.000000
0.000182250,0.187623,0.0,0.000000
0.000182500,0.187834,0.0,0.000000
0.000182750,0.188045,0.0,0.000000
0.000183000,0.188255,0.0,0.000000
0.000183250,0.188466,0.0,0.000000
0.000183500,0.188677,0.0,0.000000
0.000183750,0.188888,0.0,0.000000
0.000184000,0.189098,0.0,0.000000
0.000184250,0.189309,0.0,0.000000
0.000184500,0.189519,0.0,0.000000
0.000184750,0.189730,0.0,0.000000
0.000185000,0.189940,0.0,0.000000
0.000185250,0.190151,0.0,0.000000
0.000185500,0.190361,0.0,0.000000
0.000185750,0.190572,0.0,0.000000
0.000186000,0.190782,0.0,0.000000
0.000186250,0.190992,0.0,0.000000
0.000186500,0.191202,0.0,0.000000
0.000186750,0.191412,0.0,0.000000
0.000187000,0.191623,0.0,0.000000
0.000187250,0.191833,0.0,0.000000
0.000187500,0.192043,0.0,0.000000
0.000187750,0.192253,0.0,0.000000
0.000188000,0.192463,0.0,0.000000
0.000188250,0.192673,0.0,0.000000
0.000188500,0.192882,0.0,0.000000
0.000188750,0.193092,0.0,0.000000
0.000189000,0.193302,0.0,0.000000
0.000189250,0.193512,0.0,0.000000
0.000189500,0.193721,0.0,0.000000
0.000189750,0.193931,0.0,0.000000
0.000190000,0.194141,0.0,0.000000
0.000190250,0.194350,0.0,0.000000
0.000190500,0.194560,0.0,0.000000
0.000190750,0.194769,0.0,0.000000
0.000191000,0.194979,0.0,0.000000
0.000191250,0.195188,0.0,0.000000
0.000191500,0.195397,0.0,0.000000
0.000191750,0.195607,0.0,0.000000
0.000192000,0.195816,0.0,0.000000
0.000192250,0.196025,0.0,0.000000
0.000192500,0.196234,0.0,0.000000
0.000192750,0.196443,0.0,0.000000
0.000193000,0.196652,0.0,0.000000
0.000193250,0.196861,0.0,0.000000
0.000193500,0.197070,0.0,0.000000
0.000193750,0.197279,0.0,0.000000
0.000194000,0.197488,0.0,0.000000
0.000194250,0.197697,0.0,0.000000
0.000194500,0.197906,0.0,0.000000
0.000194750,0.198115,0.0,0.000000
0.000195000,0.198323,0.0,0.000000
0.000195250,0.198532,0.0,0.000000
0.000195500,0.198741,0.0,0.000000
0.000195750,0.198949,0.0,0.000000
0.000196000,0.199158,0.0,0.000000
0.000196250,0.199366,0.0,0.000000
0.000196500,0.199575,0.0,0.000000
0.000196750,0.199783,0.0,0.000000
0.000197000,0.199992,0.0,0.000000
0.000197250,0.200200,0.0,0.000000
0.000197500,0.200408,0.0,0.000000
0.000197750,0.200617,0.0,0.000000
0.000198000,0.200825,0.0,0.000000
0.000198250,0.201033,0.0,0.000000
0.000198500,0.201241,0.0,0.000000
0.000198750,0.201449,0.0,0.000000
0.000199000,0.201657,0.0,0.000000
0.000199250,0.201865,0.0,0.000000
0.000199500,0.202073,0.0,0.000000
0.000199750,0.202281,0.0,0.000000
0.000200000,0.202489,0.0,0.000000
0.000200250,0.202697,0.0,0.000000
0.000200500,0.202904,0.0,0.000000
0.000200750,0.203112,0.0,0.000000
0.000201000,0.203320,0.0,0.000000
0.000201250,0.203527,0.0,0.000000
0.000201500,0.203735,0.0,0.000000
0.000201750,0.203943,0.0,0.000000
0.000202000,0.204150,0.0,0.000000
0.000202250,0.204358,0.0,0.000000
0.000202500,0.204565,0.0,0.000000
0.000202750,0.204772,0.0,0.000000
0.000203000,0.204980,0.0,0.000000
0.000203250,0.205187,0.0,0.000000
0.000203500,0.205394,0.0,0.000000
0.000203750,0.205601,0.0,0.000000
0.000204000,0.205809,0.0,0.000000
0.000204250,0.206016,0.0,0.000000
0.000204500,0.206223,0.0,0.000000
0.000204750,0.206430,0.0,0.000000
0.000205000,0.206637,0.0,0.000000
0.000205250,0.206844,0.0,0.000000
0.000205500,0.207051,0.0,0.000000
0.000205750,0.207258,0.0,0.000000
0.000206000,0.207464,0.0,0.000000
0.000206250,0.207671,0.0,0.000000
0.000206500,0.207878,0.0,0.000000
0.000206750,0.208085,0.0,0.000000
0.000207000,0.208291,0.0,0.000000
0.000207250,0.208498,0.0,0.000000
0.000207500,0.208704,0.0,0.000000
0.000207750,0.208911,0.0,0.000000
0.000208000,0.209117,0.0,0.000000
0.000208250,0.209324,0.0,0.000000
0.000208500,0.209530,0.0,0.000000
0.000208750,0.209737,0.0,0.000000
0.000209000,0.209943,0.0,0.000000
0.000209250,0.210149,0.0,0.000000
0.000209500,0.210355,0.0,0.000000
0.000209750,0.210562,0.0,0.000000
0.000210000,0.210768,0.0,0.000000
0.000210250,0.210974,0.0,0.000000
0.000210500,0.211180,0.0,0.000000
0.000210750,0.211386,0.0,0.000000
0.000211000,0.211592,0.0,0.000000
0.000211250,0.211798,0.0,0.000000
0.000211500,0.212004,0.0,0.000000
0.000211750,0.212209,0.0,0.000000
0.000212000,0.212415,0.0,0.000000
0.000212250,0.212621,0.0,0.000000
0.000212500,0.212827,0.0,0.000000
0.000212750,0.213032,0.0,0.000000
0.000213000,0.213238,0.0,0.000000
0.000213250,0.213444,0.0,0.000000
0.000213500,0.213649,0.0,0.000000
0.000213750,0.213855,0.0,0.000000
0.000214000,0.214060,0.0,0.000000
0.000214250,0.214265,0.0,0.000000
0.000214500,0.214471,0.0,0.000000
0.000214750,0.214676,0.0,0.000000
0.000215000,0.214881,0.0,0.000000
0.000215250,0.215087,0.0,0.000000
0.000215500,0.215292,0.0,0.000000
0.000215750,0.215497,0.0,0.000000
0.000216000,0.215702,0.0,0.000000
0.000216250,0.215907,0.0,0.000000
0.000216500,0.216112,0.0,0.000000
0.000216750,0.216317,0.0,0.000000
0.000217000,0.216522,0.0,0.000000
0.000217250,0.216727,0.0,0.000000
0.000217500,0.216932,0.0,0.000000
0.000217750,0.217137,0.0,0.000000
0.000218000,0.217341,0.0,0.000000
0.000218250,0.217546,0.0,0.000000
0.000218500,0.217751,0.0,0.000000
0.000218750,0.217955,0.0,0.000000
0.000219000,0.218160,0.0,0.000000
0.000219250,0.218365,0.0,0.000000
0.000219500,0.218569,0.0,0.000000
0.000219750,0.218773,0.0,0.000000
0.000220000,0.218978,0.0,0.000000
0.000220250,0.219182,0.0,0.000000
0.000220500,0.219387,0.0,0.000000
0.000220750,0.219591,0.0,0.000000
0.000221000,0.219795,0.0,0.000000
0.000221250,0.219999,0.0,0.000000
0.000221500,0.220204,0.0,0.000000
0.000221750,0.220408,0.0,0.000000
0.000222000,0.220612,0.0,0.000000
0.000222250,0.220816,0.0,0.000000
0.000222500,0.221020,0.0,0.000000
0.000222750,0.221224,0.0,0.000000
0.000223000,0.221428,0.0,0.000000
0.000223250,0.221632,0.0,0.000000
0.000223500,0.221835,0.0,0.000000
0.000223750,0.222039,0.0,0.000000
0.000224000,0.222243,0.0,0.000000
0.000224250,0.222447,0.0,0.000000
0.000224500,0.222650,0.0,0.000000
0.000224750,0.222854,0.0,0.000000
0.000225000,0.223057,0.0,0.000000
0.000225250,0.223261,0.0,0.000000
0.000225500,0.223464,0.0,0.000000
0.000225750,0.223668,0.0,0.000000
0.000226000,0.223871,0.0,0.000000
0.000226250,0.224075,0.0,0.000000
0.000226500,0.224278,0.0,0.000000
0.000226750,0.224481,0.0,0.000000
0.000227000,0.224684,0.0,0.000000
0.000227250,0.224888,0.0,0.000000
0.000227500,0.225091,0.0,0.000000
0.000227750,0.225294,0.0,0.000000
0.000228000,0.225497,0.0,0.000000
0.000228250,0.225700,0.0,0.000000
0.000228500,0.225903,0.0,0.000000
0.000228750,0.226106,0.0,0.000000
0.000229000,0.226309,0.0,0.000000
0.000229250,0.226512,0.0,0.000000
0.000229500,0.226714,0.0,0.000000
0.000229750,0.226917,0.0,0.000000
0.000230000,0.227120,0.0,0.000000
0.000230250,0.227323,0.0,0.000000
0.000230500,0.227525,0.0,0.000000
0.000230750,0.227728,0.0,0.000000
0.000231000,0.227930,0.0,0.000000
0.000231250,0.228133,0.0,0.000000
0.000231500,0.228335,0.0,0.000000
0.000231750,0.228538,0.0,0.000000
0.000232000,0.228740,0.0,0.000000
0.000232250,0.228943,0.0,0.000000
0.000232500,0.229145,0.0,0.000000
0.000232750,0.229347,0.0,0.000000
0.000233000,0.229549,0.0,0.000000
0.000233250,0.229752,0.0,0.000000
0.000233500,0.229954,0.0,0.000000
0.000233750,0.230156,0.0,0.000000
0.000234000,0.230358,0.0,0.000000
0.000234250,0.230560,0.0,0.000000
0.000234500,0.230762,0.0,0.000000
0.000234750,0.230964,0.0,0.000000
0.000235000,0.231166,0.0,0.000000
0.000235250,0.231367,0.0,0.000000
0.000235500,0.231569,0.0,0.000000
0.000235750,0.231771,0.0,0.000000
0.000236000,0.231973,0.0,0.000000
0.000236250,0.232174,0.0,0.000000
0.000236500,0.232376,0.0,0.000000
0.000236750,0.232578,0.0,0.000000
0.000237000,0.232779,0.0,0.000000
0.000237250,0.232981,0.0,0.000000
0.000237500,0.233182,0.0,0.000000
0.000237750,0.233384,0.0,0.000000
0.000238000,0.233585,0.0,0.000000
0.000238250,0.233786,0.0,0.000000
0.000238500,0.233988,0.0,0.000000
0.000238750,0.234189,0.0,0.000000
0.000239000,0.234390,0.0,0.000000
0.000239250,0.234591,0.0,0.000000
0.000239500,0.234792,0.0,0.000000
0.000239750,0.234993,0.0,0.000000
0.000240000,0.235194,0.0,0.000000
0.000240250,0.235395,0.0,0.000000
0.000240500,0.235596,0.0,0.000000
0.000240750,0.235797,0.0,0.000000
0.000241000,0.235998,0.0,0.000000
0.000241250,0.236199,0.0,0.000000
0.000241500,0.236400,0.0,0.000000
0.000241750,0.236601,0.0,0.000000
0.000242000,0.236801,0.0,0.000000
0.000242250,0.237002,0.0,0.000000
0.000242500,0.237203,0.0,0.000000
0.000242750,0.237403,0.0,0.000000
0.000243000,0.237604,0.0,0.000000
0.000243250,0.237804,0.0,0.000000
0.000243500,0.238005,0.0,0.000000
0.000243750,0.238205,0.0,0.000000
0.000244000,0.238405,0.0,0.000000
0.000244250,0.238606,0.0,0.000000
0.000244500,0.238806,0.0,0.000000
0.000244750,0.239006,0.0,0.000000
0.000245000,0.239207,0.0,0.000000
0.000245250,0.239407,0.0,0.000000
0.000245500,0.239607,0.0,0.000000
0.000245750,0.239807,0.0,0.000000
0.000246000,0.240007,0.0,0.000000
0.000246250,0.240207,0.0,0.000000
0.000246500,0.240407,0.0,0.000000
0.000246750,0.240607,0.0,0.000000
0.000247000,0.240807,0.0,0.000000
0.000247250,0.241007,0.0,0.000000
0.000247500,0.241206,0.0,0.000000
0.000247750,0.241406,0.0,0.000000
0.000248000,0.241606,0.0,0.000000
0.000248250,0.241805,0.0,0.000000
0.000248500,0.242005,0.0,0.000000
0.000248750,0.242205,0.0,0.000000
0.000249000,0.242404,0.0,0.000000
0.000249250,0.242604,0.0,0.000000
0.000249500,0.242803,0.0,0.000000
0.000249750,0.243003,0.0,0.000000
0.000250000,0.243202,0.0,0.000000
0.000250250,0.243401,0.0,0.000000
0.000250500,0.243601,0.0,0.000000
0.000250750,0.243800,0.0,0.000000
0.000251000,0.243999,0.0,0.000000
0.000251250,0.244198,0.0,0.000000
0.000251500,0.244397,0.0,0.000000
0.000251750,0.244596,0.0,0.000000
0.000252000,0.244795,0.0,0.000000
0.000252250,0.244994,0.0,0.000000
0.000252500,0.245193,0.0,0.000000
0.000252750,0.245392,0.0,0.000000
0.000253000,0.245591,0.0,0.000000
0.000253250,0.245790,0.0,0.000000
0.000253500,0.245989,0.0,0.000000
0.000253750,0.246188,0.0,0.000000
0.000254000,0.246386,0.0,0.000000
0.000254250,0.246585,0.0,0.000000
0.000254500,0.246784,0.0,0.000000
0.000254750,0.246982,0.0,0.000000
0.000255000,0.247181,0.0,0.000000
0.000255250,0.247379,0.0,0.000000
0.000255500,0.247578,0.0,0.000000
0.000255750,0.247776,0.0,0.000000
0.000256000,0.247975,0.0,0.000000
0.000256250,0.248173,0.0,0.000000
0.000256500,0.248371,0.0,0.000000
0.000256750,0.248569,0.0,0.000000
0.000257000,0.248768,0.0,0.000000
0.000257250,0.248966,0.0,0.000000
0.000257500,0.249164,0.0,0.000000
0.000257750,0.249362,0.0,0.000000
0.000258000,0.249560,0.0,0.000000
0.000258250,0.249758,0.0,0.000000
0.000258500,0.249956,0.0,0.000000
0.000258750,0.250154,0.0,0.000000
0.000259000,0.250352,0.0,0.000000
0.000259250,0.250550,0.0,0.000000
0.000259500,0.250748,0.0,0.000000
0.000259750,0.250945,0.0,0.000000
0.000260000,0.251143,0.0,0.000000
0.000260250,0.251341,0.0,0.000000
0.000260500,0.251538,0.0,0.000000
0.000260750,0.251736,0.0,0.000000
0.000261000,0.251934,0.0,0.000000
0.000261250,0.252131,0.0,0.000000
0.000261500,0.252329,0.0,0.000000
0.000261750,0.252526,0.0,0.000000
0.000262000,0.252723,0.0,0.000000
0.000262250,0.252921,0.0,0.000000
0.000262500,0.253118,0.0,0.000000
0.000262750,0.253315,0.0,0.000000
0.000263000,0.253513,0.0,0.000000
0.000263250,0.253710,0.0,0.000000
0.000263500,0.253907,0.0,0.000000
0.000263750,0.254104,0.0,0.000000
0.000264000,0.254301,0.0,0.000000
0.000264250,0.254498,0.0,0.000000
0.000264500,0.254695,0.0,0.000000
0.000264750,0.254892,0.0,0.000000
0.000265000,0.255089,0.0,0.000000
0.000265250,0.255286,0.0,0.000000
0.000265500,0.255483,0.0,0.000000
0.000265750,0.255680,0.0,0.000000
0.000266000,0.255876,0.0,0.000000
0.000266250,0.256073,0.0,0.000000
0.000266500,0.256270,0.0,0.000000
0.000266750,0.256466,0.0,0.000000
0.000267000,0.256663,0.0,0.000000
0.000267250,0.256860,0.0,0.000000
0.000267500,0.257056,0.0,0.000000
0.000267750,0.257252,0.0,0.000000
0.000268000,0.257449,0.0,0.000000
0.000268250,0.257645,0.0,0.000000
0.000268500,0.257842,0.0,0.000000
0.000268750,0.258038,0.0,0.000000
0.000269000,0.258234,0.0,0.000000
0.000269250,0.258430,0.0,0.000000
0.000269500,0.258627,0.0,0.000000
0.000269750,0.258823,0.0,0.000000
0.000270000,0.259019,0.0,0.000000
0.000270250,0.259215,0.0,0.000000
0.000270500,0.259411,0.0,0.000000
0.000270750,0.259607,0.0,0.000000
0.000271000,0.259803,0.0,0.000000
0.000271250,0.259999,0.0,0.000000
0.000271500,0.260195,0.0,0.000000
0.000271750,0.260390,0.0,0.000000
0.000272000,0.260586,0.0,0.000000
0.000272250,0.260782,0.0,0.000000
0.000272500,0.260978,0.0,0.000000
0.000272750,0.261173,0.0,0.000000
0.000273000,0.261369,0.0,0.000000
0.000273250,0.261564,0.0,0.000000
0.000273500,0.261760,0.0,0.000000
0.000273750,0.261955,0.0,0.000000
0.000274000,0.262151,0.0,0.000000
0.000274250,0.262346,0.0,0.000000
0.000274500,0.262542,0.0,0.000000
0.000274750,0.262737,0.0,0.000000
0.000275000,0.262932,0.0,0.000000
0.000275250,0.263127,0.0,0.000000
0.000275500,0.263323,0.0,0.000000
0.000275750,0.263518,0.0,0.000000
0.000276000,0.263713,0.0,0.000000
0.000276250,0.263908,0.0,0.000000
0.000276500,0.264103,0.0,0.000000
0.000276750,0.264298,0.0,0.000000
0.000277000,0.264493,0.0,0.000000
0.000277250,0.264688,0.0,0.000000
0.000277500,0.264883,0.0,0.000000
0.000277750,0.265078,0.0,0.000000
0.000278000,0.265272,0.0,0.000000
0.000278250,0.265467,0.0,0.000000
0.000278500,0.265662,0.0,0.000000
0.000278750,0.265856,0.0,0.000000
0.000279000,0.266051,0.0,0.000000
0.000279250,0.266246,0.0,0.000000
0.000279500,0.266440,0.0,0.000000
0.000279750,0.266635,0.0,0.000000
0.000280000,0.266829,0.0,0.000000
0.000280250,0.267024,0.0,0.000000
0.000280500,0.267218,0.0,0.000000
0.000280750,0.267412,0.0,0.000000
0.000281000,0.267607,0.0,0.000000
0.000281250,0.267801,0.0,0.000000
0.000281500,0.267995,0.0,0.000000
0.000281750,0.268189,0.0,0.000000
0.000282000,0.268383,0.0,0.000000
0.000282250,0.268578,0.0,0.000000
0.000282500,0.268772,0.0,0.000000
0.000282750,0.268966,0.0,0.000000
0.000283000,0.269160,0.0,0.000000
0.000283250,0.269354,0.0,0.000000
0.000283500,0.269547,0.0,0.000000
0.000283750,0.269741,0.0,0.000000
0.000284000,0.269935,0.0,0.000000
0.000284250,0.270129,0.0,0.000000
0.000284500,0.270323,0.0,0.000000
0.000284750,0.270516,0.0,0.000000
0.000285000,0.270710,0.0,0.000000
0.000285250,0.270904,0.0,0.000000
0.000285500,0.271097,0.0,0.000000
0.000285750,0.271291,0.0,0.000000
0.000286000,0.271484,0.0,0.000000
0.000286250,0.271678,0.0,0.000000
0.000286500,0.271871,0.0,0.000000
0.000286750,0.272065,0.0,0.000000
0.000287000,0.272258,0.0,0.000000
0.000287250,0.272451,0.0,0.000000
0.000287500,0.272644,0.0,0.000000
0.000287750,0.272838,0.0,0.000000
0.000288000,0.273031,0.0,0.000000
0.000288250,0.273224,0.0,0.000000
0.000288500,0.273417,0.0,0.000000
0.000288750,0.273610,0.0,0.000000
0.000289000,0.273803,0.0,0.000000
0.000289250,0.273996,0.0,0.000000
0.000289500,0.274189,0.0,0.000000
0.000289750,0.274382,0.0,0.000000
0.000290000,0.274575,0.0,0.000000
0.000290250,0.274768,0.0,0.000000
0.000290500,0.274960,0.0,0.000000
0.000290750,0.275153,0.0,0.000000
0.000291000,0.275346,0.0,0.000000
0.000291250,0.275538,0.0,0.000000
0.000291500,0.275731,0.0,0.000000
0.000291750,0.275924,0.0,0.000000
0.000292000,0.276116,0.0,0.000000
0.000292250,0.276309,0.0,0.000000
0.000292500,0.276501,0.0,0.000000
0.000292750,0.276693,0.0,0.000000
0.000293000,0.276886,0.0,0.000000
0.000293250,0.277078,0.0,0.000000
0.000293500,0.277270,0.0,0.000000
0.000293750,0.277463,0.0,0.000000
0.000294000,0.277655,0.0,0.000000
0.000294250,0.277847,0.0,0.000000
0.000294500,0.278039,0.0,0.000000
0.000294750,0.278231,0.0,0.000000
0.000295000,0.278423,0.0,0.000000
0.000295250,0.278615,0.0,0.000000
0.000295500,0.278807,0.0,0.000000
0.000295750,0.278999,0.0,0.000000
0.000296000,0.279191,0.0,0.000000
0.000296250,0.279383,0.0,0.000000
0.000296500,0.279575,0.0,0.000000
0.000296750,0.279767,0.0,0.000000
0.000297000,0.279958,0.0,0.000000
0.000297250,0.280150,0.0,0.000000
0.000297500,0.280342,0.0,0.000000
0.000297750,0.280533,0.0,0.000000
0.000298000,0.280725,0.0,0.000000
0.000298250,0.280916,0.0,0.000000
0.000298500,0.281108,0.0,0.000000
0.000298750,0.281299,0.0,0.000000
0.000299000,0.281491,0.0,0.000000
0.000299250,0.281682,0.0,0.000000
0.000299500,0.281873,0.0,0.000000
0.000299750,0.282065,0.0,0.000000
0.000300000,0.282256,0.0,0.000000
0.000300250,0.282447,0.0,0.000000
0.000300500,0.282638,0.0,0.000000
0.000300750,0.282829,0.0,0.000000
0.000301000,0.283021,0.0,0.000000
0.000301250,0.283212,0.0,0.000000
0.000301500,0.283403,0.0,0.000000
0.000301750,0.283594,0.0,0.000000
0.000302000,0.283785,0.0,0.000000
0.000302250,0.283975,0.0,0.000000
0.000302500,0.284166,0.0,0.000000
0.000302750,0.284357,0.0,0.000000
0.000303000,0.284548,0.0,0.000000
0.000303250,0.284739,0.0,0.000000
0.000303500,0.284929,0.0,0.000000
0.000303750,0.285120,0.0,0.000000
0.000304000,0.285311,0.0,0.000000
0.000304250,0.285501,0.0,0.000000
0.000304500,0.285692,0.0,0.000000
0.000304750,0.285882,0.0,0.000000
0.000305000,0.286073,0.0,0.000000
0.000305250,0.286263,0.0,0.000000
0.000305500,0.286453,0.0,0.000000
0.000305750,0.286644,0.0,0.000000
0.000306000,0.286834,0.0,0.000000
0.000306250,0.287024,0.0,0.000000
0.000306500,0.287215,0.0,0.000000
0.000306750,0.287405,0.0,0.000000
0.000307000,0.287595,0.0,0.000000
0.000307250,0.287785,0.0,0.000000
0.000307500,0.287975,0.0,0.000000
0.000307750,0.288165,0.0,0.000000
0.000308000,0.288355,0.0,0.000000
0.000308250,0.288545,0.0,0.000000
0.000308500,0.288735,0.0,0.000000
0.000308750,0.288925,0.0,0.000000
0.000309000,0.289115,0.0,0.000000
0.000309250,0.289304,0.0,0.000000
0.000309500,0.289494,0.0,0.000000
0.000309750,0.289684,0.0,0.000000
0.000310000,0.289873,0.0,0.000000
0.000310250,0.290063,0.0,0.000000
0.000310500,0.290253,0.0,0.000000
0.000310750,0.290442,0.0,0.000000
0.000311000,0.290632,0.0,0.000000
0.000311250,0.290821,0.0,0.000000
0.000311500,0.291011,0.0,0.000000
0.000311750,0.291200,0.0,0.000000
0.000312000,0.291389,0.0,0.000000
0.000312250,0.291579,0.0,0.000000
0.000312500,0.291768,0.0,0.000000
0.000312750,0.291957,0.0,0.000000
0.000313000,0.292146,0.0,0.000000
0.000313250,0.292336,0.0,0.000000
0.000313500,0.292525,0.0,0.000000
0.000313750,0.292714,0.0,0.000000
0.000314000,0.292903,0.0,0.000000
0.000314250,0.293092,0.0,0.000000
0.000314500,0.293281,0.0,0.000000
0.000314750,0.293470,0.0,0.000000
0.000315000,0.293658,0.0,0.000000
0.000315250,0.293847,0.0,0.000000
0.000315500,0.294036,0.0,0.000000
0.000315750,0.294225,0.0,0.000000
0.000316000,0.294414,0.0,0.000000
0.000316250,0.294602,0.0,0.000000
0.000316500,0.294791,0.0,0.000000
0.000316750,0.294980,0.0,0.000000
0.000317000,0.295168,0.0,0.000000
0.000317250,0.295357,0.0,0.000000
0.000317500,0.295545,0.0,0.000000
0.000317750,0.295734,0.0,0.000000
0.000318000,0.295922,0.0,0.000000
0.000318250,0.296110,0.0,0.000000
0.000318500,0.296299,0.0,0.000000
0.000318750,0.296487,0.0,0.000000
0.000319000,0.296675,0.0,0.000000
0.000319250,0.296863,0.0,0.000000
0.000319500,0.297052,0.0,0.000000
0.000319750,0.297240,0.0,0.000000
0.000320000,0.297428,0.0,0.000000
0.000320250,0.297616,0.0,0.000000
0.000320500,0.297804,0.0,0.000000
0.000320750,0.297992,0.0,0.000000
0.000321000,0.298180,0.0,0.000000
0.000321250,0.298368,0.0,0.000000
0.000321500,0.298555,0.0,0.000000
0.000321750,0.298743,0.0,0.000000
0.000322000,0.298931,0.0,0.000000
0.000322250,0.299119,0.0,0.000000
0.000322500,0.299307,0.0,0.000000
0.000322750,0.299494,0.0,0.000000
0.000323000,0.299682,0.0,0.000000
0.000323250,0.299869,0.0,0.000000
0.000323500,0.300057,0.0,0.000000
0.000323750,0.300244,0.0,0.000000
0.000324000,0.300432,0.0,0.000000
0.000324250,0.300619,0.0,0.000000
0.000324500,0.300807,0.0,0.000000
0.000324750,0.300994,0.0,0.000000
0.000325000,0.301181,0.0,0.000000
0.000325250,0.301369,0.0,0.000000
0.000325500,0.301556,0.0,0.000000
0.000325750,0.301743,0.0,0.000000
0.000326000,0.301930,0.0,0.000000
0.000326250,0.302117,0.0,0.000000
0.000326500,0.302304,0.0,0.000000
0.000326750,0.302491,0.0,0.000000
0.000327000,0.302678,0.0,0.000000
0.000327250,0.302865,0.0,0.000000
0.000327500,0.303052,0.0,0.000000
0.000327750,0.303239,0.0,0.000000
0.000328000,0.303426,0.0,0.000000
0.000328250,0.303613,0.0,0.000000
0.000328500,0.303800,0.0,0.000000
0.000328750,0.303986,0.0,0.000000
0.000329000,0.304173,0.0,0.000000
0.000329250,0.304360,0.0,0.000000
0.000329500,0.304546,0.0,0.000000
0.000329750,0.304733,0.0,0.000000
0.000330000,0.304919,0.0,0.000000
0.000330250,0.305106,0.0,0.000000
0.000330500,0.305292,0.0,0.000000
0.000330750,0.305479,0.0,0.000000
0.000331000,0.305665,0.0,0.000000
0.000331250,0.305851,0.0,0.000000
0.000331500,0.306038,0.0,0.000000
0.000331750,0.306224,0.0,0.000000
0.000332000,0.306410,0.0,0.000000
0.000332250,0.306596,0.0,0.000000
0.000332500,0.306783,0.0,0.000000
0.000332750,0.306969,0.0,0.000000
0.000333000,0.307155,0.0,0.000000
0.000333250,0.307341,0.0,0.000000
0.000333500,0.307527,0.0,0.000000
0.000333750,0.307713,0.0,0.000000
0.000334000,0.307899,0.0,0.000000
0.000334250,0.308084,0.0,0.000000
0.000334500,0.308270,0.0,0.000000
0.000334750,0.308456,0.0,0.000000
0.000335000,0.308642,0.0,0.000000
0.000335250,0.308828,0.0,0.000000
0.000335500,0.309013,0.0,0.000000
0.000335750,0.309199,0.0,0.000000
0.000336000,0.309384,0.0,0.000000
0.000336250,0.309570,0.0,0.000000
0.000336500,0.309756,0.0,0.000000
0.000336750,0.309941,0.0,0.000000
0.000337000,0.310126,0.0,0.000000
0.000337250,0.310312,0.0,0.000000
0.000337500,0.310497,0.0,0.000000
0.000337750,0.310683,0.0,0.000000
0.000338000,0.310868,0.0,0.000000
0.000338250,0.311053,0.0,0.000000
0.000338500,0.311238,0.0,0.000000
0.000338750,0.311424,0.0,0.000000
0.000339000,0.311609,0.0,0.000000
0.000339250,0.311794,0.0,0.000000
0.000339500,0.311979,0.0,0.000000
0.000339750,0.312164,0.0,0.000000
0.000340000,0.312349,0.0,0.000000
0.000340250,0.312534,0.0,0.000000
0.000340500,0.312719,0.0,0.000000
0.000340750,0.312904,0.0,0.000000
0.000341000,0.313088,0.0,0.000000
0.000341250,0.313273,0.0,0.000000
0.000341500,0.313458,0.0,0.000000
0.000341750,0.313643,0.0,0.000000
0.000342000,0.313827,0.0,0.000000
0.000342250,0.314012,0.0,0.000000
0.000342500,0.314197,0.0,0.000000
0.000342750,0.314381,0.0,0.000000
0.000343000,0.314566,0.0,0.000000
0.000343250,0.314750,0.0,0.000000
0.000343500,0.314935,0.0,0.000000
0.000343750,0.315119,0.0,0.000000
0.000344000,0.315303,0.0,0.000000
0.000344250,0.315488,0.0,0.000000
0.000344500,0.315672,0.0,0.000000
0.000344750,0.315856,0.0,0.000000
0.000345000,0.316040,0.0,0.000000
0.000345250,0.316225,0.0,0.000000
0.000345500,0.316409,0.0,0.000000
0.000345750,0.316593,0.0,0.000000
0.000346000,0.316777,0.0,0.000000
0.000346250,0.316961,0.0,0.000000
0.000346500,0.317145,0.0,0.000000
0.000346750,0.317329,0.0,0.000000
0.000347000,0.317513,0.0,0.000000
0.000347250,0.317697,0.0,0.000000
0.000347500,0.317880,0.0,0.000000
0.000347750,0.318064,0.0,0.000000
0.000348000,0.318248,0.0,0.000000
0.000348250,0.318432,0.0,0.000000
0.000348500,0.318615,0.0,0.000000
0.000348750,0.318799,0.0,0.000000
0.000349000,0.318983,0.0,0.000000
0.000349250,0.319166,0.0,0.000000
0.000349500,0.319350,0.0,0.000000
0.000349750,0.319533,0.0,0.000000
0.000350000,0.319717,0.0,0.000000
0.000350250,0.319900,0.0,0.000000
0.000350500,0.320083,0.0,0.000000
0.000350750,0.320267,0.0,0.000000
0.000351000,0.320450,0.0,0.000000
0.000351250,0.320633,0.0,0.000000
0.000351500,0.320816,0.0,0.000000
0.000351750,0.321000,0.0,0.000000
0.000352000,0.321183,0.0,0.000000
0.000352250,0.321366,0.0,0.000000
0.000352500,0.321549,0.0,0.000000
0.000352750,0.321732,0.0,0.000000
0.000353000,0.321915,0.0,0.000000
0.000353250,0.322098,0.0,0.000000
0.000353500,0.322281,0.0,0.000000
0.000353750,0.322464,0.0,0.000000
0.000354000,0.322647,0.0,0.000000
0.000354250,0.322829,0.0,0.000000
0.000354500,0.323012,0.0,0.000000
0.000354750,0.323195,0.0,0.000000
0.000355000,0.323377,0.0,0.000000
0.000355250,0.323560,0.0,0.000000
0.000355500,0.323743,0.0,0.000000
0.000355750,0.323925,0.0,0.000000
0.000356000,0.324108,0.0,0.000000
0.000356250,0.324290,0.0,0.000000
0.000356500,0.324473,0.0,0.000000
0.000356750,0.324655,0.0,0.000000
0.000357000,0.324838,0.0,0.000000
0.000357250,0.325020,0.0,0.000000
0.000357500,0.325202,0.0,0.000000
0.000357750,0.325384,0.0,0.000000
0.000358000,0.325567,0.0,0.000000
0.000358250,0.325749,0.0,0.000000
0.000358500,0.325931,0.0,0.000000
0.000358750,0.326113,0.0,0.000000
0.000359000,0.326295,0.0,0.000000
0.000359250,0.326477,0.0,0.000000
0.000359500,0.326659,0.0,0.000000
0.000359750,0.326841,0.0,0.000000
0.000360000,0.327023,0.0,0.000000
0.000360250,0.327205,0.0,0.000000
0.000360500,0.327387,0.0,0.000000
0.000360750,0.327569,0.0,0.000000
0.000361000,0.327751,0.0,0.000000
0.000361250,0.327932,0.0,0.000000
0.000361500,0.328114,0.0,0.000000
0.000361750,0.328296,0.0,0.000000
0.000362000,0.328477,0.0,0.000000
0.000362250,0.328659,0.0,0.000000
0.000362500,0.328840,0.0,0.000000
0.000362750,0.329022,0.0,0.000000
0.000363000,0.329203,0.0,0.000000
0.000363250,0.329385,0.0,0.000000
0.000363500,0.329566,0.0,0.000000
0.000363750,0.329747,0.0,0.000000
0.000364000,0.329929,0.0,0.000000
0.000364250,0.330110,0.0,0.000000
0.000364500,0.330291,0.0,0.000000
0.000364750,0.330473,0.0,0.000000
0.000365000,0.330654,0.0,0.000000
0.000365250,0.330835,0.0,0.000000
0.000365500,0.331016,0.0,0.000000
0.000365750,0.331197,0.0,0.000000
0.000366000,0.331378,0.0,0.000000
0.000366250,0.331559,0.0,0.000000
0.000366500,0.331740,0.0,0.000000
0.000366750,0.331921,0.0,0.000000
0.000367000,0.332102,0.0,0.000000
0.000367250,0.332283,0.0,0.000000
0.000367500,0.332463,0.0,0.000000
0.000367750,0.332644,0.0,0.000000
0.000368000,0.332825,0.0,0.000000
0.000368250,0.333005,0.0,0.000000
0.000368500,0.333186,0.0,0.000000
0.000368750,0.333367,0.0,0.000000
0.000369000,0.333547,0.0,0.000000
0.000369250,0.333728,0.0,0.000000
0.000369500,0.333908,0.0,0.000000
0.000369750,0.334089,0.0,0.000000
0.000370000,0.334269,0.0,0.000000
0.000370250,0.334450,0.0,0.000000
0.000370500,0.334630,0.0,0.000000
0.000370750,0.334810,0.0,0.000000
0.000371000,0.334990,0.0,0.000000
0.000371250,0.335171,0.0,0.000000
0.000371500,0.335351,0.0,0.000000
0.000371750,0.335531,0.0,0.000000
0.000372000,0.335711,0.0,0.000000
0.000372250,0.335891,0.0,0.000000
0.000372500,0.336071,0.0,0.000000
0.000372750,0.336251,0.0,0.000000
0.000373000,0.336431,0.0,0.000000
0.000373250,0.336611,0.0,0.000000
0.000373500,0.336791,0.0,0.000000
0.000373750,0.336971,0.0,0.000000
0.000374000,0.337151,0.0,0.000000
0.000374250,0.337330,0.0,0.000000
0.000374500,0.337510,0.0,0.000000
0.000374750,0.337690,0.0,0.000000
0.000375000,0.337870,0.0,0.000000
0.000375250,0.338049,0.0,0.000000
0.000375500,0.338229,0.0,0.000000
0.000375750,0.338408,0.0,0.000000
0.000376000,0.338588,0.0,0.000000
0.000376250,0.338767,0.0,0.000000
0.000376500,0.338947,0.0,0.000000
0.000376750,0.339126,0.0,0.000000
0.000377000,0.339306,0.0,0.000000
0.000377250,0.339485,0.0,0.000000
0.000377500,0.339664,0.0,0.000000
0.000377750,0.339843,0.0,0.000000
0.000378000,0.340023,0.0,0.000000
0.000378250,0.340202,0.0,0.000000
0.000378500,0.340381,0.0,0.000000
0.000378750,0.340560,0.0,0.000000
0.000379000,0.340739,0.0,0.000000
0.000379250,0.340918,0.0,0.000000
0.000379500,0.341097,0.0,0.000000
0.000379750,0.341276,0.0,0.000000
0.000380000,0.341455,0.0,0.000000
0.000380250,0.341634,0.0,0.000000
0.000380500,0.341813,0.0,0.000000
0.000380750,0.341992,0.0,0.000000
0.000381000,0.342170,0.0,0.000000
0.000381250,0.342349,0.0,0.000000
0.000381500,0.342528,0.0,0.000000
0.000381750,0.342706,0.0,0.000000
0.000382000,0.342885,0.0,0.000000
0.000382250,0.343064,0.0,0.000000
0.000382500,0.343242,0.0,0.000000
0.000382750,0.343421,0.0,0.000000
0.000383000,0.343599,0.0,0.000000
0.000383250,0.343778,0.0,0.000000
0.000383500,0.343956,0.0,0.000000
0.000383750,0.344134,0.0,0.000000
0.000384000,0.344313,0.0,0.000000
0.000384250,0.344491,0.0,0.000000
0.000384500,0.344669,0.0,0.000000
0.000384750,0.344847,0.0,0.000000
0.000385000,0.345026,0.0,0.000000
0.000385250,0.345204,0.0,0.000000
0.000385500,0.345382,0.0,0.000000
0.000385750,0.345560,0.0,0.000000
0.000386000,0.345738,0.0,0.000000
0.000386250,0.345916,0.0,0.000000
0.000386500,0.346094,0.0,0.000000
0.000386750,0.346272,0.0,0.000000
0.000387000,0.346450,0.0,0.000000
0.000387250,0.346627,0.0,0.000000
0.000387500,0.346805,0.0,0.000000
0.000387750,0.346983,0.0,0.000000
0.000388000,0.347161,0.0,0.000000
0.000388250,0.347338,0.0,0.000000
0.000388500,0.347516,0.0,0.000000
0.000388750,0.347694,0.0,0.000000
0.000389000,0.347871,0.0,0.000000
0.000389250,0.348049,0.0,0.000000
0.000389500,0.348226,0.0,0.000000
0.000389750,0.348404,0.0,0.000000
0.000390000,0.348581,0.0,0.000000
0.000390250,0.348759,0.0,0.000000
0.000390500,0.348936,0.0,0.000000
0.000390750,0.349113,0.0,0.000000
0.000391000,0.349291,0.0,0.000000
0.000391250,0.349468,0.0,0.000000
0.000391500,0.349645,0.0,0.000000
0.000391750,0.349822,0.0,0.000000
0.000392000,0.349999,0.0,0.000000
0.000392250,0.350177,0.0,0.000000
0.000392500,0.350354,0.0,0.000000
0.000392750,0.350531,0.0,0.000000
0.000393000,0.350708,0.0,0.000000
0.000393250,0.350885,0.0,0.000000
0.000393500,0.351061,0.0,0.000000
0.000393750,0.351238,0.0,0.000000
0.000394000,0.351415,0.0,0.000000
0.000394250,0.351592,0.0,0.000000
0.000394500,0.351769,0.0,0.000000
0.000394750,0.351945,0.0,0.000000
0.000395000,0.352122,0.0,0.000000
0.000395250,0.352299,0.0,0.000000
0.000395500,0.352475,0.0,0.000000
0.000395750,0.352652,0.0,0.000000
0.000396000,0.352829,0.0,0.000000
0.000396250,0.353005,0.0,0.000000
0.000396500,0.353182,0.0,0.000000
0.000396750,0.353358,0.0,0.000000
0.000397000,0.353534,0.0,0.000000
0.000397250,0.353711,0.0,0.000000
0.000397500,0.353887,0.0,0.000000
0.000397750,0.354063,0.0,0.000000
0.000398000,0.354240,0.0,0.000000
0.000398250,0.354416,0.0,0.000000
0.000398500,0.354592,0.0,0.000000
0.000398750,0.354768,0.0,0.000000
0.000399000,0.354944,0.0,0.000000
0.000399250,0.355120,0.0,0.000000
0.000399500,0.355296,0.0,0.000000
0.000399750,0.355472,0.0,0.000000
0.000400000,0.355648,0.0,0.000000
0.000400250,0.355824,0.0,0.000000
0.000400500,0.356000,0.0,0.000000
0.000400750,0.356176,0.0,0.000000
0.000401000,0.356352,0.0,0.000000
0.000401250,0.356528,0.0,0.000000
0.000401500,0.356703,0.0,0.000000
0.000401750,0.356879,0.0,0.000000
0.000402000,0.357055,0.0,0.000000
0.000402250,0.357230,0.0,0.000000
0.000402500,0.357406,0.0,0.000000
0.000402750,0.357581,0.0,0.000000
0.000403000,0.357757,0.0,0.000000
0.000403250,0.357933,0.0,0.000000
0.000403500,0.358108,0.0,0.000000
0.000403750,0.358283,0.0,0.000000
0.000404000,0.358459,0.0,0.000000
0.000404250,0.358634,0.0,0.000000
0.000404500,0.358809,0.0,0.000000
0.000404750,0.358985,0.0,0.000000
0.000405000,0.359160,0.0,0.000000
0.000405250,0.359335,0.0,0.000000
0.000405500,0.359510,0.0,0.000000
0.000405750,0.359685,0.0,0.000000
0.000406000,0.359860,0.0,0.000000
0.000406250,0.360035,0.0,0.000000
0.000406500,0.360210,0.0,0.000000
0.000406750,0.360385,0.0,0.000000
0.000407000,0.360560,0.0,0.000000
0.000407250,0.360735,0.0,0.000000
0.000407500,0.360910,0.0,0.000000
0.000407750,0.361085,0.0,0.000000
0.000408000,0.361260,0.0,0.000000
0.000408250,0.361435,0.0,0.000000
0.000408500,0.361609,0.0,0.000000
0.000408750,0.361784,0.0,0.000000
0.000409000,0.361959,0.0,0.000000
0.000409250,0.362133,0.0,0.000000
0.000409500,0.362308,0.0,0.000000
0.000409750,0.362482,0.0,0.000000
0.000410000,0.362657,0.0,0.000000
0.000410250,0.362831,0.0,0.000000
0.000410500,0.363006,0.0,0.000000
0.000410750,0.363180,0.0,0.000000
0.000411000,0.363354,0.0,0.000000
0.000411250,0.363529,0.0,0.000000
0.000411500,0.363703,0.0,0.000000
0.000411750,0.363877,0.0,0.000000
0.000412000,0.364051,0.0,0.000000
0.000412250,0.364226,0.0,0.000000
0.000412500,0.364400,0.0,0.000000
0.000412750,0.364574,0.0,0.000000
0.000413000,0.364748,0.0,0.000000
0.000413250,0.364922,0.0,0.000000
0.000413500,0.365096,0.0,0.000000
0.000413750,0.365270,0.0,0.000000
0.000414000,0.365444,0.0,0.000000
0.000414250,0.365618,0.0,0.000000
0.000414500,0.365792,0.0,0.000000
0.000414750,0.365965,0.0,0.000000
0.000415000,0.366139,0.0,0.000000
0.000415250,0.366313,0.0,0.000000
0.000415500,0.366487,0.0,0.000000
0.000415750,0.366660,0.0,0.000000
0.000416000,0.366834,0.0,0.000000
0.000416250,0.367007,0.0,0.000000
0.000416500,0.367181,0.0,0.000000
0.000416750,0.367355,0.0,0.000000
0.000417000,0.367528,0.0,0.000000
0.000417250,0.367701,0.0,0.000000
0.000417500,0.367875,0.0,0.000000
0.000417750,0.368048,0.0,0.000000
0.000418000,0.368222,0.0,0.000000
0.000418250,0.368395,0.0,0.000000
0.000418500,0.368568,0.0,0.000000
0.000418750,0.368741,0.0,0.000000
0.000419000,0.368915,0.0,0.000000
0.000419250,0.369088,0.0,0.000000
0.000419500,0.369261,0.0,0.000000
0.000419750,0.369434,0.0,0.000000
0.000420000,0.369607,0.0,0.000000
0.000420250,0.369780,0.0,0.000000
0.000420500,0.369953,0.0,0.000000
0.000420750,0.370126,0.0,0.000000
0.000421000,0.370299,0.0,0.000000
0.000421250,0.370472,0.0,0.000000
0.000421500,0.370645,0.0,0.000000
0.000421750,0.370817,0.0,0.000000
0.000422000,0.370990,0.0,0.000000
0.000422250,0.371163,0.0,0.000000
0.000422500,0.371336,0.0,0.000000
0.000422750,0.371508,0.0,0.000000
0.000423000,0.371681,0.0,0.000000
0.000423250,0.371853,0.0,0.000000
0.000423500,0.372026,0.0,0.000000
0.000423750,0.372198,0.0,0.000000
0.000424000,0.372371,0.0,0.000000
0.000424250,0.372543,0.0,0.000000
0.000424500,0.372716,0.0,0.000000
0.000424750,0.372888,0.0,0.000000
0.000425000,0.373061,0.0,0.000000
0.000425250,0.373233,0.0,0.000000
0.000425500,0.373405,0.0,0.000000
0.000425750,0.373577,0.0,0.000000
0.000426000,0.373749,0.0,0.000000
0.000426250,0.373922,0.0,0.000000
0.000426500,0.374094,0.0,0.000000
0.000426750,0.374266,0.0,0.000000
0.000427000,0.374438,0.0,0.000000
0.000427250,0.374610,0.0,0.000000
0.000427500,0.374782,0.0,0.000000
0.000427750,0.374954,0.0,0.000000
0.000428000,0.375126,0.0,0.000000
0.000428250,0.375298,0.0,0.000000
0.000428500,0.375469,0.0,0.000000
0.000428750,0.375641,0.0,0.000000
0.000429000,0.375813,0.0,0.000000
0.000429250,0.375985,0.0,0.000000
0.000429500,0.376156,0.0,0.000000
0.000429750,0.376328,0.0,0.000000
0.000430000,0.376500,0.0,0.000000
0.000430250,0.376671,0.0,0.000000
0.000430500,0.376843,0.0,0.000000
0.000430750,0.377014,0.0,0.000000
0.000431000,0.377186,0.0,0.000000
0.000431250,0.377357,0.0,0.000000
0.000431500,0.377529,0.0,0.000000
0.000431750,0.377700,0.0,0.000000
0.000432000,0.377871,0.0,0.000000
0.000432250,0.378043,0.0,0.000000
0.000432500,0.378214,0.0,0.000000
0.000432750,0.378385,0.0,0.000000
0.000433000,0.378556,0.0,0.000000
0.000433250,0.378727,0.0,0.000000
0.000433500,0.378898,0.0,0.000000
0.000433750,0.379070,0.0,0.000000
0.000434000,0.379241,0.0,0.000000
0.000434250,0.379412,0.0,0.000000
0.000434500,0.379583,0.0,0.000000
0.000434750,0.379753,0.0,0.000000
0.000435000,0.379924,0.0,0.000000
0.000435250,0.380095,0.0,0.000000
0.000435500,0.380266,0.0,0.000000
0.000435750,0.380437,0.0,0.000000
0.000436000,0.380608,0.0,0.000000
0.000436250,0.380778,0.0,0.000000
0.000436500,0.380949,0.0,0.000000
0.000436750,0.381120,0.0,0.000000
0.000437000,0.381290,0.0,0.000000
0.000437250,0.381461,0.0,0.000000
0.000437500,0.381631,0.0,0.000000
0.000437750,0.381802,0.0,0.000000
0.000438000,0.381972,0.0,0.000000
0.000438250,0.382143,0.0,0.000000
0.000438500,0.382313,0.0,0.000000
0.000438750,0.382484,0.0,0.000000
0.000439000,0.382654,0.0,0.000000
0.000439250,0.382824,0.0,0.000000
0.000439500,0.382995,0.0,0.000000
0.000439750,0.383165,0.0,0.000000
0.000440000,0.383335,0.0,0.000000
0.000440250,0.383505,0.0,0.000000
0.000440500,0.383675,0.0,0.000000
0.000440750,0.383845,0.0,0.000000
0.000441000,0.384015,0.0,0.000000
0.000441250,0.384185,0.0,0.000000
0.000441500,0.384355,0.0,0.000000
0.000441750,0.384525,0.0,0.000000
0.000442000,0.384695,0.0,0.000000
0.000442250,0.384865,0.0,0.000000
0.000442500,0.385035,0.0,0.000000
0.000442750,0.385205,0.0,0.000000
0.000443000,0.385374,0.0,0.000000
0.000443250,0.385544,0.0,0.000000
0.000443500,0.385714,0.0,0.000000
0.000443750,0.385884,0.0,0.000000
0.000444000,0.386053,0.0,0.000000
0.000444250,0.386223,0.0,0.000000
0.000444500,0.386392,0.0,0.000000
0.000444750,0.386562,0.0,0.000000
0.000445000,0.386731,0.0,0.000000
0.000445250,0.386901,0.0,0.000000
0.000445500,0.387070,0.0,0.000000
0.000445750,0.387240,0.0,0.000000
0.000446000,0.387409,0.0,0.000000
0.000446250,0.387578,0.0,0.000000
0.000446500,0.387747,0.0,0.000000
0.000446750,0.387917,0.0,0.000000
0.000447000,0.388086,0.0,0.000000
0.000447250,0.388255,0.0,0.000000
0.000447500,0.388424,0.0,0.000000
0.000447750,0.388593,0.0,0.000000
0.000448000,0.388762,0.0,0.000000
0.000448250,0.388931,0.0,0.000000
0.000448500,0.389100,0.0,0.000000
0.000448750,0.389269,0.0,0.000000
0.000449000,0.389438,0.0,0.000000
0.000449250,0.389607,0.0,0.000000
0.000449500,0.389776,0.0,0.000000
0.000449750,0.389945,0.0,0.000000
0.000450000,0.390114,0.0,0.000000
0.000450250,0.390282,0.0,0.000000
0.000450500,0.390451,0.0,0.000000
0.000450750,0.390620,0.0,0.000000
0.000451000,0.390788,0.0,0.000000
0.000451250,0.390957,0.0,0.000000
0.000451500,0.391126,0.0,0.000000
0.000451750,0.391294,0.0,0.000000
0.000452000,0.391463,0.0,0.000000
0.000452250,0.391631,0.0,0.000000
0.000452500,0.391799,0.0,0.000000
0.000452750,0.391968,0.0,0.000000
0.000453000,0.392136,0.0,0.000000
0.000453250,0.392305,0.0,0.000000
0.000453500,0.392473,0.0,0.000000
0.000453750,0.392641,0.0,0.000000
0.000454000,0.392809,0.0,0.000000
0.000454250,0.392977,0.0,0.000000
0.000454500,0.393146,0.0,0.000000
0.000454750,0.393314,0.0,0.000000
0.000455000,0.393482,0.0,0.000000
0.000455250,0.393650,0.0,0.000000
0.000455500,0.393818,0.0,0.000000
0.000455750,0.393986,0.0,0.000000
0.000456000,0.394154,0.0,0.000000
0.000456250,0.394322,0.0,0.000000
0.000456500,0.394490,0.0,0.000000
0.000456750,0.394657,0.0,0.000000
0.000457000,0.394825,0.0,0.000000
0.000457250,0.394993,0.0,0.000000
0.000457500,0.395161,0.0,0.000000
0.000457750,0.395328,0.0,0.000000
0.000458000,0.395496,0.0,0.000000
0.000458250,0.395664,0.0,0.000000
0.000458500,0.395831,0.0,0.000000
0.000458750,0.395999,0.0,0.000000
0.000459000,0.396166,0.0,0.000000
0.000459250,0.396334,0.0,0.000000
0.000459500,0.396501,0.0,0.000000
0.000459750,0.396669,0.0,0.000000
0.000460000,0.396836,0.0,0.000000
0.000460250,0.397003,0.0,0.000000
0.000460500,0.397171,0.0,0.000000
0.000460750,0.397338,0.0,0.000000
0.000461000,0.397505,0.0,0.000000
0.000461250,0.397672,0.0,0.000000
0.000461500,0.397840,0.0,0.000000
0.000461750,0.398007,0.0,0.000000
0.000462000,0.398174,0.0,0.000000
0.000462250,0.398341,0.0,0.000000
0.000462500,0.398508,0.0,0.000000
0.000462750,0.398675,0.0,0.000000
0.000463000,0.398842,0.0,0.000000
0.000463250,0.399009,0.0,0.000000
0.000463500,0.399176,0.0,0.000000
0.000463750,0.399342,0.0,0.000000
0.000464000,0.399509,0.0,0.000000
0.000464250,0.399676,0.0,0.000000
0.000464500,0.399843,0.0,0.000000
0.000464750,0.400010,0.0,0.000000
0.000465000,0.400176,0.0,0.000000
0.000465250,0.400343,0.0,0.000000
0.000465500,0.400510,0.0,0.000000
0.000465750,0.400676,0.0,0.000000
0.000466000,0.400843,0.0,0.000000
0.000466250,0.401009,0.0,0.000000
0.000466500,0.401176,0.0,0.000000
0.000466750,0.401342,0.0,0.000000
0.000467000,0.401508,0.0,0.000000
0.000467250,0.401675,0.0,0.000000
0.000467500,0.401841,0.0,0.000000
0.000467750,0.402007,0.0,0.000000
0.000468000,0.402174,0.0,0.000000
0.000468250,0.402340,0.0,0.000000
0.000468500,0.402506,0.0,0.000000
0.000468750,0.402672,0.0,0.000000
0.000469000,0.402838,0.0,0.000000
0.000469250,0.403004,0.0,0.000000
0.000469500,0.403171,0.0,0.000000
0.000469750,0.403337,0.0,0.000000
0.000470000,0.403503,0.0,0.000000
0.000470250,0.403669,0.0,0.000000
0.000470500,0.403834,0.0,0.000000
0.000470750,0.404000,0.0,0.000000
0.000471000,0.404166,0.0,0.000000
0.000471250,0.404332,0.0,0.000000
0.000471500,0.404498,0.0,0.000000
0.000471750,0.404664,0.0,0.000000
0.000472000,0.404829,0.0,0.000000
0.000472250,0.404995,0.0,0.000000
0.000472500,0.405161,0.0,0.000000
0.000472750,0.405326,0.0,0.000000
0.000473000,0.405492,0.0,0.000000
0.000473250,0.405657,0.0,0.000000
0.000473500,0.405823,0.0,0.000000
0.000473750,0.405988,0.0,0.000000
0.000474000,0.406154,0.0,0.000000
0.000474250,0.406319,0.0,0.000000
0.000474500,0.406484,0.0,0.000000
0.000474750,0.406650,0.0,0.000000
0.000475000,0.406815,0.0,0.000000
0.000475250,0.406980,0.0,0.000000
0.000475500,0.407146,0.0,0.000000
0.000475750,0.407311,0.0,0.000000
0.000476000,0.407476,0.0,0.000000
0.000476250,0.407641,0.0,0.000000
0.000476500,0.407806,0.0,0.000000
0.000476750,0.407971,0.0,0.000000
0.000477000,0.408136,0.0,0.000000
0.000477250,0.408301,0.0,0.000000
0.000477500,0.408466,0.0,0.000000
0.000477750,0.408631,0.0,0.000000
0.000478000,0.408796,0.0,0.000000
0.000478250,0.408961,0.0,0.000000
0.000478500,0.409126,0.0,0.000000
0.000478750,0.409290,0.0,0.000000
0.000479000,0.409455,0.0,0.000000
0.000479250,0.409620,0.0,0.000000
0.000479500,0.409785,0.0,0.000000
0.000479750,0.409949,0.0,0.000000
0.000480000,0.410114,0.0,0.000000
0.000480250,0.410278,0.0,0.000000
0.000480500,0.410443,0.0,0.000000
0.000480750,0.410608,0.0,0.000000
0.000481000,0.410772,0.0,0.000000
0.000481250,0.410936,0.0,0.000000
0.000481500,0.411101,0.0,0.000000
0.000481750,0.411265,0.0,0.000000
0.000482000,0.411430,0.0,0.000000
0.000482250,0.411594,0.0,0.000000
0.000482500,0.411758,0.0,0.000000
0.000482750,0.411922,0.0,0.000000
0.000483000,0.412087,0.0,0.000000
0.000483250,0.412251,0.0,0.000000
0.000483500,0.412415,0.0,0.000000
0.000483750,0.412579,0.0,0.000000
0.000484000,0.412743,0.0,0.000000
0.000484250,0.412907,0.0,0.000000
0.000484500,0.413071,0.0,0.000000
0.000484750,0.413235,0.0,0.000000
0.000485000,0.413399,0.0,0.000000
0.000485250,0.413563,0.0,0.000000
0.000485500,0.413727,0.0,0.000000
0.000485750,0.413891,0.0,0.000000
0.000486000,0.414054,0.0,0.000000
0.000486250,0.414218,0.0,0.000000
0.000486500,0.414382,0.0,0.000000
0.000486750,0.414545,0.0,0.000000
0.000487000,0.414709,0.0,0.000000
0.000487250,0.414873,0.0,0.000000
0.000487500,0.415036,0.0,0.000000
0.000487750,0.415200,0.0,0.000000
0.000488000,0.415363,0.0,0.000000
0.000488250,0.415527,0.0,0.000000
0.000488500,0.415690,0.0,0.000000
0.000488750,0.415854,0.0,0.000000
0.000489000,0.416017,0.0,0.000000
0.000489250,0.416180,0.0,0.000000
0.000489500,0.416344,0.0,0.000000
0.000489750,0.416507,0.0,0.000000
0.000490000,0.416670,0.0,0.000000
0.000490250,0.416834,0.0,0.000000
0.000490500,0.416997,0.0,0.000000
0.000490750,0.417160,0.0,0.000000
0.000491000,0.417323,0.0,0.000000
0.000491250,0.417486,0.0,0.000000
0.000491500,0.417649,0.0,0.000000
0.000491750,0.417812,0.0,0.000000
0.000492000,0.417975,0.0,0.000000
0.000492250,0.418138,0.0,0.000000
0.000492500,0.418301,0.0,0.000000
0.000492750,0.418464,0.0,0.000000
0.000493000,0.418627,0.0,0.000000
0.000493250,0.418789,0.0,0.000000
0.000493500,0.418952,0.0,0.000000
0.000493750,0.419115,0.0,0.000000
0.000494000,0.419278,0.0,0.000000
0.000494250,0.419440,0.0,0.000000
0.000494500,0.419603,0.0,0.000000
0.000494750,0.419766,0.0,0.000000
0.000495000,0.419928,0.0,0.000000
0.000495250,0.420091,0.0,0.000000
0.000495500,0.420253,0.0,0.000000
0.000495750,0.420416,0.0,0.000000
0.000496000,0.420578,0.0,0.000000
0.000496250,0.420740,0.0,0.000000
0.000496500,0.420903,0.0,0.000000
0.000496750,0.421065,0.0,0.000000
0.000497000,0.421227,0.0,0.000000
0.000497250,0.421390,0.0,0.000000
0.000497500,0.421552,0.0,0.000000
0.000497750,0.421714,0.0,0.000000
0.000498000,0.421876,0.0,0.000000
0.000498250,0.422038,0.0,0.000000
0.000498500,0.422200,0.0,0.000000
0.000498750,0.422363,0.0,0.000000
0.000499000,0.422525,0.0,0.000000
0.000499250,0.422687,0.0,0.000000
0.000499500,0.422848,0.0,0.000000
0.000499750,0.423010,0.0,0.000000
0.000500000,0.423172,0.0,0.000000
0.000500250,0.423334,0.0,0.000000
0.000500500,0.423496,0.0,0.000000
0.000500750,0.423658,0.0,0.000000
0.000501000,0.423820,0.0,0.000000
0.000501250,0.423981,0.0,0.000000
0.000501500,0.424143,0.0,0.000000
0.000501750,0.424305,0.0,0.000000
0.000502000,0.424466,0.0,0.000000
0.000502250,0.424628,0.0,0.000000
0.000502500,0.424789,0.0,0.000000
0.000502750,0.424951,0.0,0.000000
0.000503000,0.425112,0.0,0.000000
0.000503250,0.425274,0.0,0.000000
0.000503500,0.425435,0.0,0.000000
0.000503750,0.425597,0.0,0.000000
0.000504000,0.425758,0.0,0.000000
0.000504250,0.425919,0.0,0.000000
0.000504500,0.426081,0.0,0.000000
0.000504750,0.426242,0.0,0.000000
0.000505000,0.426403,0.0,0.000000
0.000505250,0.426564,0.0,0.000000
0.000505500,0.426725,0.0,0.000000
0.000505750,0.426886,0.0,0.000000
0.000506000,0.427048,0.0,0.000000
0.000506250,0.427209,0.0,0.000000
0.000506500,0.427370,0.0,0.000000
0.000506750,0.427531,0.0,0.000000
0.000507000,0.427692,0.0,0.000000
0.000507250,0.427853,0.0,0.000000
0.000507500,0.428013,0.0,0.000000
0.000507750,0.428174,0.0,0.000000
0.000508000,0.428335,0.0,0.000000
0.000508250,0.428496,0.0,0.000000
0.000508500,0.428657,0.0,0.000000
0.000508750,0.428817,0.0,0.000000
0.000509000,0.428978,0.0,0.000000
0.000509250,0.429139,0.0,0.000000
0.000509500,0.429299,0.0,0.000000
0.000509750,0.429460,0.0,0.000000
0.000510000,0.429620,0.0,0.000000
0.000510250,0.429781,0.0,0.000000
0.000510500,0.429941,0.0,0.000000
0.000510750,0.430102,0.0,0.000000
0.000511000,0.430262,0.0,0.000000
0.000511250,0.430423,0.0,0.000000
0.000511500,0.430583,0.0,0.000000
0.000511750,0.430743,0.0,0.000000
0.000512000,0.430904,0.0,0.000000
0.000512250,0.431064,0.0,0.000000
0.000512500,0.431224,0.0,0.000000
0.000512750,0.431384,0.0,0.000000
0.000513000,0.431544,0.0,0.000000
0.000513250,0.431704,0.0,0.000000
0.000513500,0.431865,0.0,0.000000
0.000513750,0.432025,0.0,0.000000
0.000514000,0.432185,0.0,0.000000
0.000514250,0.432345,0.0,0.000000
0.000514500,0.432505,0.0,0.000000
0.000514750,0.432664,0.0,0.000000
0.000515000,0.432824,0.0,0.000000
0.000515250,0.432984,0.0,0.000000
0.000515500,0.433144,0.0,0.000000
0.000515750,0.433304,0.0,0.000000
0.000516000,0.433463,0.0,0.000000
0.000516250,0.433623,0.0,0.000000
0.000516500,0.433783,0.0,0.000000
0.000516750,0.433943,0.0,0.000000
0.000517000,0.434102,0.0,0.000000
0.000517250,0.434262,0.0,0.000000
0.000517500,0.434421,0.0,0.000000
0.000517750,0.434581,0.0,0.000000
0.000518000,0.434740,0.0,0.000000
0.000518250,0.434900,0.0,0.000000
0.000518500,0.435059,0.0,0.000000
0.000518750,0.435219,0.0,0.000000
0.000519000,0.435378,0.0,0.000000
0.000519250,0.435537,0.0,0.000000
0.000519500,0.435696,0.0,0.000000
0.000519750,0.435856,0.0,0.000000
0.000520000,0.436015,0.0,0.000000
0.000520250,0.436174,0.0,0.000000
0.000520500,0.436333,0.0,0.000000
0.000520750,0.436492,0.0,0.000000
0.000521000,0.436651,0.0,0.000000
0.000521250,0.436810,0.0,0.000000
0.000521500,0.436970,0.0,0.000000
0.000521750,0.437129,0.0,0.000000
0.000522000,0.437287,0.0,0.000000
0.000522250,0.437446,0.0,0.000000
0.000522500,0.437605,0.0,0.000000
0.000522750,0.437764,0.0,0.000000
0.000523000,0.437923,0.0,0.000000
0.000523250,0.438082,0.0,0.000000
0.000523500,0.438240,0.0,0.000000
0.000523750,0.438399,0.0,0.000000
0.000524000,0.438558,0.0,0.000000
0.000524250,0.438717,0.0,0.000000
0.000524500,0.438875,0.0,0.000000
0.000524750,0.439034,0.0,0.000000
0.000525000,0.439192,0.0,0.000000
0.000525250,0.439351,0.0,0.000000
0.000525500,0.439509,0.0,0.000000
0.000525750,0.439668,0.0,0.000000
0.000526000,0.439826,0.0,0.000000
0.000526250,0.439985,0.0,0.000000
0.000526500,0.440143,0.0,0.000000
0.000526750,0.440301,0.0,0.000000
0.000527000,0.440459,0.0,0.000000
0.000527250,0.440618,0.0,0.000000
0.000527500,0.440776,0.0,0.000000
0.000527750,0.440934,0.0,0.000000
0.000528000,0.441092,0.0,0.000000
0.000528250,0.441250,0.0,0.000000
0.000528500,0.441409,0.0,0.000000
0.000528750,0.441567,0.0,0.000000
0.000529000,0.441725,0.0,0.000000
0.000529250,0.441883,0.0,0.000000
0.000529500,0.442041,0.0,0.000000
0.000529750,0.442198,0.0,0.000000
0.000530000,0.442356,0.0,0.000000
0.000530250,0.442514,0.0,0.000000
0.000530500,0.442672,0.0,0.000000
0.000530750,0.442830,0.0,0.000000
0.000531000,0.442988,0.0,0.000000
0.000531250,0.443145,0.0,0.000000
0.000531500,0.443303,0.0,0.000000
0.000531750,0.443461,0.0,0.000000
0.000532000,0.443618,0.0,0.000000
0.000532250,0.443776,0.0,0.000000
0.000532500,0.443934,0.0,0.000000
0.000532750,0.444091,0.0,0.000000
0.000533000,0.444249,0.0,0.000000
0.000533250,0.444406,0.0,0.000000
0.000533500,0.444563,0.0,0.000000
0.000533750,0.444721,0.0,0.000000
0.000534000,0.444878,0.0,0.000000
0.000534250,0.445036,0.0,0.000000
0.000534500,0.445193,0.0,0.000000
0.000534750,0.445350,0.0,0.000000
0.000535000,0.445507,0.0,0.000000
0.000535250,0.445665,0.0,0.000000
0.000535500,0.445822,0.0,0.000000
0.000535750,0.445979,0.0,0.000000
0.000536000,0.446136,0.0,0.000000
0.000536250,0.446293,0.0,0.000000
0.000536500,0.446450,0.0,0.000000
0.000536750,0.446607,0.0,0.000000
0.000537000,0.446764,0.0,0.000000
0.000537250,0.446921,0.0,0.000000
0.000537500,0.447078,0.0,0.000000
0.000537750,0.447235,0.0,0.000000
0.000538000,0.447392,0.0,0.000000
0.000538250,0.447549,0.0,0.000000
0.000538500,0.447705,0.0,0.000000
0.000538750,0.447862,0.0,0.000000
0.000539000,0.448019,0.0,0.000000
0.000539250,0.448175,0.0,0.000000
0.000539500,0.448332,0.0,0.000000
0.000539750,0.448489,0.0,0.000000
0.000540000,0.448645,0.0,0.000000
0.000540250,0.448802,0.0,0.000000
0.000540500,0.448958,0.0,0.000000
0.000540750,0.449115,0.0,0.000000
0.000541000,0.449271,0.0,0.000000
0.000541250,0.449428,0.0,0.000000
0.000541500,0.449584,0.0,0.000000
0.000541750,0.449740,0.0,0.000000
0.000542000,0.449897,0.0,0.000000
0.000542250,0.450053,0.0,0.000000
0.000542500,0.450209,0.0,0.000000
0.000542750,0.450366,0.0,0.000000
0.000543000,0.450522,0.0,0.000000
0.000543250,0.450678,0.0,0.000000
0.000543500,0.450834,0.0,0.000000
0.000543750,0.450990,0.0,0.000000
0.000544000,0.451146,0.0,0.000000
0.000544250,0.451302,0.0,0.000000
0.000544500,0.451458,0.0,0.000000
0.000544750,0.451614,0.0,0.000000
0.000545000,0.451770,0.0,0.000000
0.000545250,0.451926,0.0,0.000000
0.000545500,0.452082,0.0,0.000000
0.000545750,0.452238,0.0,0.000000
0.000546000,0.452394,0.0,0.000000
0.000546250,0.452549,0.0,0.000000
0.000546500,0.452705,0.0,0.000000
0.000546750,0.452861,0.0,0.000000
0.000547000,0.453016,0.0,0.000000
0.000547250,0.453172,0.0,0.000000
0.000547500,0.453328,0.0,0.000000
0.000547750,0.453483,0.0,0.000000
0.000548000,0.453639,0.0,0.000000
0.000548250,0.453794,0.0,0.000000
0.000548500,0.453950,0.0,0.000000
0.000548750,0.454105,0.0,0.000000
0.000549000,0.454261,0.0,0.000000
0.000549250,0.454416,0.0,0.000000
0.000549500,0.454571,0.0,0.000000
0.000549750,0.454727,0.0,0.000000
0.000550000,0.454882,0.0,0.000000
0.000550250,0.455037,0.0,0.000000
0.000550500,0.455192,0.0,0.000000
0.000550750,0.455348,0.0,0.000000
0.000551000,0.455503,0.0,0.000000
0.000551250,0.455658,0.0,0.000000
0.000551500,0.455813,0.0,0.000000
0.000551750,0.455968,0.0,0.000000
0.000552000,0.456123,0.0,0.000000
0.000552250,0.456278,0.0,0.000000
0.000552500,0.456433,0.0,0.000000
0.000552750,0.456588,0.0,0.000000
0.000553000,0.456743,0.0,0.000000
0.000553250,0.456898,0.0,0.000000
0.000553500,0.457053,0.0,0.000000
0.000553750,0.457207,0.0,0.000000
0.000554000,0.457362,0.0,0.000000
0.000554250,0.457517,0.0,0.000000
0.000554500,0.457672,0.0,0.000000
0.000554750,0.457826,0.0,0.000000
0.000555000,0.457981,0.0,0.000000
0.000555250,0.458135,0.0,0.000000
0.000555500,0.458290,0.0,0.000000
0.000555750,0.458445,0.0,0.000000
0.000556000,0.458599,0.0,0.000000
0.000556250,0.458754,0.0,0.000000
0.000556500,0.458908,0.0,0.000000
0.000556750,0.459062,0.0,0.000000
0.000557000,0.459217,0.0,0.000000
0.000557250,0.459371,0.0,0.000000
0.000557500,0.459525,0.0,0.000000
0.000557750,0.459680,0.0,0.000000
0.000558000,0.459834,0.0,0.000000
0.000558250,0.459988,0.0,0.000000
0.000558500,0.460142,0.0,0.000000
0.000558750,0.460297,0.0,0.000000
0.000559000,0.460451,0.0,0.000000
0.000559250,0.460605,0.0,0.000000
0.000559500,0.460759,0.0,0.000000
0.000559750,0.460913,0.0,0.000000
0.000560000,0.461067,0.0,0.000000
0.000560250,0.461221,0.0,0.000000
0.000560500,0.461375,0.0,0.000000
0.000560750,0.461529,0.0,0.000000
0.000561000,0.461682,0.0,0.000000
0.000561250,0.461836,0.0,0.000000
0.000561500,0.461990,0.0,0.000000
0.000561750,0.462144,0.0,0.000000
0.000562000,0.462298,0.0,0.000000
0.000562250,0.462451,0.0,0.000000
0.000562500,0.462605,0.0,0.000000
0.000562750,0.462759,0.0,0.000000
0.000563000,0.462912,0.0,0.000000
0.000563250,0.463066,0.0,0.000000
0.000563500,0.463219,0.0,0.000000
0.000563750,0.463373,0.0,0.000000
0.000564000,0.463526,0.0,0.000000
0.000564250,0.463680,0.0,0.000000
0.000564500,0.463833,0.0,0.000000
0.000564750,0.463987,0.0,0.000000
0.000565000,0.464140,0.0,0.000000
0.000565250,0.464293,0.0,0.000000
0.000565500,0.464447,0.0,0.000000
0.000565750,0.464600,0.0,0.000000
0.000566000,0.464753,0.0,0.000000
0.000566250,0.464906,0.0,0.000000
0.000566500,0.465059,0.0,0.000000
0.000566750,0.465213,0.0,0.000000
0.000567000,0.465366,0.0,0.000000
0.000567250,0.465519,0.0,0.000000
0.000567500,0.465672,0.0,0.000000
0.000567750,0.465825,0.0,0.000000
0.000568000,0.465978,0.0,0.000000
0.000568250,0.466131,0.0,0.000000
0.000568500,0.466284,0.0,0.000000
0.000568750,0.466437,0.0,0.000000
0.000569000,0.466589,0.0,0.000000
0.000569250,0.466742,0.0,0.000000
0.000569500,0.466895,0.0,0.000000
0.000569750,0.467048,0.0,0.000000
0.000570000,0.467200,0.0,0.000000
0.000570250,0.467353,0.0,0.000000
0.000570500,0.467506,0.0,0.000000
0.000570750,0.467658,0.0,0.000000
0.000571000,0.467811,0.0,0.000000
0.000571250,0.467964,0.0,0.000000
0.000571500,0.468116,0.0,0.000000
0.000571750,0.468269,0.0,0.000000
0.000572000,0.468421,0.0,0.000000
0.000572250,0.468573,0.0,0.000000
0.000572500,0.468726,0.0,0.000000
0.000572750,0.468878,0.0,0.000000
0.000573000,0.469031,0.0,0.000000
0.000573250,0.469183,0.0,0.000000
0.000573500,0.469335,0.0,0.000000
0.000573750,0.469487,0.0,0.000000
0.000574000,0.469640,0.0,0.000000
0.000574250,0.469792,0.0,0.000000
0.000574500,0.469944,0.0,0.000000
0.000574750,0.470096,0.0,0.000000
0.000575000,0.470248,0.0,0.000000
0.000575250,0.470400,0.0,0.000000
0.000575500,0.470552,0.0,0.000000
0.000575750,0.470704,0.0,0.000000
0.000576000,0.470856,0.0,0.000000
0.000576250,0.471008,0.0,0.000000
0.000576500,0.471160,0.0,0.000000
0.000576750,0.471312,0.0,0.000000
0.000577000,0.471464,0.0,0.000000
0.000577250,0.471615,0.0,0.000000
0.000577500,0.471767,0.0,0.000000
0.000577750,0.471919,0.0,0.000000
0.000578000,0.472071,0.0,0.000000
0.000578250,0.472222,0.0,0.000000
0.000578500,0.472374,0.0,0.000000
0.000578750,0.472526,0.0,0.000000
0.000579000,0.472677,0.0,0.000000
0.000579250,0.472829,0.0,0.000000
0.000579500,0.472980,0.0,0.000000
0.000579750,0.473132,0.0,0.000000
0.000580000,0.473283,0.0,0.000000
0.000580250,0.473435,0.0,0.000000
0.000580500,0.473586,0.0,0.000000
0.000580750,0.473737,0.0,0.000000
0.000581000,0.473889,0.0,0.000000
0.000581250,0.474040,0.0,0.000000
0.000581500,0.474191,0.0,0.000000
0.000581750,0.474342,0.0,0.000000
0.000582000,0.474494,0.0,0.000000
0.000582250,0.474645,0.0,0.000000
0.000582500,0.474796,0.0,0.000000
0.000582750,0.474947,0.0,0.000000
0.000583000,0.475098,0.0,0.000000
0.000583250,0.475249,0.0,0.000000
0.000583500,0.475400,0.0,0.000000
0.000583750,0.475551,0.0,0.000000
0.000584000,0.475702,0.0,0.000000
0.000584250,0.475853,0.0,0.000000
0.000584500,0.476004,0.0,0.000000
0.000584750,0.476155,0.0,0.000000
0.000585000,0.476305,0.0,0.000000
0.000585250,0.476456,0.0,0.000000
0.000585500,0.476607,0.0,0.000000
0.000585750,0.476758,0.0,0.000000
0.000586000,0.476908,0.0,0.000000
0.000586250,0.477059,0.0,0.000000
0.000586500,0.477210,0.0,0.000000
0.000586750,0.477360,0.0,0.000000
0.000587000,0.477511,0.0,0.000000
0.000587250,0.477661,0.0,0.000000
0.000587500,0.477812,0.0,0.000000
0.000587750,0.477962,0.0,0.000000
0.000588000,0.478113,0.0,0.000000
0.000588250,0.478263,0.0,0.000000
0.000588500,0.478414,0.0,0.000000
0.000588750,0.478564,0.0,0.000000
0.000589000,0.478714,0.0,0.000000
0.000589250,0.478865,0.0,0.000000
0.000589500,0.479015,0.0,0.000000
0.000589750,0.479165,0.0,0.000000
0.000590000,0.479315,0.0,0.000000
0.000590250,0.479465,0.0,0.000000
0.000590500,0.479616,0.0,0.000000
0.000590750,0.479766,0.0,0.000000
0.000591000,0.479916,0.0,0.000000
0.000591250,0.480066,0.0,0.000000
0.000591500,0.480216,0.0,0.000000
0.000591750,0.480366,0.0,0.000000
0.000592000,0.480516,0.0,0.000000
0.000592250,0.480666,0.0,0.000000
0.000592500,0.480815,0.0,0.000000
0.000592750,0.480965,0.0,0.000000
0.000593000,0.481115,0.0,0.000000
0.000593250,0.481265,0.0,0.000000
0.000593500,0.481415,0.0,0.000000
0.000593750,0.481564,0.0,0.000000
0.000594000,0.481714,0.0,0.000000
0.000594250,0.481864,0.0,0.000000
0.000594500,0.482013,0.0,0.000000
0.000594750,0.482163,0.0,0.000000
0.000595000,0.482313,0.0,0.000000
0.000595250,0.482462,0.0,0.000000
0.000595500,0.482612,0.0,0.000000
0.000595750,0.482761,0.0,0.000000
0.000596000,0.482911,0.0,0.000000
0.000596250,0.483060,0.0,0.000000
0.000596500,0.483209,0.0,0.000000
0.000596750,0.483359,0.0,0.000000
0.000597000,0.483508,0.0,0.000000
0.000597250,0.483657,0.0,0.000000
0.000597500,0.483807,0.0,0.000000
0.000597750,0.483956,0.0,0.000000
0.000598000,0.484105,0.0,0.000000
0.000598250,0.484254,0.0,0.000000
0.000598500,0.484403,0.0,0.000000
0.000598750,0.484552,0.0,0.000000
0.000599000,0.484701,0.0,0.000000
0.000599250,0.484850,0.0,0.000000
0.000599500,0.484999,0.0,0.000000
0.000599750,0.485148,0.0,0.000000
0.000600000,0.485297,0.0,0.000000
0.000600250,0.485446,0.0,0.000000
0.000600500,0.485595,0.0,0.000000
0.000600750,0.485744,0.0,0.000000
0.000601000,0.485893,0.0,0.000000
0.000601250,0.486042,0.0,0.000000
0.000601500,0.486190,0.0,0.000000
0.000601750,0.486339,0.0,0.000000
0.000602000,0.486488,0.0,0.000000
0.000602250,0.486637,0.0,0.000000
0.000602500,0.486785,0.0,0.000000
0.000602750,0.486934,0.0,0.000000
0.000603000,0.487082,0.0,0.000000
0.000603250,0.487231,0.0,0.000000
0.000603500,0.487379,0.0,0.000000
0.000603750,0.487528,0.0,0.000000
0.000604000,0.487676,0.0,0.000000
0.000604250,0.487825,0.0,0.000000
0.000604500,0.487973,0.0,0.000000
0.000604750,0.488121,0.0,0.000000
0.000605000,0.488270,0.0,0.000000
0.000605250,0.488418,0.0,0.000000
0.000605500,0.488566,0.0,0.000000
0.000605750,0.488715,0.0,0.000000
0.000606000,0.488863,0.0,0.000000
0.000606250,0.489011,0.0,0.000000
0.000606500,0.489159,0.0,0.000000
0.000606750,0.489307,0.0,0.000000
0.000607000,0.489455,0.0,0.000000
0.000607250,0.489603,0.0,0.000000
0.000607500,0.489751,0.0,0.000000
0.000607750,0.489899,0.0,0.000000
0.000608000,0.490047,0.0,0.000000
0.000608250,0.490195,0.0,0.000000
0.000608500,0.490343,0.0,0.000000
0.000608750,0.490491,0.0,0.000000
0.000609000,0.490639,0.0,0.000000
0.000609250,0.490787,0.0,0.000000
0.000609500,0.490934,0.0,0.000000
0.000609750,0.491082,0.0,0.000000
0.000610000,0.491230,0.0,0.000000
0.000610250,0.491378,0.0,0.000000
0.000610500,0.491525,0.0,0.000000
0.000610750,0.491673,0.0,0.000000
0.000611000,0.491820,0.0,0.000000
0.000611250,0.491968,0.0,0.000000
0.000611500,0.492115,0.0,0.000000
0.000611750,0.492263,0.0,0.000000
0.000612000,0.492410,0.0,0.000000
0.000612250,0.492558,0.0,0.000000
0.000612500,0.492705,0.0,0.000000
0.000612750,0.492853,0.0,0.000000
0.000613000,0.493000,0.0,0.000000
0.000613250,0.493147,0.0,0.000000
0.000613500,0.493295,0.0,0.000000
0.000613750,0.493442,0.0,0.000000
0.000614000,0.493589,0.0,0.000000
0.000614250,0.493736,0.0,0.000000
0.000614500,0.493883,0.0,0.000000
0.000614750,0.494031,0.0,0.000000
0.000615000,0.494178,0.0,0.000000
0.000615250,0.494325,0.0,0.000000
0.000615500,0.494472,0.0,0.000000
0.000615750,0.494619,0.0,0.000000
0.000616000,0.494766,0.0,0.000000
0.000616250,0.494913,0.0,0.000000
0.000616500,0.495060,0.0,0.000000
0.000616750,0.495207,0.0,0.000000
0.000617000,0.495353,0.0,0.000000
0.000617250,0.495500,0.0,0.000000
0.000617500,0.495647,0.0,0.000000
0.000617750,0.495794,0.0,0.000000
0.000618000,0.495940,0.0,0.000000
0.000618250,0.496087,0.0,0.000000
0.000618500,0.496234,0.0,0.000000
0.000618750,0.496380,0.0,0.000000
0.000619000,0.496527,0.0,0.000000
0.000619250,0.496674,0.0,0.000000
0.000619500,0.496820,0.0,0.000000
0.000619750,0.496967,0.0,0.000000
0.000620000,0.497113,0.0,0.000000
0.000620250,0.497260,0.0,0.000000
0.000620500,0.497406,0.0,0.000000
0.000620750,0.497552,0.0,0.000000
0.000621000,0.497699,0.0,0.000000
0.000621250,0.497845,0.0,0.000000
0.000621500,0.497991,0.0,0.000000
0.000621750,0.498138,0.0,0.000000
0.000622000,0.498284,0.0,0.000000
0.000622250,0.498430,0.0,0.000000
0.000622500,0.498576,0.0,0.000000
0.000622750,0.498722,0.0,0.000000
0.000623000,0.498869,0.0,0.000000
0.000623250,0.499015,0.0,0.000000
0.000623500,0.499161,0.0,0.000000
0.000623750,0.499307,0.0,0.000000
0.000624000,0.499453,0.0,0.000000
0.000624250,0.499599,0.0,0.000000
0.000624500,0.499745,0.0,0.000000
0.000624750,0.499891,0.0,0.000000
0.000625000,0.500036,0.0,0.000000
0.000625250,0.500182,0.0,0.000000
0.000625500,0.500328,0.0,0.000000
0.000625750,0.500474,0.0,0.000000
0.000626000,0.500620,0.0,0.000000
0.000626250,0.500765,0.0,0.000000
0.000626500,0.500911,0.0,0.000000
0.000626750,0.501056,0.0,0.000000
0.000627000,0.501202,0.0,0.000000
0.000627250,0.501348,0.0,0.000000
0.000627500,0.501493,0.0,0.000000
0.000627750,0.501639,0.0,0.000000
0.000628000,0.501784,0.0,0.000000
0.000628250,0.501930,0.0,0.000000
0.000628500,0.502075,0.0,0.000000
0.000628750,0.502220,0.0,0.000000
0.000629000,0.502366,0.0,0.000000
0.000629250,0.502511,0.0,0.000000
0.000629500,0.502656,0.0,0.000000
0.000629750,0.502802,0.0,0.000000
0.000630000,0.502947,0.0,0.000000
0.000630250,0.503092,0.0,0.000000
0.000630500,0.503237,0.0,0.000000
0.000630750,0.503383,0.0,0.000000
0.000631000,0.503528,0.0,0.000000
0.000631250,0.503673,0.0,0.000000
0.000631500,0.503818,0.0,0.000000
0.000631750,0.503963,0.0,0.000000
0.000632000,0.504108,0.0,0.000000
0.000632250,0.504253,0.0,0.000000
0.000632500,0.504398,0.0,0.000000
0.000632750,0.504543,0.0,0.000000
0.000633000,0.504688,0.0,0.000000
0.000633250,0.504832,0.0,0.000000
0.000633500,0.504977,0.0,0.000000
0.000633750,0.505122,0.0,0.000000
0.000634000,0.505267,0.0,0.000000
0.000634250,0.505412,0.0,0.000000
0.000634500,0.505556,0.0,0.000000
0.000634750,0.505701,0.0,0.000000
0.000635000,0.505846,0.0,0.000000
0.000635250,0.505990,0.0,0.000000
0.000635500,0.506135,0.0,0.000000
0.000635750,0.506279,0.0,0.000000
0.000636000,0.506424,0.0,0.000000
0.000636250,0.506568,0.0,0.000000
0.000636500,0.506713,0.0,0.000000
0.000636750,0.506857,0.0,0.000000
0.000637000,0.507002,0.0,0.000000
0.000637250,0.507146,0.0,0.000000
0.000637500,0.507290,0.0,0.000000
0.000637750,0.507435,0.0,0.000000
0.000638000,0.507579,0.0,0.000000
0.000638250,0.507723,0.0,0.000000
0.000638500,0.507867,0.0,0.000000
0.000638750,0.508012,0.0,0.000000
0.000639000,0.508156,0.0,0.000000
0.000639250,0.508300,0.0,0.000000
0.000639500,0.508444,0.0,0.000000
0.000639750,0.508588,0.0,0.000000
0.000640000,0.508732,0.0,0.000000
0.000640250,0.508876,0.0,0.000000
0.000640500,0.509020,0.0,0.000000
0.000640750,0.509164,0.0,0.000000
0.000641000,0.509308,0.0,0.000000
0.000641250,0.509452,0.0,0.000000
0.000641500,0.509596,0.0,0.000000
0.000641750,0.509739,0.0,0.000000
0.000642000,0.509883,0.0,0.000000
0.000642250,0.510027,0.0,0.000000
0.000642500,0.510171,0.0,0.000000
0.000642750,0.510314,0.0,0.000000
0.000643000,0.510458,0.0,0.000000
0.000643250,0.510602,0.0,0.000000
0.000643500,0.510745,0.0,0.000000
0.000643750,0.510889,0.0,0.000000
0.000644000,0.511032,0.0,0.000000
0.000644250,0.511176,0.0,0.000000
0.000644500,0.511319,0.0,0.000000
0.000644750,0.511463,0.0,0.000000
0.000645000,0.511606,0.0,0.000000
0.000645250,0.511750,0.0,0.000000
0.000645500,0.511893,0.0,0.000000
0.000645750,0.512036,0.0,0.000000
0.000646000,0.512180,0.0,0.000000
0.000646250,0.512323,0.0,0.000000
0.000646500,0.512466,0.0,0.000000
0.000646750,0.512609,0.0,0.000000
0.000647000,0.512752,0.0,0.000000
0.000647250,0.512896,0.0,0.000000
0.000647500,0.513039,0.0,0.000000
0.000647750,0.513182,0.0,0.000000
0.000648000,0.513325,0.0,0.000000
0.000648250,0.513468,0.0,0.000000
0.000648500,0.513611,0.0,0.000000
0.000648750,0.513754,0.0,0.000000
0.000649000,0.513897,0.0,0.000000
0.000649250,0.514040,0.0,0.000000
0.000649500,0.514183,0.0,0.000000
0.000649750,0.514326,0.0,0.000000
0.000650000,0.514468,0.0,0.000000
0.000650250,0.514611,0.0,0.000000
0.000650500,0.514754,0.0,0.000000
0.000650750,0.514897,0.0,0.000000
0.000651000,0.515039,0.0,0.000000
0.000651250,0.515182,0.0,0.000000
0.000651500,0.515325,0.0,0.000000
0.000651750,0.515467,0.0,0.000000
0.000652000,0.515610,0.0,0.000000
0.000652250,0.515752,0.0,0.000000
0.000652500,0.515895,0.0,0.000000
0.000652750,0.516038,0.0,0.000000
0.000653000,0.516180,0.0,0.000000
0.000653250,0.516322,0.0,0.000000
0.000653500,0.516465,0.0,0.000000
0.000653750,0.516607,0.0,0.000000
0.000654000,0.516750,0.0,0.000000
0.000654250,0.516892,0.0,0.000000
0.000654500,0.517034,0.0,0.000000
0.000654750,0.517176,0.0,0.000000
0.000655000,0.517319,0.0,0.000000
0.000655250,0.517461,0.0,0.000000
0.000655500,0.517603,0.0,0.000000
0.000655750,0.517745,0.0,0.000000
0.000656000,0.517887,0.0,0.000000
0.000656250,0.518029,0.0,0.000000
0.000656500,0.518171,0.0,0.000000
0.000656750,0.518313,0.0,0.000000
0.000657000,0.518455,0.0,0.000000
0.000657250,0.518597,0.0,0.000000
0.000657500,0.518739,0.0,0.000000
0.000657750,0.518881,0.0,0.000000
0.000658000,0.519023,0.0,0.000000
0.000658250,0.519165,0.0,0.000000
0.000658500,0.519307,0.0,0.000000
0.000658750,0.519449,0.0,0.000000
0.000659000,0.519591,0.0,0.000000
0.000659250,0.519732,0.0,0.000000
0.000659500,0.519874,0.0,0.000000
0.000659750,0.520016,0.0,0.000000
0.000660000,0.520157,0.0,0.000000
0.000660250,0.520299,0.0,0.000000
0.000660500,0.520441,0.0,0.000000
0.000660750,0.520582,0.0,0.000000
0.000661000,0.520724,0.0,0.000000
0.000661250,0.520865,0.0,0.000000
0.000661500,0.521007,0.0,0.000000
0.000661750,0.521148,0.0,0.000000
0.000662000,0.521290,0.0,0.000000
0.000662250,0.521431,0.0,0.000000
0.000662500,0.521572,0.0,0.000000
0.000662750,0.521714,0.0,0.000000
0.000663000,0.521855,0.0,0.000000
0.000663250,0.521996,0.0,0.000000
0.000663500,0.522138,0.0,0.000000
0.000663750,0.522279,0.0,0.000000
0.000664000,0.522420,0.0,0.000000
0.000664250,0.522561,0.0,0.000000
0.000664500,0.522702,0.0,0.000000
0.000664750,0.522843,0.0,0.000000
0.000665000,0.522984,0.0,0.000000
0.000665250,0.523125,0.0,0.000000
0.000665500,0.523266,0.0,0.000000
0.000665750,0.523407,0.0,0.000000
0.000666000,0.523548,0.0,0.000000
0.000666250,0.523689,0.0,0.000000
0.000666500,0.523830,0.0,0.000000
0.000666750,0.523971,0.0,0.000000
0.000667000,0.524112,0.0,0.000000
0.000667250,0.524253,0.0,0.000000
0.000667500,0.524393,0.0,0.000000
0.000667750,0.524534,0.0,0.000000
0.000668000,0.524675,0.0,0.000000
0.000668250,0.524816,0.0,0.000000
0.000668500,0.524956,0.0,0.000000
0.000668750,0.525097,0.0,0.000000
0.000669000,0.525238,0.0,0.000000
0.000669250,0.525378,0.0,0.000000
0.000669500,0.525519,0.0,0.000000
0.000669750,0.525659,0.0,0.000000
0.000670000,0.525800,0.0,0.000000
0.000670250,0.525940,0.0,0.000000
0.000670500,0.526080,0.0,0.000000
0.000670750,0.526221,0.0,0.000000
0.000671000,0.526361,0.0,0.000000
0.000671250,0.526501,0.0,0.000000
0.000671500,0.526642,0.0,0.000000
0.000671750,0.526782,0.0,0.000000
0.000672000,0.526922,0.0,0.000000
0.000672250,0.527062,0.0,0.000000
0.000672500,0.527203,0.0,0.000000
0.000672750,0.527343,0.0,0.000000
0.000673000,0.527483,0.0,0.000000
0.000673250,0.527623,0.0,0.000000
0.000673500,0.527763,0.0,0.000000
0.000673750,0.527903,0.0,0.000000
0.000674000,0.528043,0.0,0.000000
0.000674250,0.528183,0.0,0.000000
0.000674500,0.528323,0.0,0.000000
0.000674750,0.528463,0.0,0.000000
0.000675000,0.528603,0.0,0.000000
0.000675250,0.528743,0.0,0.000000
0.000675500,0.528883,0.0,0.000000
0.000675750,0.529022,0.0,0.000000
0.000676000,0.529162,0.0,0.000000
0.000676250,0.529302,0.0,0.000000
0.000676500,0.529442,0.0,0.000000
0.000676750,0.529581,0.0,0.000000
0.000677000,0.529721,0.0,0.000000
0.000677250,0.529861,0.0,0.000000
0.000677500,0.530000,0.0,0.000000
0.000677750,0.530140,0.0,0.000000
0.000678000,0.530279,0.0,0.000000
0.000678250,0.530419,0.0,0.000000
0.000678500,0.530558,0.0,0.000000
0.000678750,0.530698,0.0,0.000000
0.000679000,0.530837,0.0,0.000000
0.000679250,0.530977,0.0,0.000000
0.000679500,0.531116,0.0,0.000000
0.000679750,0.531255,0.0,0.000000
0.000680000,0.531395,0.0,0.000000
0.000680250,0.531534,0.0,0.000000
0.000680500,0.531673,0.0,0.000000
0.000680750,0.531812,0.0,0.000000
0.000681000,0.531952,0.0,0.000000
0.000681250,0.532091,0.0,0.000000
0.000681500,0.532230,0.0,0.000000
0.000681750,0.532369,0.0,0.000000
0.000682000,0.532508,0.0,0.000000
0.000682250,0.532647,0.0,0.000000
0.000682500,0.532786,0.0,0.000000
0.000682750,0.532925,0.0,0.000000
0.000683000,0.533064,0.0,0.000000
0.000683250,0.533203,0.0,0.000000
0.000683500,0.533342,0.0,0.000000
0.000683750,0.533481,0.0,0.000000
0.000684000,0.533620,0.0,0.000000
0.000684250,0.533758,0.0,0.000000
0.000684500,0.533897,0.0,0.000000
0.000684750,0.534036,0.0,0.000000
0.000685000,0.534175,0.0,0.000000
0.000685250,0.534313,0.0,0.000000
0.000685500,0.534452,0.0,0.000000
0.000685750,0.534591,0.0,0.000000
0.000686000,0.534729,0.0,0.000000
0.000686250,0.534868,0.0,0.000000
0.000686500,0.535007,0.0,0.000000
0.000686750,0.535145,0.0,0.000000
0.000687000,0.535284,0.0,0.000000
0.000687250,0.535422,0.0,0.000000
0.000687500,0.535561,0.0,0.000000
0.000687750,0.535699,0.0,0.000000
0.000688000,0.535837,0.0,0.000000
0.000688250,0.535976,0.0,0.000000
0.000688500,0.536114,0.0,0.000000
0.000688750,0.536252,0.0,0.000000
0.000689000,0.536391,0.0,0.000000
0.000689250,0.536529,0.0,0.000000
0.000689500,0.536667,0.0,0.000000
0.000689750,0.536805,0.0,0.000000
0.000690000,0.536943,0.0,0.000000
0.000690250,0.537082,0.0,0.000000
0.000690500,0.537220,0.0,0.000000
0.000690750,0.537358,0.0,0.000000
0.000691000,0.537496,0.0,0.000000
0.000691250,0.537634,0.0,0.000000
0.000691500,0.537772,0.0,0.000000
0.000691750,0.537910,0.0,0.000000
0.000692000,0.538048,0.0,0.000000
0.000692250,0.538185,0.0,0.000000
0.000692500,0.538323,0.0,0.000000
0.000692750,0.538461,0.0,0.000000
0.000693000,0.538599,0.0,0.000000
0.000693250,0.538737,0.0,0.000000
0.000693500,0.538875,0.0,0.000000
0.000693750,0.539012,0.0,0.000000
0.000694000,0.539150,0.0,0.000000
0.000694250,0.539288,0.0,0.000000
0.000694500,0.539425,0.0,0.000000
0.000694750,0.539563,0.0,0.000000
0.000695000,0.539701,0.0,0.000000
0.000695250,0.539838,0.0,0.000000
0.000695500,0.539976,0.0,0.000000
0.000695750,0.540113,0.0,0.000000
0.000696000,0.540251,0.0,0.000000
0.000696250,0.540388,0.0,0.000000
0.000696500,0.540525,0.0,0.000000
0.000696750,0.540663,0.0,0.000000
0.000697000,0.540800,0.0,0.000000
0.000697250,0.540937,0.0,0.000000
0.000697500,0.541075,0.0,0.000000
0.000697750,0.541212,0.0,0.000000
0.000698000,0.541349,0.0,0.000000
0.000698250,0.541486,0.0,0.000000
0.000698500,0.541624,0.0,0.000000
0.000698750,0.541761,0.0,0.000000
0.000699000,0.541898,0.0,0.000000
0.000699250,0.542035,0.0,0.000000
0.000699500,0.542172,0.0,0.000000
0.000699750,0.542309,0.0,0.000000
0.000700000,0.542446,0.0,0.000000
0.000700250,0.542583,0.0,0.000000
0.000700500,0.542720,0.0,0.000000
0.000700750,0.542857,0.0,0.000000
0.000701000,0.542994,0.0,0.000000
0.000701250,0.543131,0.0,0.000000
0.000701500,0.543268,0.0,0.000000
0.000701750,0.543404,0.0,0.000000
0.000702000,0.543541,0.0,0.000000
0.000702250,0.543678,0.0,0.000000
0.000702500,0.543815,0.0,0.000000
0.000702750,0.543951,0.0,0.000000
0.000703000,0.544088,0.0,0.000000
0.000703250,0.544225,0.0,0.000000
0.000703500,0.544361,0.0,0.000000
0.000703750,0.544498,0.0,0.000000
0.000704000,0.544634,0.0,0.000000
0.000704250,0.544771,0.0,0.000000
0.000704500,0.544907,0.0,0.000000
0.000704750,0.545044,0.0,0.000000
0.000705000,0.545180,0.0,0.000000
0.000705250,0.545317,0.0,0.000000
0.000705500,0.545453,0.0,0.000000
0.000705750,0.545590,0.0,0.000000
0.000706000,0.545726,0.0,0.000000
0.000706250,0.545862,0.0,0.000000
0.000706500,0.545998,0.0,0.000000
0.000706750,0.546135,0.0,0.000000
0.000707000,0.546271,0.0,0.000000
0.000707250,0.546407,0.0,0.000000
0.000707500,0.546543,0.0,0.000000
0.000707750,0.546679,0.0,0.000000
0.000708000,0.546815,0.0,0.000000
0.000708250,0.546951,0.0,0.000000
0.000708500,0.547087,0.0,0.000000
0.000708750,0.547224,0.0,0.000000
0.000709000,0.547359,0.0,0.000000
0.000709250,0.547495,0.0,0.000000
0.000709500,0.547631,0.0,0.000000
0.000709750,0.547767,0.0,0.000000
0.000710000,0.547903,0.0,0.000000
0.000710250,0.548039,0.0,0.000000
0.000710500,0.548175,0.0,0.000000
0.000710750,0.548311,0.0,0.000000
0.000711000,0.548446,0.0,0.000000
0.000711250,0.548582,0.0,0.000000
0.000711500,0.548718,0.0,0.000000
0.000711750,0.548854,0.0,0.000000
0.000712000,0.548989,0.0,0.000000
0.000712250,0.549125,0.0,0.000000
0.000712500,0.549260,0.0,0.000000
0.000712750,0.549396,0.0,0.000000
0.000713000,0.549531,0.0,0.000000
0.000713250,0.549667,0.0,0.000000
0.000713500,0.549802,0.0,0.000000
0.000713750,0.549938,0.0,0.000000
0.000714000,0.550073,0.0,0.000000
0.000714250,0.550209,0.0,0.000000
0.000714500,0.550344,0.0,0.000000
0.000714750,0.550479,0.0,0.000000
0.000715000,0.550615,0.0,0.000000
0.000715250,0.550750,0.0,0.000000
0.000715500,0.550885,0.0,0.000000
0.000715750,0.551020,0.0,0.000000
0.000716000,0.551156,0.0,0.000000
0.000716250,0.551291,0.0,0.000000
0.000716500,0.551426,0.0,0.000000
0.000716750,0.551561,0.0,0.000000
0.000717000,0.551696,0.0,0.000000
0.000717250,0.551831,0.0,0.000000
0.000717500,0.551966,0.0,0.000000
0.000717750,0.552101,0.0,0.000000
0.000718000,0.552236,0.0,0.000000
0.000718250,0.552371,0.0,0.000000
0.000718500,0.552506,0.0,0.000000
0.000718750,0.552641,0.0,0.000000
0.000719000,0.552776,0.0,0.000000
0.000719250,0.552911,0.0,0.000000
0.000719500,0.553045,0.0,0.000000
0.000719750,0.553180,0.0,0.000000
0.000720000,0.553315,0.0,0.000000
0.000720250,0.553450,0.0,0.000000
0.000720500,0.553584,0.0,0.000000
0.000720750,0.553719,0.0,0.000000
0.000721000,0.553854,0.0,0.000000
0.000721250,0.553988,0.0,0.000000
0.000721500,0.554123,0.0,0.000000
0.000721750,0.554257,0.0,0.000000
0.000722000,0.554392,0.0,0.000000
0.000722250,0.554526,0.0,0.000000
0.000722500,0.554661,0.0,0.000000
0.000722750,0.554795,0.0,0.000000
0.000723000,0.554930,0.0,0.000000
0.000723250,0.555064,0.0,0.000000
0.000723500,0.555198,0.0,0.000000
0.000723750,0.555333,0.0,0.000000
0.000724000,0.555467,0.0,0.000000
0.000724250,0.555601,0.0,0.000000
0.000724500,0.555736,0.0,0.000000
0.000724750,0.555870,0.0,0.000000
0.000725000,0.556004,0.0,0.000000
0.000725250,0.556138,0.0,0.000000
0.000725500,0.556272,0.0,0.000000
0.000725750,0.556406,0.0,0.000000
0.000726000,0.556540,0.0,0.000000
0.000726250,0.556674,0.0,0.000000
0.000726500,0.556808,0.0,0.000000
0.000726750,0.556942,0.0,0.000000
0.000727000,0.557076,0.0,0.000000
0.000727250,0.557210,0.0,0.000000
0.000727500,0.557344,0.0,0.000000
0.000727750,0.557478,0.0,0.000000
0.000728000,0.557612,0.0,0.000000
0.000728250,0.557746,0.0,0.000000
0.000728500,0.557880,0.0,0.000000
0.000728750,0.558013,0.0,0.000000
0.000729000,0.558147,0.0,0.000000
0.000729250,0.558281,0.0,0.000000
0.000729500,0.558414,0.0,0.000000
0.000729750,0.558548,0.0,0.000000
0.000730000,0.558682,0.0,0.000000
0.000730250,0.558815,0.0,0.000000
0.000730500,0.558949,0.0,0.000000
0.000730750,0.559082,0.0,0.000000
0.000731000,0.559216,0.0,0.000000
0.000731250,0.559349,0.0,0.000000
0.000731500,0.559483,0.0,0.000000
0.000731750,0.559616,0.0,0.000000
0.000732000,0.559750,0.0,0.000000
0.000732250,0.559883,0.0,0.000000
0.000732500,0.560016,0.0,0.000000
0.000732750,0.560150,0.0,0.000000
0.000733000,0.560283,0.0,0.000000
0.000733250,0.560416,0.0,0.000000
0.000733500,0.560550,0.0,0.000000
0.000733750,0.560683,0.0,0.000000
0.000734000,0.560816,0.0,0.000000
0.000734250,0.560949,0.0,0.000000
0.000734500,0.561082,0.0,0.000000
0.000734750,0.561215,0.0,0.000000
0.000735000,0.561348,0.0,0.000000
0.000735250,0.561481,0.0,0.000000
0.000735500,0.561614,0.0,0.000000
0.000735750,0.561747,0.0,0.000000
0.000736000,0.561880,0.0,0.000000
0.000736250,0.562013,0.0,0.000000
0.000736500,0.562146,0.0,0.000000
0.000736750,0.562279,0.0,0.000000
0.000737000,0.562412,0.0,0.000000
0.000737250,0.562545,0.0,0.000000
0.000737500,0.562678,0.0,0.000000
0.000737750,0.562810,0.0,0.000000
0.000738000,0.562943,0.0,0.000000
0.000738250,0.563076,0.0,0.000000
0.000738500,0.563208,0.0,0.000000
0.000738750,0.563341,0.0,0.000000
0.000739000,0.563474,0.0,0.000000
0.000739250,0.563606,0.0,0.000000
0.000739500,0.563739,0.0,0.000000
0.000739750,0.563872,0.0,0.000000
0.000740000,0.564004,0.0,0.000000
0.000740250,0.564137,0.0,0.000000
0.000740500,0.564269,0.0,0.000000
0.000740750,0.564401,0.0,0.000000
0.000741000,0.564534,0.0,0.000000
0.000741250,0.564666,0.0,0.000000
0.000741500,0.564798,0.0,0.000000
0.000741750,0.564931,0.0,0.000000
0.000742000,0.565063,0.0,0.000000
0.000742250,0.565195,0.0,0.000000
0.000742500,0.565328,0.0,0.000000
0.000742750,0.565460,0.0,0.000000
0.000743000,0.565592,0.0,0.000000
0.000743250,0.565724,0.0,0.000000
0.000743500,0.565856,0.0,0.000000
0.000743750,0.565988,0.0,0.000000
0.000744000,0.566121,0.0,0.000000
0.000744250,0.566253,0.0,0.000000
0.000744500,0.566385,0.0,0.000000
0.000744750,0.566517,0.0,0.000000
0.000745000,0.566648,0.0,0.000000
0.000745250,0.566780,0.0,0.000000
0.000745500,0.566912,0.0,0.000000
0.000745750,0.567044,0.0,0.000000
0.000746000,0.567176,0.0,0.000000
0.000746250,0.567308,0.0,0.000000
0.000746500,0.567440,0.0,0.000000
0.000746750,0.567572,0.0,0.000000
0.000747000,0.567703,0.0,0.000000
0.000747250,0.567835,0.0,0.000000
0.000747500,0.567967,0.0,0.000000
0.000747750,0.568098,0.0,0.000000
0.000748000,0.568230,0.0,0.000000
0.000748250,0.568362,0.0,0.000000
0.000748500,0.568493,0.0,0.000000
0.000748750,0.568625,0.0,0.000000
0.000749000,0.568756,0.0,0.000000
0.000749250,0.568888,0.0,0.000000
0.000749500,0.569019,0.0,0.000000
0.000749750,0.569151,0.0,0.000000
0.000750000,0.569282,0.0,0.000000
0.000750250,0.569413,0.0,0.000000
0.000750500,0.569545,0.0,0.000000
0.000750750,0.569676,0.0,0.000000
0.000751000,0.569807,0.0,0.000000
0.000751250,0.569939,0.0,0.000000
0.000751500,0.570070,0.0,0.000000
0.000751750,0.570201,0.0,0.000000
0.000752000,0.570332,0.0,0.000000
0.000752250,0.570464,0.0,0.000000
0.000752500,0.570595,0.0,0.000000
0.000752750,0.570726,0.0,0.000000
0.000753000,0.570857,0.0,0.000000
0.000753250,0.570988,0.0,0.000000
0.000753500,0.571119,0.0,0.000000
0.000753750,0.571250,0.0,0.000000
0.000754000,0.571381,0.0,0.000000
0.000754250,0.571512,0.0,0.000000
0.000754500,0.571643,0.0,0.000000
0.000754750,0.571774,0.0,0.000000
0.000755000,0.571905,0.0,0.000000
0.000755250,0.572035,0.0,0.000000
0.000755500,0.572166,0.0,0.000000
0.000755750,0.572297,0.0,0.000000
0.000756000,0.572428,0.0,0.000000
0.000756250,0.572559,0.0,0.000000
0.000756500,0.572689,0.0,0.000000
0.000756750,0.572820,0.0,0.000000
0.000757000,0.572951,0.0,0.000000
0.000757250,0.573081,0.0,0.000000
0.000757500,0.573212,0.0,0.000000
0.000757750,0.573342,0.0,0.000000
0.000758000,0.573473,0.0,0.000000
0.000758250,0.573604,0.0,0.000000
0.000758500,0.573734,0.0,0.000000
0.000758750,0.573864,0.0,0.000000
0.000759000,0.573995,0.0,0.000000
0.000759250,0.574125,0.0,0.000000
0.000759500,0.574256,0.0,0.000000
0.000759750,0.574386,0.0,0.000000
0.000760000,0.574516,0.0,0.000000
0.000760250,0.574647,0.0,0.000000
0.000760500,0.574777,0.0,0.000000
0.000760750,0.574907,0.0,0.000000
0.000761000,0.575037,0.0,0.000000
0.000761250,0.575168,0.0,0.000000
0.000761500,0.575298,0.0,0.000000
0.000761750,0.575428,0.0,0.000000
0.000762000,0.575558,0.0,0.000000
0.000762250,0.575688,0.0,0.000000
0.000762500,0.575818,0.0,0.000000
0.000762750,0.575948,0.0,0.000000
0.000763000,0.576078,0.0,0.000000
0.000763250,0.576208,0.0,0.000000
0.000763500,0.576338,0.0,0.000000
0.000763750,0.576468,0.0,0.000000
0.000764000,0.576598,0.0,0.000000
0.000764250,0.576728,0.0,0.000000
0.000764500,0.576858,0.0,0.000000
0.000764750,0.576987,0.0,0.000000
0.000765000,0.577117,0.0,0.000000
0.000765250,0.577247,0.0,0.000000
0.000765500,0.577377,0.0,0.000000
0.000765750,0.577506,0.0,0.000000
0.000766000,0.577636,0.0,0.000000
0.000766250,0.577766,0.0,0.000000
0.000766500,0.577895,0.0,0.000000
0.000766750,0.578025,0.0,0.000000
0.000767000,0.578155,0.0,0.000000
0.000767250,0.578284,0.0,0.000000
0.000767500,0.578414,0.0,0.000000
0.000767750,0.578543,0.0,0.000000
0.000768000,0.578673,0.0,0.000000
0.000768250,0.578802,0.0,0.000000
0.000768500,0.578931,0.0,0.000000
0.000768750,0.579061,0.0,0.000000
0.000769000,0.579190,0.0,0.000000
0.000769250,0.579319,0.0,0.000000
0.000769500,0.579449,0.0,0.000000
0.000769750,0.579578,0.0,0.000000
0.000770000,0.579707,0.0,0.000000
0.000770250,0.579836,0.0,0.000000
0.000770500,0.579966,0.0,0.000000
0.000770750,0.580095,0.0,0.000000
0.000771000,0.580224,0.0,0.000000
0.000771250,0.580353,0.0,0.000000
0.000771500,0.580482,0.0,0.000000
0.000771750,0.580611,0.0,0.000000
0.000772000,0.580740,0.0,0.000000
0.000772250,0.580869,0.0,0.000000
0.000772500,0.580998,0.0,0.000000
0.000772750,0.581127,0.0,0.000000
0.000773000,0.581256,0.0,0.000000
0.000773250,0.581385,0.0,0.000000
0.000773500,0.581514,0.0,0.000000
0.000773750,0.581643,0.0,0.000000
0.000774000,0.581772,0.0,0.000000
0.000774250,0.581900,0.0,0.000000
0.000774500,0.582029,0.0,0.000000
0.000774750,0.582158,0.0,0.000000
0.000775000,0.582287,0.0,0.000000
0.000775250,0.582415,0.0,0.000000
0.000775500,0.582544,0.0,0.000000
0.000775750,0.582672,0.0,0.000000
0.000776000,0.582801,0.0,0.000000
0.000776250,0.582930,0.0,0.000000
0.000776500,0.583058,0.0,0.000000
0.000776750,0.583187,0.0,0.000000
0.000777000,0.583315,0.0,0.000000
0.000777250,0.583444,0.0,0.000000
0.000777500,0.583572,0.0,0.000000
0.000777750,0.583701,0.0,0.000000
0.000778000,0.583829,0.0,0.000000
0.000778250,0.583957,0.0,0.000000
0.000778500,0.584086,0.0,0.000000
0.000778750,0.584214,0.0,0.000000
0.000779000,0.584342,0.0,0.000000
0.000779250,0.584471,0.0,0.000000
0.000779500,0.584599,0.0,0.000000
0.000779750,0.584727,0.0,0.000000
0.000780000,0.584855,0.0,0.000000
0.000780250,0.584983,0.0,0.000000
0.000780500,0.585111,0.0,0.000000
0.000780750,0.585239,0.0,0.000000
0.000781000,0.585368,0.0,0.000000
0.000781250,0.585496,0.0,0.000000
0.000781500,0.585624,0.0,0.000000
0.000781750,0.585752,0.0,0.000000
0.000782000,0.585880,0.0,0.000000
0.000782250,0.586007,0.0,0.000000
0.000782500,0.586135,0.0,0.000000
0.000782750,0.586263,0.0,0.000000
0.000783000,0.586391,0.0,0.000000
0.000783250,0.586519,0.0,0.000000
0.000783500,0.586647,0.0,0.000000
0.000783750,0.586774,0.0,0.000000
0.000784000,0.586902,0.0,0.000000
0.000784250,0.587030,0.0,0.000000
0.000784500,0.587158,0.0,0.000000
0.000784750,0.587285,0.0,0.000000
0.000785000,0.587413,0.0,0.000000
0.000785250,0.587541,0.0,0.000000
0.000785500,0.587668,0.0,0.000000
0.000785750,0.587796,0.0,0.000000
0.000786000,0.587923,0.0,0.000000
0.000786250,0.588051,0.0,0.000000
0.000786500,0.588178,0.0,0.000000
0.000786750,0.588306,0.0,0.000000
0.000787000,0.588433,0.0,0.000000
0.000787250,0.588560,0.0,0.000000
0.000787500,0.588688,0.0,0.000000
0.000787750,0.588815,0.0,0.000000
0.000788000,0.588943,0.0,0.000000
0.000788250,0.589070,0.0,0.000000
0.000788500,0.589197,0.0,0.000000
0.000788750,0.589324,0.0,0.000000
0.000789000,0.589452,0.0,0.000000
0.000789250,0.589579,0.0,0.000000
0.000789500,0.589706,0.0,0.000000
0.000789750,0.589833,0.0,0.000000
0.000790000,0.589960,0.0,0.000000
0.000790250,0.590087,0.0,0.000000
0.000790500,0.590214,0.0,0.000000
0.000790750,0.590341,0.0,0.000000
0.000791000,0.590468,0.0,0.000000
0.000791250,0.590595,0.0,0.000000
0.000791500,0.590722,0.0,0.000000
0.000791750,0.590849,0.0,0.000000
0.000792000,0.590976,0.0,0.000000
0.000792250,0.591103,0.0,0.000000
0.000792500,0.591230,0.0,0.000000
0.000792750,0.591357,0.0,0.000000
0.000793000,0.591483,0.0,0.000000
0.000793250,0.591610,0.0,0.000000
0.000793500,0.591737,0.0,0.000000
0.000793750,0.591864,0.0,0.000000
0.000794000,0.591990,0.0,0.000000
0.000794250,0.592117,0.0,0.000000
0.000794500,0.592244,0.0,0.000000
0.000794750,0.592370,0.0,0.000000
0.000795000,0.592497,0.0,0.000000
0.000795250,0.592623,0.0,0.000000
0.000795500,0.592750,0.0,0.000000
0.000795750,0.592876,0.0,0.000000
0.000796000,0.593003,0.0,0.000000
0.000796250,0.593129,0.0,0.000000
0.000796500,0.593256,0.0,0.000000
0.000796750,0.593382,0.0,0.000000
0.000797000,0.593508,0.0,0.000000
0.000797250,0.593635,0.0,0.000000
0.000797500,0.593761,0.0,0.000000
0.000797750,0.593887,0.0,0.000000
0.000798000,0.594014,0.0,0.000000
0.000798250,0.594140,0.0,0.000000
0.000798500,0.594266,0.0,0.000000
0.000798750,0.594392,0.0,0.000000
0.000799000,0.594518,0.0,0.000000
0.000799250,0.594645,0.0,0.000000
0.000799500,0.594771,0.0,0.000000
0.000799750,0.594897,0.0,0.000000
0.000800000,0.595023,0.0,0.000000
0.000800250,0.595149,0.0,0.000000
0.000800500,0.595275,0.0,0.000000
0.000800750,0.595401,0.0,0.000000
0.000801000,0.595527,0.0,0.000000
0.000801250,0.595653,0.0,0.000000
0.000801500,0.595779,0.0,0.000000
0.000801750,0.595905,0.0,0.000000
0.000802000,0.596030,0.0,0.000000
0.000802250,0.596156,0.0,0.000000
0.000802500,0.596282,0.0,0.000000
0.000802750,0.596408,0.0,0.000000
0.000803000,0.596533,0.0,0.000000
0.000803250,0.596659,0.0,0.000000
0.000803500,0.596785,0.0,0.000000
0.000803750,0.596911,0.0,0.000000
0.000804000,0.597036,0.0,0.000000
0.000804250,0.597162,0.0,0.000000
0.000804500,0.597287,0.0,0.000000
0.000804750,0.597413,0.0,0.000000
0.000805000,0.597538,0.0,0.000000
0.000805250,0.597664,0.0,0.000000
0.000805500,0.597789,0.0,0.000000
0.000805750,0.597915,0.0,0.000000
0.000806000,0.598040,0.0,0.000000
0.000806250,0.598166,0.0,0.000000
0.000806500,0.598291,0.0,0.000000
0.000806750,0.598416,0.0,0.000000
0.000807000,0.598542,0.0,0.000000
0.000807250,0.598667,0.0,0.000000
0.000807500,0.598792,0.0,0.000000
0.000807750,0.598918,0.0,0.000000
0.000808000,0.599043,0.0,0.000000
0.000808250,0.599168,0.0,0.000000
0.000808500,0.599293,0.0,0.000000
0.000808750,0.599418,0.0,0.000000
0.000809000,0.599543,0.0,0.000000
0.000809250,0.599668,0.0,0.000000
0.000809500,0.599793,0.0,0.000000
0.000809750,0.599919,0.0,0.000000
0.000810000,0.600044,0.0,0.000000
0.000810250,0.600169,0.0,0.000000
0.000810500,0.600293,0.0,0.000000
0.000810750,0.600418,0.0,0.000000
0.000811000,0.600543,0.0,0.000000
0.000811250,0.600668,0.0,0.000000
0.000811500,0.600793,0.0,0.000000
0.000811750,0.600918,0.0,0.000000
0.000812000,0.601043,0.0,0.000000
0.000812250,0.601167,0.0,0.000000
0.000812500,0.601292,0.0,0.000000
0.000812750,0.601417,0.0,0.000000
0.000813000,0.601542,0.0,0.000000
0.000813250,0.601666,0.0,0.000000
0.000813500,0.601791,0.0,0.000000
0.000813750,0.601916,0.0,0.000000
0.000814000,0.602040,0.0,0.000000
0.000814250,0.602165,0.0,0.000000
0.000814500,0.602289,0.0,0.000000
0.000814750,0.602414,0.0,0.000000
0.000815000,0.602538,0.0,0.000000
0.000815250,0.602663,0.0,0.000000
0.000815500,0.602787,0.0,0.000000
0.000815750,0.602912,0.0,0.000000
0.000816000,0.603036,0.0,0.000000
0.000816250,0.603160,0.0,0.000000
0.000816500,0.603285,0.0,0.000000
0.000816750,0.603409,0.0,0.000000
0.000817000,0.603533,0.0,0.000000
0.000817250,0.603657,0.0,0.000000
0.000817500,0.603782,0.0,0.000000
0.000817750,0.603906,0.0,0.000000
0.000818000,0.604030,0.0,0.000000
0.000818250,0.604154,0.0,0.000000
0.000818500,0.604278,0.0,0.000000
0.000818750,0.604402,0.0,0.000000
0.000819000,0.604527,0.0,0.000000
0.000819250,0.604651,0.0,0.000000
0.000819500,0.604775,0.0,0.000000
0.000819750,0.604899,0.0,0.000000
0.000820000,0.605023,0.0,0.000000
0.000820250,0.605146,0.0,0.000000
0.000820500,0.605270,0.0,0.000000
0.000820750,0.605394,0.0,0.000000
0.000821000,0.605518,0.0,0.000000
0.000821250,0.605642,0.0,0.000000
0.000821500,0.605766,0.0,0.000000
0.000821750,0.605890,0.0,0.000000
0.000822000,0.606013,0.0,0.000000
0.000822250,0.606137,0.0,0.000000
0.000822500,0.606261,0.0,0.000000
0.000822750,0.606385,0.0,0.000000
0.000823000,0.606508,0.0,0.000000
0.000823250,0.606632,0.0,0.000000
0.000823500,0.606755,0.0,0.000000
0.000823750,0.606879,0.0,0.000000
0.000824000,0.607003,0.0,0.000000
0.000824250,0.607126,0.0,0.000000
0.000824500,0.607250,0.0,0.000000
0.000824750,0.607373,0.0,0.000000
0.000825000,0.607497,0.0,0.000000
0.000825250,0.607620,0.0,0.000000
0.000825500,0.607743,0.0,0.000000
0.000825750,0.607867,0.0,0.000000
0.000826000,0.607990,0.0,0.000000
0.000826250,0.608113,0.0,0.000000
0.000826500,0.608237,0.0,0.000000
0.000826750,0.608360,0.0,0.000000
0.000827000,0.608483,0.0,0.000000
0.000827250,0.608607,0.0,0.000000
0.000827500,0.608730,0.0,0.000000
0.000827750,0.608853,0.0,0.000000
0.000828000,0.608976,0.0,0.000000
0.000828250,0.609099,0.0,0.000000
0.000828500,0.609222,0.0,0.000000
0.000828750,0.609345,0.0,0.000000
0.000829000,0.609468,0.0,0.000000
0.000829250,0.609591,0.0,0.000000
0.000829500,0.609714,0.0,0.000000
0.000829750,0.609837,0.0,0.000000
0.000830000,0.609960,0.0,0.000000
0.000830250,0.610083,0.0,0.000000
0.000830500,0.610206,0.0,0.000000
0.000830750,0.610329,0.0,0.000000
0.000831000,0.610452,0.0,0.000000
0.000831250,0.610575,0.0,0.000000
0.000831500,0.610697,0.0,0.000000
0.000831750,0.610820,0.0,0.000000
0.000832000,0.610943,0.0,0.000000
0.000832250,0.611066,0.0,0.000000
0.000832500,0.611188,0.0,0.000000
0.000832750,0.611311,0.0,0.000000
0.000833000,0.611434,0.0,0.000000
0.000833250,0.611556,0.0,0.000000
0.000833500,0.611679,0.0,0.000000
0.000833750,0.611801,0.0,0.000000
0.000834000,0.611924,0.0,0.000000
0.000834250,0.612046,0.0,0.000000
0.000834500,0.612169,0.0,0.000000
0.000834750,0.612291,0.0,0.000000
0.000835000,0.612414,0.0,0.000000
0.000835250,0.612536,0.0,0.000000
0.000835500,0.612658,0.0,0.000000
0.000835750,0.612781,0.0,0.000000
0.000836000,0.612903,0.0,0.000000
0.000836250,0.613025,0.0,0.000000
0.000836500,0.613148,0.0,0.000000
0.000836750,0.613270,0.0,0.000000
0.000837000,0.613392,0.0,0.000000
0.000837250,0.613514,0.0,0.000000
0.000837500,0.613637,0.0,0.000000
0.000837750,0.613759,0.0,0.000000
0.000838000,0.613881,0.0,0.000000
0.000838250,0.614003,0.0,0.000000
0.000838500,0.614125,0.0,0.000000
0.000838750,0.614247,0.0,0.000000
0.000839000,0.614369,0.0,0.000000
0.000839250,0.614491,0.0,0.000000
0.000839500,0.614613,0.0,0.000000
0.000839750,0.614735,0.0,0.000000
0.000840000,0.614857,0.0,0.000000
0.000840250,0.614979,0.0,0.000000
0.000840500,0.615101,0.0,0.000000
0.000840750,0.615223,0.0,0.000000
0.000841000,0.615344,0.0,0.000000
0.000841250,0.615466,0.0,0.000000
0.000841500,0.615588,0.0,0.000000
0.000841750,0.615710,0.0,0.000000
0.000842000,0.615831,0.0,0.000000
0.000842250,0.615953,0.0,0.000000
0.000842500,0.616075,0.0,0.000000
0.000842750,0.616196,0.0,0.000000
0.000843000,0.616318,0.0,0.000000
0.000843250,0.616440,0.0,0.000000
0.000843500,0.616561,0.0,0.000000
0.000843750,0.616683,0.0,0.000000
0.000844000,0.616804,0.0,0.000000
0.000844250,0.616926,0.0,0.000000
0.000844500,0.617047,0.0,0.000000
0.000844750,0.617169,0.0,0.000000
0.000845000,0.617290,0.0,0.000000
0.000845250,0.617411,0.0,0.000000
0.000845500,0.617533,0.0,0.000000
0.000845750,0.617654,0.0,0.000000
0.000846000,0.617775,0.0,0.000000
0.000846250,0.617897,0.0,0.000000
0.000846500,0.618018,0.0,0.000000
0.000846750,0.618139,0.0,0.000000
0.000847000,0.618260,0.0,0.000000
0.000847250,0.618382,0.0,0.000000
0.000847500,0.618503,0.0,0.000000
0.000847750,0.618624,0.0,0.000000
0.000848000,0.618745,0.0,0.000000
0.000848250,0.618866,0.0,0.000000
0.000848500,0.618987,0.0,0.000000
0.000848750,0.619108,0.0,0.000000
0.000849000,0.619229,0.0,0.000000
0.000849250,0.619350,0.0,0.000000
0.000849500,0.619471,0.0,0.000000
0.000849750,0.619592,0.0,0.000000
0.000850000,0.619713,0.0,0.000000
0.000850250,0.619834,0.0,0.000000
0.000850500,0.619955,0.0,0.000000
0.000850750,0.620076,0.0,0.000000
0.000851000,0.620196,0.0,0.000000
0.000851250,0.620317,0.0,0.000000
0.000851500,0.620438,0.0,0.000000
0.000851750,0.620559,0.0,0.000000
0.000852000,0.620679,0.0,0.000000
0.000852250,0.620800,0.0,0.000000
0.000852500,0.620921,0.0,0.000000
0.000852750,0.621041,0.0,0.000000
0.000853000,0.621162,0.0,0.000000
0.000853250,0.621283,0.0,0.000000
0.000853500,0.621403,0.0,0.000000
0.000853750,0.621524,0.0,0.000000
0.000854000,0.621644,0.0,0.000000
0.000854250,0.621765,0.0,0.000000
0.000854500,0.621885,0.0,0.000000
0.000854750,0.622006,0.0,0.000000
0.000855000,0.622126,0.0,0.000000
0.000855250,0.622246,0.0,0.000000
0.000855500,0.622367,0.0,0.000000
0.000855750,0.622487,0.0,0.000000
0.000856000,0.622607,0.0,0.000000
0.000856250,0.622728,0.0,0.000000
0.000856500,0.622848,0.0,0.000000
0.000856750,0.622968,0.0,0.000000
0.000857000,0.623088,0.0,0.000000
0.000857250,0.623208,0.0,0.000000
0.000857500,0.623329,0.0,0.000000
0.000857750,0.623449,0.0,0.000000
0.000858000,0.623569,0.0,0.000000
0.000858250,0.623689,0.0,0.000000
0.000858500,0.623809,0.0,0.000000
0.000858750,0.623929,0.0,0.000000
0.000859000,0.624049,0.0,0.000000
0.000859250,0.624169,0.0,0.000000
0.000859500,0.624289,0.0,0.000000
0.000859750,0.624409,0.0,0.000000
0.000860000,0.624529,0.0,0.000000
0.000860250,0.624649,0.0,0.000000
0.000860500,0.624769,0.0,0.000000
0.000860750,0.624888,0.0,0.000000
0.000861000,0.625008,0.0,0.000000
0.000861250,0.625128,0.0,0.000000
0.000861500,0.625248,0.0,0.000000
0.000861750,0.625367,0.0,0.000000
0.000862000,0.625487,0.0,0.000000
0.000862250,0.625607,0.0,0.000000
0.000862500,0.625727,0.0,0.000000
0.000862750,0.625846,0.0,0.000000
0.000863000,0.625966,0.0,0.000000
0.000863250,0.626085,0.0,0.000000
0.000863500,0.626205,0.0,0.000000
0.000863750,0.626324,0.0,0.000000
0.000864000,0.626444,0.0,0.000000
0.000864250,0.626563,0.0,0.000000
0.000864500,0.626683,0.0,0.000000
0.000864750,0.626802,0.0,0.000000
0.000865000,0.626922,0.0,0.000000
0.000865250,0.627041,0.0,0.000000
0.000865500,0.627160,0.0,0.000000
0.000865750,0.627280,0.0,0.000000
0.000866000,0.627399,0.0,0.000000
0.000866250,0.627518,0.0,0.000000
0.000866500,0.627638,0.0,0.000000
0.000866750,0.627757,0.0,0.000000
0.000867000,0.627876,0.0,0.000000
0.000867250,0.627995,0.0,0.000000
0.000867500,0.628114,0.0,0.000000
0.000867750,0.628234,0.0,0.000000
0.000868000,0.628353,0.0,0.000000
0.000868250,0.628472,0.0,0.000000
0.000868500,0.628591,0.0,0.000000
0.000868750,0.628710,0.0,0.000000
0.000869000,0.628829,0.0,0.000000
0.000869250,0.628948,0.0,0.000000
0.000869500,0.629067,0.0,0.000000
0.000869750,0.629186,0.0,0.000000
0.000870000,0.629305,0.0,0.000000
0.000870250,0.629423,0.0,0.000000
0.000870500,0.629542,0.0,0.000000
0.000870750,0.629661,0.0,0.000000
0.000871000,0.629780,0.0,0.000000
0.000871250,0.629899,0.0,0.000000
0.000871500,0.630018,0.0,0.000000
0.000871750,0.630136,0.0,0.000000
0.000872000,0.630255,0.0,0.000000
0.000872250,0.630374,0.0,0.000000
0.000872500,0.630492,0.0,0.000000
0.000872750,0.630611,0.0,0.000000
0.000873000,0.630730,0.0,0.000000
0.000873250,0.630848,0.0,0.000000
0.000873500,0.630967,0.0,0.000000
0.000873750,0.631085,0.0,0.000000
0.000874000,0.631204,0.0,0.000000
0.000874250,0.631322,0.0,0.000000
0.000874500,0.631441,0.0,0.000000
0.000874750,0.631559,0.0,0.000000
0.000875000,0.631678,0.0,0.000000
0.000875250,0.631796,0.0,0.000000
0.000875500,0.631914,0.0,0.000000
0.000875750,0.632033,0.0,0.000000
0.000876000,0.632151,0.0,0.000000
0.000876250,0.632269,0.0,0.000000
0.000876500,0.632388,0.0,0.000000
0.000876750,0.632506,0.0,0.000000
0.000877000,0.632624,0.0,0.000000
0.000877250,0.632742,0.0,0.000000
0.000877500,0.632860,0.0,0.000000
0.000877750,0.632979,0.0,0.000000
0.000878000,0.633097,0.0,0.000000
0.000878250,0.633215,0.0,0.000000
0.000878500,0.633333,0.0,0.000000
0.000878750,0.633451,0.0,0.000000
0.000879000,0.633569,0.0,0.000000
0.000879250,0.633687,0.0,0.000000
0.000879500,0.633805,0.0,0.000000
0.000879750,0.633923,0.0,0.000000
0.000880000,0.634041,0.0,0.000000
0.000880250,0.634159,0.0,0.000000
0.000880500,0.634277,0.0,0.000000
0.000880750,0.634394,0.0,0.000000
0.000881000,0.634512,0.0,0.000000
0.000881250,0.634630,0.0,0.000000
0.000881500,0.634748,0.0,0.000000
0.000881750,0.634866,0.0,0.000000
0.000882000,0.634983,0.0,0.000000
0.000882250,0.635101,0.0,0.000000
0.000882500,0.635219,0.0,0.000000
0.000882750,0.635336,0.0,0.000000
0.000883000,0.635454,0.0,0.000000
0.000883250,0.635572,0.0,0.000000
0.000883500,0.635689,0.0,0.000000
0.000883750,0.635807,0.0,0.000000
0.000884000,0.635924,0.0,0.000000
0.000884250,0.636042,0.0,0.000000
0.000884500,0.636159,0.0,0.000000
0.000884750,0.636277,0.0,0.000000
0.000885000,0.636394,0.0,0.000000
0.000885250,0.636512,0.0,0.000000
0.000885500,0.636629,0.0,0.000000
0.000885750,0.636746,0.0,0.000000
0.000886000,0.636864,0.0,0.000000
0.000886250,0.636981,0.0,0.000000
0.000886500,0.637098,0.0,0.000000
0.000886750,0.637215,0.0,0.000000
0.000887000,0.637333,0.0,0.000000
0.000887250,0.637450,0.0,0.000000
0.000887500,0.637567,0.0,0.000000
0.000887750,0.637684,0.0,0.000000
0.000888000,0.637801,0.0,0.000000
0.000888250,0.637919,0.0,0.000000
0.000888500,0.638036,0.0,0.000000
0.000888750,0.638153,0.0,0.000000
0.000889000,0.638270,0.0,0.000000
0.000889250,0.638387,0.0,0.000000
0.000889500,0.638504,0.0,0.000000
0.000889750,0.638621,0.0,0.000000
0.000890000,0.638738,0.0,0.000000
0.000890250,0.638855,0.0,0.000000
0.000890500,0.638972,0.0,0.000000
0.000890750,0.639088,0.0,0.000000
0.000891000,0.639205,0.0,0.000000
0.000891250,0.639322,0.0,0.000000
0.000891500,0.639439,0.0,0.000000
0.000891750,0.639556,0.0,0.000000
0.000892000,0.639672,0.0,0.000000
0.000892250,0.639789,0.0,0.000000
0.000892500,0.639906,0.0,0.000000
0.000892750,0.640023,0.0,0.000000
0.000893000,0.640139,0.0,0.000000
0.000893250,0.640256,0.0,0.000000
0.000893500,0.640372,0.0,0.000000
0.000893750,0.640489,0.0,0.000000
0.000894000,0.640606,0.0,0.000000
0.000894250,0.640722,0.0,0.000000
0.000894500,0.640839,0.0,0.000000
0.000894750,0.640955,0.0,0.000000
0.000895000,0.641071,0.0,0.000000
0.000895250,0.641188,0.0,0.000000
0.000895500,0.641304,0.0,0.000000
0.000895750,0.641421,0.0,0.000000
0.000896000,0.641537,0.0,0.000000
0.000896250,0.641653,0.0,0.000000
0.000896500,0.641770,0.0,0.000000
0.000896750,0.641886,0.0,0.000000
0.000897000,0.642002,0.0,0.000000
0.000897250,0.642119,0.0,0.000000
0.000897500,0.642235,0.0,0.000000
0.000897750,0.642351,0.0,0.000000
0.000898000,0.642467,0.0,0.000000
0.000898250,0.642583,0.0,0.000000
0.000898500,0.642699,0.0,0.000000
0.000898750,0.642815,0.0,0.000000
0.000899000,0.642932,0.0,0.000000
0.000899250,0.643048,0.0,0.000000
0.000899500,0.643164,0.0,0.000000
0.000899750,0.643280,0.0,0.000000
0.000900000,0.643396,0.0,0.000000
0.000900250,0.643512,0.0,0.000000
0.000900500,0.643627,0.0,0.000000
0.000900750,0.643743,0.0,0.000000
0.000901000,0.643859,0.0,0.000000
0.000901250,0.643975,0.0,0.000000
0.000901500,0.644091,0.0,0.000000
0.000901750,0.644207,0.0,0.000000
0.000902000,0.644323,0.0,0.000000
0.000902250,0.644438,0.0,0.000000
0.000902500,0.644554,0.0,0.000000
0.000902750,0.644670,0.0,0.000000
0.000903000,0.644785,0.0,0.000000
0.000903250,0.644901,0.0,0.000000
0.000903500,0.645017,0.0,0.000000
0.000903750,0.645132,0.0,0.000000
0.000904000,0.645248,0.0,0.000000
0.000904250,0.645363,0.0,0.000000
0.000904500,0.645479,0.0,0.000000
0.000904750,0.645594,0.0,0.000000
0.000905000,0.645710,0.0,0.000000
0.000905250,0.645825,0.0,0.000000
0.000905500,0.645941,0.0,0.000000
0.000905750,0.646056,0.0,0.000000
0.000906000,0.646172,0.0,0.000000
0.000906250,0.646287,0.0,0.000000
0.000906500,0.646402,0.0,0.000000
0.000906750,0.646518,0.0,0.000000
0.000907000,0.646633,0.0,0.000000
0.000907250,0.646748,0.0,0.000000
0.000907500,0.646864,0.0,0.000000
0.000907750,0.646979,0.0,0.000000
0.000908000,0.647094,0.0,0.000000
0.000908250,0.647209,0.0,0.000000
0.000908500,0.647324,0.0,0.000000
0.000908750,0.647439,0.0,0.000000
0.000909000,0.647555,0.0,0.000000
0.000909250,0.647670,0.0,0.000000
0.000909500,0.647785,0.0,0.000000
0.000909750,0.647900,0.0,0.000000
0.000910000,0.648015,0.0,0.000000
0.000910250,0.648130,0.0,0.000000
0.000910500,0.648245,0.0,0.000000
0.000910750,0.648360,0.0,0.000000
0.000911000,0.648475,0.0,0.000000
0.000911250,0.648589,0.0,0.000000
0.000911500,0.648704,0.0,0.000000
0.000911750,0.648819,0.0,0.000000
0.000912000,0.648934,0.0,0.000000
0.000912250,0.649049,0.0,0.000000
0.000912500,0.649164,0.0,0.000000
0.000912750,0.649278,0.0,0.000000
0.000913000,0.649393,0.0,0.000000
0.000913250,0.649508,0.0,0.000000
0.000913500,0.649622,0.0,0.000000
0.000913750,0.649737,0.0,0.000000
0.000914000,0.649852,0.0,0.000000
0.000914250,0.649966,0.0,0.000000
0.000914500,0.650081,0.0,0.000000
0.000914750,0.650195,0.0,0.000000
0.000915000,0.650310,0.0,0.000000
0.000915250,0.650425,0.0,0.000000
0.000915500,0.650539,0.0,0.000000
0.000915750,0.650653,0.0,0.000000
0.000916000,0.650768,0.0,0.000000
0.000916250,0.650882,0.0,0.000000
0.000916500,0.650997,0.0,0.000000
0.000916750,0.651111,0.0,0.000000
0.000917000,0.651225,0.0,0.000000
0.000917250,0.651340,0.0,0.000000
0.000917500,0.651454,0.0,0.000000
0.000917750,0.651568,0.0,0.000000
0.000918000,0.651683,0.0,0.000000
0.000918250,0.651797,0.0,0.000000
0.000918500,0.651911,0.0,0.000000
0.000918750,0.652025,0.0,0.000000
0.000919000,0.652139,0.0,0.000000
0.000919250,0.652254,0.0,0.000000
0.000919500,0.652368,0.0,0.000000
0.000919750,0.652482,0.0,0.000000
0.000920000,0.652596,0.0,0.000000
0.000920250,0.652710,0.0,0.000000
0.000920500,0.652824,0.0,0.000000
0.000920750,0.652938,0.0,0.000000
0.000921000,0.653052,0.0,0.000000
0.000921250,0.653166,0.0,0.000000
0.000921500,0.653280,0.0,0.000000
0.000921750,0.653394,0.0,0.000000
0.000922000,0.653507,0.0,0.000000
0.000922250,0.653621,0.0,0.000000
0.000922500,0.653735,0.0,0.000000
0.000922750,0.653849,0.0,0.000000
0.000923000,0.653963,0.0,0.000000
0.000923250,0.654076,0.0,0.000000
0.000923500,0.654190,0.0,0.000000
0.000923750,0.654304,0.0,0.000000
0.000924000,0.654417,0.0,0.000000
0.000924250,0.654531,0.0,0.000000
0.000924500,0.654645,0.0,0.000000
0.000924750,0.654758,0.0,0.000000
0.000925000,0.654872,0.0,0.000000
0.000925250,0.654985,0.0,0.000000
0.000925500,0.655099,0.0,0.000000
0.000925750,0.655213,0.0,0.000000
0.000926000,0.655326,0.0,0.000000
0.000926250,0.655439,0.0,0.000000
0.000926500,0.655553,0.0,0.000000
0.000926750,0.655666,0.0,0.000000
0.000927000,0.655780,0.0,0.000000
0.000927250,0.655893,0.0,0.000000
0.000927500,0.656006,0.0,0.000000
0.000927750,0.656120,0.0,0.000000
0.000928000,0.656233,0.0,0.000000
0.000928250,0.656346,0.0,0.000000
0.000928500,0.656460,0.0,0.000000
0.000928750,0.656573,0.0,0.000000
0.000929000,0.656686,0.0,0.000000
0.000929250,0.656799,0.0,0.000000
0.000929500,0.656912,0.0,0.000000
0.000929750,0.657025,0.0,0.000000
0.000930000,0.657139,0.0,0.000000
0.000930250,0.657252,0.0,0.000000
0.000930500,0.657365,0.0,0.000000
0.000930750,0.657478,0.0,0.000000
0.000931000,0.657591,0.0,0.000000
0.000931250,0.657704,0.0,0.000000
0.000931500,0.657817,0.0,0.000000
0.000931750,0.657930,0.0,0.000000
0.000932000,0.658043,0.0,0.000000
0.000932250,0.658156,0.0,0.000000
0.000932500,0.658268,0.0,0.000000
0.000932750,0.658381,0.0,0.000000
0.000933000,0.658494,0.0,0.000000
0.000933250,0.658607,0.0,0.000000
0.000933500,0.658720,0.0,0.000000
0.000933750,0.658832,0.0,0.000000
0.000934000,0.658945,0.0,0.000000
0.000934250,0.659058,0.0,0.000000
0.000934500,0.659171,0.0,0.000000
0.000934750,0.659283,0.0,0.000000
0.000935000,0.659396,0.0,0.000000
0.000935250,0.659509,0.0,0.000000
0.000935500,0.659621,0.0,0.000000
0.000935750,0.659734,0.0,0.000000
0.000936000,0.659846,0.0,0.000000
0.000936250,0.659959,0.0,0.000000
0.000936500,0.660071,0.0,0.000000
0.000936750,0.660184,0.0,0.000000
0.000937000,0.660296,0.0,0.000000
0.000937250,0.660409,0.0,0.000000
0.000937500,0.660521,0.0,0.000000
0.000937750,0.660633,0.0,0.000000
0.000938000,0.660746,0.0,0.000000
0.000938250,0.660858,0.0,0.000000
0.000938500,0.660970,0.0,0.000000
0.000938750,0.661083,0.0,0.000000
0.000939000,0.661195,0.0,0.000000
0.000939250,0.661307,0.0,0.000000
0.000939500,0.661419,0.0,0.000000
0.000939750,0.661532,0.0,0.000000
0.000940000,0.661644,0.0,0.000000
0.000940250,0.661756,0.0,0.000000
0.000940500,0.661868,0.0,0.000000
0.000940750,0.661980,0.0,0.000000
0.000941000,0.662092,0.0,0.000000
0.000941250,0.662204,0.0,0.000000
0.000941500,0.662316,0.0,0.000000
0.000941750,0.662428,0.0,0.000000
0.000942000,0.662540,0.0,0.000000
0.000942250,0.662652,0.0,0.000000
0.000942500,0.662764,0.0,0.000000
0.000942750,0.662876,0.0,0.000000
0.000943000,0.662988,0.0,0.000000
0.000943250,0.663100,0.0,0.000000
0.000943500,0.663212,0.0,0.000000
0.000943750,0.663324,0.0,0.000000
0.000944000,0.663435,0.0,0.000000
0.000944250,0.663547,0.0,0.000000
0.000944500,0.663659,0.0,0.000000
0.000944750,0.663771,0.0,0.000000
0.000945000,0.663882,0.0,0.000000
0.000945250,0.663994,0.0,0.000000
0.000945500,0.664106,0.0,0.000000
0.000945750,0.664217,0.0,0.000000
0.000946000,0.664329,0.0,0.000000
0.000946250,0.664441,0.0,0.000000
0.000946500,0.664552,0.0,0.000000
0.000946750,0.664664,0.0,0.000000
0.000947000,0.664775,0.0,0.000000
0.000947250,0.664887,0.0,0.000000
0.000947500,0.664998,0.0,0.000000
0.000947750,0.665110,0.0,0.000000
0.000948000,0.665221,0.0,0.000000
0.000948250,0.665332,0.0,0.000000
0.000948500,0.665444,0.0,0.000000
0.000948750,0.665555,0.0,0.000000
0.000949000,0.665667,0.0,0.000000
0.000949250,0.665778,0.0,0.000000
0.000949500,0.665889,0.0,0.000000
0.000949750,0.666000,0.0,0.000000
0.000950000,0.666112,0.0,0.000000
0.000950250,0.666223,0.0,0.000000
0.000950500,0.666334,0.0,0.000000
0.000950750,0.666445,0.0,0.000000
0.000951000,0.666556,0.0,0.000000
0.000951250,0.666667,0.0,0.000000
0.000951500,0.666779,0.0,0.000000
0.000951750,0.666890,0.0,0.000000
0.000952000,0.667001,0.0,0.000000
0.000952250,0.667112,0.0,0.000000
0.000952500,0.667223,0.0,0.000000
0.000952750,0.667334,0.0,0.000000
0.000953000,0.667445,0.0,0.000000
0.000953250,0.667556,0.0,0.000000
0.000953500,0.667667,0.0,0.000000
0.000953750,0.667777,0.0,0.000000
0.000954000,0.667888,0.0,0.000000
0.000954250,0.667999,0.0,0.000000
0.000954500,0.668110,0.0,0.000000
0.000954750,0.668221,0.0,0.000000
0.000955000,0.668332,0.0,0.000000
0.000955250,0.668442,0.0,0.000000
0.000955500,0.668553,0.0,0.000000
0.000955750,0.668664,0.0,0.000000
0.000956000,0.668774,0.0,0.000000
0.000956250,0.668885,0.0,0.000000
0.000956500,0.668996,0.0,0.000000
0.000956750,0.669106,0.0,0.000000
0.000957000,0.669217,0.0,0.000000
0.000957250,0.669328,0.0,0.000000
0.000957500,0.669438,0.0,0.000000
0.000957750,0.669549,0.0,0.000000
0.000958000,0.669659,0.0,0.000000
0.000958250,0.669770,0.0,0.000000
0.000958500,0.669880,0.0,0.000000
0.000958750,0.669991,0.0,0.000000
0.000959000,0.670101,0.0,0.000000
0.000959250,0.670211,0.0,0.000000
0.000959500,0.670322,0.0,0.000000
0.000959750,0.670432,0.0,0.000000
0.000960000,0.670542,0.0,0.000000
0.000960250,0.670653,0.0,0.000000
0.000960500,0.670763,0.0,0.000000
0.000960750,0.670873,0.0,0.000000
0.000961000,0.670983,0.0,0.000000
0.000961250,0.671094,0.0,0.000000
0.000961500,0.671204,0.0,0.000000
0.000961750,0.671314,0.0,0.000000
0.000962000,0.671424,0.0,0.000000
0.000962250,0.671534,0.0,0.000000
0.000962500,0.671644,0.0,0.000000
0.000962750,0.671754,0.0,0.000000
0.000963000,0.671864,0.0,0.000000
0.000963250,0.671974,0.0,0.000000
0.000963500,0.672084,0.0,0.000000
0.000963750,0.672194,0.0,0.000000
0.000964000,0.672304,0.0,0.000000
0.000964250,0.672414,0.0,0.000000
0.000964500,0.672524,0.0,0.000000
0.000964750,0.672634,0.0,0.000000
0.000965000,0.672744,0.0,0.000000
0.000965250,0.672854,0.0,0.000000
0.000965500,0.672964,0.0,0.000000
0.000965750,0.673073,0.0,0.000000
0.000966000,0.673183,0.0,0.000000
0.000966250,0.673293,0.0,0.000000
0.000966500,0.673403,0.0,0.000000
0.000966750,0.673512,0.0,0.000000
0.000967000,0.673622,0.0,0.000000
0.000967250,0.673732,0.0,0.000000
0.000967500,0.673841,0.0,0.000000
0.000967750,0.673951,0.0,0.000000
0.000968000,0.674060,0.0,0.000000
0.000968250,0.674170,0.0,0.000000
0.000968500,0.674280,0.0,0.000000
0.000968750,0.674389,0.0,0.000000
0.000969000,0.674499,0.0,0.000000
0.000969250,0.674608,0.0,0.000000
0.000969500,0.674717,0.0,0.000000
0.000969750,0.674827,0.0,0.000000
0.000970000,0.674936,0.0,0.000000
0.000970250,0.675046,0.0,0.000000
0.000970500,0.675155,0.0,0.000000
0.000970750,0.675264,0.0,0.000000
0.000971000,0.675374,0.0,0.000000
0.000971250,0.675483,0.0,0.000000
0.000971500,0.675592,0.0,0.000000
0.000971750,0.675701,0.0,0.000000
0.000972000,0.675811,0.0,0.000000
0.000972250,0.675920,0.0,0.000000
0.000972500,0.676029,0.0,0.000000
0.000972750,0.676138,0.0,0.000000
0.000973000,0.676247,0.0,0.000000
0.000973250,0.676356,0.0,0.000000
0.000973500,0.676466,0.0,0.000000
0.000973750,0.676575,0.0,0.000000
0.000974000,0.676684,0.0,0.000000
0.000974250,0.676793,0.0,0.000000
0.000974500,0.676902,0.0,0.000000
0.000974750,0.677011,0.0,0.000000
0.000975000,0.677120,0.0,0.000000
0.000975250,0.677229,0.0,0.000000
0.000975500,0.677337,0.0,0.000000
0.000975750,0.677446,0.0,0.000000
0.000976000,0.677555,0.0,0.000000
0.000976250,0.677664,0.0,0.000000
0.000976500,0.677773,0.0,0.000000
0.000976750,0.677882,0.0,0.000000
0.000977000,0.677990,0.0,0.000000
0.000977250,0.678099,0.0,0.000000
0.000977500,0.678208,0.0,0.000000
0.000977750,0.678317,0.0,0.000000
0.000978000,0.678425,0.0,0.000000
0.000978250,0.678534,0.0,0.000000
0.000978500,0.678643,0.0,0.000000
0.000978750,0.678751,0.0,0.000000
0.000979000,0.678860,0.0,0.000000
0.000979250,0.678968,0.0,0.000000
0.000979500,0.679077,0.0,0.000000
0.000979750,0.679185,0.0,0.000000
0.000980000,0.679294,0.0,0.000000
0.000980250,0.679402,0.0,0.000000
0.000980500,0.679511,0.0,0.000000
0.000980750,0.679619,0.0,0.000000
0.000981000,0.679728,0.0,0.000000
0.000981250,0.679836,0.0,0.000000
0.000981500,0.679944,0.0,0.000000
0.000981750,0.680053,0.0,0.000000
0.000982000,0.680161,0.0,0.000000
0.000982250,0.680269,0.0,0.000000
0.000982500,0.680377,0.0,0.000000
0.000982750,0.680486,0.0,0.000000
0.000983000,0.680594,0.0,0.000000
0.000983250,0.680702,0.0,0.000000
0.000983500,0.680810,0.0,0.000000
0.000983750,0.680919,0.0,0.000000
0.000984000,0.681027,0.0,0.000000
0.000984250,0.681135,0.0,0.000000
0.000984500,0.681243,0.0,0.000000
0.000984750,0.681351,0.0,0.000000
0.000985000,0.681459,0.0,0.000000
0.000985250,0.681567,0.0,0.000000
0.000985500,0.681675,0.0,0.000000
0.000985750,0.681783,0.0,0.000000
0.000986000,0.681891,0.0,0.000000
0.000986250,0.681999,0.0,0.000000
0.000986500,0.682107,0.0,0.000000
0.000986750,0.682215,0.0,0.000000
0.000987000,0.682323,0.0,0.000000
0.000987250,0.682430,0.0,0.000000
0.000987500,0.682538,0.0,0.000000
0.000987750,0.682646,0.0,0.000000
0.000988000,0.682754,0.0,0.000000
0.000988250,0.682862,0.0,0.000000
0.000988500,0.682969,0.0,0.000000
0.000988750,0.683077,0.0,0.000000
0.000989000,0.683185,0.0,0.000000
0.000989250,0.683292,0.0,0.000000
0.000989500,0.683400,0.0,0.000000
0.000989750,0.683508,0.0,0.000000
0.000990000,0.683615,0.0,0.000000
0.000990250,0.683723,0.0,0.000000
0.000990500,0.683830,0.0,0.000000
0.000990750,0.683938,0.0,0.000000
0.000991000,0.684045,0.0,0.000000
0.000991250,0.684153,0.0,0.000000
0.000991500,0.684260,0.0,0.000000
0.000991750,0.684368,0.0,0.000000
0.000992000,0.684475,0.0,0.000000
0.000992250,0.684583,0.0,0.000000
0.000992500,0.684690,0.0,0.000000
0.000992750,0.684797,0.0,0.000000
0.000993000,0.684905,0.0,0.000000
0.000993250,0.685012,0.0,0.000000
0.000993500,0.685119,0.0,0.000000
0.000993750,0.685226,0.0,0.000000
0.000994000,0.685334,0.0,0.000000
0.000994250,0.685441,0.0,0.000000
0.000994500,0.685548,0.0,0.000000
0.000994750,0.685655,0.0,0.000000
0.000995000,0.685762,0.0,0.000000
0.000995250,0.685870,0.0,0.000000
0.000995500,0.685977,0.0,0.000000
0.000995750,0.686084,0.0,0.000000
0.000996000,0.686191,0.0,0.000000
0.000996250,0.686298,0.0,0.000000
0.000996500,0.686405,0.0,0.000000
0.000996750,0.686512,0.0,0.000000
0.000997000,0.686619,0.0,0.000000
0.000997250,0.686726,0.0,0.000000
0.000997500,0.686833,0.0,0.000000
0.000997750,0.686940,0.0,0.000000
0.000998000,0.687046,0.0,0.000000
0.000998250,0.687153,0.0,0.000000
0.000998500,0.687260,0.0,0.000000
0.000998750,0.687367,0.0,0.000000
0.000999000,0.687474,0.0,0.000000
0.000999250,0.687581,0.0,0.000000
0.000999500,0.687687,0.0,0.000000
0.000999750,0.687794,0.0,0.000000
0.001000000,0.687901,0.0,0.000000
0.001000250,0.688007,0.0,0.000000
0.001000500,0.688114,0.0,0.000000
0.001000750,0.688221,0.0,0.000000
0.001001000,0.688327,0.0,0.000000
0.001001250,0.688434,0.0,0.000000
0.001001500,0.688540,0.0,0.000000
0.001001750,0.688647,0.0,0.000000
0.001002000,0.688754,0.0,0.000000
0.001002250,0.688860,0.0,0.000000
0.001002500,0.688967,0.0,0.000000
0.001002750,0.689073,0.0,0.000000
0.001003000,0.689179,0.0,0.000000
0.001003250,0.689286,0.0,0.000000
0.001003500,0.689392,0.0,0.000000
0.001003750,0.689499,0.0,0.000000
0.001004000,0.689605,0.0,0.000000
0.001004250,0.689711,0.0,0.000000
0.001004500,0.689818,0.0,0.000000
0.001004750,0.689924,0.0,0.000000
0.001005000,0.690030,0.0,0.000000
0.001005250,0.690136,0.0,0.000000
0.001005500,0.690243,0.0,0.000000
0.001005750,0.690349,0.0,0.000000
0.001006000,0.690455,0.0,0.000000
0.001006250,0.690561,0.0,0.000000
0.001006500,0.690667,0.0,0.000000
0.001006750,0.690773,0.0,0.000000
0.001007000,0.690879,0.0,0.000000
0.001007250,0.690985,0.0,0.000000
0.001007500,0.691091,0.0,0.000000
0.001007750,0.691197,0.0,0.000000
0.001008000,0.691303,0.0,0.000000
0.001008250,0.691409,0.0,0.000000
0.001008500,0.691515,0.0,0.000000
0.001008750,0.691621,0.0,0.000000
0.001009000,0.691727,0.0,0.000000
0.001009250,0.691833,0.0,0.000000
0.001009500,0.691939,0.0,0.000000
0.001009750,0.692045,0.0,0.000000
0.001010000,0.692151,0.0,0.000000
0.001010250,0.692256,0.0,0.000000
0.001010500,0.692362,0.0,0.000000
0.001010750,0.692468,0.0,0.000000
0.001011000,0.692574,0.0,0.000000
0.001011250,0.692679,0.0,0.000000
0.001011500,0.692785,0.0,0.000000
0.001011750,0.692891,0.0,0.000000
0.001012000,0.692996,0.0,0.000000
0.001012250,0.693102,0.0,0.000000
0.001012500,0.693208,0.0,0.000000
0.001012750,0.693313,0.0,0.000000
0.001013000,0.693419,0.0,0.000000
0.001013250,0.693524,0.0,0.000000
0.001013500,0.693630,0.0,0.000000
0.001013750,0.693735,0.0,0.000000
0.001014000,0.693841,0.0,0.000000
0.001014250,0.693946,0.0,0.000000
0.001014500,0.694052,0.0,0.000000
0.001014750,0.694157,0.0,0.000000
0.001015000,0.694262,0.0,0.000000
0.001015250,0.694368,0.0,0.000000
0.001015500,0.694473,0.0,0.000000
0.001015750,0.694578,0.0,0.000000
0.001016000,0.694684,0.0,0.000000
0.001016250,0.694789,0.0,0.000000
0.001016500,0.694894,0.0,0.000000
0.001016750,0.694999,0.0,0.000000
0.001017000,0.695105,0.0,0.000000
0.001017250,0.695210,0.0,0.000000
0.001017500,0.695315,0.0,0.000000
0.001017750,0.695420,0.0,0.000000
0.001018000,0.695525,0.0,0.000000
0.001018250,0.695630,0.0,0.000000
0.001018500,0.695735,0.0,0.000000
0.001018750,0.695840,0.0,0.000000
0.001019000,0.695945,0.0,0.000000
0.001019250,0.696050,0.0,0.000000
0.001019500,0.696155,0.0,0.000000
0.001019750,0.696260,0.0,0.000000
0.001020000,0.696365,0.0,0.000000
0.001020250,0.696470,0.0,0.000000
0.001020500,0.696575,0.0,0.000000
0.001020750,0.696680,0.0,0.000000
0.001021000,0.696785,0.0,0.000000
0.001021250,0.696890,0.0,0.000000
0.001021500,0.696994,0.0,0.000000
0.001021750,0.697099,0.0,0.000000
0.001022000,0.697204,0.0,0.000000
0.001022250,0.697309,0.0,0.000000
0.001022500,0.697413,0.0,0.000000
0.001022750,0.697518,0.0,0.000000
0.001023000,0.697623,0.0,0.000000
0.001023250,0.697728,0.0,0.000000
0.001023500,0.697832,0.0,0.000000
0.001023750,0.697937,0.0,0.000000
0.001024000,0.698041,0.0,0.000000
0.001024250,0.698146,0.0,0.000000
0.001024500,0.698250,0.0,0.000000
0.001024750,0.698355,0.0,0.000000
0.001025000,0.698459,0.0,0.000000
0.001025250,0.698564,0.0,0.000000
0.001025500,0.698668,0.0,0.000000
0.001025750,0.698773,0.0,0.000000
0.001026000,0.698877,0.0,0.000000
0.001026250,0.698982,0.0,0.000000
0.001026500,0.699086,0.0,0.000000
0.001026750,0.699190,0.0,0.000000
0.001027000,0.699295,0.0,0.000000
0.001027250,0.699399,0.0,0.000000
0.001027500,0.699503,0.0,0.000000
0.001027750,0.699608,0.0,0.000000
0.001028000,0.699712,0.0,0.000000
0.001028250,0.699816,0.0,0.000000
0.001028500,0.699920,0.0,0.000000
0.001028750,0.700024,0.0,0.000000
0.001029000,0.700129,0.0,0.000000
0.001029250,0.700233,0.0,0.000000
0.001029500,0.700337,0.0,0.000000
0.001029750,0.700441,0.0,0.000000
0.001030000,0.700545,0.0,0.000000
0.001030250,0.700649,0.0,0.000000
0.001030500,0.700753,0.0,0.000000
0.001030750,0.700857,0.0,0.000000
0.001031000,0.700961,0.0,0.000000
0.001031250,0.701065,0.0,0.000000
0.001031500,0.701169,0.0,0.000000
0.001031750,0.701273,0.0,0.000000
0.001032000,0.701377,0.0,0.000000
0.001032250,0.701481,0.0,0.000000
0.001032500,0.701584,0.0,0.000000
0.001032750,0.701688,0.0,0.000000
0.001033000,0.701792,0.0,0.000000
0.001033250,0.701896,0.0,0.000000
0.001033500,0.702000,0.0,0.000000
0.001033750,0.702103,0.0,0.000000
0.001034000,0.702207,0.0,0.000000
0.001034250,0.702311,0.0,0.000000
0.001034500,0.702415,0.0,0.000000
0.001034750,0.702518,0.0,0.000000
0.001035000,0.702622,0.0,0.000000
0.001035250,0.702725,0.0,0.000000
0.001035500,0.702829,0.0,0.000000
0.001035750,0.702933,0.0,0.000000
0.001036000,0.703036,0.0,0.000000
0.001036250,0.703140,0.0,0.000000
0.001036500,0.703243,0.0,0.000000
0.001036750,0.703347,0.0,0.000000
0.001037000,0.703450,0.0,0.000000
0.001037250,0.703554,0.0,0.000000
0.001037500,0.703657,0.0,0.000000
0.001037750,0.703760,0.0,0.000000
0.001038000,0.703864,0.0,0.000000
0.001038250,0.703967,0.0,0.000000
0.001038500,0.704070,0.0,0.000000
0.001038750,0.704174,0.0,0.000000
0.001039000,0.704277,0.0,0.000000
0.001039250,0.704380,0.0,0.000000
0.001039500,0.704484,0.0,0.000000
0.001039750,0.704587,0.0,0.000000
0.001040000,0.704690,0.0,0.000000
0.001040250,0.704793,0.0,0.000000
0.001040500,0.704896,0.0,0.000000
0.001040750,0.704999,0.0,0.000000
0.001041000,0.705103,0.0,0.000000
0.001041250,0.705206,0.0,0.000000
0.001041500,0.705309,0.0,0.000000
0.001041750,0.705412,0.0,0.000000
0.001042000,0.705515,0.0,0.000000
0.001042250,0.705618,0.0,0.000000
0.001042500,0.705721,0.0,0.000000
0.001042750,0.705824,0.0,0.000000
0.001043000,0.705927,0.0,0.000000
0.001043250,0.706030,0.0,0.000000
0.001043500,0.706133,0.0,0.000000
0.001043750,0.706235,0.0,0.000000
0.001044000,0.706338,0.0,0.000000
0.001044250,0.706441,0.0,0.000000
0.001044500,0.706544,0.0,0.000000
0.001044750,0.706647,0.0,0.000000
0.001045000,0.706750,0.0,0.000000
0.001045250,0.706852,0.0,0.000000
0.001045500,0.706955,0.0,0.000000
0.001045750,0.707058,0.0,0.000000
0.001046000,0.707160,0.0,0.000000
0.001046250,0.707263,0.0,0.000000
0.001046500,0.707366,0.0,0.000000
0.001046750,0.707468,0.0,0.000000
0.001047000,0.707571,0.0,0.000000
0.001047250,0.707674,0.0,0.000000
0.001047500,0.707776,0.0,0.000000
0.001047750,0.707879,0.0,0.000000
0.001048000,0.707981,0.0,0.000000
0.001048250,0.708084,0.0,0.000000
0.001048500,0.708186,0.0,0.000000
0.001048750,0.708289,0.0,0.000000
0.001049000,0.708391,0.0,0.000000
0.001049250,0.708493,0.0,0.000000
0.001049500,0.708596,0.0,0.000000
0.001049750,0.708698,0.0,0.000000
0.001050000,0.708801,0.0,0.000000
0.001050250,0.708903,0.0,0.000000
0.001050500,0.709005,0.0,0.000000
0.001050750,0.709107,0.0,0.000000
0.001051000,0.709210,0.0,0.000000
0.001051250,0.709312,0.0,0.000000
0.001051500,0.709414,0.0,0.000000
0.001051750,0.709516,0.0,0.000000
0.001052000,0.709619,0.0,0.000000
0.001052250,0.709721,0.0,0.000000
0.001052500,0.709823,0.0,0.000000
0.001052750,0.709925,0.0,0.000000
0.001053000,0.710027,0.0,0.000000
0.001053250,0.710129,0.0,0.000000
0.001053500,0.710231,0.0,0.000000
0.001053750,0.710333,0.0,0.000000
0.001054000,0.710435,0.0,0.000000
0.001054250,0.710537,0.0,0.000000
0.001054500,0.710639,0.0,0.000000
0.001054750,0.710741,0.0,0.000000
0.001055000,0.710843,0.0,0.000000
0.001055250,0.710945,0.0,0.000000
0.001055500,0.711047,0.0,0.000000
0.001055750,0.711149,0.0,0.000000
0.001056000,0.711251,0.0,0.000000
0.001056250,0.711352,0.0,0.000000
0.001056500,0.711454,0.0,0.000000
0.001056750,0.711556,0.0,0.000000
0.001057000,0.711658,0.0,0.000000
0.001057250,0.711759,0.0,0.000000
0.001057500,0.711861,0.0,0.000000
0.001057750,0.711963,0.0,0.000000
0.001058000,0.712064,0.0,0.000000
0.001058250,0.712166,0.0,0.000000
0.001058500,0.712268,0.0,0.000000
0.001058750,0.712369,0.0,0.000000
0.001059000,0.712471,0.0,0.000000
0.001059250,0.712572,0.0,0.000000
0.001059500,0.712674,0.0,0.000000
0.001059750,0.712776,0.0,0.000000
0.001060000,0.712877,0.0,0.000000
0.001060250,0.712978,0.0,0.000000
0.001060500,0.713080,0.0,0.000000
0.001060750,0.713181,0.0,0.000000
0.001061000,0.713283,0.0,0.000000
0.001061250,0.713384,0.0,0.000000
0.001061500,0.713486,0.0,0.000000
0.001061750,0.713587,0.0,0.000000
0.001062000,0.713688,0.0,0.000000
0.001062250,0.713790,0.0,0.000000
0.001062500,0.713891,0.0,0.000000
0.001062750,0.713992,0.0,0.000000
0.001063000,0.714093,0.0,0.000000
0.001063250,0.714195,0.0,0.000000
0.001063500,0.714296,0.0,0.000000
0.001063750,0.714397,0.0,0.000000
0.001064000,0.714498,0.0,0.000000
0.001064250,0.714599,0.0,0.000000
0.001064500,0.714700,0.0,0.000000
0.001064750,0.714801,0.0,0.000000
0.001065000,0.714903,0.0,0.000000
0.001065250,0.715004,0.0,0.000000
0.001065500,0.715105,0.0,0.000000
0.001065750,0.715206,0.0,0.000000
0.001066000,0.715307,0.0,0.000000
0.001066250,0.715408,0.0,0.000000
0.001066500,0.715509,0.0,0.000000
0.001066750,0.715609,0.0,0.000000
0.001067000,0.715710,0.0,0.000000
0.001067250,0.715811,0.0,0.000000
0.001067500,0.715912,0.0,0.000000
0.001067750,0.716013,0.0,0.000000
0.001068000,0.716114,0.0,0.000000
0.001068250,0.716215,0.0,0.000000
0.001068500,0.716315,0.0,0.000000
0.001068750,0.716416,0.0,0.000000
0.001069000,0.716517,0.0,0.000000
0.001069250,0.716618,0.0,0.000000
0.001069500,0.716718,0.0,0.000000
0.001069750,0.716819,0.0,0.000000
0.001070000,0.716920,0.0,0.000000
0.001070250,0.717020,0.0,0.000000
0.001070500,0.717121,0.0,0.000000
0.001070750,0.717221,0.0,0.000000
0.001071000,0.717322,0.0,0.000000
0.001071250,0.717423,0.0,0.000000
0.001071500,0.717523,0.0,0.000000
0.001071750,0.717624,0.0,0.000000
0.001072000,0.717724,0.0,0.000000
0.001072250,0.717825,0.0,0.000000
0.001072500,0.717925,0.0,0.000000
0.001072750,0.718025,0.0,0.000000
0.001073000,0.718126,0.0,0.000000
0.001073250,0.718226,0.0,0.000000
0.001073500,0.718327,0.0,0.000000
0.001073750,0.718427,0.0,0.000000
0.001074000,0.718527,0.0,0.000000
0.001074250,0.718628,0.0,0.000000
0.001074500,0.718728,0.0,0.000000
0.001074750,0.718828,0.0,0.000000
0.001075000,0.718928,0.0,0.000000
0.001075250,0.719029,0.0,0.000000
0.001075500,0.719129,0.0,0.000000
0.001075750,0.719229,0.0,0.000000
0.001076000,0.719329,0.0,0.000000
0.001076250,0.719429,0.0,0.000000
0.001076500,0.719529,0.0,0.000000
0.001076750,0.719629,0.0,0.000000
0.001077000,0.719729,0.0,0.000000
0.001077250,0.719830,0.0,0.000000
0.001077500,0.719930,0.0,0.000000
0.001077750,0.720030,0.0,0.000000
0.001078000,0.720130,0.0,0.000000
0.001078250,0.720230,0.0,0.000000
0.001078500,0.720329,0.0,0.000000
0.001078750,0.720429,0.0,0.000000
0.001079000,0.720529,0.0,0.000000
0.001079250,0.720629,0.0,0.000000
0.001079500,0.720729,0.0,0.000000
0.001079750,0.720829,0.0,0.000000
0.001080000,0.720929,0.0,0.000000
0.001080250,0.721028,0.0,0.000000
0.001080500,0.721128,0.0,0.000000
0.001080750,0.721228,0.0,0.000000
0.001081000,0.721328,0.0,0.000000
0.001081250,0.721427,0.0,0.000000
0.001081500,0.721527,0.0,0.000000
0.001081750,0.721627,0.0,0.000000
0.001082000,0.721726,0.0,0.000000
0.001082250,0.721826,0.0,0.000000
0.001082500,0.721926,0.0,0.000000
0.001082750,0.722025,0.0,0.000000
0.001083000,0.722125,0.0,0.000000
0.001083250,0.722224,0.0,0.000000
0.001083500,0.722324,0.0,0.000000
0.001083750,0.722423,0.0,0.000000
0.001084000,0.722523,0.0,0.000000
0.001084250,0.722622,0.0,0.000000
0.001084500,0.722722,0.0,0.000000
0.001084750,0.722821,0.0,0.000000
0.001085000,0.722921,0.0,0.000000
0.001085250,0.723020,0.0,0.000000
0.001085500,0.723119,0.0,0.000000
0.001085750,0.723219,0.0,0.000000
0.001086000,0.723318,0.0,0.000000
0.001086250,0.723417,0.0,0.000000
0.001086500,0.723517,0.0,0.000000
0.001086750,0.723616,0.0,0.000000
0.001087000,0.723715,0.0,0.000000
0.001087250,0.723814,0.0,0.000000
0.001087500,0.723914,0.0,0.000000
0.001087750,0.724013,0.0,0.000000
0.001088000,0.724112,0.0,0.000000
0.001088250,0.724211,0.0,0.000000
0.001088500,0.724310,0.0,0.000000
0.001088750,0.724409,0.0,0.000000
0.001089000,0.724508,0.0,0.000000
0.001089250,0.724607,0.0,0.000000
0.001089500,0.724706,0.0,0.000000
0.001089750,0.724805,0.0,0.000000
0.001090000,0.724904,0.0,0.000000
0.001090250,0.725003,0.0,0.000000
0.001090500,0.725102,0.0,0.000000
0.001090750,0.725201,0.0,0.000000
0.001091000,0.725300,0.0,0.000000
0.001091250,0.725399,0.0,0.000000
0.001091500,0.725498,0.0,0.000000
0.001091750,0.725597,0.0,0.000000
0.001092000,0.725696,0.0,0.000000
0.001092250,0.725794,0.0,0.000000
0.001092500,0.725893,0.0,0.000000
0.001092750,0.725992,0.0,0.000000
0.001093000,0.726091,0.0,0.000000
0.001093250,0.726189,0.0,0.000000
0.001093500,0.726288,0.0,0.000000
0.001093750,0.726387,0.0,0.000000
0.001094000,0.726485,0.0,0.000000
0.001094250,0.726584,0.0,0.000000
0.001094500,0.726683,0.0,0.000000
0.001094750,0.726781,0.0,0.000000
0.001095000,0.726880,0.0,0.000000
0.001095250,0.726979,0.0,0.000000
0.001095500,0.727077,0.0,0.000000
0.001095750,0.727176,0.0,0.000000
0.001096000,0.727274,0.0,0.000000
0.001096250,0.727373,0.0,0.000000
0.001096500,0.727471,0.0,0.000000
0.001096750,0.727569,0.0,0.000000
0.001097000,0.727668,0.0,0.000000
0.001097250,0.727766,0.0,0.000000
0.001097500,0.727865,0.0,0.000000
0.001097750,0.727963,0.0,0.000000
0.001098000,0.728061,0.0,0.000000
0.001098250,0.728160,0.0,0.000000
0.001098500,0.728258,0.0,0.000000
0.001098750,0.728356,0.0,0.000000
0.001099000,0.728454,0.0,0.000000
0.001099250,0.728553,0.0,0.000000
0.001099500,0.728651,0.0,0.000000
0.001099750,0.728749,0.0,0.000000
0.001100000,0.728847,0.0,0.000000
0.001100250,0.728945,0.0,0.000000
0.001100500,0.729043,0.0,0.000000
0.001100750,0.729142,0.0,0.000000
0.001101000,0.729240,0.0,0.000000
0.001101250,0.729338,0.0,0.000000
0.001101500,0.729436,0.0,0.000000
0.001101750,0.729534,0.0,0.000000
0.001102000,0.729632,0.0,0.000000
0.001102250,0.729730,0.0,0.000000
0.001102500,0.729828,0.0,0.000000
0.001102750,0.729926,0.0,0.000000
0.001103000,0.730024,0.0,0.000000
0.001103250,0.730122,0.0,0.000000
0.001103500,0.730219,0.0,0.000000
0.001103750,0.730317,0.0,0.000000
0.001104000,0.730415,0.0,0.000000
0.001104250,0.730513,0.0,0.000000
0.001104500,0.730611,0.0,0.000000
0.001104750,0.730709,0.0,0.000000
0.001105000,0.730806,0.0,0.000000
0.001105250,0.730904,0.0,0.000000
0.001105500,0.731002,0.0,0.000000
0.001105750,0.731100,0.0,0.000000
0.001106000,0.731197,0.0,0.000000
0.001106250,0.731295,0.0,0.000000
0.001106500,0.731393,0.0,0.000000
0.001106750,0.731490,0.0,0.000000
0.001107000,0.731588,0.0,0.000000
0.001107250,0.731685,0.0,0.000000
0.001107500,0.731783,0.0,0.000000
0.001107750,0.731880,0.0,0.000000
0.001108000,0.731978,0.0,0.000000
0.001108250,0.732075,0.0,0.000000
0.001108500,0.732173,0.0,0.000000
0.001108750,0.732270,0.0,0.000000
0.001109000,0.732368,0.0,0.000000
0.001109250,0.732465,0.0,0.000000
0.001109500,0.732563,0.0,0.000000
0.001109750,0.732660,0.0,0.000000
0.001110000,0.732757,0.0,0.000000
0.001110250,0.732855,0.0,0.000000
0.001110500,0.732952,0.0,0.000000
0.001110750,0.733049,0.0,0.000000
0.001111000,0.733146,0.0,0.000000
0.001111250,0.733244,0.0,0.000000
0.001111500,0.733341,0.0,0.000000
0.001111750,0.733438,0.0,0.000000
0.001112000,0.733535,0.0,0.000000
0.001112250,0.733633,0.0,0.000000
0.001112500,0.733730,0.0,0.000000
0.001112750,0.733827,0.0,0.000000
0.001113000,0.733924,0.0,0.000000
0.001113250,0.734021,0.0,0.000000
0.001113500,0.734118,0.0,0.000000
0.001113750,0.734215,0.0,0.000000
0.001114000,0.734312,0.0,0.000000
0.001114250,0.734409,0.0,0.000000
0.001114500,0.734506,0.0,0.000000
0.001114750,0.734603,0.0,0.000000
0.001115000,0.734700,0.0,0.000000
0.001115250,0.734797,0.0,0.000000
0.001115500,0.734894,0.0,0.000000
0.001115750,0.734991,0.0,0.000000
0.001116000,0.735088,0.0,0.000000
0.001116250,0.735185,0.0,0.000000
0.001116500,0.735282,0.0,0.000000
0.001116750,0.735378,0.0,0.000000
0.001117000,0.735475,0.0,0.000000
0.001117250,0.735572,0.0,0.000000
0.001117500,0.735669,0.0,0.000000
0.001117750,0.735765,0.0,0.000000
0.001118000,0.735862,0.0,0.000000
0.001118250,0.735959,0.0,0.000000
0.001118500,0.736055,0.0,0.000000
0.001118750,0.736152,0.0,0.000000
0.001119000,0.736249,0.0,0.000000
0.001119250,0.736345,0.0,0.000000
0.001119500,0.736442,0.0,0.000000
0.001119750,0.736538,0.0,0.000000
0.001120000,0.736635,0.0,0.000000
0.001120250,0.736731,0.0,0.000000
0.001120500,0.736828,0.0,0.000000
0.001120750,0.736924,0.0,0.000000
0.001121000,0.737021,0.0,0.000000
0.001121250,0.737117,0.0,0.000000
0.001121500,0.737214,0.0,0.000000
0.001121750,0.737310,0.0,0.000000
0.001122000,0.737407,0.0,0.000000
0.001122250,0.737503,0.0,0.000000
0.001122500,0.737599,0.0,0.000000
0.001122750,0.737696,0.0,0.000000
0.001123000,0.737792,0.0,0.000000
0.001123250,0.737888,0.0,0.000000
0.001123500,0.737984,0.0,0.000000
0.001123750,0.738081,0.0,0.000000
0.001124000,0.738177,0.0,0.000000
0.001124250,0.738273,0.0,0.000000
0.001124500,0.738369,0.0,0.000000
0.001124750,0.738465,0.0,0.000000
0.001125000,0.738562,0.0,0.000000
0.001125250,0.738658,0.0,0.000000
0.001125500,0.738754,0.0,0.000000
0.001125750,0.738850,0.0,0.000000
0.001126000,0.738946,0.0,0.000000
0.001126250,0.739042,0.0,0.000000
0.001126500,0.739138,0.0,0.000000
0.001126750,0.739234,0.0,0.000000
0.001127000,0.739330,0.0,0.000000
0.001127250,0.739426,0.0,0.000000
0.001127500,0.739522,0.0,0.000000
0.001127750,0.739618,0.0,0.000000
0.001128000,0.739714,0.0,0.000000
0.001128250,0.739810,0.0,0.000000
0.001128500,0.739905,0.0,0.000000
0.001128750,0.740001,0.0,0.000000
0.001129000,0.740097,0.0,0.000000
0.001129250,0.740193,0.0,0.000000
0.001129500,0.740289,0.0,0.000000
0.001129750,0.740385,0.0,0.000000
0.001130000,0.740480,0.0,0.000000
0.001130250,0.740576,0.0,0.000000
0.001130500,0.740672,0.0,0.000000
0.001130750,0.740767,0.0,0.000000
0.001131000,0.740863,0.0,0.000000
0.001131250,0.740959,0.0,0.000000
0.001131500,0.741054,0.0,0.000000
0.001131750,0.741150,0.0,0.000000
0.001132000,0.741246,0.0,0.000000
0.001132250,0.741341,0.0,0.000000
0.001132500,0.741437,0.0,0.000000
0.001132750,0.741532,0.0,0.000000
0.001133000,0.741628,0.0,0.000000
0.001133250,0.741723,0.0,0.000000
0.001133500,0.741819,0.0,0.000000
0.001133750,0.741914,0.0,0.000000
0.001134000,0.742009,0.0,0.000000
0.001134250,0.742105,0.0,0.000000
0.001134500,0.742200,0.0,0.000000
0.001134750,0.742296,0.0,0.000000
0.001135000,0.742391,0.0,0.000000
0.001135250,0.742486,0.0,0.000000
0.001135500,0.742582,0.0,0.000000
0.001135750,0.742677,0.0,0.000000
0.001136000,0.742772,0.0,0.000000
0.001136250,0.742867,0.0,0.000000
0.001136500,0.742963,0.0,0.000000
0.001136750,0.743058,0.0,0.000000
0.001137000,0.743153,0.0,0.000000
0.001137250,0.743248,0.0,0.000000
0.001137500,0.743343,0.0,0.000000
0.001137750,0.743438,0.0,0.000000
0.001138000,0.743534,0.0,0.000000
0.001138250,0.743629,0.0,0.000000
0.001138500,0.743724,0.0,0.000000
0.001138750,0.743819,0.0,0.000000
0.001139000,0.743914,0.0,0.000000
0.001139250,0.744009,0.0,0.000000
0.001139500,0.744104,0.0,0.000000
0.001139750,0.744199,0.0,0.000000
0.001140000,0.744294,0.0,0.000000
0.001140250,0.744389,0.0,0.000000
0.001140500,0.744484,0.0,0.000000
0.001140750,0.744578,0.0,0.000000
0.001141000,0.744673,0.0,0.000000
0.001141250,0.744768,0.0,0.000000
0.001141500,0.744863,0.0,0.000000
0.001141750,0.744958,0.0,0.000000
0.001142000,0.745053,0.0,0.000000
0.001142250,0.745147,0.0,0.000000
0.001142500,0.745242,0.0,0.000000
0.001142750,0.745337,0.0,0.000000
0.001143000,0.745432,0.0,0.000000
0.001143250,0.745526,0.0,0.000000
0.001143500,0.745621,0.0,0.000000
0.001143750,0.745716,0.0,0.000000
0.001144000,0.745810,0.0,0.000000
0.001144250,0.745905,0.0,0.000000
0.001144500,0.745999,0.0,0.000000
0.001144750,0.746094,0.0,0.000000
0.001145000,0.746189,0.0,0.000000
0.001145250,0.746283,0.0,0.000000
0.001145500,0.746378,0.0,0.000000
0.001145750,0.746472,0.0,0.000000
0.001146000,0.746567,0.0,0.000000
0.001146250,0.746661,0.0,0.000000
0.001146500,0.746755,0.0,0.000000
0.001146750,0.746850,0.0,0.000000
0.001147000,0.746944,0.0,0.000000
0.001147250,0.747039,0.0,0.000000
0.001147500,0.747133,0.0,0.000000
0.001147750,0.747227,0.0,0.000000
0.001148000,0.747322,0.0,0.000000
0.001148250,0.747416,0.0,0.000000
0.001148500,0.747510,0.0,0.000000
0.001148750,0.747604,0.0,0.000000
0.001149000,0.747699,0.0,0.000000
0.001149250,0.747793,0.0,0.000000
0.001149500,0.747887,0.0,0.000000
0.001149750,0.747981,0.0,0.000000
0.001150000,0.748075,0.0,0.000000
0.001150250,0.748170,0.0,0.000000
0.001150500,0.748264,0.0,0.000000
0.001150750,0.748358,0.0,0.000000
0.001151000,0.748452,0.0,0.000000
0.001151250,0.748546,0.0,0.000000
0.001151500,0.748640,0.0,0.000000
0.001151750,0.748734,0.0,0.000000
0.001152000,0.748828,0.0,0.000000
0.001152250,0.748922,0.0,0.000000
0.001152500,0.749016,0.0,0.000000
0.001152750,0.749110,0.0,0.000000
0.001153000,0.749204,0.0,0.000000
0.001153250,0.749298,0.0,0.000000
0.001153500,0.749392,0.0,0.000000
0.001153750,0.749486,0.0,0.000000
0.001154000,0.749579,0.0,0.000000
0.001154250,0.749673,0.0,0.000000
0.001154500,0.749767,0.0,0.000000
0.001154750,0.749861,0.0,0.000000
0.001155000,0.749955,0.0,0.000000
0.001155250,0.750048,0.0,0.000000
0.001155500,0.750142,0.0,0.000000
0.001155750,0.750236,0.0,0.000000
0.001156000,0.750330,0.0,0.000000
0.001156250,0.750423,0.0,0.000000
0.001156500,0.750517,0.0,0.000000
0.001156750,0.750611,0.0,0.000000
0.001157000,0.750704,0.0,0.000000
0.001157250,0.750798,0.0,0.000000
0.001157500,0.750891,0.0,0.000000
0.001157750,0.750985,0.0,0.000000
0.001158000,0.751078,0.0,0.000000
0.001158250,0.751172,0.0,0.000000
0.001158500,0.751266,0.0,0.000000
0.001158750,0.751359,0.0,0.000000
0.001159000,0.751452,0.0,0.000000
0.001159250,0.751546,0.0,0.000000
0.001159500,0.751639,0.0,0.000000
0.001159750,0.751733,0.0,0.000000
0.001160000,0.751826,0.0,0.000000
0.001160250,0.751919,0.0,0.000000
0.001160500,0.752013,0.0,0.000000
0.001160750,0.752106,0.0,0.000000
0.001161000,0.752199,0.0,0.000000
0.001161250,0.752293,0.0,0.000000
0.001161500,0.752386,0.0,0.000000
0.001161750,0.752479,0.0,0.000000
0.001162000,0.752572,0.0,0.000000
0.001162250,0.752666,0.0,0.000000
0.001162500,0.752759,0.0,0.000000
0.001162750,0.752852,0.0,0.000000
0.001163000,0.752945,0.0,0.000000
0.001163250,0.753038,0.0,0.000000
0.001163500,0.753131,0.0,0.000000
0.001163750,0.753224,0.0,0.000000
0.001164000,0.753317,0.0,0.000000
0.001164250,0.753411,0.0,0.000000
0.001164500,0.753504,0.0,0.000000
0.001164750,0.753597,0.0,0.000000
0.001165000,0.753690,0.0,0.000000
0.001165250,0.753783,0.0,0.000000
0.001165500,0.753876,0.0,0.000000
0.001165750,0.753968,0.0,0.000000
0.001166000,0.754061,0.0,0.000000
0.001166250,0.754154,0.0,0.000000
0.001166500,0.754247,0.0,0.000000
0.001166750,0.754340,0.0,0.000000
0.001167000,0.754433,0.0,0.000000
0.001167250,0.754526,0.0,0.000000
0.001167500,0.754619,0.0,0.000000
0.001167750,0.754711,0.0,0.000000
0.001168000,0.754804,0.0,0.000000
0.001168250,0.754897,0.0,0.000000
0.001168500,0.754990,0.0,0.000000
0.001168750,0.755082,0.0,0.000000
0.001169000,0.755175,0.0,0.000000
0.001169250,0.755268,0.0,0.000000
0.001169500,0.755360,0.0,0.000000
0.001169750,0.755453,0.0,0.000000
0.001170000,0.755545,0.0,0.000000
0.001170250,0.755638,0.0,0.000000
0.001170500,0.755731,0.0,0.000000
0.001170750,0.755823,0.0,0.000000
0.001171000,0.755916,0.0,0.000000
0.001171250,0.756008,0.0,0.000000
0.001171500,0.756101,0.0,0.000000
0.001171750,0.756193,0.0,0.000000
0.001172000,0.756286,0.0,0.000000
0.001172250,0.756378,0.0,0.000000
0.001172500,0.756470,0.0,0.000000
0.001172750,0.756563,0.0,0.000000
0.001173000,0.756655,0.0,0.000000
0.001173250,0.756748,0.0,0.000000
0.001173500,0.756840,0.0,0.000000
0.001173750,0.756932,0.0,0.000000
0.001174000,0.757025,0.0,0.000000
0.001174250,0.757117,0.0,0.000000
0.001174500,0.757209,0.0,0.000000
0.001174750,0.757301,0.0,0.000000
0.001175000,0.757394,0.0,0.000000
0.001175250,0.757486,0.0,0.000000
0.001175500,0.757578,0.0,0.000000
0.001175750,0.757670,0.0,0.000000
0.001176000,0.757762,0.0,0.000000
0.001176250,0.757854,0.0,0.000000
0.001176500,0.757946,0.0,0.000000
0.001176750,0.758039,0.0,0.000000
0.001177000,0.758131,0.0,0.000000
0.001177250,0.758223,0.0,0.000000
0.001177500,0.758315,0.0,0.000000
0.001177750,0.758407,0.0,0.000000
0.001178000,0.758499,0.0,0.000000
0.001178250,0.758591,0.0,0.000000
0.001178500,0.758683,0.0,0.000000
0.001178750,0.758775,0.0,0.000000
0.001179000,0.758866,0.0,0.000000
0.001179250,0.758958,0.0,0.000000
0.001179500,0.759050,0.0,0.000000
0.001179750,0.759142,0.0,0.000000
0.001180000,0.759234,0.0,0.000000
0.001180250,0.759326,0.0,0.000000
0.001180500,0.759418,0.0,0.000000
0.001180750,0.759509,0.0,0.000000
0.001181000,0.759601,0.0,0.000000
0.001181250,0.759693,0.0,0.000000
0.001181500,0.759785,0.0,0.000000
0.001181750,0.759876,0.0,0.000000
0.001182000,0.759968,0.0,0.000000
0.001182250,0.760060,0.0,0.000000
0.001182500,0.760151,0.0,0.000000
0.001182750,0.760243,0.0,0.000000
0.001183000,0.760335,0.0,0.000000
0.001183250,0.760426,0.0,0.000000
0.001183500,0.760518,0.0,0.000000
0.001183750,0.760609,0.0,0.000000
0.001184000,0.760701,0.0,0.000000
0.001184250,0.760792,0.0,0.000000
0.001184500,0.760884,0.0,0.000000
0.001184750,0.760975,0.0,0.000000
0.001185000,0.761067,0.0,0.000000
0.001185250,0.761158,0.0,0.000000
0.001185500,0.761250,0.0,0.000000
0.001185750,0.761341,0.0,0.000000
0.001186000,0.761432,0.0,0.000000
0.001186250,0.761524,0.0,0.000000
0.001186500,0.761615,0.0,0.000000
0.001186750,0.761706,0.0,0.000000
0.001187000,0.761798,0.0,0.000000
0.001187250,0.761889,0.0,0.000000
0.001187500,0.761980,0.0,0.000000
0.001187750,0.762071,0.0,0.000000
0.001188000,0.762163,0.0,0.000000
0.001188250,0.762254,0.0,0.000000
0.001188500,0.762345,0.0,0.000000
0.001188750,0.762436,0.0,0.000000
0.001189000,0.762527,0.0,0.000000
0.001189250,0.762619,0.0,0.000000
0.001189500,0.762710,0.0,0.000000
0.001189750,0.762801,0.0,0.000000
0.001190000,0.762892,0.0,0.000000
0.001190250,0.762983,0.0,0.000000
0.001190500,0.763074,0.0,0.000000
0.001190750,0.763165,0.0,0.000000
0.001191000,0.763256,0.0,0.000000
0.001191250,0.763347,0.0,0.000000
0.001191500,0.763438,0.0,0.000000
0.001191750,0.763529,0.0,0.000000
0.001192000,0.763620,0.0,0.000000
0.001192250,0.763711,0.0,0.000000
0.001192500,0.763802,0.0,0.000000
0.001192750,0.763892,0.0,0.000000
0.001193000,0.763983,0.0,0.000000
0.001193250,0.764074,0.0,0.000000
0.001193500,0.764165,0.0,0.000000
0.001193750,0.764256,0.0,0.000000
0.001194000,0.764347,0.0,0.000000
0.001194250,0.764437,0.0,0.000000
0.001194500,0.764528,0.0,0.000000
0.001194750,0.764619,0.0,0.000000
0.001195000,0.764709,0.0,0.000000
0.001195250,0.764800,0.0,0.000000
0.001195500,0.764891,0.0,0.000000
0.001195750,0.764981,0.0,0.000000
0.001196000,0.765072,0.0,0.000000
0.001196250,0.765163,0.0,0.000000
0.001196500,0.765253,0.0,0.000000
0.001196750,0.765344,0.0,0.000000
0.001197000,0.765434,0.0,0.000000
0.001197250,0.765525,0.0,0.000000
0.001197500,0.765615,0.0,0.000000
0.001197750,0.765706,0.0,0.000000
0.001198000,0.765796,0.0,0.000000
0.001198250,0.765887,0.0,0.000000
0.001198500,0.765977,0.0,0.000000
0.001198750,0.766068,0.0,0.000000
0.001199000,0.766158,0.0,0.000000
0.001199250,0.766248,0.0,0.000000
0.001199500,0.766339,0.0,0.000000
0.001199750,0.766429,0.0,0.000000
0.001200000,0.766519,0.0,0.000000
0.001200250,0.766610,0.0,0.000000
0.001200500,0.766700,0.0,0.000000
0.001200750,0.766790,0.0,0.000000
0.001201000,0.766881,0.0,0.000000
0.001201250,0.766971,0.0,0.000000
0.001201500,0.767061,0.0,0.000000
0.001201750,0.767151,0.0,0.000000
0.001202000,0.767241,0.0,0.000000
0.001202250,0.767331,0.0,0.000000
0.001202500,0.767422,0.0,0.000000
0.001202750,0.767512,0.0,0.000000
0.001203000,0.767602,0.0,0.000000
0.001203250,0.767692,0.0,0.000000
0.001203500,0.767782,0.0,0.000000
0.001203750,0.767872,0.0,0.000000
0.001204000,0.767962,0.0,0.000000
0.001204250,0.768052,0.0,0.000000
0.001204500,0.768142,0.0,0.000000
0.001204750,0.768232,0.0,0.000000
0.001205000,0.768322,0.0,0.000000
0.001205250,0.768412,0.0,0.000000
0.001205500,0.768502,0.0,0.000000
0.001205750,0.768592,0.0,0.000000
0.001206000,0.768681,0.0,0.000000
0.001206250,0.768771,0.0,0.000000
0.001206500,0.768861,0.0,0.000000
0.001206750,0.768951,0.0,0.000000
0.001207000,0.769041,0.0,0.000000
0.001207250,0.769131,0.0,0.000000
0.001207500,0.769220,0.0,0.000000
0.001207750,0.769310,0.0,0.000000
0.001208000,0.769400,0.0,0.000000
0.001208250,0.769489,0.0,0.000000
0.001208500,0.769579,0.0,0.000000
0.001208750,0.769669,0.0,0.000000
0.001209000,0.769758,0.0,0.000000
0.001209250,0.769848,0.0,0.000000
0.001209500,0.769938,0.0,0.000000
0.001209750,0.770027,0.0,0.000000
0.001210000,0.770117,0.0,0.000000
0.001210250,0.770206,0.0,0.000000
0.001210500,0.770296,0.0,0.000000
0.001210750,0.770385,0.0,0.000000
0.001211000,0.770475,0.0,0.000000
0.001211250,0.770564,0.0,0.000000
0.001211500,0.770654,0.0,0.000000
0.001211750,0.770743,0.0,0.000000
0.001212000,0.770833,0.0,0.000000
0.001212250,0.770922,0.0,0.000000
0.001212500,0.771012,0.0,0.000000
0.001212750,0.771101,0.0,0.000000
0.001213000,0.771190,0.0,0.000000
0.001213250,0.771280,0.0,0.000000
0.001213500,0.771369,0.0,0.000000
0.001213750,0.771458,0.0,0.000000
0.001214000,0.771547,0.0,0.000000
0.001214250,0.771637,0.0,0.000000
0.001214500,0.771726,0.0,0.000000
0.001214750,0.771815,0.0,0.000000
0.001215000,0.771904,0.0,0.000000
0.001215250,0.771994,0.0,0.000000
0.001215500,0.772083,0.0,0.000000
0.001215750,0.772172,0.0,0.000000
0.001216000,0.772261,0.0,0.000000
0.001216250,0.772350,0.0,0.000000
0.001216500,0.772439,0.0,0.000000
0.001216750,0.772528,0.0,0.000000
0.001217000,0.772617,0.0,0.000000
0.001217250,0.772706,0.0,0.000000
0.001217500,0.772795,0.0,0.000000
0.001217750,0.772884,0.0,0.000000
0.001218000,0.772973,0.0,0.000000
0.001218250,0.773062,0.0,0.000000
0.001218500,0.773151,0.0,0.000000
0.001218750,0.773240,1.0,4.440000
0.001219000,0.773329,0.0,3.758379
0.001219250,0.021805,0.0,3.181399
0.001219500,0.022051,0.0,2.692996
0.001219750,0.022296,0.0,2.279572
0.001220000,0.022542,0.0,1.929616
0.001220250,0.022787,0.0,1.633385
0.001220500,0.023032,0.0,1.382630
0.001220750,0.023277,0.0,1.170371
0.001221000,0.023523,0.0,0.990698
0.001221250,0.023768,0.0,0.838608
0.001221500,0.024013,0.0,0.709866
0.001221750,0.024258,0.0,0.600889
0.001222000,0.024503,0.0,0.508641
0.001222250,0.024748,0.0,0.430555
0.001222500,0.024992,0.0,0.364457
0.001222750,0.025237,0.0,0.308506
0.001223000,0.025482,0.0,0.261145
0.001223250,0.025727,0.0,0.221054
0.001223500,0.025971,0.0,0.187119
0.001223750,0.026216,0.0,0.158392
0.001224000,0.026460,0.0,0.134076
0.001224250,0.026705,0.0,0.113493
0.001224500,0.026949,0.0,0.096070
0.001224750,0.027194,0.0,0.081321
0.001225000,0.027438,0.0,0.068837
0.001225250,0.027682,0.0,0.058269
0.001225500,0.027927,0.0,0.049324
0.001225750,0.028171,0.0,0.041752
0.001226000,0.028415,0.0,0.035342
0.001226250,0.028659,0.0,0.000000
0.001226500,0.028903,0.0,0.000000
0.001226750,0.029147,0.0,0.000000
0.001227000,0.029391,0.0,0.000000
0.001227250,0.029635,0.0,0.000000
0.001227500,0.029879,0.0,0.000000
0.001227750,0.030122,0.0,0.000000
0.001228000,0.030366,0.0,0.000000
0.001228250,0.030610,0.0,0.000000
0.001228500,0.030853,0.0,0.000000
0.001228750,0.031097,0.0,0.000000
0.001229000,0.031341,0.0,0.000000
0.001229250,0.031584,0.0,0.000000
0.001229500,0.031827,0.0,0.000000
0.001229750,0.032071,0.0,0.000000
0.001230000,0.032314,0.0,0.000000
0.001230250,0.032557,0.0,0.000000
0.001230500,0.032801,0.0,0.000000
0.001230750,0.033044,0.0,0.000000
0.001231000,0.033287,0.0,0.000000
0.001231250,0.033530,0.0,0.000000
0.001231500,0.033773,0.0,0.000000
0.001231750,0.034016,0.0,0.000000
0.001232000,0.034259,0.0,0.000000
0.001232250,0.034502,0.0,0.000000
0.001232500,0.034745,0.0,0.000000
0.001232750,0.034987,0.0,0.000000
0.001233000,0.035230,0.0,0.000000
0.001233250,0.035473,0.0,0.000000
0.001233500,0.035715,0.0,0.000000
0.001233750,0.035958,0.0,0.000000
0.001234000,0.036200,0.0,0.000000
0.001234250,0.036443,0.0,0.000000
0.001234500,0.036685,0.0,0.000000
0.001234750,0.036928,0.0,0.000000
0.001235000,0.037170,0.0,0.000000
0.001235250,0.037412,0.0,0.000000
0.001235500,0.037654,0.0,0.000000
0.001235750,0.037896,0.0,0.000000
0.001236000,0.038139,0.0,0.000000
0.001236250,0.038381,0.0,0.000000
0.001236500,0.038623,0.0,0.000000
0.001236750,0.038865,0.0,0.000000
0.001237000,0.039107,0.0,0.000000
0.001237250,0.039348,0.0,0.000000
0.001237500,0.039590,0.0,0.000000
0.001237750,0.039832,0.0,0.000000
0.001238000,0.040074,0.0,0.000000
0.001238250,0.040315,0.0,0.000000
0.001238500,0.040557,0.0,0.000000
0.001238750,0.040798,0.0,0.000000
0.001239000,0.041040,0.0,0.000000
0.001239250,0.041281,0.0,0.000000
0.001239500,0.041523,0.0,0.000000
0.001239750,0.041764,0.0,0.000000
0.001240000,0.042005,0.0,0.000000
0.001240250,0.042247,0.0,0.000000
0.001240500,0.042488,0.0,0.000000
0.001240750,0.042729,0.0,0.000000
0.001241000,0.042970,0.0,0.000000
0.001241250,0.043211,0.0,0.000000
0.001241500,0.043452,0.0,0.000000
0.001241750,0.043693,0.0,0.000000
0.001242000,0.043934,0.0,0.000000
0.001242250,0.044175,0.0,0.000000
0.001242500,0.044416,0.0,0.000000
0.001242750,0.044656,0.0,0.000000
0.001243000,0.044897,0.0,0.000000
0.001243250,0.045138,0.0,0.000000
0.001243500,0.045378,0.0,0.000000
0.001243750,0.045619,0.0,0.000000
0.001244000,0.045859,0.0,0.000000
0.001244250,0.046100,0.0,0.000000
0.001244500,0.046340,0.0,0.000000
0.001244750,0.046581,0.0,0.000000
0.001245000,0.046821,0.0,0.000000
0.001245250,0.047061,0.0,0.000000
0.001245500,0.047301,0.0,0.000000
0.001245750,0.047542,0.0,0.000000
0.001246000,0.047782,0.0,0.000000
0.001246250,0.048022,0.0,0.000000
0.001246500,0.048262,0.0,0.000000
0.001246750,0.048502,0.0,0.000000
0.001247000,0.048741,0.0,0.000000
0.001247250,0.048981,0.0,0.000000
0.001247500,0.049221,0.0,0.000000
0.001247750,0.049461,0.0,0.000000
0.001248000,0.049701,0.0,0.000000
0.001248250,0.049940,0.0,0.000000
0.001248500,0.050180,0.0,0.000000
0.001248750,0.050419,0.0,0.000000
0.001249000,0.050659,0.0,0.000000
0.001249250,0.050898,0.0,0.000000
0.001249500,0.051138,0.0,0.000000
0.001249750,0.051377,0.0,0.000000
0.001250000,0.051616,0.0,0.000000
0.001250250,0.051856,0.0,0.000000
0.001250500,0.052095,0.0,0.000000
0.001250750,0.052334,0.0,0.000000
0.001251000,0.052573,0.0,0.000000
0.001251250,0.052812,0.0,0.000000
0.001251500,0.053051,0.0,0.000000
0.001251750,0.053290,0.0,0.000000
0.001252000,0.053529,0.0,0.000000
0.001252250,0.053768,0.0,0.000000
0.001252500,0.054007,0.0,0.000000
0.001252750,0.054245,0.0,0.000000
0.001253000,0.054484,0.0,0.000000
0.001253250,0.054723,0.0,0.000000
0.001253500,0.054961,0.0,0.000000
0.001253750,0.055200,0.0,0.000000
0.001254000,0.055438,0.0,0.000000
0.001254250,0.055677,0.0,0.000000
0.001254500,0.055915,0.0,0.000000
0.001254750,0.056154,0.0,0.000000
0.001255000,0.056392,0.0,0.000000
0.001255250,0.056630,0.0,0.000000
0.001255500,0.056868,0.0,0.000000
0.001255750,0.057106,0.0,0.000000
0.001256000,0.057345,0.0,0.000000
0.001256250,0.057583,0.0,0.000000
0.001256500,0.057821,0.0,0.000000
0.001256750,0.058059,0.0,0.000000
0.001257000,0.058296,0.0,0.000000
0.001257250,0.058534,0.0,0.000000
0.001257500,0.058772,0.0,0.000000
0.001257750,0.059010,0.0,0.000000
0.001258000,0.059248,0.0,0.000000
0.001258250,0.059485,0.0,0.000000
0.001258500,0.059723,0.0,0.000000
0.001258750,0.059960,0.0,0.000000
0.001259000,0.060198,0.0,0.000000
0.001259250,0.060435,0.0,0.000000
0.001259500,0.060673,0.0,0.000000
0.001259750,0.060910,0.0,0.000000
0.001260000,0.061148,0.0,0.000000
0.001260250,0.061385,0.0,0.000000
0.001260500,0.061622,0.0,0.000000
0.001260750,0.061859,0.0,0.000000
0.001261000,0.062096,0.0,0.000000
0.001261250,0.062333,0.0,0.000000
0.001261500,0.062570,0.0,0.000000
0.001261750,0.062807,0.0,0.000000
0.001262000,0.063044,0.0,0.000000
0.001262250,0.063281,0.0,0.000000
0.001262500,0.063518,0.0,0.000000
0.001262750,0.063755,0.0,0.000000
0.001263000,0.063991,0.0,0.000000
0.001263250,0.064228,0.0,0.000000
0.001263500,0.064465,0.0,0.000000
0.001263750,0.064701,0.0,0.000000
0.001264000,0.064938,0.0,0.000000
0.001264250,0.065174,0.0,0.000000
0.001264500,0.065411,0.0,0.000000
0.001264750,0.065647,0.0,0.000000
0.001265000,0.065883,0.0,0.000000
0.001265250,0.066120,0.0,0.000000
0.001265500,0.066356,0.0,0.000000
0.001265750,0.066592,0.0,0.000000
0.001266000,0.066828,0.0,0.000000
0.001266250,0.067064,0.0,0.000000
0.001266500,0.067300,0.0,0.000000
0.001266750,0.067536,0.0,0.000000
0.001267000,0.067772,0.0,0.000000
0.001267250,0.068008,0.0,0.000000
0.001267500,0.068244,0.0,0.000000
0.001267750,0.068480,0.0,0.000000
0.001268000,0.068715,0.0,0.000000
0.001268250,0.068951,0.0,0.000000
0.001268500,0.069187,0.0,0.000000
0.001268750,0.069422,0.0,0.000000
0.001269000,0.069658,0.0,0.000000
0.001269250,0.069893,0.0,0.000000
0.001269500,0.070129,0.0,0.000000
0.001269750,0.070364,0.0,0.000000
0.001270000,0.070599,0.0,0.000000
0.001270250,0.070835,0.0,0.000000
0.001270500,0.071070,0.0,0.000000
0.001270750,0.071305,0.0,0.000000
0.001271000,0.071540,0.0,0.000000
0.001271250,0.071775,0.0,0.000000
0.001271500,0.072010,0.0,0.000000
0.001271750,0.072245,0.0,0.000000
0.001272000,0.072480,0.0,0.000000
0.001272250,0.072715,0.0,0.000000
0.001272500,0.072950,0.0,0.000000
0.001272750,0.073185,0.0,0.000000
0.001273000,0.073420,0.0,0.000000
0.001273250,0.073654,0.0,0.000000
0.001273500,0.073889,0.0,0.000000
0.001273750,0.074124,0.0,0.000000
0.001274000,0.074358,0.0,0.000000
0.001274250,0.074593,0.0,0.000000
0.001274500,0.074827,0.0,0.000000
0.001274750,0.075062,0.0,0.000000
0.001275000,0.075296,0.0,0.000000
0.001275250,0.075530,0.0,0.000000
0.001275500,0.075764,0.0,0.000000
0.001275750,0.075999,0.0,0.000000
0.001276000,0.076233,0.0,0.000000
0.001276250,0.076467,0.0,0.000000
0.001276500,0.076701,0.0,0.000000
0.001276750,0.076935,0.0,0.000000
0.001277000,0.077169,0.0,0.000000
0.001277250,0.077403,0.0,0.000000
0.001277500,0.077637,0.0,0.000000
0.001277750,0.077871,0.0,0.000000
0.001278000,0.078104,0.0,0.000000
0.001278250,0.078338,0.0,0.000000
0.001278500,0.078572,0.0,0.000000
0.001278750,0.078805,0.0,0.000000
0.001279000,0.079039,0.0,0.000000
0.001279250,0.079273,0.0,0.000000
0.001279500,0.079506,0.0,0.000000
0.001279750,0.079739,0.0,0.000000
0.001280000,0.079973,0.0,0.000000
0.001280250,0.080206,0.0,0.000000
0.001280500,0.080440,0.0,0.000000
0.001280750,0.080673,0.0,0.000000
0.001281000,0.080906,0.0,0.000000
0.001281250,0.081139,0.0,0.000000
0.001281500,0.081372,0.0,0.000000
0.001281750,0.081605,0.0,0.000000
0.001282000,0.081838,0.0,0.000000
0.001282250,0.082071,0.0,0.000000
0.001282500,0.082304,0.0,0.000000
0.001282750,0.082537,0.0,0.000000
0.001283000,0.082770,0.0,0.000000
0.001283250,0.083002,0.0,0.000000
0.001283500,0.083235,0.0,0.000000
0.001283750,0.083468,0.0,0.000000
0.001284000,0.083700,0.0,0.000000
0.001284250,0.083933,0.0,0.000000
0.001284500,0.084166,0.0,0.000000
0.001284750,0.084398,0.0,0.000000
0.001285000,0.084630,0.0,0.000000
0.001285250,0.084863,0.0,0.000000
0.001285500,0.085095,0.0,0.000000
0.001285750,0.085327,0.0,0.000000
0.001286000,0.085560,0.0,0.000000
0.001286250,0.085792,0.0,0.000000
0.001286500,0.086024,0.0,0.000000
0.001286750,0.086256,0.0,0.000000
0.001287000,0.086488,0.0,0.000000
0.001287250,0.086720,0.0,0.000000
0.001287500,0.086952,0.0,0.000000
0.001287750,0.087184,0.0,0.000000
0.001288000,0.087416,0.0,0.000000
0.001288250,0.087647,0.0,0.000000
0.001288500,0.087879,0.0,0.000000
0.001288750,0.088111,0.0,0.000000
0.001289000,0.088342,0.0,0.000000
0.001289250,0.088574,0.0,0.000000
0.001289500,0.088806,0.0,0.000000
0.001289750,0.089037,0.0,0.000000
0.001290000,0.089269,0.0,0.000000
0.001290250,0.089500,0.0,0.000000
0.001290500,0.089731,0.0,0.000000
0.001290750,0.089963,0.0,0.000000
0.001291000,0.090194,0.0,0.000000
0.001291250,0.090425,0.0,0.000000
0.001291500,0.090656,0.0,0.000000
0.001291750,0.090887,0.0,0.000000
0.001292000,0.091118,0.0,0.000000
0.001292250,0.091349,0.0,0.000000
0.001292500,0.091580,0.0,0.000000
0.001292750,0.091811,0.0,0.000000
0.001293000,0.092042,0.0,0.000000
0.001293250,0.092273,0.0,0.000000
0.001293500,0.092504,0.0,0.000000
0.001293750,0.092734,0.0,0.000000
0.001294000,0.092965,0.0,0.000000
0.001294250,0.093196,0.0,0.000000
0.001294500,0.093426,0.0,0.000000
0.001294750,0.093657,0.0,0.000000
0.001295000,0.093887,0.0,0.000000
0.001295250,0.094118,0.0,0.000000
0.001295500,0.094348,0.0,0.000000
0.001295750,0.094579,0.0,0.000000
0.001296000,0.094809,0.0,0.000000
0.001296250,0.095039,0.0,0.000000
0.001296500,0.095269,0.0,0.000000
0.001296750,0.095499,0.0,0.000000
0.001297000,0.095730,0.0,0.000000
0.001297250,0.095960,0.0,0.000000
0.001297500,0.096190,0.0,0.000000
0.001297750,0.096420,0.0,0.000000
0.001298000,0.096649,0.0,0.000000
0.001298250,0.096879,0.0,0.000000
0.001298500,0.097109,0.0,0.000000
0.001298750,0.097339,0.0,0.000000
0.001299000,0.097569,0.0,0.000000
0.001299250,0.097798,0.0,0.000000
0.001299500,0.098028,0.0,0.000000
0.001299750,0.098258,0.0,0.000000
0.001300000,0.098487,0.0,0.000000
0.001300250,0.098717,0.0,0.000000
0.001300500,0.098946,0.0,0.000000
0.001300750,0.099175,0.0,0.000000
0.001301000,0.099405,0.0,0.000000
0.001301250,0.099634,0.0,0.000000
0.001301500,0.099863,0.0,0.000000
0.001301750,0.100092,0.0,0.000000
0.001302000,0.100322,0.0,0.000000
0.001302250,0.100551,0.0,0.000000
0.001302500,0.100780,0.0,0.000000
0.001302750,0.101009,0.0,0.000000
0.001303000,0.101238,0.0,0.000000
0.001303250,0.101467,0.0,0.000000
0.001303500,0.101695,0.0,0.000000
0.001303750,0.101924,0.0,0.000000
0.001304000,0.102153,0.0,0.000000
0.001304250,0.102382,0.0,0.000000
0.001304500,0.102610,0.0,0.000000
0.001304750,0.102839,0.0,0.000000
0.001305000,0.103068,0.0,0.000000
0.001305250,0.103296,0.0,0.000000
0.001305500,0.103525,0.0,0.000000
0.001305750,0.103753,0.0,0.000000
0.001306000,0.103981,0.0,0.000000
0.001306250,0.104210,0.0,0.000000
0.001306500,0.104438,0.0,0.000000
0.001306750,0.104666,0.0,0.000000
0.001307000,0.104894,0.0,0.000000
0.001307250,0.105123,0.0,0.000000
0.001307500,0.105351,0.0,0.000000
0.001307750,0.105579,0.0,0.000000
0.001308000,0.105807,0.0,0.000000
0.001308250,0.106035,0.0,0.000000
0.001308500,0.106263,0.0,0.000000
0.001308750,0.106490,0.0,0.000000
0.001309000,0.106718,0.0,0.000000
0.001309250,0.106946,0.0,0.000000
0.001309500,0.107174,0.0,0.000000
0.001309750,0.107401,0.0,0.000000
0.001310000,0.107629,0.0,0.000000
0.001310250,0.107857,0.0,0.000000
0.001310500,0.108084,0.0,0.000000
0.001310750,0.108312,0.0,0.000000
0.001311000,0.108539,0.0,0.000000
0.001311250,0.108766,0.0,0.000000
0.001311500,0.108994,0.0,0.000000
0.001311750,0.109221,0.0,0.000000
0.001312000,0.109448,0.0,0.000000
0.001312250,0.109676,0.0,0.000000
0.001312500,0.109903,0.0,0.000000
0.001312750,0.110130,0.0,0.000000
0.001313000,0.110357,0.0,0.000000
0.001313250,0.110584,0.0,0.000000
0.001313500,0.110811,0.0,0.000000
0.001313750,0.111038,0.0,0.000000
0.001314000,0.111265,0.0,0.000000
0.001314250,0.111491,0.0,0.000000
0.001314500,0.111718,0.0,0.000000
0.001314750,0.111945,0.0,0.000000
0.001315000,0.112172,0.0,0.000000
0.001315250,0.112398,0.0,0.000000
0.001315500,0.112625,0.0,0.000000
0.001315750,0.112851,0.0,0.000000
0.001316000,0.113078,0.0,0.000000
0.001316250,0.113304,0.0,0.000000
0.001316500,0.113531,0.0,0.000000
0.001316750,0.113757,0.0,0.000000
0.001317000,0.113983,0.0,0.000000
0.001317250,0.114210,0.0,0.000000
0.001317500,0.114436,0.0,0.000000
0.001317750,0.114662,0.0,0.000000
0.001318000,0.114888,0.0,0.000000
0.001318250,0.115114,0.0,0.000000
0.001318500,0.115340,0.0,0.000000
0.001318750,0.115566,0.0,0.000000
0.001319000,0.115792,0.0,0.000000
0.001319250,0.116018,0.0,0.000000
0.001319500,0.116244,0.0,0.000000
0.001319750,0.116469,0.0,0.000000
0.001320000,0.116695,0.0,0.000000
0.001320250,0.116921,0.0,0.000000
0.001320500,0.117147,0.0,0.000000
0.001320750,0.117372,0.0,0.000000
0.001321000,0.117598,0.0,0.000000
0.001321250,0.117823,0.0,0.000000
0.001321500,0.118049,0.0,0.000000
0.001321750,0.118274,0.0,0.000000
0.001322000,0.118499,0.0,0.000000
0.001322250,0.118725,0.0,0.000000
0.001322500,0.118950,0.0,0.000000
0.001322750,0.119175,0.0,0.000000
0.001323000,0.119400,0.0,0.000000
0.001323250,0.119625,0.0,0.000000
0.001323500,0.119851,0.0,0.000000
0.001323750,0.120076,0.0,0.000000
0.001324000,0.120301,0.0,0.000000
0.001324250,0.120526,0.0,0.000000
0.001324500,0.120750,0.0,0.000000
0.001324750,0.120975,0.0,0.000000
0.001325000,0.121200,0.0,0.000000
0.001325250,0.121425,0.0,0.000000
0.001325500,0.121649,0.0,0.000000
0.001325750,0.121874,0.0,0.000000
0.001326000,0.122099,0.0,0.000000
0.001326250,0.122323,0.0,0.000000
0.001326500,0.122548,0.0,0.000000
0.001326750,0.122772,0.0,0.000000
0.001327000,0.122997,0.0,0.000000
0.001327250,0.123221,0.0,0.000000
0.001327500,0.123445,0.0,0.000000
0.001327750,0.123670,0.0,0.000000
0.001328000,0.123894,0.0,0.000000
0.001328250,0.124118,0.0,0.000000
0.001328500,0.124342,0.0,0.000000
0.001328750,0.124566,0.0,0.000000
0.001329000,0.124790,0.0,0.000000
0.001329250,0.125014,0.0,0.000000
0.001329500,0.125238,0.0,0.000000
0.001329750,0.125462,0.0,0.000000
0.001330000,0.125686,0.0,0.000000
0.001330250,0.125910,0.0,0.000000
0.001330500,0.126134,0.0,0.000000
0.001330750,0.126357,0.0,0.000000
0.001331000,0.126581,0.0,0.000000
0.001331250,0.126805,0.0,0.000000
0.001331500,0.127028,0.0,0.000000
0.001331750,0.127252,0.0,0.000000
0.001332000,0.127475,0.0,0.000000
0.001332250,0.127699,0.0,0.000000
0.001332500,0.127922,0.0,0.000000
0.001332750,0.128146,0.0,0.000000
0.001333000,0.128369,0.0,0.000000
0.001333250,0.128592,0.0,0.000000
0.001333500,0.128815,0.0,0.000000
0.001333750,0.129038,0.0,0.000000
0.001334000,0.129262,0.0,0.000000
0.001334250,0.129485,0.0,0.000000
0.001334500,0.129708,0.0,0.000000
0.001334750,0.129931,0.0,0.000000
0.001335000,0.130154,0.0,0.000000
0.001335250,0.130376,0.0,0.000000
0.001335500,0.130599,0.0,0.000000
0.001335750,0.130822,0.0,0.000000
0.001336000,0.131045,0.0,0.000000
0.001336250,0.131268,0.0,0.000000
0.001336500,0.131490,0.0,0.000000
0.001336750,0.131713,0.0,0.000000
0.001337000,0.131935,0.0,0.000000
0.001337250,0.132158,0.0,0.000000
0.001337500,0.132380,0.0,0.000000
0.001337750,0.132603,0.0,0.000000
0.001338000,0.132825,0.0,0.000000
0.001338250,0.133047,0.0,0.000000
0.001338500,0.133270,0.0,0.000000
0.001338750,0.133492,0.0,0.000000
0.001339000,0.133714,0.0,0.000000
0.001339250,0.133936,0.0,0.000000
0.001339500,0.134158,0.0,0.000000
0.001339750,0.134380,0.0,0.000000
0.001340000,0.134602,0.0,0.000000
0.001340250,0.134824,0.0,0.000000
0.001340500,0.135046,0.0,0.000000
0.001340750,0.135268,0.0,0.000000
0.001341000,0.135490,0.0,0.000000
0.001341250,0.135712,0.0,0.000000
0.001341500,0.135933,0.0,0.000000
0.001341750,0.136155,0.0,0.000000
0.001342000,0.136377,0.0,0.000000
0.001342250,0.136598,0.0,0.000000
0.001342500,0.136820,0.0,0.000000
0.001342750,0.137041,0.0,0.000000
0.001343000,0.137263,0.0,0.000000
0.001343250,0.137484,0.0,0.000000
0.001343500,0.137706,0.0,0.000000
0.001343750,0.137927,0.0,0.000000
0.001344000,0.138148,0.0,0.000000
0.001344250,0.138369,0.0,0.000000
0.001344500,0.138591,0.0,0.000000
0.001344750,0.138812,0.0,0.000000
0.001345000,0.139033,0.0,0.000000
0.001345250,0.139254,0.0,0.000000
0.001345500,0.139475,0.0,0.000000
0.001345750,0.139696,0.0,0.000000
0.001346000,0.139917,0.0,0.000000
0.001346250,0.140137,0.0,0.000000
0.001346500,0.140358,0.0,0.000000
0.001346750,0.140579,0.0,0.000000
0.001347000,0.140800,0.0,0.000000
0.001347250,0.141020,0.0,0.000000
0.001347500,0.141241,0.0,0.000000
0.001347750,0.141462,0.0,0.000000
0.001348000,0.141682,0.0,0.000000
0.001348250,0.141903,0.0,0.000000
0.001348500,0.142123,0.0,0.000000
0.001348750,0.142343,0.0,0.000000
0.001349000,0.142564,0.0,0.000000
0.001349250,0.142784,0.0,0.000000
0.001349500,0.143004,0.0,0.000000
0.001349750,0.143225,0.0,0.000000
0.001350000,0.143445,0.0,0.000000
0.001350250,0.143665,0.0,0.000000
0.001350500,0.143885,0.0,0.000000
0.001350750,0.144105,0.0,0.000000
0.001351000,0.144325,0.0,0.000000
0.001351250,0.144545,0.0,0.000000
0.001351500,0.144765,0.0,0.000000
0.001351750,0.144985,0.0,0.000000
0.001352000,0.145204,0.0,0.000000
0.001352250,0.145424,0.0,0.000000
0.001352500,0.145644,0.0,0.000000
0.001352750,0.145863,0.0,0.000000
0.001353000,0.146083,0.0,0.000000
0.001353250,0.146303,0.0,0.000000
0.001353500,0.146522,0.0,0.000000
0.001353750,0.146742,0.0,0.000000
0.001354000,0.146961,0.0,0.000000
0.001354250,0.147180,0.0,0.000000
0.001354500,0.147400,0.0,0.000000
0.001354750,0.147619,0.0,0.000000
0.001355000,0.147838,0.0,0.000000
0.001355250,0.148058,0.0,0.000000
0.001355500,0.148277,0.0,0.000000
0.001355750,0.148496,0.0,0.000000
0.001356000,0.148715,0.0,0.000000
0.001356250,0.148934,0.0,0.000000
0.001356500,0.149153,0.0,0.000000
0.001356750,0.149372,0.0,0.000000
0.001357000,0.149591,0.0,0.000000
0.001357250,0.149809,0.0,0.000000
0.001357500,0.150028,0.0,0.000000
0.001357750,0.150247,0.0,0.000000
0.001358000,0.150466,0.0,0.000000
0.001358250,0.150684,0.0,0.000000
0.001358500,0.150903,0.0,0.000000
0.001358750,0.151122,0.0,0.000000
0.001359000,0.151340,0.0,0.000000
0.001359250,0.151558,0.0,0.000000
0.001359500,0.151777,0.0,0.000000
0.001359750,0.151995,0.0,0.000000
0.001360000,0.152214,0.0,0.000000
0.001360250,0.152432,0.0,0.000000
0.001360500,0.152650,0.0,0.000000
0.001360750,0.152868,0.0,0.000000
0.001361000,0.153086,0.0,0.000000
0.001361250,0.153305,0.0,0.000000
0.001361500,0.153523,0.0,0.000000
0.001361750,0.153741,0.0,0.000000
0.001362000,0.153959,0.0,0.000000
0.001362250,0.154177,0.0,0.000000
0.001362500,0.154394,0.0,0.000000
0.001362750,0.154612,0.0,0.000000
0.001363000,0.154830,0.0,0.000000
0.001363250,0.155048,0.0,0.000000
0.001363500,0.155266,0.0,0.000000
0.001363750,0.155483,0.0,0.000000
0.001364000,0.155701,0.0,0.000000
0.001364250,0.155918,0.0,0.000000
0.001364500,0.156136,0.0,0.000000
0.001364750,0.156353,0.0,0.000000
0.001365000,0.156571,0.0,0.000000
0.001365250,0.156788,0.0,0.000000
0.001365500,0.157005,0.0,0.000000
0.001365750,0.157223,0.0,0.000000
0.001366000,0.157440,0.0,0.000000
0.001366250,0.157657,0.0,0.000000
0.001366500,0.157874,0.0,0.000000
0.001366750,0.158091,0.0,0.000000
0.001367000,0.158309,0.0,0.000000
0.001367250,0.158526,0.0,0.000000
0.001367500,0.158743,0.0,0.000000
0.001367750,0.158959,0.0,0.000000
0.001368000,0.159176,0.0,0.000000
0.001368250,0.159393,0.0,0.000000
0.001368500,0.159610,0.0,0.000000
0.001368750,0.159827,0.0,0.000000
0.001369000,0.160043,0.0,0.000000
0.001369250,0.160260,0.0,0.000000
0.001369500,0.160477,0.0,0.000000
0.001369750,0.160693,0.0,0.000000
0.001370000,0.160910,0.0,0.000000
0.001370250,0.161126,0.0,0.000000
0.001370500,0.161343,0.0,0.000000
0.001370750,0.161559,0.0,0.000000
0.001371000,0.161775,0.0,0.000000
0.001371250,0.161992,0.0,0.000000
0.001371500,0.162208,0.0,0.000000
0.001371750,0.162424,0.0,0.000000
0.001372000,0.162640,0.0,0.000000
0.001372250,0.162856,0.0,0.000000
0.001372500,0.163072,0.0,0.000000
0.001372750,0.163289,0.0,0.000000
0.001373000,0.163504,0.0,0.000000
0.001373250,0.163720,0.0,0.000000
0.001373500,0.163936,0.0,0.000000
0.001373750,0.164152,0.0,0.000000
0.001374000,0.164368,0.0,0.000000
0.001374250,0.164584,0.0,0.000000
0.001374500,0.164799,0.0,0.000000
0.001374750,0.165015,0.0,0.000000
0.001375000,0.165231,0.0,0.000000
0.001375250,0.165446,0.0,0.000000
0.001375500,0.165662,0.0,0.000000
0.001375750,0.165877,0.0,0.000000
0.001376000,0.166093,0.0,0.000000
0.001376250,0.166308,0.0,0.000000
0.001376500,0.166523,0.0,0.000000
0.001376750,0.166739,0.0,0.000000
0.001377000,0.166954,0.0,0.000000
0.001377250,0.167169,0.0,0.000000
0.001377500,0.167384,0.0,0.000000
0.001377750,0.167600,0.0,0.000000
0.001378000,0.167815,0.0,0.000000
0.001378250,0.168030,0.0,0.000000
0.001378500,0.168245,0.0,0.000000
0.001378750,0.168460,0.0,0.000000
0.001379000,0.168675,0.0,0.000000
0.001379250,0.168889,0.0,0.000000
0.001379500,0.169104,0.0,0.000000
0.001379750,0.169319,0.0,0.000000
0.001380000,0.169534,0.0,0.000000
0.001380250,0.169748,0.0,0.000000
0.001380500,0.169963,0.0,0.000000
0.001380750,0.170178,0.0,0.000000
0.001381000,0.170392,0.0,0.000000
0.001381250,0.170607,0.0,0.000000
0.001381500,0.170821,0.0,0.000000
0.001381750,0.171036,0.0,0.000000
0.001382000,0.171250,0.0,0.000000
0.001382250,0.171464,0.0,0.000000
0.001382500,0.171679,0.0,0.000000
0.001382750,0.171893,0.0,0.000000
0.001383000,0.172107,0.0,0.000000
0.001383250,0.172321,0.0,0.000000
0.001383500,0.172535,0.0,0.000000
0.001383750,0.172749,0.0,0.000000
0.001384000,0.172963,0.0,0.000000
0.001384250,0.173177,0.0,0.000000
0.001384500,0.173391,0.0,0.000000
0.001384750,0.173605,0.0,0.000000
0.001385000,0.173819,0.0,0.000000
0.001385250,0.174033,0.0,0.000000
0.001385500,0.174246,0.0,0.000000
0.001385750,0.174460,0.0,0.000000
0.001386000,0.174674,0.0,0.000000
0.001386250,0.174887,0.0,0.000000
0.001386500,0.175101,0.0,0.000000
0.001386750,0.175314,0.0,0.000000
0.001387000,0.175528,0.0,0.000000
0.001387250,0.175741,0.0,0.000000
0.001387500,0.175955,0.0,0.000000
0.001387750,0.176168,0.0,0.000000
0.001388000,0.176381,0.0,0.000000
0.001388250,0.176595,0.0,0.000000
0.001388500,0.176808,0.0,0.000000
0.001388750,0.177021,0.0,0.000000
0.001389000,0.177234,0.0,0.000000
0.001389250,0.177447,0.0,0.000000
0.001389500,0.177660,0.0,0.000000
0.001389750,0.177873,0.0,0.000000
0.001390000,0.178086,0.0,0.000000
0.001390250,0.178299,0.0,0.000000
0.001390500,0.178512,0.0,0.000000
0.001390750,0.178725,0.0,0.000000
0.001391000,0.178937,0.0,0.000000
0.001391250,0.179150,0.0,0.000000
0.001391500,0.179363,0.0,0.000000
0.001391750,0.179575,0.0,0.000000
0.001392000,0.179788,0.0,0.000000
0.001392250,0.180001,0.0,0.000000
0.001392500,0.180213,0.0,0.000000
0.001392750,0.180426,0.0,0.000000
0.001393000,0.180638,0.0,0.000000
0.001393250,0.180850,0.0,0.000000
0.001393500,0.181063,0.0,0.000000
0.001393750,0.181275,0.0,0.000000
0.001394000,0.181487,0.0,0.000000
0.001394250,0.181699,0.0,0.000000
0.001394500,0.181911,0.0,0.000000
0.001394750,0.182124,0.0,0.000000
0.001395000,0.182336,0.0,0.000000
0.001395250,0.182548,0.0,0.000000
0.001395500,0.182760,0.0,0.000000
0.001395750,0.182972,0.0,0.000000
0.001396000,0.183183,0.0,0.000000
0.001396250,0.183395,0.0,0.000000
0.001396500,0.183607,0.0,0.000000
0.001396750,0.183819,0.0,0.000000
0.001397000,0.184031,0.0,0.000000
0.001397250,0.184242,0.0,0.000000
0.001397500,0.184454,0.0,0.000000
0.001397750,0.184665,0.0,0.000000
0.001398000,0.184877,0.0,0.000000
0.001398250,0.185088,0.0,0.000000
0.001398500,0.185300,0.0,0.000000
0.001398750,0.185511,0.0,0.000000
0.001399000,0.185723,0.0,0.000000
0.001399250,0.185934,0.0,0.000000
0.001399500,0.186145,0.0,0.000000
0.001399750,0.186356,0.0,0.000000
0.001400000,0.186568,0.0,0.000000
0.001400250,0.186779,0.0,0.000000
0.001400500,0.186990,0.0,0.000000
0.001400750,0.187201,0.0,0.000000
0.001401000,0.187412,0.0,0.000000
0.001401250,0.187623,0.0,0.000000
0.001401500,0.187834,0.0,0.000000
0.001401750,0.188045,0.0,0.000000
0.001402000,0.188255,0.0,0.000000
0.001402250,0.188466,0.0,0.000000
0.001402500,0.188677,0.0,0.000000
0.001402750,0.188888,0.0,0.000000
0.001403000,0.189098,0.0,0.000000
0.001403250,0.189309,0.0,0.000000
0.001403500,0.189519,0.0,0.000000
0.001403750,0.189730,0.0,0.000000
0.001404000,0.189940,0.0,0.000000
0.001404250,0.190151,0.0,0.000000
0.001404500,0.190361,0.0,0.000000
0.001404750,0.190572,0.0,0.000000
0.001405000,0.190782,0.0,0.000000
0.001405250,0.190992,0.0,0.000000
0.001405500,0.191202,0.0,0.000000
0.001405750,0.191412,0.0,0.000000
0.001406000,0.191623,0.0,0.000000
0.001406250,0.191833,0.0,0.000000
0.001406500,0.192043,0.0,0.000000
0.001406750,0.192253,0.0,0.000000
0.001407000,0.192463,0.0,0.000000
0.001407250,0.192673,0.0,0.000000
0.001407500,0.192882,0.0,0.000000
0.001407750,0.193092,0.0,0.000000
0.001408000,0.193302,0.0,0.000000
0.001408250,0.193512,0.0,0.000000
0.001408500,0.193721,0.0,0.000000
0.001408750,0.193931,0.0,0.000000
0.001409000,0.194141,0.0,0.000000
0.001409250,0.194350,0.0,0.000000
0.001409500,0.194560,0.0,0.000000
0.001409750,0.194769,0.0,0.000000
0.001410000,0.194979,0.0,0.000000
0.001410250,0.195188,0.0,0.000000
0.001410500,0.195397,0.0,0.000000
0.001410750,0.195607,0.0,0.000000
0.001411000,0.195816,0.0,0.000000
0.001411250,0.196025,0.0,0.000000
0.001411500,0.196234,0.0,0.000000
0.001411750,0.196443,0.0,0.000000
0.001412000,0.196652,0.0,0.000000
0.001412250,0.196861,0.0,0.000000
0.001412500,0.197070,0.0,0.000000
0.001412750,0.197279,0.0,0.000000
0.001413000,0.197488,0.0,0.000000
0.001413250,0.197697,0.0,0.000000
0.001413500,0.197906,0.0,0.000000
0.001413750,0.198115,0.0,0.000000
0.001414000,0.198323,0.0,0.000000
0.001414250,0.198532,0.0,0.000000
0.001414500,0.198741,0.0,0.000000
0.001414750,0.198949,0.0,0.000000
0.001415000,0.199158,0.0,0.000000
0.001415250,0.199366,0.0,0.000000
0.001415500,0.199575,0.0,0.000000
0.001415750,0.199783,0.0,0.000000
0.001416000,0.199992,0.0,0.000000
0.001416250,0.200200,0.0,0.000000
0.001416500,0.200408,0.0,0.000000
0.001416750,0.200617,0.0,0.000000
0.001417000,0.200825,0.0,0.000000
0.001417250,0.201033,0.0,0.000000
0.001417500,0.201241,0.0,0.000000
0.001417750,0.201449,0.0,0.000000
0.001418000,0.201657,0.0,0.000000
0.001418250,0.201865,0.0,0.000000
0.001418500,0.202073,0.0,0.000000
0.001418750,0.202281,0.0,0.000000
0.001419000,0.202489,0.0,0.000000
0.001419250,0.202697,0.0,0.000000
0.001419500,0.202904,0.0,0.000000
0.001419750,0.203112,0.0,0.000000
0.001420000,0.203320,0.0,0.000000
0.001420250,0.203527,0.0,0.000000
0.001420500,0.203735,0.0,0.000000
0.001420750,0.203943,0.0,0.000000
0.001421000,0.204150,0.0,0.000000
0.001421250,0.204358,0.0,0.000000
0.001421500,0.204565,0.0,0.000000
0.001421750,0.204772,0.0,0.000000
0.001422000,0.204980,0.0,0.000000
0.001422250,0.205187,0.0,0.000000
0.001422500,0.205394,0.0,0.000000
0.001422750,0.205601,0.0,0.000000
0.001423000,0.205809,0.0,0.000000
0.001423250,0.206016,0.0,0.000000
0.001423500,0.206223,0.0,0.000000
0.001423750,0.206430,0.0,0.000000
0.001424000,0.206637,0.0,0.000000
0.001424250,0.206844,0.0,0.000000
0.001424500,0.207051,0.0,0.000000
0.001424750,0.207258,0.0,0.000000
0.001425000,0.207464,0.0,0.000000
0.001425250,0.207671,0.0,0.000000
0.001425500,0.207878,0.0,0.000000
0.001425750,0.208085,0.0,0.000000
0.001426000,0.208291,0.0,0.000000
0.001426250,0.208498,0.0,0.000000
0.001426500,0.208704,0.0,0.000000
0.001426750,0.208911,0.0,0.000000
0.001427000,0.209117,0.0,0.000000
0.001427250,0.209324,0.0,0.000000
0.001427500,0.209530,0.0,0.000000
0.001427750,0.209737,0.0,0.000000
0.001428000,0.209943,0.0,0.000000
0.001428250,0.210149,0.0,0.000000
0.001428500,0.210355,0.0,0.000000
0.001428750,0.210562,0.0,0.000000
0.001429000,0.210768,0.0,0.000000
0.001429250,0.210974,0.0,0.000000
0.001429500,0.211180,0.0,0.000000
0.001429750,0.211386,0.0,0.000000
0.001430000,0.211592,0.0,0.000000
0.001430250,0.211798,0.0,0.000000
0.001430500,0.212004,0.0,0.000000
0.001430750,0.212209,0.0,0.000000
0.001431000,0.212415,0.0,0.000000
0.001431250,0.212621,0.0,0.000000
0.001431500,0.212827,0.0,0.000000
0.001431750,0.213032,0.0,0.000000
0.001432000,0.213238,0.0,0.000000
0.001432250,0.213444,0.0,0.000000
0.001432500,0.213649,0.0,0.000000
0.001432750,0.213855,0.0,0.000000
0.001433000,0.214060,0.0,0.000000
0.001433250,0.214265,0.0,0.000000
0.001433500,0.214471,0.0,0.000000
0.001433750,0.214676,0.0,0.000000
0.001434000,0.214881,0.0,0.000000
0.001434250,0.215087,0.0,0.000000
0.001434500,0.215292,0.0,0.000000
0.001434750,0.215497,0.0,0.000000
0.001435000,0.215702,0.0,0.000000
0.001435250,0.215907,0.0,0.000000
0.001435500,0.216112,0.0,0.000000
0.001435750,0.216317,0.0,0.000000
0.001436000,0.216522,0.0,0.000000
0.001436250,0.216727,0.0,0.000000
0.001436500,0.216932,0.0,0.000000
0.001436750,0.217137,0.0,0.000000
0.001437000,0.217341,0.0,0.000000
0.001437250,0.217546,0.0,0.000000
0.001437500,0.217751,0.0,0.000000
0.001437750,0.217955,0.0,0.000000
0.001438000,0.218160,0.0,0.000000
0.001438250,0.218365,0.0,0.000000
0.001438500,0.218569,0.0,0.000000
0.001438750,0.218773,0.0,0.000000
0.001439000,0.218978,0.0,0.000000
0.001439250,0.219182,0.0,0.000000
0.001439500,0.219387,0.0,0.000000
0.001439750,0.219591,0.0,0.000000
0.001440000,0.219795,0.0,0.000000
0.001440250,0.219999,0.0,0.000000
0.001440500,0.220204,0.0,0.000000
0.001440750,0.220408,0.0,0.000000
0.001441000,0.220612,0.0,0.000000
0.001441250,0.220816,0.0,0.000000
0.001441500,0.221020,0.0,0.000000
0.001441750,0.221224,0.0,0.000000
0.001442000,0.221428,0.0,0.000000
0.001442250,0.221632,0.0,0.000000
0.001442500,0.221835,0.0,0.000000
0.001442750,0.222039,0.0,0.000000
0.001443000,0.222243,0.0,0.000000
0.001443250,0.222447,0.0,0.000000
0.001443500,0.222650,0.0,0.000000
0.001443750,0.222854,0.0,0.000000
0.001444000,0.223057,0.0,0.000000
0.001444250,0.223261,0.0,0.000000
0.001444500,0.223464,0.0,0.000000
0.001444750,0.223668,0.0,0.000000
0.001445000,0.223871,0.0,0.000000
0.001445250,0.224075,0.0,0.000000
0.001445500,0.224278,0.0,0.000000
0.001445750,0.224481,0.0,0.000000
0.001446000,0.224684,0.0,0.000000
0.001446250,0.224888,0.0,0.000000
0.001446500,0.225091,0.0,0.000000
0.001446750,0.225294,0.0,0.000000
0.001447000,0.225497,0.0,0.000000
0.001447250,0.225700,0.0,0.000000
0.001447500,0.225903,0.0,0.000000
0.001447750,0.226106,0.0,0.000000
0.001448000,0.226309,0.0,0.000000
0.001448250,0.226512,0.0,0.000000
0.001448500,0.226714,0.0,0.000000
0.001448750,0.226917,0.0,0.000000
0.001449000,0.227120,0.0,0.000000
0.001449250,0.227323,0.0,0.000000
0.001449500,0.227525,0.0,0.000000
0.001449750,0.227728,0.0,0.000000
0.001450000,0.227930,0.0,0.000000
0.001450250,0.228133,0.0,0.000000
0.001450500,0.228335,0.0,0.000000
0.001450750,0.228538,0.0,0.000000
0.001451000,0.228740,0.0,0.000000
0.001451250,0.228943,0.0,0.000000
0.001451500,0.229145,0.0,0.000000
0.001451750,0.229347,0.0,0.000000
0.001452000,0.229549,0.0,0.000000
0.001452250,0.229752,0.0,0.000000
0.001452500,0.229954,0.0,0.000000
0.001452750,0.230156,0.0,0.000000
0.001453000,0.230358,0.0,0.000000
0.001453250,0.230560,0.0,0.000000
0.001453500,0.230762,0.0,0.000000
0.001453750,0.230964,0.0,0.000000
0.001454000,0.231166,0.0,0.000000
0.001454250,0.231367,0.0,0.000000
0.001454500,0.231569,0.0,0.000000
0.001454750,0.231771,0.0,0.000000
0.001455000,0.231973,0.0,0.000000
0.001455250,0.232174,0.0,0.000000
0.001455500,0.232376,0.0,0.000000
0.001455750,0.232578,0.0,0.000000
0.001456000,0.232779,0.0,0.000000
0.001456250,0.232981,0.0,0.000000
0.001456500,0.233182,0.0,0.000000
0.001456750,0.233384,0.0,0.000000
0.001457000,0.233585,0.0,0.000000
0.001457250,0.233786,0.0,0.000000
0.001457500,0.233988,0.0,0.000000
0.001457750,0.234189,0.0,0.000000
0.001458000,0.234390,0.0,0.000000
0.001458250,0.234591,0.0,0.000000
0.001458500,0.234792,0.0,0.000000
0.001458750,0.234993,0.0,0.000000
0.001459000,0.235194,0.0,0.000000
0.001459250,0.235395,0.0,0.000000
0.001459500,0.235596,0.0,0.000000
0.001459750,0.235797,0.0,0.000000
0.001460000,0.235998,0.0,0.000000
0.001460250,0.236199,0.0,0.000000
0.001460500,0.236400,0.0,0.000000
0.001460750,0.236601,0.0,0.000000
0.001461000,0.236801,0.0,0.000000
0.001461250,0.237002,0.0,0.000000
0.001461500,0.237203,0.0,0.000000
0.001461750,0.237403,0.0,0.000000
0.001462000,0.237604,0.0,0.000000
0.001462250,0.237804,0.0,0.000000
0.001462500,0.238005,0.0,0.000000
0.001462750,0.238205,0.0,0.000000
0.001463000,0.238405,0.0,0.000000
0.001463250,0.238606,0.0,0.000000
0.001463500,0.238806,0.0,0.000000
0.001463750,0.239006,0.0,0.000000
0.001464000,0.239207,0.0,0.000000
0.001464250,0.239407,0.0,0.000000
0.001464500,0.239607,0.0,0.000000
0.001464750,0.239807,0.0,0.000000
0.001465000,0.240007,0.0,0.000000
0.001465250,0.240207,0.0,0.000000
0.001465500,0.240407,0.0,0.000000
0.001465750,0.240607,0.0,0.000000
0.001466000,0.240807,0.0,0.000000
0.001466250,0.241007,0.0,0.000000
0.001466500,0.241206,0.0,0.000000
0.001466750,0.241406,0.0,0.000000
0.001467000,0.241606,0.0,0.000000
0.001467250,0.241805,0.0,0.000000
0.001467500,0.242005,0.0,0.000000
0.001467750,0.242205,0.0,0.000000
0.001468000,0.242404,0.0,0.000000
0.001468250,0.242604,0.0,0.000000
0.001468500,0.242803,0.0,0.000000
0.001468750,0.243003,0.0,0.000000
0.001469000,0.243202,0.0,0.000000
0.001469250,0.243401,0.0,0.000000
0.001469500,0.243601,0.0,0.000000
0.001469750,0.243800,0.0,0.000000
0.001470000,0.243999,0.0,0.000000
0.001470250,0.244198,0.0,0.000000
0.001470500,0.244397,0.0,0.000000
0.001470750,0.244596,0.0,0.000000
0.001471000,0.244795,0.0,0.000000
0.001471250,0.244994,0.0,0.000000
0.001471500,0.245193,0.0,0.000000
0.001471750,0.245392,0.0,0.000000
0.001472000,0.245591,0.0,0.000000
0.001472250,0.245790,0.0,0.000000
0.001472500,0.245989,0.0,0.000000
0.001472750,0.246188,0.0,0.000000
0.001473000,0.246386,0.0,0.000000
0.001473250,0.246585,0.0,0.000000
0.001473500,0.246784,0.0,0.000000
0.001473750,0.246982,0.0,0.000000
0.001474000,0.247181,0.0,0.000000
0.001474250,0.247379,0.0,0.000000
0.001474500,0.247578,0.0,0.000000
0.001474750,0.247776,0.0,0.000000
0.001475000,0.247975,0.0,0.000000
0.001475250,0.248173,0.0,0.000000
0.001475500,0.248371,0.0,0.000000
0.001475750,0.248569,0.0,0.000000
0.001476000,0.248768,0.0,0.000000
0.001476250,0.248966,0.0,0.000000
0.001476500,0.249164,0.0,0.000000
0.001476750,0.249362,0.0,0.000000
0.001477000,0.249560,0.0,0.000000
0.001477250,0.249758,0.0,0.000000
0.001477500,0.249956,0.0,0.000000
0.001477750,0.250154,0.0,0.000000
0.001478000,0.250352,0.0,0.000000
0.001478250,0.250550,0.0,0.000000
0.001478500,0.250748,0.0,0.000000
0.001478750,0.250945,0.0,0.000000
0.001479000,0.251143,0.0,0.000000
0.001479250,0.251341,0.0,0.000000
0.001479500,0.251538,0.0,0.000000
0.001479750,0.251736,0.0,0.000000
0.001480000,0.251934,0.0,0.000000
0.001480250,0.252131,0.0,0.000000
0.001480500,0.252329,0.0,0.000000
0.001480750,0.252526,0.0,0.000000
0.001481000,0.252723,0.0,0.000000
0.001481250,0.252921,0.0,0.000000
0.001481500,0.253118,0.0,0.000000
0.001481750,0.253315,0.0,0.000000
0.001482000,0.253513,0.0,0.000000
0.001482250,0.253710,0.0,0.000000
0.001482500,0.253907,0.0,0.000000
0.001482750,0.254104,0.0,0.000000
0.001483000,0.254301,0.0,0.000000
0.001483250,0.254498,0.0,0.000000
0.001483500,0.254695,0.0,0.000000
0.001483750,0.254892,0.0,0.000000
0.001484000,0.255089,0.0,0.000000
0.001484250,0.255286,0.0,0.000000
0.001484500,0.255483,0.0,0.000000
0.001484750,0.255680,0.0,0.000000
0.001485000,0.255876,0.0,0.000000
0.001485250,0.256073,0.0,0.000000
0.001485500,0.256270,0.0,0.000000
0.001485750,0.256466,0.0,0.000000
0.001486000,0.256663,0.0,0.000000
0.001486250,0.256860,0.0,0.000000
0.001486500,0.257056,0.0,0.000000
0.001486750,0.257252,0.0,0.000000
0.001487000,0.257449,0.0,0.000000
0.001487250,0.257645,0.0,0.000000
0.001487500,0.257842,0.0,0.000000
0.001487750,0.258038,0.0,0.000000
0.001488000,0.258234,0.0,0.000000
0.001488250,0.258430,0.0,0.000000
0.001488500,0.258627,0.0,0.000000
0.001488750,0.258823,0.0,0.000000
0.001489000,0.259019,0.0,0.000000
0.001489250,0.259215,0.0,0.000000
0.001489500,0.259411,0.0,0.000000
0.001489750,0.259607,0.0,0.000000
0.001490000,0.259803,0.0,0.000000
0.001490250,0.259999,0.0,0.000000
0.001490500,0.260195,0.0,0.000000
0.001490750,0.260390,0.0,0.000000
0.001491000,0.260586,0.0,0.000000
0.001491250,0.260782,0.0,0.000000
0.001491500,0.260978,0.0,0.000000
0.001491750,0.261173,0.0,0.000000
0.001492000,0.261369,0.0,0.000000
0.001492250,0.261564,0.0,0.000000
0.001492500,0.261760,0.0,0.000000
0.001492750,0.261955,0.0,0.000000
0.001493000,0.262151,0.0,0.000000
0.001493250,0.262346,0.0,0.000000
0.001493500,0.262542,0.0,0.000000
0.001493750,0.262737,0.0,0.000000
0.001494000,0.262932,0.0,0.000000
0.001494250,0.263127,0.0,0.000000
0.001494500,0.263323,0.0,0.000000
0.001494750,0.263518,0.0,0.000000
0.001495000,0.263713,0.0,0.000000
0.001495250,0.263908,0.0,0.000000
0.001495500,0.264103,0.0,0.000000
0.001495750,0.264298,0.0,0.000000
0.001496000,0.264493,0.0,0.000000
0.001496250,0.264688,0.0,0.000000
0.001496500,0.264883,0.0,0.000000
0.001496750,0.265078,0.0,0.000000
0.001497000,0.265272,0.0,0.000000
0.001497250,0.265467,0.0,0.000000
0.001497500,0.265662,0.0,0.000000
0.001497750,0.265856,0.0,0.000000
0.001498000,0.266051,0.0,0.000000
0.001498250,0.266246,0.0,0.000000
0.001498500,0.266440,0.0,0.000000
0.001498750,0.266635,0.0,0.000000
0.001499000,0.266829,0.0,0.000000
0.001499250,0.267024,0.0,0.000000
0.001499500,0.267218,0.0,0.000000
0.001499750,0.267412,0.0,0.000000
0.001500000,0.267607,0.0,0.000000
0.001500250,0.267801,0.0,0.000000
0.001500500,0.267995,0.0,0.000000
0.001500750,0.268189,0.0,0.000000
0.001501000,0.268383,0.0,0.000000
0.001501250,0.268578,0.0,0.000000
0.001501500,0.268772,0.0,0.000000
0.001501750,0.268966,0.0,0.000000
0.001502000,0.269160,0.0,0.000000
0.001502250,0.269354,0.0,0.000000
0.001502500,0.269547,0.0,0.000000
0.001502750,0.269741,0.0,0.000000
0.001503000,0.269935,0.0,0.000000
0.001503250,0.270129,0.0,0.000000
0.001503500,0.270323,0.0,0.000000
0.001503750,0.270516,0.0,0.000000
0.001504000,0.270710,0.0,0.000000
0.001504250,0.270904,0.0,0.000000
0.001504500,0.271097,0.0,0.000000
0.001504750,0.271291,0.0,0.000000
0.001505000,0.271484,0.0,0.000000
0.001505250,0.271678,0.0,0.000000
0.001505500,0.271871,0.0,0.000000
0.001505750,0.272065,0.0,0.000000
0.001506000,0.272258,0.0,0.000000
0.001506250,0.272451,0.0,0.000000
0.001506500,0.272644,0.0,0.000000
0.001506750,0.272838,0.0,0.000000
0.001507000,0.273031,0.0,0.000000
0.001507250,0.273224,0.0,0.000000
0.001507500,0.273417,0.0,0.000000
0.001507750,0.273610,0.0,0.000000
0.001508000,0.273803,0.0,0.000000
0.001508250,0.273996,0.0,0.000000
0.001508500,0.274189,0.0,0.000000
0.001508750,0.274382,0.0,0.000000
0.001509000,0.274575,0.0,0.000000
0.001509250,0.274768,0.0,0.000000
0.001509500,0.274960,0.0,0.000000
0.001509750,0.275153,0.0,0.000000
0.001510000,0.275346,0.0,0.000000
0.001510250,0.275538,0.0,0.000000
0.001510500,0.275731,0.0,0.000000
0.001510750,0.275924,0.0,0.000000
0.001511000,0.276116,0.0,0.000000
0.001511250,0.276309,0.0,0.000000
0.001511500,0.276501,0.0,0.000000
0.001511750,0.276693,0.0,0.000000
0.001512000,0.276886,0.0,0.000000
0.001512250,0.277078,0.0,0.000000
0.001512500,0.277270,0.0,0.000000
0.001512750,0.277463,0.0,0.000000
0.001513000,0.277655,0.0,0.000000
0.001513250,0.277847,0.0,0.000000
0.001513500,0.278039,0.0,0.000000
0.001513750,0.278231,0.0,0.000000
0.001514000,0.278423,0.0,0.000000
0.001514250,0.278615,0.0,0.000000
0.001514500,0.278807,0.0,0.000000
0.001514750,0.278999,0.0,0.000000
0.001515000,0.279191,0.0,0.000000
0.001515250,0.279383,0.0,0.000000
0.001515500,0.279575,0.0,0.000000
0.001515750,0.279767,0.0,0.000000
0.001516000,0.279958,0.0,0.000000
0.001516250,0.280150,0.0,0.000000
0.001516500,0.280342,0.0,0.000000
0.001516750,0.280533,0.0,0.000000
0.001517000,0.280725,0.0,0.000000
0.001517250,0.280916,0.0,0.000000
0.001517500,0.281108,0.0,0.000000
0.001517750,0.281299,0.0,0.000000
0.001518000,0.281491,0.0,0.000000
0.001518250,0.281682,0.0,0.000000
0.001518500,0.281873,0.0,0.000000
0.001518750,0.282065,0.0,0.000000
0.001519000,0.282256,0.0,0.000000
0.001519250,0.282447,0.0,0.000000
0.001519500,0.282638,0.0,0.000000
0.001519750,0.282829,0.0,0.000000
0.001520000,0.283021,0.0,0.000000
0.001520250,0.283212,0.0,0.000000
0.001520500,0.283403,0.0,0.000000
0.001520750,0.283594,0.0,0.000000
0.001521000,0.283785,0.0,0.000000
0.001521250,0.283975,0.0,0.000000
0.001521500,0.284166,0.0,0.000000
0.001521750,0.284357,0.0,0.000000
0.001522000,0.284548,0.0,0.000000
0.001522250,0.284739,0.0,0.000000
0.001522500,0.284929,0.0,0.000000
0.001522750,0.285120,0.0,0.000000
0.001523000,0.285311,0.0,0.000000
0.001523250,0.285501,0.0,0.000000
0.001523500,0.285692,0.0,0.000000
0.001523750,0.285882,0.0,0.000000
0.001524000,0.286073,0.0,0.000000
0.001524250,0.286263,0.0,0.000000
0.001524500,0.286453,0.0,0.000000
0.001524750,0.286644,0.0,0.000000
0.001525000,0.286834,0.0,0.000000
0.001525250,0.287024,0.0,0.000000
0.001525500,0.287215,0.0,0.000000
0.001525750,0.287405,0.0,0.000000
0.001526000,0.287595,0.0,0.000000
0.001526250,0.287785,0.0,0.000000
0.001526500,0.287975,0.0,0.000000
0.001526750,0.288165,0.0,0.000000
0.001527000,0.288355,0.0,0.000000
0.001527250,0.288545,0.0,0.000000
0.001527500,0.288735,0.0,0.000000
0.001527750,0.288925,0.0,0.000000
0.001528000,0.289115,0.0,0.000000
0.001528250,0.289304,0.0,0.000000
0.001528500,0.289494,0.0,0.000000
0.001528750,0.289684,0.0,0.000000
0.001529000,0.289873,0.0,0.000000
0.001529250,0.290063,0.0,0.000000
0.001529500,0.290253,0.0,0.000000
0.001529750,0.290442,0.0,0.000000
0.001530000,0.290632,0.0,0.000000
0.001530250,0.290821,0.0,0.000000
0.001530500,0.291011,0.0,0.000000
0.001530750,0.291200,0.0,0.000000
0.001531000,0.291389,0.0,0.000000
0.001531250,0.291579,0.0,0.000000
0.001531500,0.291768,0.0,0.000000
0.001531750,0.291957,0.0,0.000000
0.001532000,0.292146,0.0,0.000000
0.001532250,0.292336,0.0,0.000000
0.001532500,0.292525,0.0,0.000000
0.001532750,0.292714,0.0,0.000000
0.001533000,0.292903,0.0,0.000000
0.001533250,0.293092,0.0,0.000000
0.001533500,0.293281,0.0,0.000000
0.001533750,0.293470,0.0,0.000000
0.001534000,0.293658,0.0,0.000000
0.001534250,0.293847,0.0,0.000000
0.001534500,0.294036,0.0,0.000000
0.001534750,0.294225,0.0,0.000000
0.001535000,0.294414,0.0,0.000000
0.001535250,0.294602,0.0,0.000000
0.001535500,0.294791,0.0,0.000000
0.001535750,0.294980,0.0,0.000000
0.001536000,0.295168,0.0,0.000000
0.001536250,0.295357,0.0,0.000000
0.001536500,0.295545,0.0,0.000000
0.001536750,0.295734,0.0,0.000000
0.001537000,0.295922,0.0,0.000000
0.001537250,0.296110,0.0,0.000000
0.001537500,0.296299,0.0,0.000000
0.001537750,0.296487,0.0,0.000000
0.001538000,0.296675,0.0,0.000000
0.001538250,0.296863,0.0,0.000000
0.001538500,0.297052,0.0,0.000000
0.001538750,0.297240,0.0,0.000000
0.001539000,0.297428,0.0,0.000000
0.001539250,0.297616,0.0,0.000000
0.001539500,0.297804,0.0,0.000000
0.001539750,0.297992,0.0,0.000000
0.001540000,0.298180,0.0,0.000000
0.001540250,0.298368,0.0,0.000000
0.001540500,0.298555,0.0,0.000000
0.001540750,0.298743,0.0,0.000000
0.001541000,0.298931,0.0,0.000000
0.001541250,0.299119,0.0,0.000000
0.001541500,0.299307,0.0,0.000000
0.001541750,0.299494,0.0,0.000000
0.001542000,0.299682,0.0,0.000000
0.001542250,0.299869,0.0,0.000000
0.001542500,0.300057,0.0,0.000000
0.001542750,0.300244,0.0,0.000000
0.001543000,0.300432,0.0,0.000000
0.001543250,0.300619,0.0,0.000000
0.001543500,0.300807,0.0,0.000000
0.001543750,0.300994,0.0,0.000000
0.001544000,0.301181,0.0,0.000000
0.001544250,0.301369,0.0,0.000000
0.001544500,0.301556,0.0,0.000000
0.001544750,0.301743,0.0,0.000000
0.001545000,0.301930,0.0,0.000000
0.001545250,0.302117,0.0,0.000000
0.001545500,0.302304,0.0,0.000000
0.001545750,0.302491,0.0,0.000000
0.001546000,0.302678,0.0,0.000000
0.001546250,0.302865,0.0,0.000000
0.001546500,0.303052,0.0,0.000000
0.001546750,0.303239,0.0,0.000000
0.001547000,0.303426,0.0,0.000000
0.001547250,0.303613,0.0,0.000000
0.001547500,0.303800,0.0,0.000000
0.001547750,0.303986,0.0,0.000000
0.001548000,0.304173,0.0,0.000000
0.001548250,0.304360,0.0,0.000000
0.001548500,0.304546,0.0,0.000000
0.001548750,0.304733,0.0,0.000000
0.001549000,0.304919,0.0,0.000000
0.001549250,0.305106,0.0,0.000000
0.001549500,0.305292,0.0,0.000000
0.001549750,0.305479,0.0,0.000000
0.001550000,0.305665,0.0,0.000000
0.001550250,0.305851,0.0,0.000000
0.001550500,0.306038,0.0,0.000000
0.001550750,0.306224,0.0,0.000000
0.001551000,0.306410,0.0,0.000000
0.001551250,0.306596,0.0,0.000000
0.001551500,0.306783,0.0,0.000000
0.001551750,0.306969,0.0,0.000000
0.001552000,0.307155,0.0,0.000000
0.001552250,0.307341,0.0,0.000000
0.001552500,0.307527,0.0,0.000000
0.001552750,0.307713,0.0,0.000000
0.001553000,0.307899,0.0,0.000000
0.001553250,0.308084,0.0,0.000000
0.001553500,0.308270,0.0,0.000000
0.001553750,0.308456,0.0,0.000000
0.001554000,0.308642,0.0,0.000000
0.001554250,0.308828,0.0,0.000000
0.001554500,0.309013,0.0,0.000000
0.001554750,0.309199,0.0,0.000000
0.001555000,0.309384,0.0,0.000000
0.001555250,0.309570,0.0,0.000000
0.001555500,0.309756,0.0,0.000000
0.001555750,0.309941,0.0,0.000000
0.001556000,0.310126,0.0,0.000000
0.001556250,0.310312,0.0,0.000000
0.001556500,0.310497,0.0,0.000000
0.001556750,0.310683,0.0,0.000000
0.001557000,0.310868,0.0,0.000000
0.001557250,0.311053,0.0,0.000000
0.001557500,0.311238,0.0,0.000000
0.001557750,0.311424,0.0,0.000000
0.001558000,0.311609,0.0,0.000000
0.001558250,0.311794,0.0,0.000000
0.001558500,0.311979,0.0,0.000000
0.001558750,0.312164,0.0,0.000000
0.001559000,0.312349,0.0,0.000000
0.001559250,0.312534,0.0,0.000000
0.001559500,0.312719,0.0,0.000000
0.001559750,0.312904,0.0,0.000000
0.001560000,0.313088,0.0,0.000000
0.001560250,0.313273,0.0,0.000000
0.001560500,0.313458,0.0,0.000000
0.001560750,0.313643,0.0,0.000000
0.001561000,0.313827,0.0,0.000000
0.001561250,0.314012,0.0,0.000000
0.001561500,0.314197,0.0,0.000000
0.001561750,0.314381,0.0,0.000000
0.001562000,0.314566,0.0,0.000000
0.001562250,0.314750,0.0,0.000000
0.001562500,0.314935,0.0,0.000000
0.001562750,0.315119,0.0,0.000000
0.001563000,0.315303,0.0,0.000000
0.001563250,0.315488,0.0,0.000000
0.001563500,0.315672,0.0,0.000000
0.001563750,0.315856,0.0,0.000000
0.001564000,0.316040,0.0,0.000000
0.001564250,0.316225,0.0,0.000000
0.001564500,0.316409,0.0,0.000000
0.001564750,0.316593,0.0,0.000000
0.001565000,0.316777,0.0,0.000000
0.001565250,0.316961,0.0,0.000000
0.001565500,0.317145,0.0,0.000000
0.001565750,0.317329,0.0,0.000000
0.001566000,0.317513,0.0,0.000000
0.001566250,0.317697,0.0,0.000000
0.001566500,0.317880,0.0,0.000000
0.001566750,0.318064,0.0,0.000000
0.001567000,0.318248,0.0,0.000000
0.001567250,0.318432,0.0,0.000000
0.001567500,0.318615,0.0,0.000000
0.001567750,0.318799,0.0,0.000000
0.001568000,0.318983,0.0,0.000000
0.001568250,0.319166,0.0,0.000000
0.001568500,0.319350,0.0,0.000000
0.001568750,0.319533,0.0,0.000000
0.001569000,0.319717,0.0,0.000000
0.001569250,0.319900,0.0,0.000000
0.001569500,0.320083,0.0,0.000000
0.001569750,0.320267,0.0,0.000000
0.001570000,0.320450,0.0,0.000000
0.001570250,0.320633,0.0,0.000000
0.001570500,0.320816,0.0,0.000000
0.001570750,0.321000,0.0,0.000000
0.001571000,0.321183,0.0,0.000000
0.001571250,0.321366,0.0,0.000000
0.001571500,0.321549,0.0,0.000000
0.001571750,0.321732,0.0,0.000000
0.001572000,0.321915,0.0,0.000000
0.001572250,0.322098,0.0,0.000000
0.001572500,0.322281,0.0,0.000000
0.001572750,0.322464,0.0,0.000000
0.001573000,0.322647,0.0,0.000000
0.001573250,0.322829,0.0,0.000000
0.001573500,0.323012,0.0,0.000000
0.001573750,0.323195,0.0,0.000000
0.001574000,0.323377,0.0,0.000000
0.001574250,0.323560,0.0,0.000000
0.001574500,0.323743,0.0,0.000000
0.001574750,0.323925,0.0,0.000000
0.001575000,0.324108,0.0,0.000000
0.001575250,0.324290,0.0,0.000000
0.001575500,0.324473,0.0,0.000000
0.001575750,0.324655,0.0,0.000000
0.001576000,0.324838,0.0,0.000000
0.001576250,0.325020,0.0,0.000000
0.001576500,0.325202,0.0,0.000000
0.001576750,0.325384,0.0,0.000000
0.001577000,0.325567,0.0,0.000000
0.001577250,0.325749,0.0,0.000000
0.001577500,0.325931,0.0,0.000000
0.001577750,0.326113,0.0,0.000000
0.001578000,0.326295,0.0,0.000000
0.001578250,0.326477,0.0,0.000000
0.001578500,0.326659,0.0,0.000000
0.001578750,0.326841,0.0,0.000000
0.001579000,0.327023,0.0,0.000000
0.001579250,0.327205,0.0,0.000000
0.001579500,0.327387,0.0,0.000000
0.001579750,0.327569,0.0,0.000000
0.001580000,0.327751,0.0,0.000000
0.001580250,0.327932,0.0,0.000000
0.001580500,0.328114,0.0,0.000000
0.001580750,0.328296,0.0,0.000000
0.001581000,0.328477,0.0,0.000000
0.001581250,0.328659,0.0,0.000000
0.001581500,0.328840,0.0,0.000000
0.001581750,0.329022,0.0,0.000000
0.001582000,0.329203,0.0,0.000000
0.001582250,0.329385,0.0,0.000000
0.001582500,0.329566,0.0,0.000000
0.001582750,0.329747,0.0,0.000000
0.001583000,0.329929,0.0,0.000000
0.001583250,0.330110,0.0,0.000000
0.001583500,0.330291,0.0,0.000000
0.001583750,0.330473,0.0,0.000000
0.001584000,0.330654,0.0,0.000000
0.001584250,0.330835,0.0,0.000000
0.001584500,0.331016,0.0,0.000000
0.001584750,0.331197,0.0,0.000000
0.001585000,0.331378,0.0,0.000000
0.001585250,0.331559,0.0,0.000000
0.001585500,0.331740,0.0,0.000000
0.001585750,0.331921,0.0,0.000000
0.001586000,0.332102,0.0,0.000000
0.001586250,0.332283,0.0,0.000000
0.001586500,0.332463,0.0,0.000000
0.001586750,0.332644,0.0,0.000000
0.001587000,0.332825,0.0,0.000000
0.001587250,0.333005,0.0,0.000000
0.001587500,0.333186,0.0,0.000000
0.001587750,0.333367,0.0,0.000000
0.001588000,0.333547,0.0,0.000000
0.001588250,0.333728,0.0,0.000000
0.001588500,0.333908,0.0,0.000000
0.001588750,0.334089,0.0,0.000000
0.001589000,0.334269,0.0,0.000000
0.001589250,0.334450,0.0,0.000000
0.001589500,0.334630,0.0,0.000000
0.001589750,0.334810,0.0,0.000000
0.001590000,0.334990,0.0,0.000000
0.001590250,0.335171,0.0,0.000000
0.001590500,0.335351,0.0,0.000000
0.001590750,0.335531,0.0,0.000000
0.001591000,0.335711,0.0,0.000000
0.001591250,0.335891,0.0,0.000000
0.001591500,0.336071,0.0,0.000000
0.001591750,0.336251,0.0,0.000000
0.001592000,0.336431,0.0,0.000000
0.001592250,0.336611,0.0,0.000000
0.001592500,0.336791,0.0,0.000000
0.001592750,0.336971,0.0,0.000000
0.001593000,0.337151,0.0,0.000000
0.001593250,0.337330,0.0,0.000000
0.001593500,0.337510,0.0,0.000000
0.001593750,0.337690,0.0,0.000000
0.001594000,0.337870,0.0,0.000000
0.001594250,0.338049,0.0,0.000000
0.001594500,0.338229,0.0,0.000000
0.001594750,0.338408,0.0,0.000000
0.001595000,0.338588,0.0,0.000000
0.001595250,0.338767,0.0,0.000000
0.001595500,0.338947,0.0,0.000000
0.001595750,0.339126,0.0,0.000000
0.001596000,0.339306,0.0,0.000000
0.001596250,0.339485,0.0,0.000000
0.001596500,0.339664,0.0,0.000000
0.001596750,0.339843,0.0,0.000000
0.001597000,0.340023,0.0,0.000000
0.001597250,0.340202,0.0,0.000000
0.001597500,0.340381,0.0,0.000000
0.001597750,0.340560,0.0,0.000000
0.001598000,0.340739,0.0,0.000000
0.001598250,0.340918,0.0,0.000000
0.001598500,0.341097,0.0,0.000000
0.001598750,0.341276,0.0,0.000000
0.001599000,0.341455,0.0,0.000000
0.001599250,0.341634,0.0,0.000000
0.001599500,0.341813,0.0,0.000000
0.001599750,0.341992,0.0,0.000000
0.001600000,0.342170,0.0,0.000000
0.001600250,0.342349,0.0,0.000000
0.001600500,0.342528,0.0,0.000000
0.001600750,0.342706,0.0,0.000000
0.001601000,0.342885,0.0,0.000000
0.001601250,0.343064,0.0,0.000000
0.001601500,0.343242,0.0,0.000000
0.001601750,0.343421,0.0,0.000000
0.001602000,0.343599,0.0,0.000000
0.001602250,0.343778,0.0,0.000000
0.001602500,0.343956,0.0,0.000000
0.001602750,0.344134,0.0,0.000000
0.001603000,0.344313,0.0,0.000000
0.001603250,0.344491,0.0,0.000000
0.001603500,0.344669,0.0,0.000000
0.001603750,0.344847,0.0,0.000000
0.001604000,0.345026,0.0,0.000000
0.001604250,0.345204,0.0,0.000000
0.001604500,0.345382,0.0,0.000000
0.001604750,0.345560,0.0,0.000000
0.001605000,0.345738,0.0,0.000000
0.001605250,0.345916,0.0,0.000000
0.001605500,0.346094,0.0,0.000000
0.001605750,0.346272,0.0,0.000000
0.001606000,0.346450,0.0,0.000000
0.001606250,0.346627,0.0,0.000000
0.001606500,0.346805,0.0,0.000000
0.001606750,0.346983,0.0,0.000000
0.001607000,0.347161,0.0,0.000000
0.001607250,0.347338,0.0,0.000000
0.001607500,0.347516,0.0,0.000000
0.001607750,0.347694,0.0,0.000000
0.001608000,0.347871,0.0,0.000000
0.001608250,0.348049,0.0,0.000000
0.001608500,0.348226,0.0,0.000000
0.001608750,0.348404,0.0,0.000000
0.001609000,0.348581,0.0,0.000000
0.001609250,0.348759,0.0,0.000000
0.001609500,0.348936,0.0,0.000000
0.001609750,0.349113,0.0,0.000000
0.001610000,0.349291,0.0,0.000000
0.001610250,0.349468,0.0,0.000000
0.001610500,0.349645,0.0,0.000000
0.001610750,0.349822,0.0,0.000000
0.001611000,0.349999,0.0,0.000000
0.001611250,0.350177,0.0,0.000000
0.001611500,0.350354,0.0,0.000000
0.001611750,0.350531,0.0,0.000000
0.001612000,0.350708,0.0,0.000000
0.001612250,0.350885,0.0,0.000000
0.001612500,0.351061,0.0,0.000000
0.001612750,0.351238,0.0,0.000000
0.001613000,0.351415,0.0,0.000000
0.001613250,0.351592,0.0,0.000000
0.001613500,0.351769,0.0,0.000000
0.001613750,0.351945,0.0,0.000000
0.001614000,0.352122,0.0,0.000000
0.001614250,0.352299,0.0,0.000000
0.001614500,0.352475,0.0,0.000000
0.001614750,0.352652,0.0,0.000000
0.001615000,0.352829,0.0,0.000000
0.001615250,0.353005,0.0,0.000000
0.001615500,0.353182,0.0,0.000000
0.001615750,0.353358,0.0,0.000000
0.001616000,0.353534,0.0,0.000000
0.001616250,0.353711,0.0,0.000000
0.001616500,0.353887,0.0,0.000000
0.001616750,0.354063,0.0,0.000000
0.001617000,0.354240,0.0,0.000000
0.001617250,0.354416,0.0,0.000000
0.001617500,0.354592,0.0,0.000000
0.001617750,0.354768,0.0,0.000000
0.001618000,0.354944,0.0,0.000000
0.001618250,0.355120,0.0,0.000000
0.001618500,0.355296,0.0,0.000000
0.001618750,0.355472,0.0,0.000000
0.001619000,0.355648,0.0,0.000000
0.001619250,0.355824,0.0,0.000000
0.001619500,0.356000,0.0,0.000000
0.001619750,0.356176,0.0,0.000000
0.001620000,0.356352,0.0,0.000000
0.001620250,0.356528,0.0,0.000000
0.001620500,0.356703,0.0,0.000000
0.001620750,0.356879,0.0,0.000000
0.001621000,0.357055,0.0,0.000000
0.001621250,0.357230,0.0,0.000000
0.001621500,0.357406,0.0,0.000000
0.001621750,0.357581,0.0,0.000000
0.001622000,0.357757,0.0,0.000000
0.001622250,0.357933,0.0,0.000000
0.001622500,0.358108,0.0,0.000000
0.001622750,0.358283,0.0,0.000000
0.001623000,0.358459,0.0,0.000000
0.001623250,0.358634,0.0,0.000000
0.001623500,0.358809,0.0,0.000000
0.001623750,0.358985,0.0,0.000000
0.001624000,0.359160,0.0,0.000000
0.001624250,0.359335,0.0,0.000000
0.001624500,0.359510,0.0,0.000000
0.001624750,0.359685,0.0,0.000000
0.001625000,0.359860,0.0,0.000000
0.001625250,0.360035,0.0,0.000000
0.001625500,0.360210,0.0,0.000000
0.001625750,0.360385,0.0,0.000000
0.001626000,0.360560,0.0,0.000000
0.001626250,0.360735,0.0,0.000000
0.001626500,0.360910,0.0,0.000000
0.001626750,0.361085,0.0,0.000000
0.001627000,0.361260,0.0,0.000000
0.001627250,0.361435,0.0,0.000000
0.001627500,0.361609,0.0,0.000000
0.001627750,0.361784,0.0,0.000000
0.001628000,0.361959,0.0,0.000000
0.001628250,0.362133,0.0,0.000000
0.001628500,0.362308,0.0,0.000000
0.001628750,0.362482,0.0,0.000000
0.001629000,0.362657,0.0,0.000000
0.001629250,0.362831,0.0,0.000000
0.001629500,0.363006,0.0,0.000000
0.001629750,0.363180,0.0,0.000000
0.001630000,0.363354,0.0,0.000000
0.001630250,0.363529,0.0,0.000000
0.001630500,0.363703,0.0,0.000000
0.001630750,0.363877,0.0,0.000000
0.001631000,0.364051,0.0,0.000000
0.001631250,0.364226,0.0,0.000000
0.001631500,0.364400,0.0,0.000000
0.001631750,0.364574,0.0,0.000000
0.001632000,0.364748,0.0,0.000000
0.001632250,0.364922,0.0,0.000000
0.001632500,0.365096,0.0,0.000000
0.001632750,0.365270,0.0,0.000000
0.001633000,0.365444,0.0,0.000000
0.001633250,0.365618,0.0,0.000000
0.001633500,0.365792,0.0,0.000000
0.001633750,0.365965,0.0,0.000000
0.001634000,0.366139,0.0,0.000000
0.001634250,0.366313,0.0,0.000000
0.001634500,0.366487,0.0,0.000000
0.001634750,0.366660,0.0,0.000000
0.001635000,0.366834,0.0,0.000000
0.001635250,0.367007,0.0,0.000000
0.001635500,0.367181,0.0,0.000000
0.001635750,0.367355,0.0,0.000000
0.001636000,0.367528,0.0,0.000000
0.001636250,0.367701,0.0,0.000000
0.001636500,0.367875,0.0,0.000000
0.001636750,0.368048,0.0,0.000000
0.001637000,0.368222,0.0,0.000000
0.001637250,0.368395,0.0,0.000000
0.001637500,0.368568,0.0,0.000000
0.001637750,0.368741,0.0,0.000000
0.001638000,0.368915,0.0,0.000000
0.001638250,0.369088,0.0,0.000000
0.001638500,0.369261,0.0,0.000000
0.001638750,0.369434,0.0,0.000000
0.001639000,0.369607,0.0,0.000000
0.001639250,0.369780,0.0,0.000000
0.001639500,0.369953,0.0,0.000000
0.001639750,0.370126,0.0,0.000000
0.001640000,0.370299,0.0,0.000000
0.001640250,0.370472,0.0,0.000000
0.001640500,0.370645,0.0,0.000000
0.001640750,0.370817,0.0,0.000000
0.001641000,0.370990,0.0,0.000000
0.001641250,0.371163,0.0,0.000000
0.001641500,0.371336,0.0,0.000000
0.001641750,0.371508,0.0,0.000000
0.001642000,0.371681,0.0,0.000000
0.001642250,0.371853,0.0,0.000000
0.001642500,0.372026,0.0,0.000000
0.001642750,0.372198,0.0,0.000000
0.001643000,0.372371,0.0,0.000000
0.001643250,0.372543,0.0,0.000000
0.001643500,0.372716,0.0,0.000000
0.001643750,0.372888,0.0,0.000000
0.001644000,0.373061,0.0,0.000000
0.001644250,0.373233,0.0,0.000000
0.001644500,0.373405,0.0,0.000000
0.001644750,0.373577,0.0,0.000000
0.001645000,0.373749,0.0,0.000000
0.001645250,0.373922,0.0,0.000000
0.001645500,0.374094,0.0,0.000000
0.001645750,0.374266,0.0,0.000000
0.001646000,0.374438,0.0,0.000000
0.001646250,0.374610,0.0,0.000000
0.001646500,0.374782,0.0,0.000000
0.001646750,0.374954,0.0,0.000000
0.001647000,0.375126,0.0,0.000000
0.001647250,0.375298,0.0,0.000000
0.001647500,0.375469,0.0,0.000000
0.001647750,0.375641,0.0,0.000000
0.001648000,0.375813,0.0,0.000000
0.001648250,0.375985,0.0,0.000000
0.001648500,0.376156,0.0,0.000000
0.001648750,0.376328,0.0,0.000000
0.001649000,0.376500,0.0,0.000000
0.001649250,0.376671,0.0,0.000000
0.001649500,0.376843,0.0,0.000000
0.001649750,0.377014,0.0,0.000000
0.001650000,0.377186,0.0,0.000000
0.001650250,0.377357,0.0,0.000000
0.001650500,0.377529,0.0,0.000000
0.001650750,0.377700,0.0,0.000000
0.001651000,0.377871,0.0,0.000000
0.001651250,0.378043,0.0,0.000000
0.001651500,0.378214,0.0,0.000000
0.001651750,0.378385,0.0,0.000000
0.001652000,0.378556,0.0,0.000000
0.001652250,0.378727,0.0,0.000000
0.001652500,0.378898,0.0,0.000000
0.001652750,0.379070,0.0,0.000000
0.001653000,0.379241,0.0,0.000000
0.001653250,0.379412,0.0,0.000000
0.001653500,0.379583,0.0,0.000000
0.001653750,0.379753,0.0,0.000000
0.001654000,0.379924,0.0,0.000000
0.001654250,0.380095,0.0,0.000000
0.001654500,0.380266,0.0,0.000000
0.001654750,0.380437,0.0,0.000000
0.001655000,0.380608,0.0,0.000000
0.001655250,0.380778,0.0,0.000000
0.001655500,0.380949,0.0,0.000000
0.001655750,0.381120,0.0,0.000000
0.001656000,0.381290,0.0,0.000000
0.001656250,0.381461,0.0,0.000000
0.001656500,0.381631,0.0,0.000000
0.001656750,0.381802,0.0,0.000000
0.001657000,0.381972,0.0,0.000000
0.001657250,0.382143,0.0,0.000000
0.001657500,0.382313,0.0,0.000000
0.001657750,0.382484,0.0,0.000000
0.001658000,0.382654,0.0,0.000000
0.001658250,0.382824,0.0,0.000000
0.001658500,0.382995,0.0,0.000000
0.001658750,0.383165,0.0,0.000000
0.001659000,0.383335,0.0,0.000000
0.001659250,0.383505,0.0,0.000000
0.001659500,0.383675,0.0,0.000000
0.001659750,0.383845,0.0,0.000000
0.001660000,0.384015,0.0,0.000000
0.001660250,0.384185,0.0,0.000000
0.001660500,0.384355,0.0,0.000000
0.001660750,0.384525,0.0,0.000000
0.001661000,0.384695,0.0,0.000000
0.001661250,0.384865,0.0,0.000000
0.001661500,0.385035,0.0,0.000000
0.001661750,0.385205,0.0,0.000000
0.001662000,0.385374,0.0,0.000000
0.001662250,0.385544,0.0,0.000000
0.001662500,0.385714,0.0,0.000000
0.001662750,0.385884,0.0,0.000000
0.001663000,0.386053,0.0,0.000000
0.001663250,0.386223,0.0,0.000000
0.001663500,0.386392,0.0,0.000000
0.001663750,0.386562,0.0,0.000000
0.001664000,0.386731,0.0,0.000000
0.001664250,0.386901,0.0,0.000000
0.001664500,0.387070,0.0,0.000000
0.001664750,0.387240,0.0,0.000000
0.001665000,0.387409,0.0,0.000000
0.001665250,0.387578,0.0,0.000000
0.001665500,0.387747,0.0,0.000000
0.001665750,0.387917,0.0,0.000000
0.001666000,0.388086,0.0,0.000000
0.001666250,0.388255,0.0,0.000000
0.001666500,0.388424,0.0,0.000000
0.001666750,0.388593,0.0,0.000000
0.001667000,0.388762,0.0,0.000000
0.001667250,0.388931,0.0,0.000000
0.001667500,0.389100,0.0,0.000000
0.001667750,0.389269,0.0,0.000000
0.001668000,0.389438,0.0,0.000000
0.001668250,0.389607,0.0,0.000000
0.001668500,0.389776,0.0,0.000000
0.001668750,0.389945,0.0,0.000000
0.001669000,0.390114,0.0,0.000000
0.001669250,0.390282,0.0,0.000000
0.001669500,0.390451,0.0,0.000000
0.001669750,0.390620,0.0,0.000000
0.001670000,0.390788,0.0,0.000000
0.001670250,0.390957,0.0,0.000000
0.001670500,0.391126,0.0,0.000000
0.001670750,0.391294,0.0,0.000000
0.001671000,0.391463,0.0,0.000000
0.001671250,0.391631,0.0,0.000000
0.001671500,0.391799,0.0,0.000000
0.001671750,0.391968,0.0,0.000000
0.001672000,0.392136,0.0,0.000000
0.001672250,0.392305,0.0,0.000000
0.001672500,0.392473,0.0,0.000000
0.001672750,0.392641,0.0,0.000000
0.001673000,0.392809,0.0,0.000000
0.001673250,0.392977,0.0,0.000000
0.001673500,0.393146,0.0,0.000000
0.001673750,0.393314,0.0,0.000000
0.001674000,0.393482,0.0,0.000000
0.001674250,0.393650,0.0,0.000000
0.001674500,0.393818,0.0,0.000000
0.001674750,0.393986,0.0,0.000000
0.001675000,0.394154,0.0,0.000000
0.001675250,0.394322,0.0,0.000000
0.001675500,0.394490,0.0,0.000000
0.001675750,0.394657,0.0,0.000000
0.001676000,0.394825,0.0,0.000000
0.001676250,0.394993,0.0,0.000000
0.001676500,0.395161,0.0,0.000000
0.001676750,0.395328,0.0,0.000000
0.001677000,0.395496,0.0,0.000000
0.001677250,0.395664,0.0,0.000000
0.001677500,0.395831,0.0,0.000000
0.001677750,0.395999,0.0,0.000000
0.001678000,0.396166,0.0,0.000000
0.001678250,0.396334,0.0,0.000000
0.001678500,0.396501,0.0,0.000000
0.001678750,0.396669,0.0,0.000000
0.001679000,0.396836,0.0,0.000000
0.001679250,0.397003,0.0,0.000000
0.001679500,0.397171,0.0,0.000000
0.001679750,0.397338,0.0,0.000000
0.001680000,0.397505,0.0,0.000000
0.001680250,0.397672,0.0,0.000000
0.001680500,0.397840,0.0,0.000000
0.001680750,0.398007,0.0,0.000000
0.001681000,0.398174,0.0,0.000000
0.001681250,0.398341,0.0,0.000000
0.001681500,0.398508,0.0,0.000000
0.001681750,0.398675,0.0,0.000000
0.001682000,0.398842,0.0,0.000000
0.001682250,0.399009,0.0,0.000000
0.001682500,0.399176,0.0,0.000000
0.001682750,0.399342,0.0,0.000000
0.001683000,0.399509,0.0,0.000000
0.001683250,0.399676,0.0,0.000000
0.001683500,0.399843,0.0,0.000000
0.001683750,0.400010,0.0,0.000000
0.001684000,0.400176,0.0,0.000000
0.001684250,0.400343,0.0,0.000000
0.001684500,0.400510,0.0,0.000000
0.001684750,0.400676,0.0,0.000000
0.001685000,0.400843,0.0,0.000000
0.001685250,0.401009,0.0,0.000000
0.001685500,0.401176,0.0,0.000000
0.001685750,0.401342,0.0,0.000000
0.001686000,0.401508,0.0,0.000000
0.001686250,0.401675,0.0,0.000000
0.001686500,0.401841,0.0,0.000000
0.001686750,0.402007,0.0,0.000000
0.001687000,0.402174,0.0,0.000000
0.001687250,0.402340,0.0,0.000000
0.001687500,0.402506,0.0,0.000000
0.001687750,0.402672,0.0,0.000000
0.001688000,0.402838,0.0,0.000000
0.001688250,0.403004,0.0,0.000000
0.001688500,0.403171,0.0,0.000000
0.001688750,0.403337,0.0,0.000000
0.001689000,0.403503,0.0,0.000000
0.001689250,0.403669,0.0,0.000000
0.001689500,0.403834,0.0,0.000000
0.001689750,0.404000,0.0,0.000000
0.001690000,0.404166,0.0,0.000000
0.001690250,0.404332,0.0,0.000000
0.001690500,0.404498,0.0,0.000000
0.001690750,0.404664,0.0,0.000000
0.001691000,0.404829,0.0,0.000000
0.001691250,0.404995,0.0,0.000000
0.001691500,0.405161,0.0,0.000000
0.001691750,0.405326,0.0,0.000000
0.001692000,0.405492,0.0,0.000000
0.001692250,0.405657,0.0,0.000000
0.001692500,0.405823,0.0,0.000000
0.001692750,0.405988,0.0,0.000000
0.001693000,0.406154,0.0,0.000000
0.001693250,0.406319,0.0,0.000000
0.001693500,0.406484,0.0,0.000000
0.001693750,0.406650,0.0,0.000000
0.001694000,0.406815,0.0,0.000000
0.001694250,0.406980,0.0,0.000000
0.001694500,0.407146,0.0,0.000000
0.001694750,0.407311,0.0,0.000000
0.001695000,0.407476,0.0,0.000000
0.001695250,0.407641,0.0,0.000000
0.001695500,0.407806,0.0,0.000000
0.001695750,0.407971,0.0,0.000000
0.001696000,0.408136,0.0,0.000000
0.001696250,0.408301,0.0,0.000000
0.001696500,0.408466,0.0,0.000000
0.001696750,0.408631,0.0,0.000000
0.001697000,0.408796,0.0,0.000000
0.001697250,0.408961,0.0,0.000000
0.001697500,0.409126,0.0,0.000000
0.001697750,0.409290,0.0,0.000000
0.001698000,0.409455,0.0,0.000000
0.001698250,0.409620,0.0,0.000000
0.001698500,0.409785,0.0,0.000000
0.001698750,0.409949,0.0,0.000000
0.001699000,0.410114,0.0,0.000000
0.001699250,0.410278,0.0,0.000000
0.001699500,0.410443,0.0,0.000000
0.001699750,0.410608,0.0,0.000000
0.001700000,0.410772,0.0,0.000000
0.001700250,0.410936,0.0,0.000000
0.001700500,0.411101,0.0,0.000000
0.001700750,0.411265,0.0,0.000000
0.001701000,0.411430,0.0,0.000000
0.001701250,0.411594,0.0,0.000000
0.001701500,0.411758,0.0,0.000000
0.001701750,0.411922,0.0,0.000000
0.001702000,0.412087,0.0,0.000000
0.001702250,0.412251,0.0,0.000000
0.001702500,0.412415,0.0,0.000000
0.001702750,0.412579,0.0,0.000000
0.001703000,0.412743,0.0,0.000000
0.001703250,0.412907,0.0,0.000000
0.001703500,0.413071,0.0,0.000000
0.001703750,0.413235,0.0,0.000000
0.001704000,0.413399,0.0,0.000000
0.001704250,0.413563,0.0,0.000000
0.001704500,0.413727,0.0,0.000000
0.001704750,0.413891,0.0,0.000000
0.001705000,0.414054,0.0,0.000000
0.001705250,0.414218,0.0,0.000000
0.001705500,0.414382,0.0,0.000000
0.001705750,0.414545,0.0,0.000000
0.001706000,0.414709,0.0,0.000000
0.001706250,0.414873,0.0,0.000000
0.001706500,0.415036,0.0,0.000000
0.001706750,0.415200,0.0,0.000000
0.001707000,0.415363,0.0,0.000000
0.001707250,0.415527,0.0,0.000000
0.001707500,0.415690,0.0,0.000000
0.001707750,0.415854,0.0,0.000000
0.001708000,0.416017,0.0,0.000000
0.001708250,0.416180,0.0,0.000000
0.001708500,0.416344,0.0,0.000000
0.001708750,0.416507,0.0,0.000000
0.001709000,0.416670,0.0,0.000000
0.001709250,0.416834,0.0,0.000000
0.001709500,0.416997,0.0,0.000000
0.001709750,0.417160,0.0,0.000000
0.001710000,0.417323,0.0,0.000000
0.001710250,0.417486,0.0,0.000000
0.001710500,0.417649,0.0,0.000000
0.001710750,0.417812,0.0,0.000000
0.001711000,0.417975,0.0,0.000000
0.001711250,0.418138,0.0,0.000000
0.001711500,0.418301,0.0,0.000000
0.001711750,0.418464,0.0,0.000000
0.001712000,0.418627,0.0,0.000000
0.001712250,0.418789,0.0,0.000000
0.001712500,0.418952,0.0,0.000000
0.001712750,0.419115,0.0,0.000000
0.001713000,0.419278,0.0,0.000000
0.001713250,0.419440,0.0,0.000000
0.001713500,0.419603,0.0,0.000000
0.001713750,0.419766,0.0,0.000000
0.001714000,0.419928,0.0,0.000000
0.001714250,0.420091,0.0,0.000000
0.001714500,0.420253,0.0,0.000000
0.001714750,0.420416,0.0,0.000000
0.001715000,0.420578,0.0,0.000000
0.001715250,0.420740,0.0,0.000000
0.001715500,0.420903,0.0,0.000000
0.001715750,0.421065,0.0,0.000000
0.001716000,0.421227,0.0,0.000000
0.001716250,0.421390,0.0,0.000000
0.001716500,0.421552,0.0,0.000000
0.001716750,0.421714,0.0,0.000000
0.001717000,0.421876,0.0,0.000000
0.001717250,0.422038,0.0,0.000000
0.001717500,0.422200,0.0,0.000000
0.001717750,0.422363,0.0,0.000000
0.001718000,0.422525,0.0,0.000000
0.001718250,0.422687,0.0,0.000000
0.001718500,0.422848,0.0,0.000000
0.001718750,0.423010,0.0,0.000000
0.001719000,0.423172,0.0,0.000000
0.001719250,0.423334,0.0,0.000000
0.001719500,0.423496,0.0,0.000000
0.001719750,0.423658,0.0,0.000000
0.001720000,0.423820,0.0,0.000000
0.001720250,0.423981,0.0,0.000000
0.001720500,0.424143,0.0,0.000000
0.001720750,0.424305,0.0,0.000000
0.001721000,0.424466,0.0,0.000000
0.001721250,0.424628,0.0,0.000000
0.001721500,0.424789,0.0,0.000000
0.001721750,0.424951,0.0,0.000000
0.001722000,0.425112,0.0,0.000000
0.001722250,0.425274,0.0,0.000000
0.001722500,0.425435,0.0,0.000000
0.001722750,0.425597,0.0,0.000000
0.001723000,0.425758,0.0,0.000000
0.001723250,0.425919,0.0,0.000000
0.001723500,0.426081,0.0,0.000000
0.001723750,0.426242,0.0,0.000000
0.001724000,0.426403,0.0,0.000000
0.001724250,0.426564,0.0,0.000000
0.001724500,0.426725,0.0,0.000000
0.001724750,0.426886,0.0,0.000000
0.001725000,0.427048,0.0,0.000000
0.001725250,0.427209,0.0,0.000000
0.001725500,0.427370,0.0,0.000000
0.001725750,0.427531,0.0,0.000000
0.001726000,0.427692,0.0,0.000000
0.001726250,0.427853,0.0,0.000000
0.001726500,0.428013,0.0,0.000000
0.001726750,0.428174,0.0,0.000000
0.001727000,0.428335,0.0,0.000000
0.001727250,0.428496,0.0,0.000000
0.001727500,0.428657,0.0,0.000000
0.001727750,0.428817,0.0,0.000000
0.001728000,0.428978,0.0,0.000000
0.001728250,0.429139,0.0,0.000000
0.001728500,0.429299,0.0,0.000000
0.001728750,0.429460,0.0,0.000000
0.001729000,0.429620,0.0,0.000000
0.001729250,0.429781,0.0,0.000000
0.001729500,0.429941,0.0,0.000000
0.001729750,0.430102,0.0,0.000000
0.001730000,0.430262,0.0,0.000000
0.001730250,0.430423,0.0,0.000000
0.001730500,0.430583,0.0,0.000000
0.001730750,0.430743,0.0,0.000000
0.001731000,0.430904,0.0,0.000000
0.001731250,0.431064,0.0,0.000000
0.001731500,0.431224,0.0,0.000000
0.001731750,0.431384,0.0,0.000000
0.001732000,0.431544,0.0,0.000000
0.001732250,0.431704,0.0,0.000000
0.001732500,0.431865,0.0,0.000000
0.001732750,0.432025,0.0,0.000000
0.001733000,0.432185,0.0,0.000000
0.001733250,0.432345,0.0,0.000000
0.001733500,0.432505,0.0,0.000000
0.001733750,0.432664,0.0,0.000000
0.001734000,0.432824,0.0,0.000000
0.001734250,0.432984,0.0,0.000000
0.001734500,0.433144,0.0,0.000000
0.001734750,0.433304,0.0,0.000000
0.001735000,0.433463,0.0,0.000000
0.001735250,0.433623,0.0,0.000000
0.001735500,0.433783,0.0,0.000000
0.001735750,0.433943,0.0,0.000000
0.001736000,0.434102,0.0,0.000000
0.001736250,0.434262,0.0,0.000000
0.001736500,0.434421,0.0,0.000000
0.001736750,0.434581,0.0,0.000000
0.001737000,0.434740,0.0,0.000000
0.001737250,0.434900,0.0,0.000000
0.001737500,0.435059,0.0,0.000000
0.001737750,0.435219,0.0,0.000000
0.001738000,0.435378,0.0,0.000000
0.001738250,0.435537,0.0,0.000000
0.001738500,0.435696,0.0,0.000000
0.001738750,0.435856,0.0,0.000000
0.001739000,0.436015,0.0,0.000000
0.001739250,0.436174,0.0,0.000000
0.001739500,0.436333,0.0,0.000000
0.001739750,0.436492,0.0,0.000000
0.001740000,0.436651,0.0,0.000000
0.001740250,0.436810,0.0,0.000000
0.001740500,0.436970,0.0,0.000000
0.001740750,0.437129,0.0,0.000000
0.001741000,0.437287,0.0,0.000000
0.001741250,0.437446,0.0,0.000000
0.001741500,0.437605,0.0,0.000000
0.001741750,0.437764,0.0,0.000000
0.001742000,0.437923,0.0,0.000000
0.001742250,0.438082,0.0,0.000000
0.001742500,0.438240,0.0,0.000000
0.001742750,0.438399,0.0,0.000000
0.001743000,0.438558,0.0,0.000000
0.001743250,0.438717,0.0,0.000000
0.001743500,0.438875,0.0,0.000000
0.001743750,0.439034,0.0,0.000000
0.001744000,0.439192,0.0,0.000000
0.001744250,0.439351,0.0,0.000000
0.001744500,0.439509,0.0,0.000000
0.001744750,0.439668,0.0,0.000000
0.001745000,0.439826,0.0,0.000000
0.001745250,0.439985,0.0,0.000000
0.001745500,0.440143,0.0,0.000000
0.001745750,0.440301,0.0,0.000000
0.001746000,0.440459,0.0,0.000000
0.001746250,0.440618,0.0,0.000000
0.001746500,0.440776,0.0,0.000000
0.001746750,0.440934,0.0,0.000000
0.001747000,0.441092,0.0,0.000000
0.001747250,0.441250,0.0,0.000000
0.001747500,0.441409,0.0,0.000000
0.001747750,0.441567,0.0,0.000000
0.001748000,0.441725,0.0,0.000000
0.001748250,0.441883,0.0,0.000000
0.001748500,0.442041,0.0,0.000000
0.001748750,0.442198,0.0,0.000000
0.001749000,0.442356,0.0,0.000000
0.001749250,0.442514,0.0,0.000000
0.001749500,0.442672,0.0,0.000000
0.001749750,0.442830,0.0,0.000000
0.001750000,0.442988,0.0,0.000000
0.001750250,0.443145,0.0,0.000000
0.001750500,0.443303,0.0,0.000000
0.001750750,0.443461,0.0,0.000000
0.001751000,0.443618,0.0,0.000000
0.001751250,0.443776,0.0,0.000000
0.001751500,0.443934,0.0,0.000000
0.001751750,0.444091,0.0,0.000000
0.001752000,0.444249,0.0,0.000000
0.001752250,0.444406,0.0,0.000000
0.001752500,0.444563,0.0,0.000000
0.001752750,0.444721,0.0,0.000000
0.001753000,0.444878,0.0,0.000000
0.001753250,0.445036,0.0,0.000000
0.001753500,0.445193,0.0,0.000000
0.001753750,0.445350,0.0,0.000000
0.001754000,0.445507,0.0,0.000000
0.001754250,0.445665,0.0,0.000000
0.001754500,0.445822,0.0,0.000000
0.001754750,0.445979,0.0,0.000000
0.001755000,0.446136,0.0,0.000000
0.001755250,0.446293,0.0,0.000000
0.001755500,0.446450,0.0,0.000000
0.001755750,0.446607,0.0,0.000000
0.001756000,0.446764,0.0,0.000000
0.001756250,0.446921,0.0,0.000000
0.001756500,0.447078,0.0,0.000000
0.001756750,0.447235,0.0,0.000000
0.001757000,0.447392,0.0,0.000000
0.001757250,0.447549,0.0,0.000000
0.001757500,0.447705,0.0,0.000000
0.001757750,0.447862,0.0,0.000000
0.001758000,0.448019,0.0,0.000000
0.001758250,0.448175,0.0,0.000000
0.001758500,0.448332,0.0,0.000000
0.001758750,0.448489,0.0,0.000000
0.001759000,0.448645,0.0,0.000000
0.001759250,0.448802,0.0,0.000000
0.001759500,0.448958,0.0,0.000000
0.001759750,0.449115,0.0,0.000000
0.001760000,0.449271,0.0,0.000000
0.001760250,0.449428,0.0,0.000000
0.001760500,0.449584,0.0,0.000000
0.001760750,0.449740,0.0,0.000000
0.001761000,0.449897,0.0,0.000000
0.001761250,0.450053,0.0,0.000000
0.001761500,0.450209,0.0,0.000000
0.001761750,0.450366,0.0,0.000000
0.001762000,0.450522,0.0,0.000000
0.001762250,0.450678,0.0,0.000000
0.001762500,0.450834,0.0,0.000000
0.001762750,0.450990,0.0,0.000000
0.001763000,0.451146,0.0,0.000000
0.001763250,0.451302,0.0,0.000000
0.001763500,0.451458,0.0,0.000000
0.001763750,0.451614,0.0,0.000000
0.001764000,0.451770,0.0,0.000000
0.001764250,0.451926,0.0,0.000000
0.001764500,0.452082,0.0,0.000000
0.001764750,0.452238,0.0,0.000000
0.001765000,0.452394,0.0,0.000000
0.001765250,0.452549,0.0,0.000000
0.001765500,0.452705,0.0,0.000000
0.001765750,0.452861,0.0,0.000000
0.001766000,0.453016,0.0,0.000000
0.001766250,0.453172,0.0,0.000000
0.001766500,0.453328,0.0,0.000000
0.001766750,0.453483,0.0,0.000000
0.001767000,0.453639,0.0,0.000000
0.001767250,0.453794,0.0,0.000000
0.001767500,0.453950,0.0,0.000000
0.001767750,0.454105,0.0,0.000000
0.001768000,0.454261,0.0,0.000000
0.001768250,0.454416,0.0,0.000000
0.001768500,0.454571,0.0,0.000000
0.001768750,0.454727,0.0,0.000000
0.001769000,0.454882,0.0,0.000000
0.001769250,0.455037,0.0,0.000000
0.001769500,0.455192,0.0,0.000000
0.001769750,0.455348,0.0,0.000000
0.001770000,0.455503,0.0,0.000000
0.001770250,0.455658,0.0,0.000000
0.001770500,0.455813,0.0,0.000000
0.001770750,0.455968,0.0,0.000000
0.001771000,0.456123,0.0,0.000000
0.001771250,0.456278,0.0,0.000000
0.001771500,0.456433,0.0,0.000000
0.001771750,0.456588,0.0,0.000000
0.001772000,0.456743,0.0,0.000000
0.001772250,0.456898,0.0,0.000000
0.001772500,0.457053,0.0,0.000000
0.001772750,0.457207,0.0,0.000000
0.001773000,0.457362,0.0,0.000000
0.001773250,0.457517,0.0,0.000000
0.001773500,0.457672,0.0,0.000000
0.001773750,0.457826,0.0,0.000000
0.001774000,0.457981,0.0,0.000000
0.001774250,0.458135,0.0,0.000000
0.001774500,0.458290,0.0,0.000000
0.001774750,0.458445,0.0,0.000000
0.001775000,0.458599,0.0,0.000000
0.001775250,0.458754,0.0,0.000000
0.001775500,0.458908,0.0,0.000000
0.001775750,0.459062,0.0,0.000000
0.001776000,0.459217,0.0,0.000000
0.001776250,0.459371,0.0,0.000000
0.001776500,0.459525,0.0,0.000000
0.001776750,0.459680,0.0,0.000000
0.001777000,0.459834,0.0,0.000000
0.001777250,0.459988,0.0,0.000000
0.001777500,0.460142,0.0,0.000000
0.001777750,0.460297,0.0,0.000000
0.001778000,0.460451,0.0,0.000000
0.001778250,0.460605,0.0,0.000000
0.001778500,0.460759,0.0,0.000000
0.001778750,0.460913,0.0,0.000000
0.001779000,0.461067,0.0,0.000000
0.001779250,0.461221,0.0,0.000000
0.001779500,0.461375,0.0,0.000000
0.001779750,0.461529,0.0,0.000000
0.001780000,0.461682,0.0,0.000000
0.001780250,0.461836,0.0,0.000000
0.001780500,0.461990,0.0,0.000000
0.001780750,0.462144,0.0,0.000000
0.001781000,0.462298,0.0,0.000000
0.001781250,0.462451,0.0,0.000000
0.001781500,0.462605,0.0,0.000000
0.001781750,0.462759,0.0,0.000000
0.001782000,0.462912,0.0,0.000000
0.001782250,0.463066,0.0,0.000000
0.001782500,0.463219,0.0,0.000000
0.001782750,0.463373,0.0,0.000000
0.001783000,0.463526,0.0,0.000000
0.001783250,0.463680,0.0,0.000000
0.001783500,0.463833,0.0,0.000000
0.001783750,0.463987,0.0,0.000000
0.001784000,0.464140,0.0,0.000000
0.001784250,0.464293,0.0,0.000000
0.001784500,0.464447,0.0,0.000000
0.001784750,0.464600,0.0,0.000000
0.001785000,0.464753,0.0,0.000000
0.001785250,0.464906,0.0,0.000000
0.001785500,0.465059,0.0,0.000000
0.001785750,0.465213,0.0,0.000000
0.001786000,0.465366,0.0,0.000000
0.001786250,0.465519,0.0,0.000000
0.001786500,0.465672,0.0,0.000000
0.001786750,0.465825,0.0,0.000000
0.001787000,0.465978,0.0,0.000000
0.001787250,0.466131,0.0,0.000000
0.001787500,0.466284,0.0,0.000000
0.001787750,0.466437,0.0,0.000000
0.001788000,0.466589,0.0,0.000000
0.001788250,0.466742,0.0,0.000000
0.001788500,0.466895,0.0,0.000000
0.001788750,0.467048,0.0,0.000000
0.001789000,0.467200,0.0,0.000000
0.001789250,0.467353,0.0,0.000000
0.001789500,0.467506,0.0,0.000000
0.001789750,0.467658,0.0,0.000000
0.001790000,0.467811,0.0,0.000000
0.001790250,0.467964,0.0,0.000000
0.001790500,0.468116,0.0,0.000000
0.001790750,0.468269,0.0,0.000000
0.001791000,0.468421,0.0,0.000000
0.001791250,0.468573,0.0,0.000000
0.001791500,0.468726,0.0,0.000000
0.001791750,0.468878,0.0,0.000000
0.001792000,0.469031,0.0,0.000000
0.001792250,0.469183,0.0,0.000000
0.001792500,0.469335,0.0,0.000000
0.001792750,0.469487,0.0,0.000000
0.001793000,0.469640,0.0,0.000000
0.001793250,0.469792,0.0,0.000000
0.001793500,0.469944,0.0,0.000000
0.001793750,0.470096,0.0,0.000000
0.001794000,0.470248,0.0,0.000000
0.001794250,0.470400,0.0,0.000000
0.001794500,0.470552,0.0,0.000000
0.001794750,0.470704,0.0,0.000000
0.001795000,0.470856,0.0,0.000000
0.001795250,0.471008,0.0,0.000000
0.001795500,0.471160,0.0,0.000000
0.001795750,0.471312,0.0,0.000000
0.001796000,0.471464,0.0,0.000000
0.001796250,0.471615,0.0,0.000000
0.001796500,0.471767,0.0,0.000000
0.001796750,0.471919,0.0,0.000000
0.001797000,0.472071,0.0,0.000000
0.001797250,0.472222,0.0,0.000000
0.001797500,0.472374,0.0,0.000000
0.001797750,0.472526,0.0,0.000000
0.001798000,0.472677,0.0,0.000000
0.001798250,0.472829,0.0,0.000000
0.001798500,0.472980,0.0,0.000000
0.001798750,0.473132,0.0,0.000000
0.001799000,0.473283,0.0,0.000000
0.001799250,0.473435,0.0,0.000000
0.001799500,0.473586,0.0,0.000000
0.001799750,0.473737,0.0,0.000000
0.001800000,0.473889,0.0,0.000000
0.001800250,0.474040,0.0,0.000000
0.001800500,0.474191,0.0,0.000000
0.001800750,0.474342,0.0,0.000000
0.001801000,0.474494,0.0,0.000000
0.001801250,0.474645,0.0,0.000000
0.001801500,0.474796,0.0,0.000000
0.001801750,0.474947,0.0,0.000000
0.001802000,0.475098,0.0,0.000000
0.001802250,0.475249,0.0,0.000000
0.001802500,0.475400,0.0,0.000000
0.001802750,0.475551,0.0,0.000000
0.001803000,0.475702,0.0,0.000000
0.001803250,0.475853,0.0,0.000000
0.001803500,0.476004,0.0,0.000000
0.001803750,0.476155,0.0,0.000000
0.001804000,0.476305,0.0,0.000000
0.001804250,0.476456,0.0,0.000000
0.001804500,0.476607,0.0,0.000000
0.001804750,0.476758,0.0,0.000000
0.001805000,0.476908,0.0,0.000000
0.001805250,0.477059,0.0,0.000000
0.001805500,0.477210,0.0,0.000000
0.001805750,0.477360,0.0,0.000000
0.001806000,0.477511,0.0,0.000000
0.001806250,0.477661,0.0,0.000000
0.001806500,0.477812,0.0,0.000000
0.001806750,0.477962,0.0,0.000000
0.001807000,0.478113,0.0,0.000000
0.001807250,0.478263,0.0,0.000000
0.001807500,0.478414,0.0,0.000000
0.001807750,0.478564,0.0,0.000000
0.001808000,0.478714,0.0,0.000000
0.001808250,0.478865,0.0,0.000000
0.001808500,0.479015,0.0,0.000000
0.001808750,0.479165,0.0,0.000000
0.001809000,0.479315,0.0,0.000000
0.001809250,0.479465,0.0,0.000000
0.001809500,0.479616,0.0,0.000000
0.001809750,0.479766,0.0,0.000000
0.001810000,0.479916,0.0,0.000000
0.001810250,0.480066,0.0,0.000000
0.001810500,0.480216,0.0,0.000000
0.001810750,0.480366,0.0,0.000000
0.001811000,0.480516,0.0,0.000000
0.001811250,0.480666,0.0,0.000000
0.001811500,0.480815,0.0,0.000000
0.001811750,0.480965,0.0,0.000000
0.001812000,0.481115,0.0,0.000000
0.001812250,0.481265,0.0,0.000000
0.001812500,0.481415,0.0,0.000000
0.001812750,0.481564,0.0,0.000000
0.001813000,0.481714,0.0,0.000000
0.001813250,0.481864,0.0,0.000000
0.001813500,0.482013,0.0,0.000000
0.001813750,0.482163,0.0,0.000000
0.001814000,0.482313,0.0,0.000000
0.001814250,0.482462,0.0,0.000000
0.001814500,0.482612,0.0,0.000000
0.001814750,0.482761,0.0,0.000000
0.001815000,0.482911,0.0,0.000000
0.001815250,0.483060,0.0,0.000000
0.001815500,0.483209,0.0,0.000000
0.001815750,0.483359,0.0,0.000000
0.001816000,0.483508,0.0,0.000000
0.001816250,0.483657,0.0,0.000000
0.001816500,0.483807,0.0,0.000000
0.001816750,0.483956,0.0,0.000000
0.001817000,0.484105,0.0,0.000000
0.001817250,0.484254,0.0,0.000000
0.001817500,0.484403,0.0,0.000000
0.001817750,0.484552,0.0,0.000000
0.001818000,0.484701,0.0,0.000000
0.001818250,0.484850,0.0,0.000000
0.001818500,0.484999,0.0,0.000000
0.001818750,0.485148,0.0,0.000000
0.001819000,0.485297,0.0,0.000000
0.001819250,0.485446,0.0,0.000000
0.001819500,0.485595,0.0,0.000000
0.001819750,0.485744,0.0,0.000000
0.001820000,0.485893,0.0,0.000000
0.001820250,0.486042,0.0,0.000000
0.001820500,0.486190,0.0,0.000000
0.001820750,0.486339,0.0,0.000000
0.001821000,0.486488,0.0,0.000000
0.001821250,0.486637,0.0,0.000000
0.001821500,0.486785,0.0,0.000000
0.001821750,0.486934,0.0,0.000000
0.001822000,0.487082,0.0,0.000000
0.001822250,0.487231,0.0,0.000000
0.001822500,0.487379,0.0,0.000000
0.001822750,0.487528,0.0,0.000000
0.001823000,0.487676,0.0,0.000000
0.001823250,0.487825,0.0,0.000000
0.001823500,0.487973,0.0,0.000000
0.001823750,0.488121,0.0,0.000000
0.001824000,0.488270,0.0,0.000000
0.001824250,0.488418,0.0,0.000000
0.001824500,0.488566,0.0,0.000000
0.001824750,0.488715,0.0,0.000000
0.001825000,0.488863,0.0,0.000000
0.001825250,0.489011,0.0,0.000000
0.001825500,0.489159,0.0,0.000000
0.001825750,0.489307,0.0,0.000000
0.001826000,0.489455,0.0,0.000000
0.001826250,0.489603,0.0,0.000000
0.001826500,0.489751,0.0,0.000000
0.001826750,0.489899,0.0,0.000000
0.001827000,0.490047,0.0,0.000000
0.001827250,0.490195,0.0,0.000000
0.001827500,0.490343,0.0,0.000000
0.001827750,0.490491,0.0,0.000000
0.001828000,0.490639,0.0,0.000000
0.001828250,0.490787,0.0,0.000000
0.001828500,0.490934,0.0,0.000000
0.001828750,0.491082,0.0,0.000000
0.001829000,0.491230,0.0,0.000000
0.001829250,0.491378,0.0,0.000000
0.001829500,0.491525,0.0,0.000000
0.001829750,0.491673,0.0,0.000000
0.001830000,0.491820,0.0,0.000000
0.001830250,0.491968,0.0,0.000000
0.001830500,0.492115,0.0,0.000000
0.001830750,0.492263,0.0,0.000000
0.001831000,0.492410,0.0,0.000000
0.001831250,0.492558,0.0,0.000000
0.001831500,0.492705,0.0,0.000000
0.001831750,0.492853,0.0,0.000000
0.001832000,0.493000,0.0,0.000000
0.001832250,0.493147,0.0,0.000000
0.001832500,0.493295,0.0,0.000000
0.001832750,0.493442,0.0,0.000000
0.001833000,0.493589,0.0,0.000000
0.001833250,0.493736,0.0,0.000000
0.001833500,0.493883,0.0,0.000000
0.001833750,0.494031,0.0,0.000000
0.001834000,0.494178,0.0,0.000000
0.001834250,0.494325,0.0,0.000000
0.001834500,0.494472,0.0,0.000000
0.001834750,0.494619,0.0,0.000000
0.001835000,0.494766,0.0,0.000000
0.001835250,0.494913,0.0,0.000000
0.001835500,0.495060,0.0,0.000000
0.001835750,0.495207,0.0,0.000000
0.001836000,0.495353,0.0,0.000000
0.001836250,0.495500,0.0,0.000000
0.001836500,0.495647,0.0,0.000000
0.001836750,0.495794,0.0,0.000000
0.001837000,0.495940,0.0,0.000000
0.001837250,0.496087,0.0,0.000000
0.001837500,0.496234,0.0,0.000000
0.001837750,0.496380,0.0,0.000000
0.001838000,0.496527,0.0,0.000000
0.001838250,0.496674,0.0,0.000000
0.001838500,0.496820,0.0,0.000000
0.001838750,0.496967,0.0,0.000000
0.001839000,0.497113,0.0,0.000000
0.001839250,0.497260,0.0,0.000000
0.001839500,0.497406,0.0,0.000000
0.001839750,0.497552,0.0,0.000000
0.001840000,0.497699,0.0,0.000000
0.001840250,0.497845,0.0,0.000000
0.001840500,0.497991,0.0,0.000000
0.001840750,0.498138,0.0,0.000000
0.001841000,0.498284,0.0,0.000000
0.001841250,0.498430,0.0,0.000000
0.001841500,0.498576,0.0,0.000000
0.001841750,0.498722,0.0,0.000000
0.001842000,0.498869,0.0,0.000000
0.001842250,0.499015,0.0,0.000000
0.001842500,0.499161,0.0,0.000000
0.001842750,0.499307,0.0,0.000000
0.001843000,0.499453,0.0,0.000000
0.001843250,0.499599,0.0,0.000000
0.001843500,0.499745,0.0,0.000000
0.001843750,0.499891,0.0,0.000000
0.001844000,0.500036,0.0,0.000000
0.001844250,0.500182,0.0,0.000000
0.001844500,0.500328,0.0,0.000000
0.001844750,0.500474,0.0,0.000000
0.001845000,0.500620,0.0,0.000000
0.001845250,0.500765,0.0,0.000000
0.001845500,0.500911,0.0,0.000000
0.001845750,0.501056,0.0,0.000000
0.001846000,0.501202,0.0,0.000000
0.001846250,0.501348,0.0,0.000000
0.001846500,0.501493,0.0,0.000000
0.001846750,0.501639,0.0,0.000000
0.001847000,0.501784,0.0,0.000000
0.001847250,0.501930,0.0,0.000000
0.001847500,0.502075,0.0,0.000000
0.001847750,0.502220,0.0,0.000000
0.001848000,0.502366,0.0,0.000000
0.001848250,0.502511,0.0,0.000000
0.001848500,0.502656,0.0,0.000000
0.001848750,0.502802,0.0,0.000000
0.001849000,0.502947,0.0,0.000000
0.001849250,0.503092,0.0,0.000000
0.001849500,0.503237,0.0,0.000000
0.001849750,0.503383,0.0,0.000000
0.001850000,0.503528,0.0,0.000000
0.001850250,0.503673,0.0,0.000000
0.001850500,0.503818,0.0,0.000000
0.001850750,0.503963,0.0,0.000000
0.001851000,0.504108,0.0,0.000000
0.001851250,0.504253,0.0,0.000000
0.001851500,0.504398,0.0,0.000000
0.001851750,0.504543,0.0,0.000000
0.001852000,0.504688,0.0,0.000000
0.001852250,0.504832,0.0,0.000000
0.001852500,0.504977,0.0,0.000000
0.001852750,0.505122,0.0,0.000000
0.001853000,0.505267,0.0,0.000000
0.001853250,0.505412,0.0,0.000000
0.001853500,0.505556,0.0,0.000000
0.001853750,0.505701,0.0,0.000000
0.001854000,0.505846,0.0,0.000000
0.001854250,0.505990,0.0,0.000000
0.001854500,0.506135,0.0,0.000000
0.001854750,0.506279,0.0,0.000000
0.001855000,0.506424,0.0,0.000000
0.001855250,0.506568,0.0,0.000000
0.001855500,0.506713,0.0,0.000000
0.001855750,0.506857,0.0,0.000000
0.001856000,0.507002,0.0,0.000000
0.001856250,0.507146,0.0,0.000000
0.001856500,0.507290,0.0,0.000000
0.001856750,0.507435,0.0,0.000000
0.001857000,0.507579,0.0,0.000000
0.001857250,0.507723,0.0,0.000000
0.001857500,0.507867,0.0,0.000000
0.001857750,0.508012,0.0,0.000000
0.001858000,0.508156,0.0,0.000000
0.001858250,0.508300,0.0,0.000000
0.001858500,0.508444,0.0,0.000000
0.001858750,0.508588,0.0,0.000000
0.001859000,0.508732,0.0,0.000000
0.001859250,0.508876,0.0,0.000000
0.001859500,0.509020,0.0,0.000000
0.001859750,0.509164,0.0,0.000000
0.001860000,0.509308,0.0,0.000000
0.001860250,0.509452,0.0,0.000000
0.001860500,0.509596,0.0,0.000000
0.001860750,0.509739,0.0,0.000000
0.001861000,0.509883,0.0,0.000000
0.001861250,0.510027,0.0,0.000000
0.001861500,0.510171,0.0,0.000000
0.001861750,0.510314,0.0,0.000000
0.001862000,0.510458,0.0,0.000000
0.001862250,0.510602,0.0,0.000000
0.001862500,0.510745,0.0,0.000000
0.001862750,0.510889,0.0,0.000000
0.001863000,0.511032,0.0,0.000000
0.001863250,0.511176,0.0,0.000000
0.001863500,0.511319,0.0,0.000000
0.001863750,0.511463,0.0,0.000000
0.001864000,0.511606,0.0,0.000000
0.001864250,0.511750,0.0,0.000000
0.001864500,0.511893,0.0,0.000000
0.001864750,0.512036,0.0,0.000000
0.001865000,0.512180,0.0,0.000000
0.001865250,0.512323,0.0,0.000000
0.001865500,0.512466,0.0,0.000000
0.001865750,0.512609,0.0,0.000000
0.001866000,0.512752,0.0,0.000000
0.001866250,0.512896,0.0,0.000000
0.001866500,0.513039,0.0,0.000000
0.001866750,0.513182,0.0,0.000000
0.001867000,0.513325,0.0,0.000000
0.001867250,0.513468,0.0,0.000000
0.001867500,0.513611,0.0,0.000000
0.001867750,0.513754,0.0,0.000000
0.001868000,0.513897,0.0,0.000000
0.001868250,0.514040,0.0,0.000000
0.001868500,0.514183,0.0,0.000000
0.001868750,0.514326,0.0,0.000000
0.001869000,0.514468,0.0,0.000000
0.001869250,0.514611,0.0,0.000000
0.001869500,0.514754,0.0,0.000000
0.001869750,0.514897,0.0,0.000000
0.001870000,0.515039,0.0,0.000000
0.001870250,0.515182,0.0,0.000000
0.001870500,0.515325,0.0,0.000000
0.001870750,0.515467,0.0,0.000000
0.001871000,0.515610,0.0,0.000000
0.001871250,0.515752,0.0,0.000000
0.001871500,0.515895,0.0,0.000000
0.001871750,0.516038,0.0,0.000000
0.001872000,0.516180,0.0,0.000000
0.001872250,0.516322,0.0,0.000000
0.001872500,0.516465,0.0,0.000000
0.001872750,0.516607,0.0,0.000000
0.001873000,0.516750,0.0,0.000000
0.001873250,0.516892,0.0,0.000000
0.001873500,0.517034,0.0,0.000000
0.001873750,0.517176,0.0,0.000000
0.001874000,0.517319,0.0,0.000000
0.001874250,0.517461,0.0,0.000000
0.001874500,0.517603,0.0,0.000000
0.001874750,0.517745,0.0,0.000000
0.001875000,0.517887,0.0,0.000000
0.001875250,0.518029,0.0,0.000000
0.001875500,0.518171,0.0,0.000000
0.001875750,0.518313,0.0,0.000000
0.001876000,0.518455,0.0,0.000000
0.001876250,0.518597,0.0,0.000000
0.001876500,0.518739,0.0,0.000000
0.001876750,0.518881,0.0,0.000000
0.001877000,0.519023,0.0,0.000000
0.001877250,0.519165,0.0,0.000000
0.001877500,0.519307,0.0,0.000000
0.001877750,0.519449,0.0,0.000000
0.001878000,0.519591,0.0,0.000000
0.001878250,0.519732,0.0,0.000000
0.001878500,0.519874,0.0,0.000000
0.001878750,0.520016,0.0,0.000000
0.001879000,0.520157,0.0,0.000000
0.001879250,0.520299,0.0,0.000000
0.001879500,0.520441,0.0,0.000000
0.001879750,0.520582,0.0,0.000000
0.001880000,0.520724,0.0,0.000000
0.001880250,0.520865,0.0,0.000000
0.001880500,0.521007,0.0,0.000000
0.001880750,0.521148,0.0,0.000000
0.001881000,0.521290,0.0,0.000000
0.001881250,0.521431,0.0,0.000000
0.001881500,0.521572,0.0,0.000000
0.001881750,0.521714,0.0,0.000000
0.001882000,0.521855,0.0,0.000000
0.001882250,0.521996,0.0,0.000000
0.001882500,0.522138,0.0,0.000000
0.001882750,0.522279,0.0,0.000000
0.001883000,0.522420,0.0,0.000000
0.001883250,0.522561,0.0,0.000000
0.001883500,0.522702,0.0,0.000000
0.001883750,0.522843,0.0,0.000000
0.001884000,0.522984,0.0,0.000000
0.001884250,0.523125,0.0,0.000000
0.001884500,0.523266,0.0,0.000000
0.001884750,0.523407,0.0,0.000000
0.001885000,0.523548,0.0,0.000000
0.001885250,0.523689,0.0,0.000000
0.001885500,0.523830,0.0,0.000000
0.001885750,0.523971,0.0,0.000000
0.001886000,0.524112,0.0,0.000000
0.001886250,0.524253,0.0,0.000000
0.001886500,0.524393,0.0,0.000000
0.001886750,0.524534,0.0,0.000000
0.001887000,0.524675,0.0,0.000000
0.001887250,0.524816,0.0,0.000000
0.001887500,0.524956,0.0,0.000000
0.001887750,0.525097,0.0,0.000000
0.001888000,0.525238,0.0,0.000000
0.001888250,0.525378,0.0,0.000000
0.001888500,0.525519,0.0,0.000000
0.001888750,0.525659,0.0,0.000000
0.001889000,0.525800,0.0,0.000000
0.001889250,0.525940,0.0,0.000000
0.001889500,0.526080,0.0,0.000000
0.001889750,0.526221,0.0,0.000000
0.001890000,0.526361,0.0,0.000000
0.001890250,0.526501,0.0,0.000000
0.001890500,0.526642,0.0,0.000000
0.001890750,0.526782,0.0,0.000000
0.001891000,0.526922,0.0,0.000000
0.001891250,0.527062,0.0,0.000000
0.001891500,0.527203,0.0,0.000000
0.001891750,0.527343,0.0,0.000000
0.001892000,0.527483,0.0,0.000000
0.001892250,0.527623,0.0,0.000000
0.001892500,0.527763,0.0,0.000000
0.001892750,0.527903,0.0,0.000000
0.001893000,0.528043,0.0,0.000000
0.001893250,0.528183,0.0,0.000000
0.001893500,0.528323,0.0,0.000000
0.001893750,0.528463,0.0,0.000000
0.001894000,0.528603,0.0,0.000000
0.001894250,0.528743,0.0,0.000000
0.001894500,0.528883,0.0,0.000000
0.001894750,0.529022,0.0,0.000000
0.001895000,0.529162,0.0,0.000000
0.001895250,0.529302,0.0,0.000000
0.001895500,0.529442,0.0,0.000000
0.001895750,0.529581,0.0,0.000000
0.001896000,0.529721,0.0,0.000000
0.001896250,0.529861,0.0,0.000000
0.001896500,0.530000,0.0,0.000000
0.001896750,0.530140,0.0,0.000000
0.001897000,0.530279,0.0,0.000000
0.001897250,0.530419,0.0,0.000000
0.001897500,0.530558,0.0,0.000000
0.001897750,0.530698,0.0,0.000000
0.001898000,0.530837,0.0,0.000000
0.001898250,0.530977,0.0,0.000000
0.001898500,0.531116,0.0,0.000000
0.001898750,0.531255,0.0,0.000000
0.001899000,0.531395,0.0,0.000000
0.001899250,0.531534,0.0,0.000000
0.001899500,0.531673,0.0,0.000000
0.001899750,0.531812,0.0,0.000000
0.001900000,0.531952,0.0,0.000000
0.001900250,0.532091,0.0,0.000000
0.001900500,0.532230,0.0,0.000000
0.001900750,0.532369,0.0,0.000000
0.001901000,0.532508,0.0,0.000000
0.001901250,0.532647,0.0,0.000000
0.001901500,0.532786,0.0,0.000000
0.001901750,0.532925,0.0,0.000000
0.001902000,0.533064,0.0,0.000000
0.001902250,0.533203,0.0,0.000000
0.001902500,0.533342,0.0,0.000000
0.001902750,0.533481,0.0,0.000000
0.001903000,0.533620,0.0,0.000000
0.001903250,0.533758,0.0,0.000000
0.001903500,0.533897,0.0,0.000000
0.001903750,0.534036,0.0,0.000000
0.001904000,0.534175,0.0,0.000000
0.001904250,0.534313,0.0,0.000000
0.001904500,0.534452,0.0,0.000000
0.001904750,0.534591,0.0,0.000000
0.001905000,0.534729,0.0,0.000000
0.001905250,0.534868,0.0,0.000000
0.001905500,0.535007,0.0,0.000000
0.001905750,0.535145,0.0,0.000000
0.001906000,0.535284,0.0,0.000000
0.001906250,0.535422,0.0,0.000000
0.001906500,0.535561,0.0,0.000000
0.001906750,0.535699,0.0,0.000000
0.001907000,0.535837,0.0,0.000000
0.001907250,0.535976,0.0,0.000000
0.001907500,0.536114,0.0,0.000000
0.001907750,0.536252,0.0,0.000000
0.001908000,0.536391,0.0,0.000000
0.001908250,0.536529,0.0,0.000000
0.001908500,0.536667,0.0,0.000000
0.001908750,0.536805,0.0,0.000000
0.001909000,0.536943,0.0,0.000000
0.001909250,0.537082,0.0,0.000000
0.001909500,0.537220,0.0,0.000000
0.001909750,0.537358,0.0,0.000000
0.001910000,0.537496,0.0,0.000000
0.001910250,0.537634,0.0,0.000000
0.001910500,0.537772,0.0,0.000000
0.001910750,0.537910,0.0,0.000000
0.001911000,0.538048,0.0,0.000000
0.001911250,0.538185,0.0,0.000000
0.001911500,0.538323,0.0,0.000000
0.001911750,0.538461,0.0,0.000000
0.001912000,0.538599,0.0,0.000000
0.001912250,0.538737,0.0,0.000000
0.001912500,0.538875,0.0,0.000000
0.001912750,0.539012,0.0,0.000000
0.001913000,0.539150,0.0,0.000000
0.001913250,0.539288,0.0,0.000000
0.001913500,0.539425,0.0,0.000000
0.001913750,0.539563,0.0,0.000000
0.001914000,0.539701,0.0,0.000000
0.001914250,0.539838,0.0,0.000000
0.001914500,0.539976,0.0,0.000000
0.001914750,0.540113,0.0,0.000000
0.001915000,0.540251,0.0,0.000000
0.001915250,0.540388,0.0,0.000000
0.001915500,0.540525,0.0,0.000000
0.001915750,0.540663,0.0,0.000000
0.001916000,0.540800,0.0,0.000000
0.001916250,0.540937,0.0,0.000000
0.001916500,0.541075,0.0,0.000000
0.001916750,0.541212,0.0,0.000000
0.001917000,0.541349,0.0,0.000000
0.001917250,0.541486,0.0,0.000000
0.001917500,0.541624,0.0,0.000000
0.001917750,0.541761,0.0,0.000000
0.001918000,0.541898,0.0,0.000000
0.001918250,0.542035,0.0,0.000000
0.001918500,0.542172,0.0,0.000000
0.001918750,0.542309,0.0,0.000000
0.001919000,0.542446,0.0,0.000000
0.001919250,0.542583,0.0,0.000000
0.001919500,0.542720,0.0,0.000000
0.001919750,0.542857,0.0,0.000000
0.001920000,0.542994,0.0,0.000000
0.001920250,0.543131,0.0,0.000000
0.001920500,0.543268,0.0,0.000000
0.001920750,0.543404,0.0,0.000000
0.001921000,0.543541,0.0,0.000000
0.001921250,0.543678,0.0,0.000000
0.001921500,0.543815,0.0,0.000000
0.001921750,0.543951,0.0,0.000000
0.001922000,0.544088,0.0,0.000000
0.001922250,0.544225,0.0,0.000000
0.001922500,0.544361,0.0,0.000000
0.001922750,0.544498,0.0,0.000000
0.001923000,0.544634,0.0,0.000000
0.001923250,0.544771,0.0,0.000000
0.001923500,0.544907,0.0,0.000000
0.001923750,0.545044,0.0,0.000000
0.001924000,0.545180,0.0,0.000000
0.001924250,0.545317,0.0,0.000000
0.001924500,0.545453,0.0,0.000000
0.001924750,0.545590,0.0,0.000000
0.001925000,0.545726,0.0,0.000000
0.001925250,0.545862,0.0,0.000000
0.001925500,0.545998,0.0,0.000000
0.001925750,0.546135,0.0,0.000000
0.001926000,0.546271,0.0,0.000000
0.001926250,0.546407,0.0,0.000000
0.001926500,0.546543,0.0,0.000000
0.001926750,0.546679,0.0,0.000000
0.001927000,0.546815,0.0,0.000000
0.001927250,0.546951,0.0,0.000000
0.001927500,0.547087,0.0,0.000000
0.001927750,0.547224,0.0,0.000000
0.001928000,0.547359,0.0,0.000000
0.001928250,0.547495,0.0,0.000000
0.001928500,0.547631,0.0,0.000000
0.001928750,0.547767,0.0,0.000000
0.001929000,0.547903,0.0,0.000000
0.001929250,0.548039,0.0,0.000000
0.001929500,0.548175,0.0,0.000000
0.001929750,0.548311,0.0,0.000000
0.001930000,0.548446,0.0,0.000000
0.001930250,0.548582,0.0,0.000000
0.001930500,0.548718,0.0,0.000000
0.001930750,0.548854,0.0,0.000000
0.001931000,0.548989,0.0,0.000000
0.001931250,0.549125,0.0,0.000000
0.001931500,0.549260,0.0,0.000000
0.001931750,0.549396,0.0,0.000000
0.001932000,0.549531,0.0,0.000000
0.001932250,0.549667,0.0,0.000000
0.001932500,0.549802,0.0,0.000000
0.001932750,0.549938,0.0,0.000000
0.001933000,0.550073,0.0,0.000000
0.001933250,0.550209,0.0,0.000000
0.001933500,0.550344,0.0,0.000000
0.001933750,0.550479,0.0,0.000000
0.001934000,0.550615,0.0,0.000000
0.001934250,0.550750,0.0,0.000000
0.001934500,0.550885,0.0,0.000000
0.001934750,0.551020,0.0,0.000000
0.001935000,0.551156,0.0,0.000000
0.001935250,0.551291,0.0,0.000000
0.001935500,0.551426,0.0,0.000000
0.001935750,0.551561,0.0,0.000000
0.001936000,0.551696,0.0,0.000000
0.001936250,0.551831,0.0,0.000000
0.001936500,0.551966,0.0,0.000000
0.001936750,0.552101,0.0,0.000000
0.001937000,0.552236,0.0,0.000000
0.001937250,0.552371,0.0,0.000000
0.001937500,0.552506,0.0,0.000000
0.001937750,0.552641,0.0,0.000000
0.001938000,0.552776,0.0,0.000000
0.001938250,0.552911,0.0,0.000000
0.001938500,0.553045,0.0,0.000000
0.001938750,0.553180,0.0,0.000000
0.001939000,0.553315,0.0,0.000000
0.001939250,0.553450,0.0,0.000000
0.001939500,0.553584,0.0,0.000000
0.001939750,0.553719,0.0,0.000000
0.001940000,0.553854,0.0,0.000000
0.001940250,0.553988,0.0,0.000000
0.001940500,0.554123,0.0,0.000000
0.001940750,0.554257,0.0,0.000000
0.001941000,0.554392,0.0,0.000000
0.001941250,0.554526,0.0,0.000000
0.001941500,0.554661,0.0,0.000000
0.001941750,0.554795,0.0,0.000000
0.001942000,0.554930,0.0,0.000000
0.001942250,0.555064,0.0,0.000000
0.001942500,0.555198,0.0,0.000000
0.001942750,0.555333,0.0,0.000000
0.001943000,0.555467,0.0,0.000000
0.001943250,0.555601,0.0,0.000000
0.001943500,0.555736,0.0,0.000000
0.001943750,0.555870,0.0,0.000000
0.001944000,0.556004,0.0,0.000000
0.001944250,0.556138,0.0,0.000000
0.001944500,0.556272,0.0,0.000000
0.001944750,0.556406,0.0,0.000000
0.001945000,0.556540,0.0,0.000000
0.001945250,0.556674,0.0,0.000000
0.001945500,0.556808,0.0,0.000000
0.001945750,0.556942,0.0,0.000000
0.001946000,0.557076,0.0,0.000000
0.001946250,0.557210,0.0,0.000000
0.001946500,0.557344,0.0,0.000000
0.001946750,0.557478,0.0,0.000000
0.001947000,0.557612,0.0,0.000000
0.001947250,0.557746,0.0,0.000000
0.001947500,0.557880,0.0,0.000000
0.001947750,0.558013,0.0,0.000000
0.001948000,0.558147,0.0,0.000000
0.001948250,0.558281,0.0,0.000000
0.001948500,0.558414,0.0,0.000000
0.001948750,0.558548,0.0,0.000000
0.001949000,0.558682,0.0,0.000000
0.001949250,0.558815,0.0,0.000000
0.001949500,0.558949,0.0,0.000000
0.001949750,0.559082,0.0,0.000000
0.001950000,0.559216,0.0,0.000000
0.001950250,0.559349,0.0,0.000000
0.001950500,0.559483,0.0,0.000000
0.001950750,0.559616,0.0,0.000000
0.001951000,0.559750,0.0,0.000000
0.001951250,0.559883,0.0,0.000000
0.001951500,0.560016,0.0,0.000000
0.001951750,0.560150,0.0,0.000000
0.001952000,0.560283,0.0,0.000000
0.001952250,0.560416,0.0,0.000000
0.001952500,0.560550,0.0,0.000000
0.001952750,0.560683,0.0,0.000000
0.001953000,0.560816,0.0,0.000000
0.001953250,0.560949,0.0,0.000000
0.001953500,0.561082,0.0,0.000000
0.001953750,0.561215,0.0,0.000000
0.001954000,0.561348,0.0,0.000000
0.001954250,0.561481,0.0,0.000000
0.001954500,0.561614,0.0,0.000000
0.001954750,0.561747,0.0,0.000000
0.001955000,0.561880,0.0,0.000000
0.001955250,0.562013,0.0,0.000000
0.001955500,0.562146,0.0,0.000000
0.001955750,0.562279,0.0,0.000000
0.001956000,0.562412,0.0,0.000000
0.001956250,0.562545,0.0,0.000000
0.001956500,0.562678,0.0,0.000000
0.001956750,0.562810,0.0,0.000000
0.001957000,0.562943,0.0,0.000000
0.001957250,0.563076,0.0,0.000000
0.001957500,0.563208,0.0,0.000000
0.001957750,0.563341,0.0,0.000000
0.001958000,0.563474,0.0,0.000000
0.001958250,0.563606,0.0,0.000000
0.001958500,0.563739,0.0,0.000000
0.001958750,0.563872,0.0,0.000000
0.001959000,0.564004,0.0,0.000000
0.001959250,0.564137,0.0,0.000000
0.001959500,0.564269,0.0,0.000000
0.001959750,0.564401,0.0,0.000000
0.001960000,0.564534,0.0,0.000000
0.001960250,0.564666,0.0,0.000000
0.001960500,0.564798,0.0,0.000000
0.001960750,0.564931,0.0,0.000000
0.001961000,0.565063,0.0,0.000000
0.001961250,0.565195,0.0,0.000000
0.001961500,0.565328,0.0,0.000000
0.001961750,0.565460,0.0,0.000000
0.001962000,0.565592,0.0,0.000000
0.001962250,0.565724,0.0,0.000000
0.001962500,0.565856,0.0,0.000000
0.001962750,0.565988,0.0,0.000000
0.001963000,0.566121,0.0,0.000000
0.001963250,0.566253,0.0,0.000000
0.001963500,0.566385,0.0,0.000000
0.001963750,0.566517,0.0,0.000000
0.001964000,0.566648,0.0,0.000000
0.001964250,0.566780,0.0,0.000000
0.001964500,0.566912,0.0,0.000000
0.001964750,0.567044,0.0,0.000000
0.001965000,0.567176,0.0,0.000000
0.001965250,0.567308,0.0,0.000000
0.001965500,0.567440,0.0,0.000000
0.001965750,0.567572,0.0,0.000000
0.001966000,0.567703,0.0,0.000000
0.001966250,0.567835,0.0,0.000000
0.001966500,0.567967,0.0,0.000000
0.001966750,0.568098,0.0,0.000000
0.001967000,0.568230,0.0,0.000000
0.001967250,0.568362,0.0,0.000000
0.001967500,0.568493,0.0,0.000000
0.001967750,0.568625,0.0,0.000000
0.001968000,0.568756,0.0,0.000000
0.001968250,0.568888,0.0,0.000000
0.001968500,0.569019,0.0,0.000000
0.001968750,0.569151,0.0,0.000000
0.001969000,0.569282,0.0,0.000000
0.001969250,0.569413,0.0,0.000000
0.001969500,0.569545,0.0,0.000000
0.001969750,0.569676,0.0,0.000000
0.001970000,0.569807,0.0,0.000000
0.001970250,0.569939,0.0,0.000000
0.001970500,0.570070,0.0,0.000000
0.001970750,0.570201,0.0,0.000000
0.001971000,0.570332,0.0,0.000000
0.001971250,0.570464,0.0,0.000000
0.001971500,0.570595,0.0,0.000000
0.001971750,0.570726,0.0,0.000000
0.001972000,0.570857,0.0,0.000000
0.001972250,0.570988,0.0,0.000000
0.001972500,0.571119,0.0,0.000000
0.001972750,0.571250,0.0,0.000000
0.001973000,0.571381,0.0,0.000000
0.001973250,0.571512,0.0,0.000000
0.001973500,0.571643,0.0,0.000000
0.001973750,0.571774,0.0,0.000000
0.001974000,0.571905,0.0,0.000000
0.001974250,0.572035,0.0,0.000000
0.001974500,0.572166,0.0,0.000000
0.001974750,0.572297,0.0,0.000000
0.001975000,0.572428,0.0,0.000000
0.001975250,0.572559,0.0,0.000000
0.001975500,0.572689,0.0,0.000000
0.001975750,0.572820,0.0,0.000000
0.001976000,0.572951,0.0,0.000000
0.001976250,0.573081,0.0,0.000000
0.001976500,0.573212,0.0,0.000000
0.001976750,0.573342,0.0,0.000000
0.001977000,0.573473,0.0,0.000000
0.001977250,0.573604,0.0,0.000000
0.001977500,0.573734,0.0,0.000000
0.001977750,0.573864,0.0,0.000000
0.001978000,0.573995,0.0,0.000000
0.001978250,0.574125,0.0,0.000000
0.001978500,0.574256,0.0,0.000000
0.001978750,0.574386,0.0,0.000000
0.001979000,0.574516,0.0,0.000000
0.001979250,0.574647,0.0,0.000000
0.001979500,0.574777,0.0,0.000000
0.001979750,0.574907,0.0,0.000000
0.001980000,0.575037,0.0,0.000000
0.001980250,0.575168,0.0,0.000000
0.001980500,0.575298,0.0,0.000000
0.001980750,0.575428,0.0,0.000000
0.001981000,0.575558,0.0,0.000000
0.001981250,0.575688,0.0,0.000000
0.001981500,0.575818,0.0,0.000000
0.001981750,0.575948,0.0,0.000000
0.001982000,0.576078,0.0,0.000000
0.001982250,0.576208,0.0,0.000000
0.001982500,0.576338,0.0,0.000000
0.001982750,0.576468,0.0,0.000000
0.001983000,0.576598,0.0,0.000000
0.001983250,0.576728,0.0,0.000000
0.001983500,0.576858,0.0,0.000000
0.001983750,0.576987,0.0,0.000000
0.001984000,0.577117,0.0,0.000000
0.001984250,0.577247,0.0,0.000000
0.001984500,0.577377,0.0,0.000000
0.001984750,0.577506,0.0,0.000000
0.001985000,0.577636,0.0,0.000000
0.001985250,0.577766,0.0,0.000000
0.001985500,0.577895,0.0,0.000000
0.001985750,0.578025,0.0,0.000000
0.001986000,0.578155,0.0,0.000000
0.001986250,0.578284,0.0,0.000000
0.001986500,0.578414,0.0,0.000000
0.001986750,0.578543,0.0,0.000000
0.001987000,0.578673,0.0,0.000000
0.001987250,0.578802,0.0,0.000000
0.001987500,0.578931,0.0,0.000000
0.001987750,0.579061,0.0,0.000000
0.001988000,0.579190,0.0,0.000000
0.001988250,0.579319,0.0,0.000000
0.001988500,0.579449,0.0,0.000000
0.001988750,0.579578,0.0,0.000000
0.001989000,0.579707,0.0,0.000000
0.001989250,0.579836,0.0,0.000000
0.001989500,0.579966,0.0,0.000000
0.001989750,0.580095,0.0,0.000000
0.001990000,0.580224,0.0,0.000000
0.001990250,0.580353,0.0,0.000000
0.001990500,0.580482,0.0,0.000000
0.001990750,0.580611,0.0,0.000000
0.001991000,0.580740,0.0,0.000000
0.001991250,0.580869,0.0,0.000000
0.001991500,0.580998,0.0,0.000000
0.001991750,0.581127,0.0,0.000000
0.001992000,0.581256,0.0,0.000000
0.001992250,0.581385,0.0,0.000000
0.001992500,0.581514,0.0,0.000000
0.001992750,0.581643,0.0,0.000000
0.001993000,0.581772,0.0,0.000000
0.001993250,0.581900,0.0,0.000000
0.001993500,0.582029,0.0,0.000000
0.001993750,0.582158,0.0,0.000000
0.001994000,0.582287,0.0,0.000000
0.001994250,0.582415,0.0,0.000000
0.001994500,0.582544,0.0,0.000000
0.001994750,0.582672,0.0,0.000000
0.001995000,0.582801,0.0,0.000000
0.001995250,0.582930,0.0,0.000000
0.001995500,0.583058,0.0,0.000000
0.001995750,0.583187,0.0,0.000000
0.001996000,0.583315,0.0,0.000000
0.001996250,0.583444,0.0,0.000000
0.001996500,0.583572,0.0,0.000000
0.001996750,0.583701,0.0,0.000000
0.001997000,0.583829,0.0,0.000000
0.001997250,0.583957,0.0,0.000000
0.001997500,0.584086,0.0,0.000000
0.001997750,0.584214,0.0,0.000000
0.001998000,0.584342,0.0,0.000000
0.001998250,0.584471,0.0,0.000000
0.001998500,0.584599,0.0,0.000000
0.001998750,0.584727,0.0,0.000000
0.001999000,0.584855,0.0,0.000000
0.001999250,0.584983,0.0,0.000000
0.001999500,0.585111,0.0,0.000000
0.001999750,0.585239,0.0,0.000000
0.002000000,0.585368,0.0,0.000000
0.002000250,0.585496,0.0,0.000000
0.002000500,0.585624,0.0,0.000000
0.002000750,0.585752,0.0,0.000000
0.002001000,0.585880,0.0,0.000000
0.002001250,0.586007,0.0,0.000000
0.002001500,0.586135,0.0,0.000000
0.002001750,0.586263,0.0,0.000000
0.002002000,0.586391,0.0,0.000000
0.002002250,0.586519,0.0,0.000000
0.002002500,0.586647,0.0,0.000000
0.002002750,0.586774,0.0,0.000000
0.002003000,0.586902,0.0,0.000000
0.002003250,0.587030,0.0,0.000000
0.002003500,0.587158,0.0,0.000000
0.002003750,0.587285,0.0,0.000000
0.002004000,0.587413,0.0,0.000000
0.002004250,0.587541,0.0,0.000000
0.002004500,0.587668,0.0,0.000000
0.002004750,0.587796,0.0,0.000000
0.002005000,0.587923,0.0,0.000000
0.002005250,0.588051,0.0,0.000000
0.002005500,0.588178,0.0,0.000000
0.002005750,0.588306,0.0,0.000000
0.002006000,0.588433,0.0,0.000000
0.002006250,0.588560,0.0,0.000000
0.002006500,0.588688,0.0,0.000000
0.002006750,0.588815,0.0,0.000000
0.002007000,0.588943,0.0,0.000000
0.002007250,0.589070,0.0,0.000000
0.002007500,0.589197,0.0,0.000000
0.002007750,0.589324,0.0,0.000000
0.002008000,0.589452,0.0,0.000000
0.002008250,0.589579,0.0,0.000000
0.002008500,0.589706,0.0,0.000000
0.002008750,0.589833,0.0,0.000000
0.002009000,0.589960,0.0,0.000000
0.002009250,0.590087,0.0,0.000000
0.002009500,0.590214,0.0,0.000000
0.002009750,0.590341,0.0,0.000000
0.002010000,0.590468,0.0,0.000000
0.002010250,0.590595,0.0,0.000000
0.002010500,0.590722,0.0,0.000000
0.002010750,0.590849,0.0,0.000000
0.002011000,0.590976,0.0,0.000000
0.002011250,0.591103,0.0,0.000000
0.002011500,0.591230,0.0,0.000000
0.002011750,0.591357,0.0,0.000000
0.002012000,0.591483,0.0,0.000000
0.002012250,0.591610,0.0,0.000000
0.002012500,0.591737,0.0,0.000000
0.002012750,0.591864,0.0,0.000000
0.002013000,0.591990,0.0,0.000000
0.002013250,0.592117,0.0,0.000000
0.002013500,0.592244,0.0,0.000000
0.002013750,0.592370,0.0,0.000000
0.002014000,0.592497,0.0,0.000000
0.002014250,0.592623,0.0,0.000000
0.002014500,0.592750,0.0,0.000000
0.002014750,0.592876,0.0,0.000000
0.002015000,0.593003,0.0,0.000000
0.002015250,0.593129,0.0,0.000000
0.002015500,0.593256,0.0,0.000000
0.002015750,0.593382,0.0,0.000000
0.002016000,0.593508,0.0,0.000000
0.002016250,0.593635,0.0,0.000000
0.002016500,0.593761,0.0,0.000000
0.002016750,0.593887,0.0,0.000000
0.002017000,0.594014,0.0,0.000000
0.002017250,0.594140,0.0,0.000000
0.002017500,0.594266,0.0,0.000000
0.002017750,0.594392,0.0,0.000000
0.002018000,0.594518,0.0,0.000000
0.002018250,0.594645,0.0,0.000000
0.002018500,0.594771,0.0,0.000000
0.002018750,0.594897,0.0,0.000000
0.002019000,0.595023,0.0,0.000000
0.002019250,0.595149,0.0,0.000000
0.002019500,0.595275,0.0,0.000000
0.002019750,0.595401,0.0,0.000000
0.002020000,0.595527,0.0,0.000000
0.002020250,0.595653,0.0,0.000000
0.002020500,0.595779,0.0,0.000000
0.002020750,0.595905,0.0,0.000000
0.002021000,0.596030,0.0,0.000000
0.002021250,0.596156,0.0,0.000000
0.002021500,0.596282,0.0,0.000000
0.002021750,0.596408,0.0,0.000000
0.002022000,0.596533,0.0,0.000000
0.002022250,0.596659,0.0,0.000000
0.002022500,0.596785,0.0,0.000000
0.002022750,0.596911,0.0,0.000000
0.002023000,0.597036,0.0,0.000000
0.002023250,0.597162,0.0,0.000000
0.002023500,0.597287,0.0,0.000000
0.002023750,0.597413,0.0,0.000000
0.002024000,0.597538,0.0,0.000000
0.002024250,0.597664,0.0,0.000000
0.002024500,0.597789,0.0,0.000000
0.002024750,0.597915,0.0,0.000000
0.002025000,0.598040,0.0,0.000000
0.002025250,0.598166,0.0,0.000000
0.002025500,0.598291,0.0,0.000000
0.002025750,0.598416,0.0,0.000000
0.002026000,0.598542,0.0,0.000000
0.002026250,0.598667,0.0,0.000000
0.002026500,0.598792,0.0,0.000000
0.002026750,0.598918,0.0,0.000000
0.002027000,0.599043,0.0,0.000000
0.002027250,0.599168,0.0,0.000000
0.002027500,0.599293,0.0,0.000000
0.002027750,0.599418,0.0,0.000000
0.002028000,0.599543,0.0,0.000000
0.002028250,0.599668,0.0,0.000000
0.002028500,0.599793,0.0,0.000000
0.002028750,0.599919,0.0,0.000000
0.002029000,0.600044,0.0,0.000000
0.002029250,0.600169,0.0,0.000000
0.002029500,0.600293,0.0,0.000000
0.002029750,0.600418,0.0,0.000000
0.002030000,0.600543,0.0,0.000000
0.002030250,0.600668,0.0,0.000000
0.002030500,0.600793,0.0,0.000000
0.002030750,0.600918,0.0,0.000000
0.002031000,0.601043,0.0,0.000000
0.002031250,0.601167,0.0,0.000000
0.002031500,0.601292,0.0,0.000000
0.002031750,0.601417,0.0,0.000000
0.002032000,0.601542,0.0,0.000000
0.002032250,0.601666,0.0,0.000000
0.002032500,0.601791,0.0,0.000000
0.002032750,0.601916,0.0,0.000000
0.002033000,0.602040,0.0,0.000000
0.002033250,0.602165,0.0,0.000000
0.002033500,0.602289,0.0,0.000000
0.002033750,0.602414,0.0,0.000000
0.002034000,0.602538,0.0,0.000000
0.002034250,0.602663,0.0,0.000000
0.002034500,0.602787,0.0,0.000000
0.002034750,0.602912,0.0,0.000000
0.002035000,0.603036,0.0,0.000000
0.002035250,0.603160,0.0,0.000000
0.002035500,0.603285,0.0,0.000000
0.002035750,0.603409,0.0,0.000000
0.002036000,0.603533,0.0,0.000000
0.002036250,0.603657,0.0,0.000000
0.002036500,0.603782,0.0,0.000000
0.002036750,0.603906,0.0,0.000000
0.002037000,0.604030,0.0,0.000000
0.002037250,0.604154,0.0,0.000000
0.002037500,0.604278,0.0,0.000000
0.002037750,0.604402,0.0,0.000000
0.002038000,0.604527,0.0,0.000000
0.002038250,0.604651,0.0,0.000000
0.002038500,0.604775,0.0,0.000000
0.002038750,0.604899,0.0,0.000000
0.002039000,0.605023,0.0,0.000000
0.002039250,0.605146,0.0,0.000000
0.002039500,0.605270,0.0,0.000000
0.002039750,0.605394,0.0,0.000000
0.002040000,0.605518,0.0,0.000000
0.002040250,0.605642,0.0,0.000000
0.002040500,0.605766,0.0,0.000000
0.002040750,0.605890,0.0,0.000000
0.002041000,0.606013,0.0,0.000000
0.002041250,0.606137,0.0,0.000000
0.002041500,0.606261,0.0,0.000000
0.002041750,0.606385,0.0,0.000000
0.002042000,0.606508,0.0,0.000000
0.002042250,0.606632,0.0,0.000000
0.002042500,0.606755,0.0,0.000000
0.002042750,0.606879,0.0,0.000000
0.002043000,0.607003,0.0,0.000000
0.002043250,0.607126,0.0,0.000000
0.002043500,0.607250,0.0,0.000000
0.002043750,0.607373,0.0,0.000000
0.002044000,0.607497,0.0,0.000000
0.002044250,0.607620,0.0,0.000000
0.002044500,0.607743,0.0,0.000000
0.002044750,0.607867,0.0,0.000000
0.002045000,0.607990,0.0,0.000000
0.002045250,0.608113,0.0,0.000000
0.002045500,0.608237,0.0,0.000000
0.002045750,0.608360,0.0,0.000000
0.002046000,0.608483,0.0,0.000000
0.002046250,0.608607,0.0,0.000000
0.002046500,0.608730,0.0,0.000000
0.002046750,0.608853,0.0,0.000000
0.002047000,0.608976,0.0,0.000000
0.002047250,0.609099,0.0,0.000000
0.002047500,0.609222,0.0,0.000000
0.002047750,0.609345,0.0,0.000000
0.002048000,0.609468,0.0,0.000000
0.002048250,0.609591,0.0,0.000000
0.002048500,0.609714,0.0,0.000000
0.002048750,0.609837,0.0,0.000000
0.002049000,0.609960,0.0,0.000000
0.002049250,0.610083,0.0,0.000000
0.002049500,0.610206,0.0,0.000000
0.002049750,0.610329,0.0,0.000000
0.002050000,0.610452,0.0,0.000000
0.002050250,0.610575,0.0,0.000000
0.002050500,0.610697,0.0,0.000000
0.002050750,0.610820,0.0,0.000000
0.002051000,0.610943,0.0,0.000000
0.002051250,0.611066,0.0,0.000000
0.002051500,0.611188,0.0,0.000000
0.002051750,0.611311,0.0,0.000000
0.002052000,0.611434,0.0,0.000000
0.002052250,0.611556,0.0,0.000000
0.002052500,0.611679,0.0,0.000000
0.002052750,0.611801,0.0,0.000000
0.002053000,0.611924,0.0,0.000000
0.002053250,0.612046,0.0,0.000000
0.002053500,0.612169,0.0,0.000000
0.002053750,0.612291,0.0,0.000000
0.002054000,0.612414,0.0,0.000000
0.002054250,0.612536,0.0,0.000000
0.002054500,0.612658,0.0,0.000000
0.002054750,0.612781,0.0,0.000000
0.002055000,0.612903,0.0,0.000000
0.002055250,0.613025,0.0,0.000000
0.002055500,0.613148,0.0,0.000000
0.002055750,0.613270,0.0,0.000000
0.002056000,0.613392,0.0,0.000000
0.002056250,0.613514,0.0,0.000000
0.002056500,0.613637,0.0,0.000000
0.002056750,0.613759,0.0,0.000000
0.002057000,0.613881,0.0,0.000000
0.002057250,0.614003,0.0,0.000000
0.002057500,0.614125,0.0,0.000000
0.002057750,0.614247,0.0,0.000000
0.002058000,0.614369,0.0,0.000000
0.002058250,0.614491,0.0,0.000000
0.002058500,0.614613,0.0,0.000000
0.002058750,0.614735,0.0,0.000000
0.002059000,0.614857,0.0,0.000000
0.002059250,0.614979,0.0,0.000000
0.002059500,0.615101,0.0,0.000000
0.002059750,0.615223,0.0,0.000000
0.002060000,0.615344,0.0,0.000000
0.002060250,0.615466,0.0,0.000000
0.002060500,0.615588,0.0,0.000000
0.002060750,0.615710,0.0,0.000000
0.002061000,0.615831,0.0,0.000000
0.002061250,0.615953,0.0,0.000000
0.002061500,0.616075,0.0,0.000000
0.002061750,0.616196,0.0,0.000000
0.002062000,0.616318,0.0,0.000000
0.002062250,0.616440,0.0,0.000000
0.002062500,0.616561,0.0,0.000000
0.002062750,0.616683,0.0,0.000000
0.002063000,0.616804,0.0,0.000000
0.002063250,0.616926,0.0,0.000000
0.002063500,0.617047,0.0,0.000000
0.002063750,0.617169,0.0,0.000000
0.002064000,0.617290,0.0,0.000000
0.002064250,0.617411,0.0,0.000000
0.002064500,0.617533,0.0,0.000000
0.002064750,0.617654,0.0,0.000000
0.002065000,0.617775,0.0,0.000000
0.002065250,0.617897,0.0,0.000000
0.002065500,0.618018,0.0,0.000000
0.002065750,0.618139,0.0,0.000000
0.002066000,0.618260,0.0,0.000000
0.002066250,0.618382,0.0,0.000000
0.002066500,0.618503,0.0,0.000000
0.002066750,0.618624,0.0,0.000000
0.002067000,0.618745,0.0,0.000000
0.002067250,0.618866,0.0,0.000000
0.002067500,0.618987,0.0,0.000000
0.002067750,0.619108,0.0,0.000000
0.002068000,0.619229,0.0,0.000000
0.002068250,0.619350,0.0,0.000000
0.002068500,0.619471,0.0,0.000000
0.002068750,0.619592,0.0,0.000000
0.002069000,0.619713,0.0,0.000000
0.002069250,0.619834,0.0,0.000000
0.002069500,0.619955,0.0,0.000000
0.002069750,0.620076,0.0,0.000000
0.002070000,0.620196,0.0,0.000000
0.002070250,0.620317,0.0,0.000000
0.002070500,0.620438,0.0,0.000000
0.002070750,0.620559,0.0,0.000000
0.002071000,0.620679,0.0,0.000000
0.002071250,0.620800,0.0,0.000000
0.002071500,0.620921,0.0,0.000000
0.002071750,0.621041,0.0,0.000000
0.002072000,0.621162,0.0,0.000000
0.002072250,0.621283,0.0,0.000000
0.002072500,0.621403,0.0,0.000000
0.002072750,0.621524,0.0,0.000000
0.002073000,0.621644,0.0,0.000000
0.002073250,0.621765,0.0,0.000000
0.002073500,0.621885,0.0,0.000000
0.002073750,0.622006,0.0,0.000000
0.002074000,0.622126,0.0,0.000000
0.002074250,0.622246,0.0,0.000000
0.002074500,0.622367,0.0,0.000000
0.002074750,0.622487,0.0,0.000000
0.002075000,0.622607,0.0,0.000000
0.002075250,0.622728,0.0,0.000000
0.002075500,0.622848,0.0,0.000000
0.002075750,0.622968,0.0,0.000000
0.002076000,0.623088,0.0,0.000000
0.002076250,0.623208,0.0,0.000000
0.002076500,0.623329,0.0,0.000000
0.002076750,0.623449,0.0,0.000000
0.002077000,0.623569,0.0,0.000000
0.002077250,0.623689,0.0,0.000000
0.002077500,0.623809,0.0,0.000000
0.002077750,0.623929,0.0,0.000000
0.002078000,0.624049,0.0,0.000000
0.002078250,0.624169,0.0,0.000000
0.002078500,0.624289,0.0,0.000000
0.002078750,0.624409,0.0,0.000000
0.002079000,0.624529,0.0,0.000000
0.002079250,0.624649,0.0,0.000000
0.002079500,0.624769,0.0,0.000000
0.002079750,0.624888,0.0,0.000000
0.002080000,0.625008,0.0,0.000000
0.002080250,0.625128,0.0,0.000000
0.002080500,0.625248,0.0,0.000000
0.002080750,0.625367,0.0,0.000000
0.002081000,0.625487,0.0,0.000000
0.002081250,0.625607,0.0,0.000000
0.002081500,0.625727,0.0,0.000000
0.002081750,0.625846,0.0,0.000000
0.002082000,0.625966,0.0,0.000000
0.002082250,0.626085,0.0,0.000000
0.002082500,0.626205,0.0,0.000000
0.002082750,0.626324,0.0,0.000000
0.002083000,0.626444,0.0,0.000000
0.002083250,0.626563,0.0,0.000000
0.002083500,0.626683,0.0,0.000000
0.002083750,0.626802,0.0,0.000000
0.002084000,0.626922,0.0,0.000000
0.002084250,0.627041,0.0,0.000000
0.002084500,0.627160,0.0,0.000000
0.002084750,0.627280,0.0,0.000000
0.002085000,0.627399,0.0,0.000000
0.002085250,0.627518,0.0,0.000000
0.002085500,0.627638,0.0,0.000000
0.002085750,0.627757,0.0,0.000000
0.002086000,0.627876,0.0,0.000000
0.002086250,0.627995,0.0,0.000000
0.002086500,0.628114,0.0,0.000000
0.002086750,0.628234,0.0,0.000000
0.002087000,0.628353,0.0,0.000000
0.002087250,0.628472,0.0,0.000000
0.002087500,0.628591,0.0,0.000000
0.002087750,0.628710,0.0,0.000000
0.002088000,0.628829,0.0,0.000000
0.002088250,0.628948,0.0,0.000000
0.002088500,0.629067,0.0,0.000000
0.002088750,0.629186,0.0,0.000000
0.002089000,0.629305,0.0,0.000000
0.002089250,0.629423,0.0,0.000000
0.002089500,0.629542,0.0,0.000000
0.002089750,0.629661,0.0,0.000000
0.002090000,0.629780,0.0,0.000000
0.002090250,0.629899,0.0,0.000000
0.002090500,0.630018,0.0,0.000000
0.002090750,0.630136,0.0,0.000000
0.002091000,0.630255,0.0,0.000000
0.002091250,0.630374,0.0,0.000000
0.002091500,0.630492,0.0,0.000000
0.002091750,0.630611,0.0,0.000000
0.002092000,0.630730,0.0,0.000000
0.002092250,0.630848,0.0,0.000000
0.002092500,0.630967,0.0,0.000000
0.002092750,0.631085,0.0,0.000000
0.002093000,0.631204,0.0,0.000000
0.002093250,0.631322,0.0,0.000000
0.002093500,0.631441,0.0,0.000000
0.002093750,0.631559,0.0,0.000000
0.002094000,0.631678,0.0,0.000000
0.002094250,0.631796,0.0,0.000000
0.002094500,0.631914,0.0,0.000000
0.002094750,0.632033,0.0,0.000000
0.002095000,0.632151,0.0,0.000000
0.002095250,0.632269,0.0,0.000000
0.002095500,0.632388,0.0,0.000000
0.002095750,0.632506,0.0,0.000000
0.002096000,0.632624,0.0,0.000000
0.002096250,0.632742,0.0,0.000000
0.002096500,0.632860,0.0,0.000000
0.002096750,0.632979,0.0,0.000000
0.002097000,0.633097,0.0,0.000000
0.002097250,0.633215,0.0,0.000000
0.002097500,0.633333,0.0,0.000000
0.002097750,0.633451,0.0,0.000000
0.002098000,0.633569,0.0,0.000000
0.002098250,0.633687,0.0,0.000000
0.002098500,0.633805,0.0,0.000000
0.002098750,0.633923,0.0,0.000000
0.002099000,0.634041,0.0,0.000000
0.002099250,0.634159,0.0,0.000000
0.002099500,0.634277,0.0,0.000000
0.002099750,0.634394,0.0,0.000000
0.002100000,0.634512,0.0,0.000000
0.002100250,0.634630,0.0,0.000000
0.002100500,0.634748,0.0,0.000000
0.002100750,0.634866,0.0,0.000000
0.002101000,0.634983,0.0,0.000000
0.002101250,0.635101,0.0,0.000000
0.002101500,0.635219,0.0,0.000000
0.002101750,0.635336,0.0,0.000000
0.002102000,0.635454,0.0,0.000000
0.002102250,0.635572,0.0,0.000000
0.002102500,0.635689,0.0,0.000000
0.002102750,0.635807,0.0,0.000000
0.002103000,0.635924,0.0,0.000000
0.002103250,0.636042,0.0,0.000000
0.002103500,0.636159,0.0,0.000000
0.002103750,0.636277,0.0,0.000000
0.002104000,0.636394,0.0,0.000000
0.002104250,0.636512,0.0,0.000000
0.002104500,0.636629,0.0,0.000000
0.002104750,0.636746,0.0,0.000000
0.002105000,0.636864,0.0,0.000000
0.002105250,0.636981,0.0,0.000000
0.002105500,0.637098,0.0,0.000000
0.002105750,0.637215,0.0,0.000000
0.002106000,0.637333,0.0,0.000000
0.002106250,0.637450,0.0,0.000000
0.002106500,0.637567,0.0,0.000000
0.002106750,0.637684,0.0,0.000000
0.002107000,0.637801,0.0,0.000000
0.002107250,0.637919,0.0,0.000000
0.002107500,0.638036,0.0,0.000000
0.002107750,0.638153,0.0,0.000000
0.002108000,0.638270,0.0,0.000000
0.002108250,0.638387,0.0,0.000000
0.002108500,0.638504,0.0,0.000000
0.002108750,0.638621,0.0,0.000000
0.002109000,0.638738,0.0,0.000000
0.002109250,0.638855,0.0,0.000000
0.002109500,0.638972,0.0,0.000000
0.002109750,0.639088,0.0,0.000000
0.002110000,0.639205,0.0,0.000000
0.002110250,0.639322,0.0,0.000000
0.002110500,0.639439,0.0,0.000000
0.002110750,0.639556,0.0,0.000000
0.002111000,0.639672,0.0,0.000000
0.002111250,0.639789,0.0,0.000000
0.002111500,0.639906,0.0,0.000000
0.002111750,0.640023,0.0,0.000000
0.002112000,0.640139,0.0,0.000000
0.002112250,0.640256,0.0,0.000000
0.002112500,0.640372,0.0,0.000000
0.002112750,0.640489,0.0,0.000000
0.002113000,0.640606,0.0,0.000000
0.002113250,0.640722,0.0,0.000000
0.002113500,0.640839,0.0,0.000000
0.002113750,0.640955,0.0,0.000000
0.002114000,0.641071,0.0,0.000000
0.002114250,0.641188,0.0,0.000000
0.002114500,0.641304,0.0,0.000000
0.002114750,0.641421,0.0,0.000000
0.002115000,0.641537,0.0,0.000000
0.002115250,0.641653,0.0,0.000000
0.002115500,0.641770,0.0,0.000000
0.002115750,0.641886,0.0,0.000000
0.002116000,0.642002,0.0,0.000000
0.002116250,0.642119,0.0,0.000000
0.002116500,0.642235,0.0,0.000000
0.002116750,0.642351,0.0,0.000000
0.002117000,0.642467,0.0,0.000000
0.002117250,0.642583,0.0,0.000000
0.002117500,0.642699,0.0,0.000000
0.002117750,0.642815,0.0,0.000000
0.002118000,0.642932,0.0,0.000000
0.002118250,0.643048,0.0,0.000000
0.002118500,0.643164,0.0,0.000000
0.002118750,0.643280,0.0,0.000000
0.002119000,0.643396,0.0,0.000000
0.002119250,0.643512,0.0,0.000000
0.002119500,0.643627,0.0,0.000000
0.002119750,0.643743,0.0,0.000000
0.002120000,0.643859,0.0,0.000000
0.002120250,0.643975,0.0,0.000000
0.002120500,0.644091,0.0,0.000000
0.002120750,0.644207,0.0,0.000000
0.002121000,0.644323,0.0,0.000000
0.002121250,0.644438,0.0,0.000000
0.002121500,0.644554,0.0,0.000000
0.002121750,0.644670,0.0,0.000000
0.002122000,0.644785,0.0,0.000000
0.002122250,0.644901,0.0,0.000000
0.002122500,0.645017,0.0,0.000000
0.002122750,0.645132,0.0,0.000000
0.002123000,0.645248,0.0,0.000000
0.002123250,0.645363,0.0,0.000000
0.002123500,0.645479,0.0,0.000000
0.002123750,0.645594,0.0,0.000000
0.002124000,0.645710,0.0,0.000000
0.002124250,0.645825,0.0,0.000000
0.002124500,0.645941,0.0,0.000000
0.002124750,0.646056,0.0,0.000000
0.002125000,0.646172,0.0,0.000000
0.002125250,0.646287,0.0,0.000000
0.002125500,0.646402,0.0,0.000000
0.002125750,0.646518,0.0,0.000000
0.002126000,0.646633,0.0,0.000000
0.002126250,0.646748,0.0,0.000000
0.002126500,0.646864,0.0,0.000000
0.002126750,0.646979,0.0,0.000000
0.002127000,0.647094,0.0,0.000000
0.002127250,0.647209,0.0,0.000000
0.002127500,0.647324,0.0,0.000000
0.002127750,0.647439,0.0,0.000000
0.002128000,0.647555,0.0,0.000000
0.002128250,0.647670,0.0,0.000000
0.002128500,0.647785,0.0,0.000000
0.002128750,0.647900,0.0,0.000000
0.002129000,0.648015,0.0,0.000000
0.002129250,0.648130,0.0,0.000000
0.002129500,0.648245,0.0,0.000000
0.002129750,0.648360,0.0,0.000000
0.002130000,0.648475,0.0,0.000000
0.002130250,0.648589,0.0,0.000000
0.002130500,0.648704,0.0,0.000000
0.002130750,0.648819,0.0,0.000000
0.002131000,0.648934,0.0,0.000000
0.002131250,0.649049,0.0,0.000000
0.002131500,0.649164,0.0,0.000000
0.002131750,0.649278,0.0,0.000000
0.002132000,0.649393,0.0,0.000000
0.002132250,0.649508,0.0,0.000000
0.002132500,0.649622,0.0,0.000000
0.002132750,0.649737,0.0,0.000000
0.002133000,0.649852,0.0,0.000000
0.002133250,0.649966,0.0,0.000000
0.002133500,0.650081,0.0,0.000000
0.002133750,0.650195,0.0,0.000000
0.002134000,0.650310,0.0,0.000000
0.002134250,0.650425,0.0,0.000000
0.002134500,0.650539,0.0,0.000000
0.002134750,0.650653,0.0,0.000000
0.002135000,0.650768,0.0,0.000000
0.002135250,0.650882,0.0,0.000000
0.002135500,0.650997,0.0,0.000000
0.002135750,0.651111,0.0,0.000000
0.002136000,0.651225,0.0,0.000000
0.002136250,0.651340,0.0,0.000000
0.002136500,0.651454,0.0,0.000000
0.002136750,0.651568,0.0,0.000000
0.002137000,0.651683,0.0,0.000000
0.002137250,0.651797,0.0,0.000000
0.002137500,0.651911,0.0,0.000000
0.002137750,0.652025,0.0,0.000000
0.002138000,0.652139,0.0,0.000000
0.002138250,0.652254,0.0,0.000000
0.002138500,0.652368,0.0,0.000000
0.002138750,0.652482,0.0,0.000000
0.002139000,0.652596,0.0,0.000000
0.002139250,0.652710,0.0,0.000000
0.002139500,0.652824,0.0,0.000000
0.002139750,0.652938,0.0,0.000000
0.002140000,0.653052,0.0,0.000000
0.002140250,0.653166,0.0,0.000000
0.002140500,0.653280,0.0,0.000000
0.002140750,0.653394,0.0,0.000000
0.002141000,0.653507,0.0,0.000000
0.002141250,0.653621,0.0,0.000000
0.002141500,0.653735,0.0,0.000000
0.002141750,0.653849,0.0,0.000000
0.002142000,0.653963,0.0,0.000000
0.002142250,0.654076,0.0,0.000000
0.002142500,0.654190,0.0,0.000000
0.002142750,0.654304,0.0,0.000000
0.002143000,0.654417,0.0,0.000000
0.002143250,0.654531,0.0,0.000000
0.002143500,0.654645,0.0,0.000000
0.002143750,0.654758,0.0,0.000000
0.002144000,0.654872,0.0,0.000000
0.002144250,0.654985,0.0,0.000000
0.002144500,0.655099,0.0,0.000000
0.002144750,0.655213,0.0,0.000000
0.002145000,0.655326,0.0,0.000000
0.002145250,0.655439,0.0,0.000000
0.002145500,0.655553,0.0,0.000000
0.002145750,0.655666,0.0,0.000000
0.002146000,0.655780,0.0,0.000000
0.002146250,0.655893,0.0,0.000000
0.002146500,0.656006,0.0,0.000000
0.002146750,0.656120,0.0,0.000000
0.002147000,0.656233,0.0,0.000000
0.002147250,0.656346,0.0,0.000000
0.002147500,0.656460,0.0,0.000000
0.002147750,0.656573,0.0,0.000000
0.002148000,0.656686,0.0,0.000000
0.002148250,0.656799,0.0,0.000000
0.002148500,0.656912,0.0,0.000000
0.002148750,0.657025,0.0,0.000000
0.002149000,0.657139,0.0,0.000000
0.002149250,0.657252,0.0,0.000000
0.002149500,0.657365,0.0,0.000000
0.002149750,0.657478,0.0,0.000000
0.002150000,0.657591,0.0,0.000000
0.002150250,0.657704,0.0,0.000000
0.002150500,0.657817,0.0,0.000000
0.002150750,0.657930,0.0,0.000000
0.002151000,0.658043,0.0,0.000000
0.002151250,0.658156,0.0,0.000000
0.002151500,0.658268,0.0,0.000000
0.002151750,0.658381,0.0,0.000000
0.002152000,0.658494,0.0,0.000000
0.002152250,0.658607,0.0,0.000000
0.002152500,0.658720,0.0,0.000000
0.002152750,0.658832,0.0,0.000000
0.002153000,0.658945,0.0,0.000000
0.002153250,0.659058,0.0,0.000000
0.002153500,0.659171,0.0,0.000000
0.002153750,0.659283,0.0,0.000000
0.002154000,0.659396,0.0,0.000000
0.002154250,0.659509,0.0,0.000000
0.002154500,0.659621,0.0,0.000000
0.002154750,0.659734,0.0,0.000000
0.002155000,0.659846,0.0,0.000000
0.002155250,0.659959,0.0,0.000000
0.002155500,0.660071,0.0,0.000000
0.002155750,0.660184,0.0,0.000000
0.002156000,0.660296,0.0,0.000000
0.002156250,0.660409,0.0,0.000000
0.002156500,0.660521,0.0,0.000000
0.002156750,0.660633,0.0,0.000000
0.002157000,0.660746,0.0,0.000000
0.002157250,0.660858,0.0,0.000000
0.002157500,0.660970,0.0,0.000000
0.002157750,0.661083,0.0,0.000000
0.002158000,0.661195,0.0,0.000000
0.002158250,0.661307,0.0,0.000000
0.002158500,0.661419,0.0,0.000000
0.002158750,0.661532,0.0,0.000000
0.002159000,0.661644,0.0,0.000000
0.002159250,0.661756,0.0,0.000000
0.002159500,0.661868,0.0,0.000000
0.002159750,0.661980,0.0,0.000000
0.002160000,0.662092,0.0,0.000000
0.002160250,0.662204,0.0,0.000000
0.002160500,0.662316,0.0,0.000000
0.002160750,0.662428,0.0,0.000000
0.002161000,0.662540,0.0,0.000000
0.002161250,0.662652,0.0,0.000000
0.002161500,0.662764,0.0,0.000000
0.002161750,0.662876,0.0,0.000000
0.002162000,0.662988,0.0,0.000000
0.002162250,0.663100,0.0,0.000000
0.002162500,0.663212,0.0,0.000000
0.002162750,0.663324,0.0,0.000000
0.002163000,0.663435,0.0,0.000000
0.002163250,0.663547,0.0,0.000000
0.002163500,0.663659,0.0,0.000000
0.002163750,0.663771,0.0,0.000000
0.002164000,0.663882,0.0,0.000000
0.002164250,0.663994,0.0,0.000000
0.002164500,0.664106,0.0,0.000000
0.002164750,0.664217,0.0,0.000000
0.002165000,0.664329,0.0,0.000000
0.002165250,0.664441,0.0,0.000000
0.002165500,0.664552,0.0,0.000000
0.002165750,0.664664,0.0,0.000000
0.002166000,0.664775,0.0,0.000000
0.002166250,0.664887,0.0,0.000000
0.002166500,0.664998,0.0,0.000000
0.002166750,0.665110,0.0,0.000000
0.002167000,0.665221,0.0,0.000000
0.002167250,0.665332,0.0,0.000000
0.002167500,0.665444,0.0,0.000000
0.002167750,0.665555,0.0,0.000000
0.002168000,0.665667,0.0,0.000000
0.002168250,0.665778,0.0,0.000000
0.002168500,0.665889,0.0,0.000000
0.002168750,0.666000,0.0,0.000000
0.002169000,0.666112,0.0,0.000000
0.002169250,0.666223,0.0,0.000000
0.002169500,0.666334,0.0,0.000000
0.002169750,0.666445,0.0,0.000000
0.002170000,0.666556,0.0,0.000000
0.002170250,0.666667,0.0,0.000000
0.002170500,0.666779,0.0,0.000000
0.002170750,0.666890,0.0,0.000000
0.002171000,0.667001,0.0,0.000000
0.002171250,0.667112,0.0,0.000000
0.002171500,0.667223,0.0,0.000000
0.002171750,0.667334,0.0,0.000000
0.002172000,0.667445,0.0,0.000000
0.002172250,0.667556,0.0,0.000000
0.002172500,0.667667,0.0,0.000000
0.002172750,0.667777,0.0,0.000000
0.002173000,0.667888,0.0,0.000000
0.002173250,0.667999,0.0,0.000000
0.002173500,0.668110,0.0,0.000000
0.002173750,0.668221,0.0,0.000000
0.002174000,0.668332,0.0,0.000000
0.002174250,0.668442,0.0,0.000000
0.002174500,0.668553,0.0,0.000000
0.002174750,0.668664,0.0,0.000000
0.002175000,0.668774,0.0,0.000000
0.002175250,0.668885,0.0,0.000000
0.002175500,0.668996,0.0,0.000000
0.002175750,0.669106,0.0,0.000000
0.002176000,0.669217,0.0,0.000000
0.002176250,0.669328,0.0,0.000000
0.002176500,0.669438,0.0,0.000000
0.002176750,0.669549,0.0,0.000000
0.002177000,0.669659,0.0,0.000000
0.002177250,0.669770,0.0,0.000000
0.002177500,0.669880,0.0,0.000000
0.002177750,0.669991,0.0,0.000000
0.002178000,0.670101,0.0,0.000000
0.002178250,0.670211,0.0,0.000000
0.002178500,0.670322,0.0,0.000000
0.002178750,0.670432,0.0,0.000000
0.002179000,0.670542,0.0,0.000000
0.002179250,0.670653,0.0,0.000000
0.002179500,0.670763,0.0,0.000000
0.002179750,0.670873,0.0,0.000000
0.002180000,0.670983,0.0,0.000000
0.002180250,0.671094,0.0,0.000000
0.002180500,0.671204,0.0,0.000000
0.002180750,0.671314,0.0,0.000000
0.002181000,0.671424,0.0,0.000000
0.002181250,0.671534,0.0,0.000000
0.002181500,0.671644,0.0,0.000000
0.002181750,0.671754,0.0,0.000000
0.002182000,0.671864,0.0,0.000000
0.002182250,0.671974,0.0,0.000000
0.002182500,0.672084,0.0,0.000000
0.002182750,0.672194,0.0,0.000000
0.002183000,0.672304,0.0,0.000000
0.002183250,0.672414,0.0,0.000000
0.002183500,0.672524,0.0,0.000000
0.002183750,0.672634,0.0,0.000000
0.002184000,0.672744,0.0,0.000000
0.002184250,0.672854,0.0,0.000000
0.002184500,0.672964,0.0,0.000000
0.002184750,0.673073,0.0,0.000000
0.002185000,0.673183,0.0,0.000000
0.002185250,0.673293,0.0,0.000000
0.002185500,0.673403,0.0,0.000000
0.002185750,0.673512,0.0,0.000000
0.002186000,0.673622,0.0,0.000000
0.002186250,0.673732,0.0,0.000000
0.002186500,0.673841,0.0,0.000000
0.002186750,0.673951,0.0,0.000000
0.002187000,0.674060,0.0,0.000000
0.002187250,0.674170,0.0,0.000000
0.002187500,0.674280,0.0,0.000000
0.002187750,0.674389,0.0,0.000000
0.002188000,0.674499,0.0,0.000000
0.002188250,0.674608,0.0,0.000000
0.002188500,0.674717,0.0,0.000000
0.002188750,0.674827,0.0,0.000000
0.002189000,0.674936,0.0,0.000000
0.002189250,0.675046,0.0,0.000000
0.002189500,0.675155,0.0,0.000000
0.002189750,0.675264,0.0,0.000000
0.002190000,0.675374,0.0,0.000000
0.002190250,0.675483,0.0,0.000000
0.002190500,0.675592,0.0,0.000000
0.002190750,0.675701,0.0,0.000000
0.002191000,0.675811,0.0,0.000000
0.002191250,0.675920,0.0,0.000000
0.002191500,0.676029,0.0,0.000000
0.002191750,0.676138,0.0,0.000000
0.002192000,0.676247,0.0,0.000000
0.002192250,0.676356,0.0,0.000000
0.002192500,0.676466,0.0,0.000000
0.002192750,0.676575,0.0,0.000000
0.002193000,0.676684,0.0,0.000000
0.002193250,0.676793,0.0,0.000000
0.002193500,0.676902,0.0,0.000000
0.002193750,0.677011,0.0,0.000000
0.002194000,0.677120,0.0,0.000000
0.002194250,0.677229,0.0,0.000000
0.002194500,0.677337,0.0,0.000000
0.002194750,0.677446,0.0,0.000000
0.002195000,0.677555,0.0,0.000000
0.002195250,0.677664,0.0,0.000000
0.002195500,0.677773,0.0,0.000000
0.002195750,0.677882,0.0,0.000000
0.002196000,0.677990,0.0,0.000000
0.002196250,0.678099,0.0,0.000000
0.002196500,0.678208,0.0,0.000000
0.002196750,0.678317,0.0,0.000000
0.002197000,0.678425,0.0,0.000000
0.002197250,0.678534,0.0,0.000000
0.002197500,0.678643,0.0,0.000000
0.002197750,0.678751,0.0,0.000000
0.002198000,0.678860,0.0,0.000000
0.002198250,0.678968,0.0,0.000000
0.002198500,0.679077,0.0,0.000000
0.002198750,0.679185,0.0,0.000000
0.002199000,0.679294,0.0,0.000000
0.002199250,0.679402,0.0,0.000000
0.002199500,0.679511,0.0,0.000000
0.002199750,0.679619,0.0,0.000000
0.002200000,0.679728,0.0,0.000000
0.002200250,0.679836,0.0,0.000000
0.002200500,0.679944,0.0,0.000000
0.002200750,0.680053,0.0,0.000000
0.002201000,0.680161,0.0,0.000000
0.002201250,0.680269,0.0,0.000000
0.002201500,0.680377,0.0,0.000000
0.002201750,0.680486,0.0,0.000000
0.002202000,0.680594,0.0,0.000000
0.002202250,0.680702,0.0,0.000000
0.002202500,0.680810,0.0,0.000000
0.002202750,0.680919,0.0,0.000000
0.002203000,0.681027,0.0,0.000000
0.002203250,0.681135,0.0,0.000000
0.002203500,0.681243,0.0,0.000000
0.002203750,0.681351,0.0,0.000000
0.002204000,0.681459,0.0,0.000000
0.002204250,0.681567,0.0,0.000000
0.002204500,0.681675,0.0,0.000000
0.002204750,0.681783,0.0,0.000000
0.002205000,0.681891,0.0,0.000000
0.002205250,0.681999,0.0,0.000000
0.002205500,0.682107,0.0,0.000000
0.002205750,0.682215,0.0,0.000000
0.002206000,0.682323,0.0,0.000000
0.002206250,0.682430,0.0,0.000000
0.002206500,0.682538,0.0,0.000000
0.002206750,0.682646,0.0,0.000000
0.002207000,0.682754,0.0,0.000000
0.002207250,0.682862,0.0,0.000000
0.002207500,0.682969,0.0,0.000000
0.002207750,0.683077,0.0,0.000000
0.002208000,0.683185,0.0,0.000000
0.002208250,0.683292,0.0,0.000000
0.002208500,0.683400,0.0,0.000000
0.002208750,0.683508,0.0,0.000000
0.002209000,0.683615,0.0,0.000000
0.002209250,0.683723,0.0,0.000000
0.002209500,0.683830,0.0,0.000000
0.002209750,0.683938,0.0,0.000000
0.002210000,0.684045,0.0,0.000000
0.002210250,0.684153,0.0,0.000000
0.002210500,0.684260,0.0,0.000000
0.002210750,0.684368,0.0,0.000000
0.002211000,0.684475,0.0,0.000000
0.002211250,0.684583,0.0,0.000000
0.002211500,0.684690,0.0,0.000000
0.002211750,0.684797,0.0,0.000000
0.002212000,0.684905,0.0,0.000000
0.002212250,0.685012,0.0,0.000000
0.002212500,0.685119,0.0,0.000000
0.002212750,0.685226,0.0,0.000000
0.002213000,0.685334,0.0,0.000000
0.002213250,0.685441,0.0,0.000000
0.002213500,0.685548,0.0,0.000000
0.002213750,0.685655,0.0,0.000000
0.002214000,0.685762,0.0,0.000000
0.002214250,0.685870,0.0,0.000000
0.002214500,0.685977,0.0,0.000000
0.002214750,0.686084,0.0,0.000000
0.002215000,0.686191,0.0,0.000000
0.002215250,0.686298,0.0,0.000000
0.002215500,0.686405,0.0,0.000000
0.002215750,0.686512,0.0,0.000000
0.002216000,0.686619,0.0,0.000000
0.002216250,0.686726,0.0,0.000000
0.002216500,0.686833,0.0,0.000000
0.002216750,0.686940,0.0,0.000000
0.002217000,0.687046,0.0,0.000000
0.002217250,0.687153,0.0,0.000000
0.002217500,0.687260,0.0,0.000000
0.002217750,0.687367,0.0,0.000000
0.002218000,0.687474,0.0,0.000000
0.002218250,0.687581,0.0,0.000000
0.002218500,0.687687,0.0,0.000000
0.002218750,0.687794,0.0,0.000000
0.002219000,0.687901,0.0,0.000000
0.002219250,0.688007,0.0,0.000000
0.002219500,0.688114,0.0,0.000000
0.002219750,0.688221,0.0,0.000000
0.002220000,0.688327,0.0,0.000000
0.002220250,0.688434,0.0,0.000000
0.002220500,0.688540,0.0,0.000000
0.002220750,0.688647,0.0,0.000000
0.002221000,0.688754,0.0,0.000000
0.002221250,0.688860,0.0,0.000000
0.002221500,0.688967,0.0,0.000000
0.002221750,0.689073,0.0,0.000000
0.002222000,0.689179,0.0,0.000000
0.002222250,0.689286,0.0,0.000000
0.002222500,0.689392,0.0,0.000000
0.002222750,0.689499,0.0,0.000000
0.002223000,0.689605,0.0,0.000000
0.002223250,0.689711,0.0,0.000000
0.002223500,0.689818,0.0,0.000000
0.002223750,0.689924,0.0,0.000000
0.002224000,0.690030,0.0,0.000000
0.002224250,0.690136,0.0,0.000000
0.002224500,0.690243,0.0,0.000000
0.002224750,0.690349,0.0,0.000000
0.002225000,0.690455,0.0,0.000000
0.002225250,0.690561,0.0,0.000000
0.002225500,0.690667,0.0,0.000000
0.002225750,0.690773,0.0,0.000000
0.002226000,0.690879,0.0,0.000000
0.002226250,0.690985,0.0,0.000000
0.002226500,0.691091,0.0,0.000000
0.002226750,0.691197,0.0,0.000000
0.002227000,0.691303,0.0,0.000000
0.002227250,0.691409,0.0,0.000000
0.002227500,0.691515,0.0,0.000000
0.002227750,0.691621,0.0,0.000000
0.002228000,0.691727,0.0,0.000000
0.002228250,0.691833,0.0,0.000000
0.002228500,0.691939,0.0,0.000000
0.002228750,0.692045,0.0,0.000000
0.002229000,0.692151,0.0,0.000000
0.002229250,0.692256,0.0,0.000000
0.002229500,0.692362,0.0,0.000000
0.002229750,0.692468,0.0,0.000000
0.002230000,0.692574,0.0,0.000000
0.002230250,0.692679,0.0,0.000000
0.002230500,0.692785,0.0,0.000000
0.002230750,0.692891,0.0,0.000000
0.002231000,0.692996,0.0,0.000000
0.002231250,0.693102,0.0,0.000000
0.002231500,0.693208,0.0,0.000000
0.002231750,0.693313,0.0,0.000000
0.002232000,0.693419,0.0,0.000000
0.002232250,0.693524,0.0,0.000000
0.002232500,0.693630,0.0,0.000000
0.002232750,0.693735,0.0,0.000000
0.002233000,0.693841,0.0,0.000000
0.002233250,0.693946,0.0,0.000000
0.002233500,0.694052,0.0,0.000000
0.002233750,0.694157,0.0,0.000000
0.002234000,0.694262,0.0,0.000000
0.002234250,0.694368,0.0,0.000000
0.002234500,0.694473,0.0,0.000000
0.002234750,0.694578,0.0,0.000000
0.002235000,0.694684,0.0,0.000000
0.002235250,0.694789,0.0,0.000000
0.002235500,0.694894,0.0,0.000000
0.002235750,0.694999,0.0,0.000000
0.002236000,0.695105,0.0,0.000000
0.002236250,0.695210,0.0,0.000000
0.002236500,0.695315,0.0,0.000000
0.002236750,0.695420,0.0,0.000000
0.002237000,0.695525,0.0,0.000000
0.002237250,0.695630,0.0,0.000000
0.002237500,0.695735,0.0,0.000000
0.002237750,0.695840,0.0,0.000000
0.002238000,0.695945,0.0,0.000000
0.002238250,0.696050,0.0,0.000000
0.002238500,0.696155,0.0,0.000000
0.002238750,0.696260,0.0,0.000000
0.002239000,0.696365,0.0,0.000000
0.002239250,0.696470,0.0,0.000000
0.002239500,0.696575,0.0,0.000000
0.002239750,0.696680,0.0,0.000000
0.002240000,0.696785,0.0,0.000000
0.002240250,0.696890,0.0,0.000000
0.002240500,0.696994,0.0,0.000000
0.002240750,0.697099,0.0,0.000000
0.002241000,0.697204,0.0,0.000000
0.002241250,0.697309,0.0,0.000000
0.002241500,0.697413,0.0,0.000000
0.002241750,0.697518,0.0,0.000000
0.002242000,0.697623,0.0,0.000000
0.002242250,0.697728,0.0,0.000000
0.002242500,0.697832,0.0,0.000000
0.002242750,0.697937,0.0,0.000000
0.002243000,0.698041,0.0,0.000000
0.002243250,0.698146,0.0,0.000000
0.002243500,0.698250,0.0,0.000000
0.002243750,0.698355,0.0,0.000000
0.002244000,0.698459,0.0,0.000000
0.002244250,0.698564,0.0,0.000000
0.002244500,0.698668,0.0,0.000000
0.002244750,0.698773,0.0,0.000000
0.002245000,0.698877,0.0,0.000000
0.002245250,0.698982,0.0,0.000000
0.002245500,0.699086,0.0,0.000000
0.002245750,0.699190,0.0,0.000000
0.002246000,0.699295,0.0,0.000000
0.002246250,0.699399,0.0,0.000000
0.002246500,0.699503,0.0,0.000000
0.002246750,0.699608,0.0,0.000000
0.002247000,0.699712,0.0,0.000000
0.002247250,0.699816,0.0,0.000000
0.002247500,0.699920,0.0,0.000000
0.002247750,0.700024,0.0,0.000000
0.002248000,0.700129,0.0,0.000000
0.002248250,0.700233,0.0,0.000000
0.002248500,0.700337,0.0,0.000000
0.002248750,0.700441,0.0,0.000000
0.002249000,0.700545,0.0,0.000000
0.002249250,0.700649,0.0,0.000000
0.002249500,0.700753,0.0,0.000000
0.002249750,0.700857,0.0,0.000000
0.002250000,0.700961,0.0,0.000000
0.002250250,0.701065,0.0,0.000000
0.002250500,0.701169,0.0,0.000000
0.002250750,0.701273,0.0,0.000000
0.002251000,0.701377,0.0,0.000000
0.002251250,0.701481,0.0,0.000000
0.002251500,0.701584,0.0,0.000000
0.002251750,0.701688,0.0,0.000000
0.002252000,0.701792,0.0,0.000000
0.002252250,0.701896,0.0,0.000000
0.002252500,0.702000,0.0,0.000000
0.002252750,0.702103,0.0,0.000000
0.002253000,0.702207,0.0,0.000000
0.002253250,0.702311,0.0,0.000000
0.002253500,0.702415,0.0,0.000000
0.002253750,0.702518,0.0,0.000000
0.002254000,0.702622,0.0,0.000000
0.002254250,0.702725,0.0,0.000000
0.002254500,0.702829,0.0,0.000000
0.002254750,0.702933,0.0,0.000000
0.002255000,0.703036,0.0,0.000000
0.002255250,0.703140,0.0,0.000000
0.002255500,0.703243,0.0,0.000000
0.002255750,0.703347,0.0,0.000000
0.002256000,0.703450,0.0,0.000000
0.002256250,0.703554,0.0,0.000000
0.002256500,0.703657,0.0,0.000000
0.002256750,0.703760,0.0,0.000000
0.002257000,0.703864,0.0,0.000000
0.002257250,0.703967,0.0,0.000000
0.002257500,0.704070,0.0,0.000000
0.002257750,0.704174,0.0,0.000000
0.002258000,0.704277,0.0,0.000000
0.002258250,0.704380,0.0,0.000000
0.002258500,0.704484,0.0,0.000000
0.002258750,0.704587,0.0,0.000000
0.002259000,0.704690,0.0,0.000000
0.002259250,0.704793,0.0,0.000000
0.002259500,0.704896,0.0,0.000000
0.002259750,0.704999,0.0,0.000000
0.002260000,0.705103,0.0,0.000000
0.002260250,0.705206,0.0,0.000000
0.002260500,0.705309,0.0,0.000000
0.002260750,0.705412,0.0,0.000000
0.002261000,0.705515,0.0,0.000000
0.002261250,0.705618,0.0,0.000000
0.002261500,0.705721,0.0,0.000000
0.002261750,0.705824,0.0,0.000000
0.002262000,0.705927,0.0,0.000000
0.002262250,0.706030,0.0,0.000000
0.002262500,0.706133,0.0,0.000000
0.002262750,0.706235,0.0,0.000000
0.002263000,0.706338,0.0,0.000000
0.002263250,0.706441,0.0,0.000000
0.002263500,0.706544,0.0,0.000000
0.002263750,0.706647,0.0,0.000000
0.002264000,0.706750,0.0,0.000000
0.002264250,0.706852,0.0,0.000000
0.002264500,0.706955,0.0,0.000000
0.002264750,0.707058,0.0,0.000000
0.002265000,0.707160,0.0,0.000000
0.002265250,0.707263,0.0,0.000000
0.002265500,0.707366,0.0,0.000000
0.002265750,0.707468,0.0,0.000000
0.002266000,0.707571,0.0,0.000000
0.002266250,0.707674,0.0,0.000000
0.002266500,0.707776,0.0,0.000000
0.002266750,0.707879,0.0,0.000000
0.002267000,0.707981,0.0,0.000000
0.002267250,0.708084,0.0,0.000000
0.002267500,0.708186,0.0,0.000000
0.002267750,0.708289,0.0,0.000000
0.002268000,0.708391,0.0,0.000000
0.002268250,0.708493,0.0,0.000000
0.002268500,0.708596,0.0,0.000000
0.002268750,0.708698,0.0,0.000000
0.002269000,0.708801,0.0,0.000000
0.002269250,0.708903,0.0,0.000000
0.002269500,0.709005,0.0,0.000000
0.002269750,0.709107,0.0,0.000000
0.002270000,0.709210,0.0,0.000000
0.002270250,0.709312,0.0,0.000000
0.002270500,0.709414,0.0,0.000000
0.002270750,0.709516,0.0,0.000000
0.002271000,0.709619,0.0,0.000000
0.002271250,0.709721,0.0,0.000000
0.002271500,0.709823,0.0,0.000000
0.002271750,0.709925,0.0,0.000000
0.002272000,0.710027,0.0,0.000000
0.002272250,0.710129,0.0,0.000000
0.002272500,0.710231,0.0,0.000000
0.002272750,0.710333,0.0,0.000000
0.002273000,0.710435,0.0,0.000000
0.002273250,0.710537,0.0,0.000000
0.002273500,0.710639,0.0,0.000000
0.002273750,0.710741,0.0,0.000000
0.002274000,0.710843,0.0,0.000000
0.002274250,0.710945,0.0,0.000000
0.002274500,0.711047,0.0,0.000000
0.002274750,0.711149,0.0,0.000000
0.002275000,0.711251,0.0,0.000000
0.002275250,0.711352,0.0,0.000000
0.002275500,0.711454,0.0,0.000000
0.002275750,0.711556,0.0,0.000000
0.002276000,0.711658,0.0,0.000000
0.002276250,0.711759,0.0,0.000000
0.002276500,0.711861,0.0,0.000000
0.002276750,0.711963,0.0,0.000000
0.002277000,0.712064,0.0,0.000000
0.002277250,0.712166,0.0,0.000000
0.002277500,0.712268,0.0,0.000000
0.002277750,0.712369,0.0,0.000000
0.002278000,0.712471,0.0,0.000000
0.002278250,0.712572,0.0,0.000000
0.002278500,0.712674,0.0,0.000000
0.002278750,0.712776,0.0,0.000000
0.002279000,0.712877,0.0,0.000000
0.002279250,0.712978,0.0,0.000000
0.002279500,0.713080,0.0,0.000000
0.002279750,0.713181,0.0,0.000000
0.002280000,0.713283,0.0,0.000000
0.002280250,0.713384,0.0,0.000000
0.002280500,0.713486,0.0,0.000000
0.002280750,0.713587,0.0,0.000000
0.002281000,0.713688,0.0,0.000000
0.002281250,0.713790,0.0,0.000000
0.002281500,0.713891,0.0,0.000000
0.002281750,0.713992,0.0,0.000000
0.002282000,0.714093,0.0,0.000000
0.002282250,0.714195,0.0,0.000000
0.002282500,0.714296,0.0,0.000000
0.002282750,0.714397,0.0,0.000000
0.002283000,0.714498,0.0,0.000000
0.002283250,0.714599,0.0,0.000000
0.002283500,0.714700,0.0,0.000000
0.002283750,0.714801,0.0,0.000000
0.002284000,0.714903,0.0,0.000000
0.002284250,0.715004,0.0,0.000000
0.002284500,0.715105,0.0,0.000000
0.002284750,0.715206,0.0,0.000000
0.002285000,0.715307,0.0,0.000000
0.002285250,0.715408,0.0,0.000000
0.002285500,0.715509,0.0,0.000000
0.002285750,0.715609,0.0,0.000000
0.002286000,0.715710,0.0,0.000000
0.002286250,0.715811,0.0,0.000000
0.002286500,0.715912,0.0,0.000000
0.002286750,0.716013,0.0,0.000000
0.002287000,0.716114,0.0,0.000000
0.002287250,0.716215,0.0,0.000000
0.002287500,0.716315,0.0,0.000000
0.002287750,0.716416,0.0,0.000000
0.002288000,0.716517,0.0,0.000000
0.002288250,0.716618,0.0,0.000000
0.002288500,0.716718,0.0,0.000000
0.002288750,0.716819,0.0,0.000000
0.002289000,0.716920,0.0,0.000000
0.002289250,0.717020,0.0,0.000000
0.002289500,0.717121,0.0,0.000000
0.002289750,0.717221,0.0,0.000000
0.002290000,0.717322,0.0,0.000000
0.002290250,0.717423,0.0,0.000000
0.002290500,0.717523,0.0,0.000000
0.002290750,0.717624,0.0,0.000000
0.002291000,0.717724,0.0,0.000000
0.002291250,0.717825,0.0,0.000000
0.002291500,0.717925,0.0,0.000000
0.002291750,0.718025,0.0,0.000000
0.002292000,0.718126,0.0,0.000000
0.002292250,0.718226,0.0,0.000000
0.002292500,0.718327,0.0,0.000000
0.002292750,0.718427,0.0,0.000000
0.002293000,0.718527,0.0,0.000000
0.002293250,0.718628,0.0,0.000000
0.002293500,0.718728,0.0,0.000000
0.002293750,0.718828,0.0,0.000000
0.002294000,0.718928,0.0,0.000000
0.002294250,0.719029,0.0,0.000000
0.002294500,0.719129,0.0,0.000000
0.002294750,0.719229,0.0,0.000000
0.002295000,0.719329,0.0,0.000000
0.002295250,0.719429,0.0,0.000000
0.002295500,0.719529,0.0,0.000000
0.002295750,0.719629,0.0,0.000000
0.002296000,0.719729,0.0,0.000000
0.002296250,0.719830,0.0,0.000000
0.002296500,0.719930,0.0,0.000000
0.002296750,0.720030,0.0,0.000000
0.002297000,0.720130,0.0,0.000000
0.002297250,0.720230,0.0,0.000000
0.002297500,0.720329,0.0,0.000000
0.002297750,0.720429,0.0,0.000000
0.002298000,0.720529,0.0,0.000000
0.002298250,0.720629,0.0,0.000000
0.002298500,0.720729,0.0,0.000000
0.002298750,0.720829,0.0,0.000000
0.002299000,0.720929,0.0,0.000000
0.002299250,0.721028,0.0,0.000000
0.002299500,0.721128,0.0,0.000000
0.002299750,0.721228,0.0,0.000000
0.002300000,0.721328,0.0,0.000000
0.002300250,0.721427,0.0,0.000000
0.002300500,0.721527,0.0,0.000000
0.002300750,0.721627,0.0,0.000000
0.002301000,0.721726,0.0,0.000000
0.002301250,0.721826,0.0,0.000000
0.002301500,0.721926,0.0,0.000000
0.002301750,0.722025,0.0,0.000000
0.002302000,0.722125,0.0,0.000000
0.002302250,0.722224,0.0,0.000000
0.002302500,0.722324,0.0,0.000000
0.002302750,0.722423,0.0,0.000000
0.002303000,0.722523,0.0,0.000000
0.002303250,0.722622,0.0,0.000000
0.002303500,0.722722,0.0,0.000000
0.002303750,0.722821,0.0,0.000000
0.002304000,0.722921,0.0,0.000000
0.002304250,0.723020,0.0,0.000000
0.002304500,0.723119,0.0,0.000000
0.002304750,0.723219,0.0,0.000000
0.002305000,0.723318,0.0,0.000000
0.002305250,0.723417,0.0,0.000000
0.002305500,0.723517,0.0,0.000000
0.002305750,0.723616,0.0,0.000000
0.002306000,0.723715,0.0,0.000000
0.002306250,0.723814,0.0,0.000000
0.002306500,0.723914,0.0,0.000000
0.002306750,0.724013,0.0,0.000000
0.002307000,0.724112,0.0,0.000000
0.002307250,0.724211,0.0,0.000000
0.002307500,0.724310,0.0,0.000000
0.002307750,0.724409,0.0,0.000000
0.002308000,0.724508,0.0,0.000000
0.002308250,0.724607,0.0,0.000000
0.002308500,0.724706,0.0,0.000000
0.002308750,0.724805,0.0,0.000000
0.002309000,0.724904,0.0,0.000000
0.002309250,0.725003,0.0,0.000000
0.002309500,0.725102,0.0,0.000000
0.002309750,0.725201,0.0,0.000000
0.002310000,0.725300,0.0,0.000000
0.002310250,0.725399,0.0,0.000000
0.002310500,0.725498,0.0,0.000000
0.002310750,0.725597,0.0,0.000000
0.002311000,0.725696,0.0,0.000000
0.002311250,0.725794,0.0,0.000000
0.002311500,0.725893,0.0,0.000000
0.002311750,0.725992,0.0,0.000000
0.002312000,0.726091,0.0,0.000000
0.002312250,0.726189,0.0,0.000000
0.002312500,0.726288,0.0,0.000000
0.002312750,0.726387,0.0,0.000000
0.002313000,0.726485,0.0,0.000000
0.002313250,0.726584,0.0,0.000000
0.002313500,0.726683,0.0,0.000000
0.002313750,0.726781,0.0,0.000000
0.002314000,0.726880,0.0,0.000000
0.002314250,0.726979,0.0,0.000000
0.002314500,0.727077,0.0,0.000000
0.002314750,0.727176,0.0,0.000000
0.002315000,0.727274,0.0,0.000000
0.002315250,0.727373,0.0,0.000000
0.002315500,0.727471,0.0,0.000000
0.002315750,0.727569,0.0,0.000000
0.002316000,0.727668,0.0,0.000000
0.002316250,0.727766,0.0,0.000000
0.002316500,0.727865,0.0,0.000000
0.002316750,0.727963,0.0,0.000000
0.002317000,0.728061,0.0,0.000000
0.002317250,0.728160,0.0,0.000000
0.002317500,0.728258,0.0,0.000000
0.002317750,0.728356,0.0,0.000000
0.002318000,0.728454,0.0,0.000000
0.002318250,0.728553,0.0,0.000000
0.002318500,0.728651,0.0,0.000000
0.002318750,0.728749,0.0,0.000000
0.002319000,0.728847,0.0,0.000000
0.002319250,0.728945,0.0,0.000000
0.002319500,0.729043,0.0,0.000000
0.002319750,0.729142,0.0,0.000000
0.002320000,0.729240,0.0,0.000000
0.002320250,0.729338,0.0,0.000000
0.002320500,0.729436,0.0,0.000000
0.002320750,0.729534,0.0,0.000000
0.002321000,0.729632,0.0,0.000000
0.002321250,0.729730,0.0,0.000000
0.002321500,0.729828,0.0,0.000000
0.002321750,0.729926,0.0,0.000000
0.002322000,0.730024,0.0,0.000000
0.002322250,0.730122,0.0,0.000000
0.002322500,0.730219,0.0,0.000000
0.002322750,0.730317,0.0,0.000000
0.002323000,0.730415,0.0,0.000000
0.002323250,0.730513,0.0,0.000000
0.002323500,0.730611,0.0,0.000000
0.002323750,0.730709,0.0,0.000000
0.002324000,0.730806,0.0,0.000000
0.002324250,0.730904,0.0,0.000000
0.002324500,0.731002,0.0,0.000000
0.002324750,0.731100,0.0,0.000000
0.002325000,0.731197,0.0,0.000000
0.002325250,0.731295,0.0,0.000000
0.002325500,0.731393,0.0,0.000000
0.002325750,0.731490,0.0,0.000000
0.002326000,0.731588,0.0,0.000000
0.002326250,0.731685,0.0,0.000000
0.002326500,0.731783,0.0,0.000000
0.002326750,0.731880,0.0,0.000000
0.002327000,0.731978,0.0,0.000000
0.002327250,0.732075,0.0,0.000000
0.002327500,0.732173,0.0,0.000000
0.002327750,0.732270,0.0,0.000000
0.002328000,0.732368,0.0,0.000000
0.002328250,0.732465,0.0,0.000000
0.002328500,0.732563,0.0,0.000000
0.002328750,0.732660,0.0,0.000000
0.002329000,0.732757,0.0,0.000000
0.002329250,0.732855,0.0,0.000000
0.002329500,0.732952,0.0,0.000000
0.002329750,0.733049,0.0,0.000000
0.002330000,0.733146,0.0,0.000000
0.002330250,0.733244,0.0,0.000000
0.002330500,0.733341,0.0,0.000000
0.002330750,0.733438,0.0,0.000000
0.002331000,0.733535,0.0,0.000000
0.002331250,0.733633,0.0,0.000000
0.002331500,0.733730,0.0,0.000000
0.002331750,0.733827,0.0,0.000000
0.002332000,0.733924,0.0,0.000000
0.002332250,0.734021,0.0,0.000000
0.002332500,0.734118,0.0,0.000000
0.002332750,0.734215,0.0,0.000000
0.002333000,0.734312,0.0,0.000000
0.002333250,0.734409,0.0,0.000000
0.002333500,0.734506,0.0,0.000000
0.002333750,0.734603,0.0,0.000000
0.002334000,0.734700,0.0,0.000000
0.002334250,0.734797,0.0,0.000000
0.002334500,0.734894,0.0,0.000000
0.002334750,0.734991,0.0,0.000000
0.002335000,0.735088,0.0,0.000000
0.002335250,0.735185,0.0,0.000000
0.002335500,0.735282,0.0,0.000000
0.002335750,0.735378,0.0,0.000000
0.002336000,0.735475,0.0,0.000000
0.002336250,0.735572,0.0,0.000000
0.002336500,0.735669,0.0,0.000000
0.002336750,0.735765,0.0,0.000000
0.002337000,0.735862,0.0,0.000000
0.002337250,0.735959,0.0,0.000000
0.002337500,0.736055,0.0,0.000000
0.002337750,0.736152,0.0,0.000000
0.002338000,0.736249,0.0,0.000000
0.002338250,0.736345,0.0,0.000000
0.002338500,0.736442,0.0,0.000000
0.002338750,0.736538,0.0,0.000000
0.002339000,0.736635,0.0,0.000000
0.002339250,0.736731,0.0,0.000000
0.002339500,0.736828,0.0,0.000000
0.002339750,0.736924,0.0,0.000000
0.002340000,0.737021,0.0,0.000000
0.002340250,0.737117,0.0,0.000000
0.002340500,0.737214,0.0,0.000000
0.002340750,0.737310,0.0,0.000000
0.002341000,0.737407,0.0,0.000000
0.002341250,0.737503,0.0,0.000000
0.002341500,0.737599,0.0,0.000000
0.002341750,0.737696,0.0,0.000000
0.002342000,0.737792,0.0,0.000000
0.002342250,0.737888,0.0,0.000000
0.002342500,0.737984,0.0,0.000000
0.002342750,0.738081,0.0,0.000000
0.002343000,0.738177,0.0,0.000000
0.002343250,0.738273,0.0,0.000000
0.002343500,0.738369,0.0,0.000000
0.002343750,0.738465,0.0,0.000000
0.002344000,0.738562,0.0,0.000000
0.002344250,0.738658,0.0,0.000000
0.002344500,0.738754,0.0,0.000000
0.002344750,0.738850,0.0,0.000000
0.002345000,0.738946,0.0,0.000000
0.002345250,0.739042,0.0,0.000000
0.002345500,0.739138,0.0,0.000000
0.002345750,0.739234,0.0,0.000000
0.002346000,0.739330,0.0,0.000000
0.002346250,0.739426,0.0,0.000000
0.002346500,0.739522,0.0,0.000000
0.002346750,0.739618,0.0,0.000000
0.002347000,0.739714,0.0,0.000000
0.002347250,0.739810,0.0,0.000000
0.002347500,0.739905,0.0,0.000000
0.002347750,0.740001,0.0,0.000000
0.002348000,0.740097,0.0,0.000000
0.002348250,0.740193,0.0,0.000000
0.002348500,0.740289,0.0,0.000000
0.002348750,0.740385,0.0,0.000000
0.002349000,0.740480,0.0,0.000000
0.002349250,0.740576,0.0,0.000000
0.002349500,0.740672,0.0,0.000000
0.002349750,0.740767,0.0,0.000000
0.002350000,0.740863,0.0,0.000000
0.002350250,0.740959,0.0,0.000000
0.002350500,0.741054,0.0,0.000000
0.002350750,0.741150,0.0,0.000000
0.002351000,0.741246,0.0,0.000000
0.002351250,0.741341,0.0,0.000000
0.002351500,0.741437,0.0,0.000000
0.002351750,0.741532,0.0,0.000000
0.002352000,0.741628,0.0,0.000000
0.002352250,0.741723,0.0,0.000000
0.002352500,0.741819,0.0,0.000000
0.002352750,0.741914,0.0,0.000000
0.002353000,0.742009,0.0,0.000000
0.002353250,0.742105,0.0,0.000000
0.002353500,0.742200,0.0,0.000000
0.002353750,0.742296,0.0,0.000000
0.002354000,0.742391,0.0,0.000000
0.002354250,0.742486,0.0,0.000000
0.002354500,0.742582,0.0,0.000000
0.002354750,0.742677,0.0,0.000000
0.002355000,0.742772,0.0,0.000000
0.002355250,0.742867,0.0,0.000000
0.002355500,0.742963,0.0,0.000000
0.002355750,0.743058,0.0,0.000000
0.002356000,0.743153,0.0,0.000000
0.002356250,0.743248,0.0,0.000000
0.002356500,0.743343,0.0,0.000000
0.002356750,0.743438,0.0,0.000000
0.002357000,0.743534,0.0,0.000000
0.002357250,0.743629,0.0,0.000000
0.002357500,0.743724,0.0,0.000000
0.002357750,0.743819,0.0,0.000000
0.002358000,0.743914,0.0,0.000000
0.002358250,0.744009,0.0,0.000000
0.002358500,0.744104,0.0,0.000000
0.002358750,0.744199,0.0,0.000000
0.002359000,0.744294,0.0,0.000000
0.002359250,0.744389,0.0,0.000000
0.002359500,0.744484,0.0,0.000000
0.002359750,0.744578,0.0,0.000000
0.002360000,0.744673,0.0,0.000000
0.002360250,0.744768,0.0,0.000000
0.002360500,0.744863,0.0,0.000000
0.002360750,0.744958,0.0,0.000000
0.002361000,0.745053,0.0,0.000000
0.002361250,0.745147,0.0,0.000000
0.002361500,0.745242,0.0,0.000000
0.002361750,0.745337,0.0,0.000000
0.002362000,0.745432,0.0,0.000000
0.002362250,0.745526,0.0,0.000000
0.002362500,0.745621,0.0,0.000000
0.002362750,0.745716,0.0,0.000000
0.002363000,0.745810,0.0,0.000000
0.002363250,0.745905,0.0,0.000000
0.002363500,0.745999,0.0,0.000000
0.002363750,0.746094,0.0,0.000000
0.002364000,0.746189,0.0,0.000000
0.002364250,0.746283,0.0,0.000000
0.002364500,0.746378,0.0,0.000000
0.002364750,0.746472,0.0,0.000000
0.002365000,0.746567,0.0,0.000000
0.002365250,0.746661,0.0,0.000000
0.002365500,0.746755,0.0,0.000000
0.002365750,0.746850,0.0,0.000000
0.002366000,0.746944,0.0,0.000000
0.002366250,0.747039,0.0,0.000000
0.002366500,0.747133,0.0,0.000000
0.002366750,0.747227,0.0,0.000000
0.002367000,0.747322,0.0,0.000000
0.002367250,0.747416,0.0,0.000000
0.002367500,0.747510,0.0,0.000000
0.002367750,0.747604,0.0,0.000000
0.002368000,0.747699,0.0,0.000000
0.002368250,0.747793,0.0,0.000000
0.002368500,0.747887,0.0,0.000000
0.002368750,0.747981,0.0,0.000000
0.002369000,0.748075,0.0,0.000000
0.002369250,0.748170,0.0,0.000000
0.002369500,0.748264,0.0,0.000000
0.002369750,0.748358,0.0,0.000000
0.002370000,0.748452,0.0,0.000000
0.002370250,0.748546,0.0,0.000000
0.002370500,0.748640,0.0,0.000000
0.002370750,0.748734,0.0,0.000000
0.002371000,0.748828,0.0,0.000000
0.002371250,0.748922,0.0,0.000000
0.002371500,0.749016,0.0,0.000000
0.002371750,0.749110,0.0,0.000000
0.002372000,0.749204,0.0,0.000000
0.002372250,0.749298,0.0,0.000000
0.002372500,0.749392,0.0,0.000000
0.002372750,0.749486,0.0,0.000000
0.002373000,0.749579,0.0,0.000000
0.002373250,0.749673,0.0,0.000000
0.002373500,0.749767,0.0,0.000000
0.002373750,0.749861,0.0,0.000000
0.002374000,0.749955,0.0,0.000000
0.002374250,0.750048,0.0,0.000000
0.002374500,0.750142,0.0,0.000000
0.002374750,0.750236,0.0,0.000000
0.002375000,0.750330,0.0,0.000000
0.002375250,0.750423,0.0,0.000000
0.002375500,0.750517,0.0,0.000000
0.002375750,0.750611,0.0,0.000000
0.002376000,0.750704,0.0,0.000000
0.002376250,0.750798,0.0,0.000000
0.002376500,0.750891,0.0,0.000000
0.002376750,0.750985,0.0,0.000000
0.002377000,0.751078,0.0,0.000000
0.002377250,0.751172,0.0,0.000000
0.002377500,0.751266,0.0,0.000000
0.002377750,0.751359,0.0,0.000000
0.002378000,0.751452,0.0,0.000000
0.002378250,0.751546,0.0,0.000000
0.002378500,0.751639,0.0,0.000000
0.002378750,0.751733,0.0,0.000000
0.002379000,0.751826,0.0,0.000000
0.002379250,0.751919,0.0,0.000000
0.002379500,0.752013,0.0,0.000000
0.002379750,0.752106,0.0,0.000000
0.002380000,0.752199,0.0,0.000000
0.002380250,0.752293,0.0,0.000000
0.002380500,0.752386,0.0,0.000000
0.002380750,0.752479,0.0,0.000000
0.002381000,0.752572,0.0,0.000000
0.002381250,0.752666,0.0,0.000000
0.002381500,0.752759,0.0,0.000000
0.002381750,0.752852,0.0,0.000000
0.002382000,0.752945,0.0,0.000000
0.002382250,0.753038,0.0,0.000000
0.002382500,0.753131,0.0,0.000000
0.002382750,0.753224,0.0,0.000000
0.002383000,0.753317,0.0,0.000000
0.002383250,0.753411,0.0,0.000000
0.002383500,0.753504,0.0,0.000000
0.002383750,0.753597,0.0,0.000000
0.002384000,0.753690,0.0,0.000000
0.002384250,0.753783,0.0,0.000000
0.002384500,0.753876,0.0,0.000000
0.002384750,0.753968,0.0,0.000000
0.002385000,0.754061,0.0,0.000000
0.002385250,0.754154,0.0,0.000000
0.002385500,0.754247,0.0,0.000000
0.002385750,0.754340,0.0,0.000000
0.002386000,0.754433,0.0,0.000000
0.002386250,0.754526,0.0,0.000000
0.002386500,0.754619,0.0,0.000000
0.002386750,0.754711,0.0,0.000000
0.002387000,0.754804,0.0,0.000000
0.002387250,0.754897,0.0,0.000000
0.002387500,0.754990,0.0,0.000000
0.002387750,0.755082,0.0,0.000000
0.002388000,0.755175,0.0,0.000000
0.002388250,0.755268,0.0,0.000000
0.002388500,0.755360,0.0,0.000000
0.002388750,0.755453,0.0,0.000000
0.002389000,0.755545,0.0,0.000000
0.002389250,0.755638,0.0,0.000000
0.002389500,0.755731,0.0,0.000000
0.002389750,0.755823,0.0,0.000000
0.002390000,0.755916,0.0,0.000000
0.002390250,0.756008,0.0,0.000000
0.002390500,0.756101,0.0,0.000000
0.002390750,0.756193,0.0,0.000000
0.002391000,0.756286,0.0,0.000000
0.002391250,0.756378,0.0,0.000000
0.002391500,0.756470,0.0,0.000000
0.002391750,0.756563,0.0,0.000000
0.002392000,0.756655,0.0,0.000000
0.002392250,0.756748,0.0,0.000000
0.002392500,0.756840,0.0,0.000000
0.002392750,0.756932,0.0,0.000000
0.002393000,0.757025,0.0,0.000000
0.002393250,0.757117,0.0,0.000000
0.002393500,0.757209,0.0,0.000000
0.002393750,0.757301,0.0,0.000000
0.002394000,0.757394,0.0,0.000000
0.002394250,0.757486,0.0,0.000000
0.002394500,0.757578,0.0,0.000000
0.002394750,0.757670,0.0,0.000000
0.002395000,0.757762,0.0,0.000000
0.002395250,0.757854,0.0,0.000000
0.002395500,0.757946,0.0,0.000000
0.002395750,0.758039,0.0,0.000000
0.002396000,0.758131,0.0,0.000000
0.002396250,0.758223,0.0,0.000000
0.002396500,0.758315,0.0,0.000000
0.002396750,0.758407,0.0,0.000000
0.002397000,0.758499,0.0,0.000000
0.002397250,0.758591,0.0,0.000000
0.002397500,0.758683,0.0,0.000000
0.002397750,0.758775,0.0,0.000000
0.002398000,0.758866,0.0,0.000000
0.002398250,0.758958,0.0,0.000000
0.002398500,0.759050,0.0,0.000000
0.002398750,0.759142,0.0,0.000000
0.002399000,0.759234,0.0,0.000000
0.002399250,0.759326,0.0,0.000000
0.002399500,0.759418,0.0,0.000000
0.002399750,0.759509,0.0,0.000000
0.002400000,0.759601,0.0,0.000000
0.002400250,0.759693,0.0,0.000000
0.002400500,0.759785,0.0,0.000000
0.002400750,0.759876,0.0,0.000000
0.002401000,0.759968,0.0,0.000000
0.002401250,0.760060,0.0,0.000000
0.002401500,0.760151,0.0,0.000000
0.002401750,0.760243,0.0,0.000000
0.002402000,0.760335,0.0,0.000000
0.002402250,0.760426,0.0,0.000000
0.002402500,0.760518,0.0,0.000000
0.002402750,0.760609,0.0,0.000000
0.002403000,0.760701,0.0,0.000000
0.002403250,0.760792,0.0,0.000000
0.002403500,0.760884,0.0,0.000000
0.002403750,0.760975,0.0,0.000000
0.002404000,0.761067,0.0,0.000000
0.002404250,0.761158,0.0,0.000000
0.002404500,0.761250,0.0,0.000000
0.002404750,0.761341,0.0,0.000000
0.002405000,0.761432,0.0,0.000000
0.002405250,0.761524,0.0,0.000000
0.002405500,0.761615,0.0,0.000000
0.002405750,0.761706,0.0,0.000000
0.002406000,0.761798,0.0,0.000000
0.002406250,0.761889,0.0,0.000000
0.002406500,0.761980,0.0,0.000000
0.002406750,0.762071,0.0,0.000000
0.002407000,0.762163,0.0,0.000000
0.002407250,0.762254,0.0,0.000000
0.002407500,0.762345,0.0,0.000000
0.002407750,0.762436,0.0,0.000000
0.002408000,0.762527,0.0,0.000000
0.002408250,0.762619,0.0,0.000000
0.002408500,0.762710,0.0,0.000000
0.002408750,0.762801,0.0,0.000000
0.002409000,0.762892,0.0,0.000000
0.002409250,0.762983,0.0,0.000000
0.002409500,0.763074,0.0,0.000000
0.002409750,0.763165,0.0,0.000000
0.002410000,0.763256,0.0,0.000000
0.002410250,0.763347,0.0,0.000000
0.002410500,0.763438,0.0,0.000000
0.002410750,0.763529,0.0,0.000000
0.002411000,0.763620,0.0,0.000000
0.002411250,0.763711,0.0,0.000000
0.002411500,0.763802,0.0,0.000000
0.002411750,0.763892,0.0,0.000000
0.002412000,0.763983,0.0,0.000000
0.002412250,0.764074,0.0,0.000000
0.002412500,0.764165,0.0,0.000000
0.002412750,0.764256,0.0,0.000000
0.002413000,0.764347,0.0,0.000000
0.002413250,0.764437,0.0,0.000000
0.002413500,0.764528,0.0,0.000000
0.002413750,0.764619,0.0,0.000000
0.002414000,0.764709,0.0,0.000000
0.002414250,0.764800,0.0,0.000000
0.002414500,0.764891,0.0,0.000000
0.002414750,0.764981,0.0,0.000000
0.002415000,0.765072,0.0,0.000000
0.002415250,0.765163,0.0,0.000000
0.002415500,0.765253,0.0,0.000000
0.002415750,0.765344,0.0,0.000000
0.002416000,0.765434,0.0,0.000000
0.002416250,0.765525,0.0,0.000000
0.002416500,0.765615,0.0,0.000000
0.002416750,0.765706,0.0,0.000000
0.002417000,0.765796,0.0,0.000000
0.002417250,0.765887,0.0,0.000000
0.002417500,0.765977,0.0,0.000000
0.002417750,0.766068,0.0,0.000000
0.002418000,0.766158,0.0,0.000000
0.002418250,0.766248,0.0,0.000000
0.002418500,0.766339,0.0,0.000000
0.002418750,0.766429,0.0,0.000000
0.002419000,0.766519,0.0,0.000000
0.002419250,0.766610,0.0,0.000000
0.002419500,0.766700,0.0,0.000000
0.002419750,0.766790,0.0,0.000000
0.002420000,0.766881,0.0,0.000000
0.002420250,0.766971,0.0,0.000000
0.002420500,0.767061,0.0,0.000000
0.002420750,0.767151,0.0,0.000000
0.002421000,0.767241,0.0,0.000000
0.002421250,0.767331,0.0,0.000000
0.002421500,0.767422,0.0,0.000000
0.002421750,0.767512,0.0,0.000000
0.002422000,0.767602,0.0,0.000000
0.002422250,0.767692,0.0,0.000000
0.002422500,0.767782,0.0,0.000000
0.002422750,0.767872,0.0,0.000000
0.002423000,0.767962,0.0,0.000000
0.002423250,0.768052,0.0,0.000000
0.002423500,0.768142,0.0,0.000000
0.002423750,0.768232,0.0,0.000000
0.002424000,0.768322,0.0,0.000000
0.002424250,0.768412,0.0,0.000000
0.002424500,0.768502,0.0,0.000000
0.002424750,0.768592,0.0,0.000000
0.002425000,0.768681,0.0,0.000000
0.002425250,0.768771,0.0,0.000000
0.002425500,0.768861,0.0,0.000000
0.002425750,0.768951,0.0,0.000000
0.002426000,0.769041,0.0,0.000000
0.002426250,0.769131,0.0,0.000000
0.002426500,0.769220,0.0,0.000000
0.002426750,0.769310,0.0,0.000000
0.002427000,0.769400,0.0,0.000000
0.002427250,0.769489,0.0,0.000000
0.002427500,0.769579,0.0,0.000000
0.002427750,0.769669,0.0,0.000000
0.002428000,0.769758,0.0,0.000000
0.002428250,0.769848,0.0,0.000000
0.002428500,0.769938,0.0,0.000000
0.002428750,0.770027,0.0,0.000000
0.002429000,0.770117,0.0,0.000000
0.002429250,0.770206,0.0,0.000000
0.002429500,0.770296,0.0,0.000000
0.002429750,0.770385,0.0,0.000000
0.002430000,0.770475,0.0,0.000000
0.002430250,0.770564,0.0,0.000000
0.002430500,0.770654,0.0,0.000000
0.002430750,0.770743,0.0,0.000000
0.002431000,0.770833,0.0,0.000000
0.002431250,0.770922,0.0,0.000000
0.002431500,0.771012,0.0,0.000000
0.002431750,0.771101,0.0,0.000000
0.002432000,0.771190,0.0,0.000000
0.002432250,0.771280,0.0,0.000000
0.002432500,0.771369,0.0,0.000000
0.002432750,0.771458,0.0,0.000000
0.002433000,0.771547,0.0,0.000000
0.002433250,0.771637,0.0,0.000000
0.002433500,0.771726,0.0,0.000000
0.002433750,0.771815,0.0,0.000000
0.002434000,0.771904,0.0,0.000000
0.002434250,0.771994,0.0,0.000000
0.002434500,0.772083,0.0,0.000000
0.002434750,0.772172,0.0,0.000000
0.002435000,0.772261,0.0,0.000000
0.002435250,0.772350,0.0,0.000000
0.002435500,0.772439,0.0,0.000000
0.002435750,0.772528,0.0,0.000000
0.002436000,0.772617,0.0,0.000000
0.002436250,0.772706,0.0,0.000000
0.002436500,0.772795,0.0,0.000000
0.002436750,0.772884,0.0,0.000000
0.002437000,0.772973,0.0,0.000000
0.002437250,0.773062,0.0,0.000000
0.002437500,0.773151,0.0,0.000000
0.002437750,0.773240,1.0,4.440000
0.002438000,0.773329,0.0,3.758379
0.002438250,0.021805,0.0,3.181399
0.002438500,0.022051,0.0,2.692996
0.002438750,0.022296,0.0,2.279572
0.002439000,0.022542,0.0,1.929616
0.002439250,0.022787,0.0,1.633385
0.002439500,0.023032,0.0,1.382630
0.002439750,0.023277,0.0,1.170371
0.002440000,0.023523,0.0,0.990698
0.002440250,0.023768,0.0,0.838608
0.002440500,0.024013,0.0,0.709866
0.002440750,0.024258,0.0,0.600889
0.002441000,0.024503,0.0,0.508641
0.002441250,0.024748,0.0,0.430555
0.002441500,0.024992,0.0,0.364457
0.002441750,0.025237,0.0,0.308506
0.002442000,0.025482,0.0,0.261145
0.002442250,0.025727,0.0,0.221054
0.002442500,0.025971,0.0,0.187119
0.002442750,0.026216,0.0,0.158392
0.002443000,0.026460,0.0,0.134076
0.002443250,0.026705,0.0,0.113493
0.002443500,0.026949,0.0,0.096070
0.002443750,0.027194,0.0,0.081321
0.002444000,0.027438,0.0,0.068837
0.002444250,0.027682,0.0,0.058269
0.002444500,0.027927,0.0,0.049324
0.002444750,0.028171,0.0,0.041752
0.002445000,0.028415,0.0,0.035342
0.002445250,0.028659,0.0,0.000000
0.002445500,0.028903,0.0,0.000000
0.002445750,0.029147,0.0,0.000000
0.002446000,0.029391,0.0,0.000000
0.002446250,0.029635,0.0,0.000000
0.002446500,0.029879,0.0,0.000000
0.002446750,0.030122,0.0,0.000000
0.002447000,0.030366,0.0,0.000000
0.002447250,0.030610,0.0,0.000000
0.002447500,0.030853,0.0,0.000000
0.002447750,0.031097,0.0,0.000000
0.002448000,0.031341,0.0,0.000000
0.002448250,0.031584,0.0,0.000000
0.002448500,0.031827,0.0,0.000000
0.002448750,0.032071,0.0,0.000000
0.002449000,0.032314,0.0,0.000000
0.002449250,0.032557,0.0,0.000000
0.002449500,0.032801,0.0,0.000000
0.002449750,0.033044,0.0,0.000000
0.002450000,0.033287,0.0,0.000000
0.002450250,0.033530,0.0,0.000000
0.002450500,0.033773,0.0,0.000000
0.002450750,0.034016,0.0,0.000000
0.002451000,0.034259,0.0,0.000000
0.002451250,0.034502,0.0,0.000000
0.002451500,0.034745,0.0,0.000000
0.002451750,0.034987,0.0,0.000000
0.002452000,0.035230,0.0,0.000000
0.002452250,0.035473,0.0,0.000000
0.002452500,0.035715,0.0,0.000000
0.002452750,0.035958,0.0,0.000000
0.002453000,0.036200,0.0,0.000000
0.002453250,0.036443,0.0,0.000000
0.002453500,0.036685,0.0,0.000000
0.002453750,0.036928,0.0,0.000000
0.002454000,0.037170,0.0,0.000000
0.002454250,0.037412,0.0,0.000000
0.002454500,0.037654,0.0,0.000000
0.002454750,0.037896,0.0,0.000000
0.002455000,0.038139,0.0,0.000000
0.002455250,0.038381,0.0,0.000000
0.002455500,0.038623,0.0,0.000000
0.002455750,0.038865,0.0,0.000000
0.002456000,0.039107,0.0,0.000000
0.002456250,0.039348,0.0,0.000000
0.002456500,0.039590,0.0,0.000000
0.002456750,0.039832,0.0,0.000000
0.002457000,0.040074,0.0,0.000000
0.002457250,0.040315,0.0,0.000000
0.002457500,0.040557,0.0,0.000000
0.002457750,0.040798,0.0,0.000000
0.002458000,0.041040,0.0,0.000000
0.002458250,0.041281,0.0,0.000000
0.002458500,0.041523,0.0,0.000000
0.002458750,0.041764,0.0,0.000000
0.002459000,0.042005,0.0,0.000000
0.002459250,0.042247,0.0,0.000000
0.002459500,0.042488,0.0,0.000000
0.002459750,0.042729,0.0,0.000000
0.002460000,0.042970,0.0,0.000000
0.002460250,0.043211,0.0,0.000000
0.002460500,0.043452,0.0,0.000000
0.002460750,0.043693,0.0,0.000000
0.002461000,0.043934,0.0,0.000000
0.002461250,0.044175,0.0,0.000000
0.002461500,0.044416,0.0,0.000000
0.002461750,0.044656,0.0,0.000000
0.002462000,0.044897,0.0,0.000000
0.002462250,0.045138,0.0,0.000000
0.002462500,0.045378,0.0,0.000000
0.002462750,0.045619,0.0,0.000000
0.002463000,0.045859,0.0,0.000000
0.002463250,0.046100,0.0,0.000000
0.002463500,0.046340,0.0,0.000000
0.002463750,0.046581,0.0,0.000000
0.002464000,0.046821,0.0,0.000000
0.002464250,0.047061,0.0,0.000000
0.002464500,0.047301,0.0,0.000000
0.002464750,0.047542,0.0,0.000000
0.002465000,0.047782,0.0,0.000000
0.002465250,0.048022,0.0,0.000000
0.002465500,0.048262,0.0,0.000000
0.002465750,0.048502,0.0,0.000000
0.002466000,0.048741,0.0,0.000000
0.002466250,0.048981,0.0,0.000000
0.002466500,0.049221,0.0,0.000000
0.002466750,0.049461,0.0,0.000000
0.002467000,0.049701,0.0,0.000000
0.002467250,0.049940,0.0,0.000000
0.002467500,0.050180,0.0,0.000000
0.002467750,0.050419,0.0,0.000000
0.002468000,0.050659,0.0,0.000000
0.002468250,0.050898,0.0,0.000000
0.002468500,0.051138,0.0,0.000000
0.002468750,0.051377,0.0,0.000000
0.002469000,0.051616,0.0,0.000000
0.002469250,0.051856,0.0,0.000000
0.002469500,0.052095,0.0,0.000000
0.002469750,0.052334,0.0,0.000000
0.002470000,0.052573,0.0,0.000000
0.002470250,0.052812,0.0,0.000000
0.002470500,0.053051,0.0,0.000000
0.002470750,0.053290,0.0,0.000000
0.002471000,0.053529,0.0,0.000000
0.002471250,0.053768,0.0,0.000000
0.002471500,0.054007,0.0,0.000000
0.002471750,0.054245,0.0,0.000000
0.002472000,0.054484,0.0,0.000000
0.002472250,0.054723,0.0,0.000000
0.002472500,0.054961,0.0,0.000000
0.002472750,0.055200,0.0,0.000000
0.002473000,0.055438,0.0,0.000000
0.002473250,0.055677,0.0,0.000000
0.002473500,0.055915,0.0,0.000000
0.002473750,0.056154,0.0,0.000000
0.002474000,0.056392,0.0,0.000000
0.002474250,0.056630,0.0,0.000000
0.002474500,0.056868,0.0,0.000000
0.002474750,0.057106,0.0,0.000000
0.002475000,0.057345,0.0,0.000000
0.002475250,0.057583,0.0,0.000000
0.002475500,0.057821,0.0,0.000000
0.002475750,0.058059,0.0,0.000000
0.002476000,0.058296,0.0,0.000000
0.002476250,0.058534,0.0,0.000000
0.002476500,0.058772,0.0,0.000000
0.002476750,0.059010,0.0,0.000000
0.002477000,0.059248,0.0,0.000000
0.002477250,0.059485,0.0,0.000000
0.002477500,0.059723,0.0,0.000000
0.002477750,0.059960,0.0,0.000000
0.002478000,0.060198,0.0,0.000000
0.002478250,0.060435,0.0,0.000000
0.002478500,0.060673,0.0,0.000000
0.002478750,0.060910,0.0,0.000000
0.002479000,0.061148,0.0,0.000000
0.002479250,0.061385,0.0,0.000000
0.002479500,0.061622,0.0,0.000000
0.002479750,0.061859,0.0,0.000000
0.002480000,0.062096,0.0,0.000000
0.002480250,0.062333,0.0,0.000000
0.002480500,0.062570,0.0,0.000000
0.002480750,0.062807,0.0,0.000000
0.002481000,0.063044,0.0,0.000000
0.002481250,0.063281,0.0,0.000000
0.002481500,0.063518,0.0,0.000000
0.002481750,0.063755,0.0,0.000000
0.002482000,0.063991,0.0,0.000000
0.002482250,0.064228,0.0,0.000000
0.002482500,0.064465,0.0,0.000000
0.002482750,0.064701,0.0,0.000000
0.002483000,0.064938,0.0,0.000000
0.002483250,0.065174,0.0,0.000000
0.002483500,0.065411,0.0,0.000000
0.002483750,0.065647,0.0,0.000000
0.002484000,0.065883,0.0,0.000000
0.002484250,0.066120,0.0,0.000000
0.002484500,0.066356,0.0,0.000000
0.002484750,0.066592,0.0,0.000000
0.002485000,0.066828,0.0,0.000000
0.002485250,0.067064,0.0,0.000000
0.002485500,0.067300,0.0,0.000000
0.002485750,0.067536,0.0,0.000000
0.002486000,0.067772,0.0,0.000000
0.002486250,0.068008,0.0,0.000000
0.002486500,0.068244,0.0,0.000000
0.002486750,0.068480,0.0,0.000000
0.002487000,0.068715,0.0,0.000000
0.002487250,0.068951,0.0,0.000000
0.002487500,0.069187,0.0,0.000000
0.002487750,0.069422,0.0,0.000000
0.002488000,0.069658,0.0,0.000000
0.002488250,0.069893,0.0,0.000000
0.002488500,0.070129,0.0,0.000000
0.002488750,0.070364,0.0,0.000000
0.002489000,0.070599,0.0,0.000000
0.002489250,0.070835,0.0,0.000000
0.002489500,0.071070,0.0,0.000000
0.002489750,0.071305,0.0,0.000000
0.002490000,0.071540,0.0,0.000000
0.002490250,0.071775,0.0,0.000000
0.002490500,0.072010,0.0,0.000000
0.002490750,0.072245,0.0,0.000000
0.002491000,0.072480,0.0,0.000000
0.002491250,0.072715,0.0,0.000000
0.002491500,0.072950,0.0,0.000000
0.002491750,0.073185,0.0,0.000000
0.002492000,0.073420,0.0,0.000000
0.002492250,0.073654,0.0,0.000000
0.002492500,0.073889,0.0,0.000000
0.002492750,0.074124,0.0,0.000000
0.002493000,0.074358,0.0,0.000000
0.002493250,0.074593,0.0,0.000000
0.002493500,0.074827,0.0,0.000000
0.002493750,0.075062,0.0,0.000000
0.002494000,0.075296,0.0,0.000000
0.002494250,0.075530,0.0,0.000000
0.002494500,0.075764,0.0,0.000000
0.002494750,0.075999,0.0,0.000000
0.002495000,0.076233,0.0,0.000000
0.002495250,0.076467,0.0,0.000000
0.002495500,0.076701,0.0,0.000000
0.002495750,0.076935,0.0,0.000000
0.002496000,0.077169,0.0,0.000000
0.002496250,0.077403,0.0,0.000000
0.002496500,0.077637,0.0,0.000000
0.002496750,0.077871,0.0,0.000000
0.002497000,0.078104,0.0,0.000000
0.002497250,0.078338,0.0,0.000000
0.002497500,0.078572,0.0,0.000000
0.002497750,0.078805,0.0,0.000000
0.002498000,0.079039,0.0,0.000000
0.002498250,0.079273,0.0,0.000000
0.002498500,0.079506,0.0,0.000000
0.002498750,0.079739,0.0,0.000000
0.002499000,0.079973,0.0,0.000000
0.002499250,0.080206,0.0,0.000000
0.002499500,0.080440,0.0,0.000000
0.002499750,0.080673,0.0,0.000000
0.002500000,0.080906,0.0,0.000000
0.002500250,0.081139,0.0,0.000000
0.002500500,0.081372,0.0,0.000000
0.002500750,0.081605,0.0,0.000000
0.002501000,0.081838,0.0,0.000000
0.002501250,0.082071,0.0,0.000000
0.002501500,0.082304,0.0,0.000000
0.002501750,0.082537,0.0,0.000000
0.002502000,0.082770,0.0,0.000000
0.002502250,0.083002,0.0,0.000000
0.002502500,0.083235,0.0,0.000000
0.002502750,0.083468,0.0,0.000000
0.002503000,0.083700,0.0,0.000000
0.002503250,0.083933,0.0,0.000000
0.002503500,0.084166,0.0,0.000000
0.002503750,0.084398,0.0,0.000000
0.002504000,0.084630,0.0,0.000000
0.002504250,0.084863,0.0,0.000000
0.002504500,0.085095,0.0,0.000000
0.002504750,0.085327,0.0,0.000000
0.002505000,0.085560,0.0,0.000000
0.002505250,0.085792,0.0,0.000000
0.002505500,0.086024,0.0,0.000000
0.002505750,0.086256,0.0,0.000000
0.002506000,0.086488,0.0,0.000000
0.002506250,0.086720,0.0,0.000000
0.002506500,0.086952,0.0,0.000000
0.002506750,0.087184,0.0,0.000000
0.002507000,0.087416,0.0,0.000000
0.002507250,0.087647,0.0,0.000000
0.002507500,0.087879,0.0,0.000000
0.002507750,0.088111,0.0,0.000000
0.002508000,0.088342,0.0,0.000000
0.002508250,0.088574,0.0,0.000000
0.002508500,0.088806,0.0,0.000000
0.002508750,0.089037,0.0,0.000000
0.002509000,0.089269,0.0,0.000000
0.002509250,0.089500,0.0,0.000000
0.002509500,0.089731,0.0,0.000000
0.002509750,0.089963,0.0,0.000000
0.002510000,0.090194,0.0,0.000000
0.002510250,0.090425,0.0,0.000000
0.002510500,0.090656,0.0,0.000000
0.002510750,0.090887,0.0,0.000000
0.002511000,0.091118,0.0,0.000000
0.002511250,0.091349,0.0,0.000000
0.002511500,0.091580,0.0,0.000000
0.002511750,0.091811,0.0,0.000000
0.002512000,0.092042,0.0,0.000000
0.002512250,0.092273,0.0,0.000000
0.002512500,0.092504,0.0,0.000000
0.002512750,0.092734,0.0,0.000000
0.002513000,0.092965,0.0,0.000000
0.002513250,0.093196,0.0,0.000000
0.002513500,0.093426,0.0,0.000000
0.002513750,0.093657,0.0,0.000000
0.002514000,0.093887,0.0,0.000000
0.002514250,0.094118,0.0,0.000000
0.002514500,0.094348,0.0,0.000000
0.002514750,0.094579,0.0,0.000000
0.002515000,0.094809,0.0,0.000000
0.002515250,0.095039,0.0,0.000000
0.002515500,0.095269,0.0,0.000000
0.002515750,0.095499,0.0,0.000000
0.002516000,0.095730,0.0,0.000000
0.002516250,0.095960,0.0,0.000000
0.002516500,0.096190,0.0,0.000000
0.002516750,0.096420,0.0,0.000000
0.002517000,0.096649,0.0,0.000000
0.002517250,0.096879,0.0,0.000000
0.002517500,0.097109,0.0,0.000000
0.002517750,0.097339,0.0,0.000000
0.002518000,0.097569,0.0,0.000000
0.002518250,0.097798,0.0,0.000000
0.002518500,0.098028,0.0,0.000000
0.002518750,0.098258,0.0,0.000000
0.002519000,0.098487,0.0,0.000000
0.002519250,0.098717,0.0,0.000000
0.002519500,0.098946,0.0,0.000000
0.002519750,0.099175,0.0,0.000000
0.002520000,0.099405,0.0,0.000000
0.002520250,0.099634,0.0,0.000000
0.002520500,0.099863,0.0,0.000000
0.002520750,0.100092,0.0,0.000000
0.002521000,0.100322,0.0,0.000000
0.002521250,0.100551,0.0,0.000000
0.002521500,0.100780,0.0,0.000000
0.002521750,0.101009,0.0,0.000000
0.002522000,0.101238,0.0,0.000000
0.002522250,0.101467,0.0,0.000000
0.002522500,0.101695,0.0,0.000000
0.002522750,0.101924,0.0,0.000000
0.002523000,0.102153,0.0,0.000000
0.002523250,0.102382,0.0,0.000000
0.002523500,0.102610,0.0,0.000000
0.002523750,0.102839,0.0,0.000000
0.002524000,0.103068,0.0,0.000000
0.002524250,0.103296,0.0,0.000000
0.002524500,0.103525,0.0,0.000000
0.002524750,0.103753,0.0,0.000000
0.002525000,0.103981,0.0,0.000000
0.002525250,0.104210,0.0,0.000000
0.002525500,0.104438,0.0,0.000000
0.002525750,0.104666,0.0,0.000000
0.002526000,0.104894,0.0,0.000000
0.002526250,0.105123,0.0,0.000000
0.002526500,0.105351,0.0,0.000000
0.002526750,0.105579,0.0,0.000000
0.002527000,0.105807,0.0,0.000000
0.002527250,0.106035,0.0,0.000000
0.002527500,0.106263,0.0,0.000000
0.002527750,0.106490,0.0,0.000000
0.002528000,0.106718,0.0,0.000000
0.002528250,0.106946,0.0,0.000000
0.002528500,0.107174,0.0,0.000000
0.002528750,0.107401,0.0,0.000000
0.002529000,0.107629,0.0,0.000000
0.002529250,0.107857,0.0,0.000000
0.002529500,0.108084,0.0,0.000000
0.002529750,0.108312,0.0,0.000000
0.002530000,0.108539,0.0,0.000000
0.002530250,0.108766,0.0,0.000000
0.002530500,0.108994,0.0,0.000000
0.002530750,0.109221,0.0,0.000000
0.002531000,0.109448,0.0,0.000000
0.002531250,0.109676,0.0,0.000000
0.002531500,0.109903,0.0,0.000000
0.002531750,0.110130,0.0,0.000000
0.002532000,0.110357,0.0,0.000000
0.002532250,0.110584,0.0,0.000000
0.002532500,0.110811,0.0,0.000000
0.002532750,0.111038,0.0,0.000000
0.002533000,0.111265,0.0,0.000000
0.002533250,0.111491,0.0,0.000000
0.002533500,0.111718,0.0,0.000000
0.002533750,0.111945,0.0,0.000000
0.002534000,0.112172,0.0,0.000000
0.002534250,0.112398,0.0,0.000000
0.002534500,0.112625,0.0,0.000000
0.002534750,0.112851,0.0,0.000000
0.002535000,0.113078,0.0,0.000000
0.002535250,0.113304,0.0,0.000000
0.002535500,0.113531,0.0,0.000000
0.002535750,0.113757,0.0,0.000000
0.002536000,0.113983,0.0,0.000000
0.002536250,0.114210,0.0,0.000000
0.002536500,0.114436,0.0,0.000000
0.002536750,0.114662,0.0,0.000000
0.002537000,0.114888,0.0,0.000000
0.002537250,0.115114,0.0,0.000000
0.002537500,0.115340,0.0,0.000000
0.002537750,0.115566,0.0,0.000000
0.002538000,0.115792,0.0,0.000000
0.002538250,0.116018,0.0,0.000000
0.002538500,0.116244,0.0,0.000000
0.002538750,0.116469,0.0,0.000000
0.002539000,0.116695,0.0,0.000000
0.002539250,0.116921,0.0,0.000000
0.002539500,0.117147,0.0,0.000000
0.002539750,0.117372,0.0,0.000000
0.002540000,0.117598,0.0,0.000000
0.002540250,0.117823,0.0,0.000000
0.002540500,0.118049,0.0,0.000000
0.002540750,0.118274,0.0,0.000000
0.002541000,0.118499,0.0,0.000000
0.002541250,0.118725,0.0,0.000000
0.002541500,0.118950,0.0,0.000000
0.002541750,0.119175,0.0,0.000000
0.002542000,0.119400,0.0,0.000000
0.002542250,0.119625,0.0,0.000000
0.002542500,0.119851,0.0,0.000000
0.002542750,0.120076,0.0,0.000000
0.002543000,0.120301,0.0,0.000000
0.002543250,0.120526,0.0,0.000000
0.002543500,0.120750,0.0,0.000000
0.002543750,0.120975,0.0,0.000000
0.002544000,0.121200,0.0,0.000000
0.002544250,0.121425,0.0,0.000000
0.002544500,0.121649,0.0,0.000000
0.002544750,0.121874,0.0,0.000000
0.002545000,0.122099,0.0,0.000000
0.002545250,0.122323,0.0,0.000000
0.002545500,0.122548,0.0,0.000000
0.002545750,0.122772,0.0,0.000000
0.002546000,0.122997,0.0,0.000000
0.002546250,0.123221,0.0,0.000000
0.002546500,0.123445,0.0,0.000000
0.002546750,0.123670,0.0,0.000000
0.002547000,0.123894,0.0,0.000000
0.002547250,0.124118,0.0,0.000000
0.002547500,0.124342,0.0,0.000000
0.002547750,0.124566,0.0,0.000000
0.002548000,0.124790,0.0,0.000000
0.002548250,0.125014,0.0,0.000000
0.002548500,0.125238,0.0,0.000000
0.002548750,0.125462,0.0,0.000000
0.002549000,0.125686,0.0,0.000000
0.002549250,0.125910,0.0,0.000000
0.002549500,0.126134,0.0,0.000000
0.002549750,0.126357,0.0,0.000000
0.002550000,0.126581,0.0,0.000000
0.002550250,0.126805,0.0,0.000000
0.002550500,0.127028,0.0,0.000000
0.002550750,0.127252,0.0,0.000000
0.002551000,0.127475,0.0,0.000000
0.002551250,0.127699,0.0,0.000000
0.002551500,0.127922,0.0,0.000000
0.002551750,0.128146,0.0,0.000000
0.002552000,0.128369,0.0,0.000000
0.002552250,0.128592,0.0,0.000000
0.002552500,0.128815,0.0,0.000000
0.002552750,0.129038,0.0,0.000000
0.002553000,0.129262,0.0,0.000000
0.002553250,0.129485,0.0,0.000000
0.002553500,0.129708,0.0,0.000000
0.002553750,0.129931,0.0,0.000000
0.002554000,0.130154,0.0,0.000000
0.002554250,0.130376,0.0,0.000000
0.002554500,0.130599,0.0,0.000000
0.002554750,0.130822,0.0,0.000000
0.002555000,0.131045,0.0,0.000000
0.002555250,0.131268,0.0,0.000000
0.002555500,0.131490,0.0,0.000000
0.002555750,0.131713,0.0,0.000000
0.002556000,0.131935,0.0,0.000000
0.002556250,0.132158,0.0,0.000000
0.002556500,0.132380,0.0,0.000000
0.002556750,0.132603,0.0,0.000000
0.002557000,0.132825,0.0,0.000000
0.002557250,0.133047,0.0,0.000000
0.002557500,0.133270,0.0,0.000000
0.002557750,0.133492,0.0,0.000000
0.002558000,0.133714,0.0,0.000000
0.002558250,0.133936,0.0,0.000000
0.002558500,0.134158,0.0,0.000000
0.002558750,0.134380,0.0,0.000000
0.002559000,0.134602,0.0,0.000000
0.002559250,0.134824,0.0,0.000000
0.002559500,0.135046,0.0,0.000000
0.002559750,0.135268,0.0,0.000000
0.002560000,0.135490,0.0,0.000000
0.002560250,0.135712,0.0,0.000000
0.002560500,0.135933,0.0,0.000000
0.002560750,0.136155,0.0,0.000000
0.002561000,0.136377,0.0,0.000000
0.002561250,0.136598,0.0,0.000000
0.002561500,0.136820,0.0,0.000000
0.002561750,0.137041,0.0,0.000000
0.002562000,0.137263,0.0,0.000000
0.002562250,0.137484,0.0,0.000000
0.002562500,0.137706,0.0,0.000000
0.002562750,0.137927,0.0,0.000000
0.002563000,0.138148,0.0,0.000000
0.002563250,0.138369,0.0,0.000000
0.002563500,0.138591,0.0,0.000000
0.002563750,0.138812,0.0,0.000000
0.002564000,0.139033,0.0,0.000000
0.002564250,0.139254,0.0,0.000000
0.002564500,0.139475,0.0,0.000000
0.002564750,0.139696,0.0,0.000000
0.002565000,0.139917,0.0,0.000000
0.002565250,0.140137,0.0,0.000000
0.002565500,0.140358,0.0,0.000000
0.002565750,0.140579,0.0,0.000000
0.002566000,0.140800,0.0,0.000000
0.002566250,0.141020,0.0,0.000000
0.002566500,0.141241,0.0,0.000000
0.002566750,0.141462,0.0,0.000000
0.002567000,0.141682,0.0,0.000000
0.002567250,0.141903,0.0,0.000000
0.002567500,0.142123,0.0,0.000000
0.002567750,0.142343,0.0,0.000000
0.002568000,0.142564,0.0,0.000000
0.002568250,0.142784,0.0,0.000000
0.002568500,0.143004,0.0,0.000000
0.002568750,0.143225,0.0,0.000000
0.002569000,0.143445,0.0,0.000000
0.002569250,0.143665,0.0,0.000000
0.002569500,0.143885,0.0,0.000000
0.002569750,0.144105,0.0,0.000000
0.002570000,0.144325,0.0,0.000000
0.002570250,0.144545,0.0,0.000000
0.002570500,0.144765,0.0,0.000000
0.002570750,0.144985,0.0,0.000000
0.002571000,0.145204,0.0,0.000000
0.002571250,0.145424,0.0,0.000000
0.002571500,0.145644,0.0,0.000000
0.002571750,0.145863,0.0,0.000000
0.002572000,0.146083,0.0,0.000000
0.002572250,0.146303,0.0,0.000000
0.002572500,0.146522,0.0,0.000000
0.002572750,0.146742,0.0,0.000000
0.002573000,0.146961,0.0,0.000000
0.002573250,0.147180,0.0,0.000000
0.002573500,0.147400,0.0,0.000000
0.002573750,0.147619,0.0,0.000000
0.002574000,0.147838,0.0,0.000000
0.002574250,0.148058,0.0,0.000000
0.002574500,0.148277,0.0,0.000000
0.002574750,0.148496,0.0,0.000000
0.002575000,0.148715,0.0,0.000000
0.002575250,0.148934,0.0,0.000000
0.002575500,0.149153,0.0,0.000000
0.002575750,0.149372,0.0,0.000000
0.002576000,0.149591,0.0,0.000000
0.002576250,0.149809,0.0,0.000000
0.002576500,0.150028,0.0,0.000000
0.002576750,0.150247,0.0,0.000000
0.002577000,0.150466,0.0,0.000000
0.002577250,0.150684,0.0,0.000000
0.002577500,0.150903,0.0,0.000000
0.002577750,0.151122,0.0,0.000000
0.002578000,0.151340,0.0,0.000000
0.002578250,0.151558,0.0,0.000000
0.002578500,0.151777,0.0,0.000000
0.002578750,0.151995,0.0,0.000000
0.002579000,0.152214,0.0,0.000000
0.002579250,0.152432,0.0,0.000000
0.002579500,0.152650,0.0,0.000000
0.002579750,0.152868,0.0,0.000000
0.002580000,0.153086,0.0,0.000000
0.002580250,0.153305,0.0,0.000000
0.002580500,0.153523,0.0,0.000000
0.002580750,0.153741,0.0,0.000000
0.002581000,0.153959,0.0,0.000000
0.002581250,0.154177,0.0,0.000000
0.002581500,0.154394,0.0,0.000000
0.002581750,0.154612,0.0,0.000000
0.002582000,0.154830,0.0,0.000000
0.002582250,0.155048,0.0,0.000000
0.002582500,0.155266,0.0,0.000000
0.002582750,0.155483,0.0,0.000000
0.002583000,0.155701,0.0,0.000000
0.002583250,0.155918,0.0,0.000000
0.002583500,0.156136,0.0,0.000000
0.002583750,0.156353,0.0,0.000000
0.002584000,0.156571,0.0,0.000000
0.002584250,0.156788,0.0,0.000000
0.002584500,0.157005,0.0,0.000000
0.002584750,0.157223,0.0,0.000000
0.002585000,0.157440,0.0,0.000000
0.002585250,0.157657,0.0,0.000000
0.002585500,0.157874,0.0,0.000000
0.002585750,0.158091,0.0,0.000000
0.002586000,0.158309,0.0,0.000000
0.002586250,0.158526,0.0,0.000000
0.002586500,0.158743,0.0,0.000000
0.002586750,0.158959,0.0,0.000000
0.002587000,0.159176,0.0,0.000000
0.002587250,0.159393,0.0,0.000000
0.002587500,0.159610,0.0,0.000000
0.002587750,0.159827,0.0,0.000000
0.002588000,0.160043,0.0,0.000000
0.002588250,0.160260,0.0,0.000000
0.002588500,0.160477,0.0,0.000000
0.002588750,0.160693,0.0,0.000000
0.002589000,0.160910,0.0,0.000000
0.002589250,0.161126,0.0,0.000000
0.002589500,0.161343,0.0,0.000000
0.002589750,0.161559,0.0,0.000000
0.002590000,0.161775,0.0,0.000000
0.002590250,0.161992,0.0,0.000000
0.002590500,0.162208,0.0,0.000000
0.002590750,0.162424,0.0,0.000000
0.002591000,0.162640,0.0,0.000000
0.002591250,0.162856,0.0,0.000000
0.002591500,0.163072,0.0,0.000000
0.002591750,0.163289,0.0,0.000000
0.002592000,0.163504,0.0,0.000000
0.002592250,0.163720,0.0,0.000000
0.002592500,0.163936,0.0,0.000000
0.002592750,0.164152,0.0,0.000000
0.002593000,0.164368,0.0,0.000000
0.002593250,0.164584,0.0,0.000000
0.002593500,0.164799,0.0,0.000000
0.002593750,0.165015,0.0,0.000000
0.002594000,0.165231,0.0,0.000000
0.002594250,0.165446,0.0,0.000000
0.002594500,0.165662,0.0,0.000000
0.002594750,0.165877,0.0,0.000000
0.002595000,0.166093,0.0,0.000000
0.002595250,0.166308,0.0,0.000000
0.002595500,0.166523,0.0,0.000000
0.002595750,0.166739,0.0,0.000000
0.002596000,0.166954,0.0,0.000000
0.002596250,0.167169,0.0,0.000000
0.002596500,0.167384,0.0,0.000000
0.002596750,0.167600,0.0,0.000000
0.002597000,0.167815,0.0,0.000000
0.002597250,0.168030,0.0,0.000000
0.002597500,0.168245,0.0,0.000000
0.002597750,0.168460,0.0,0.000000
0.002598000,0.168675,0.0,0.000000
0.002598250,0.168889,0.0,0.000000
0.002598500,0.169104,0.0,0.000000
0.002598750,0.169319,0.0,0.000000
0.002599000,0.169534,0.0,0.000000
0.002599250,0.169748,0.0,0.000000
0.002599500,0.169963,0.0,0.000000
0.002599750,0.170178,0.0,0.000000
0.002600000,0.170392,0.0,0.000000
0.002600250,0.170607,0.0,0.000000
0.002600500,0.170821,0.0,0.000000
0.002600750,0.171036,0.0,0.000000
0.002601000,0.171250,0.0,0.000000
0.002601250,0.171464,0.0,0.000000
0.002601500,0.171679,0.0,0.000000
0.002601750,0.171893,0.0,0.000000
0.002602000,0.172107,0.0,0.000000
0.002602250,0.172321,0.0,0.000000
0.002602500,0.172535,0.0,0.000000
0.002602750,0.172749,0.0,0.000000
0.002603000,0.172963,0.0,0.000000
0.002603250,0.173177,0.0,0.000000
0.002603500,0.173391,0.0,0.000000
0.002603750,0.173605,0.0,0.000000
0.002604000,0.173819,0.0,0.000000
0.002604250,0.174033,0.0,0.000000
0.002604500,0.174246,0.0,0.000000
0.002604750,0.174460,0.0,0.000000
0.002605000,0.174674,0.0,0.000000
0.002605250,0.174887,0.0,0.000000
0.002605500,0.175101,0.0,0.000000
0.002605750,0.175314,0.0,0.000000
0.002606000,0.175528,0.0,0.000000
0.002606250,0.175741,0.0,0.000000
0.002606500,0.175955,0.0,0.000000
0.002606750,0.176168,0.0,0.000000
0.002607000,0.176381,0.0,0.000000
0.002607250,0.176595,0.0,0.000000
0.002607500,0.176808,0.0,0.000000
0.002607750,0.177021,0.0,0.000000
0.002608000,0.177234,0.0,0.000000
0.002608250,0.177447,0.0,0.000000
0.002608500,0.177660,0.0,0.000000
0.002608750,0.177873,0.0,0.000000
0.002609000,0.178086,0.0,0.000000
0.002609250,0.178299,0.0,0.000000
0.002609500,0.178512,0.0,0.000000
0.002609750,0.178725,0.0,0.000000
0.002610000,0.178937,0.0,0.000000
0.002610250,0.179150,0.0,0.000000
0.002610500,0.179363,0.0,0.000000
0.002610750,0.179575,0.0,0.000000
0.002611000,0.179788,0.0,0.000000
0.002611250,0.180001,0.0,0.000000
0.002611500,0.180213,0.0,0.000000
0.002611750,0.180426,0.0,0.000000
0.002612000,0.180638,0.0,0.000000
0.002612250,0.180850,0.0,0.000000
0.002612500,0.181063,0.0,0.000000
0.002612750,0.181275,0.0,0.000000
0.002613000,0.181487,0.0,0.000000
0.002613250,0.181699,0.0,0.000000
0.002613500,0.181911,0.0,0.000000
0.002613750,0.182124,0.0,0.000000
0.002614000,0.182336,0.0,0.000000
0.002614250,0.182548,0.0,0.000000
0.002614500,0.182760,0.0,0.000000
0.002614750,0.182972,0.0,0.000000
0.002615000,0.183183,0.0,0.000000
0.002615250,0.183395,0.0,0.000000
0.002615500,0.183607,0.0,0.000000
0.002615750,0.183819,0.0,0.000000
0.002616000,0.184031,0.0,0.000000
0.002616250,0.184242,0.0,0.000000
0.002616500,0.184454,0.0,0.000000
0.002616750,0.184665,0.0,0.000000
0.002617000,0.184877,0.0,0.000000
0.002617250,0.185088,0.0,0.000000
0.002617500,0.185300,0.0,0.000000
0.002617750,0.185511,0.0,0.000000
0.002618000,0.185723,0.0,0.000000
0.002618250,0.185934,0.0,0.000000
0.002618500,0.186145,0.0,0.000000
0.002618750,0.186356,0.0,0.000000
0.002619000,0.186568,0.0,0.000000
0.002619250,0.186779,0.0,0.000000
0.002619500,0.186990,0.0,0.000000
0.002619750,0.187201,0.0,0.000000
0.002620000,0.187412,0.0,0.000000
0.002620250,0.187623,0.0,0.000000
0.002620500,0.187834,0.0,0.000000
0.002620750,0.188045,0.0,0.000000
0.002621000,0.188255,0.0,0.000000
0.002621250,0.188466,0.0,0.000000
0.002621500,0.188677,0.0,0.000000
0.002621750,0.188888,0.0,0.000000
0.002622000,0.189098,0.0,0.000000
0.002622250,0.189309,0.0,0.000000
0.002622500,0.189519,0.0,0.000000
0.002622750,0.189730,0.0,0.000000
0.002623000,0.189940,0.0,0.000000
0.002623250,0.190151,0.0,0.000000
0.002623500,0.190361,0.0,0.000000
0.002623750,0.190572,0.0,0.000000
0.002624000,0.190782,0.0,0.000000
0.002624250,0.190992,0.0,0.000000
0.002624500,0.191202,0.0,0.000000
0.002624750,0.191412,0.0,0.000000
0.002625000,0.191623,0.0,0.000000
0.002625250,0.191833,0.0,0.000000
0.002625500,0.192043,0.0,0.000000
0.002625750,0.192253,0.0,0.000000
0.002626000,0.192463,0.0,0.000000
0.002626250,0.192673,0.0,0.000000
0.002626500,0.192882,0.0,0.000000
0.002626750,0.193092,0.0,0.000000
0.002627000,0.193302,0.0,0.000000
0.002627250,0.193512,0.0,0.000000
0.002627500,0.193721,0.0,0.000000
0.002627750,0.193931,0.0,0.000000
0.002628000,0.194141,0.0,0.000000
0.002628250,0.194350,0.0,0.000000
0.002628500,0.194560,0.0,0.000000
0.002628750,0.194769,0.0,0.000000
0.002629000,0.194979,0.0,0.000000
0.002629250,0.195188,0.0,0.000000
0.002629500,0.195397,0.0,0.000000
0.002629750,0.195607,0.0,0.000000
0.002630000,0.195816,0.0,0.000000
0.002630250,0.196025,0.0,0.000000
0.002630500,0.196234,0.0,0.000000
0.002630750,0.196443,0.0,0.000000
0.002631000,0.196652,0.0,0.000000
0.002631250,0.196861,0.0,0.000000
0.002631500,0.197070,0.0,0.000000
0.002631750,0.197279,0.0,0.000000
0.002632000,0.197488,0.0,0.000000
0.002632250,0.197697,0.0,0.000000
0.002632500,0.197906,0.0,0.000000
0.002632750,0.198115,0.0,0.000000
0.002633000,0.198323,0.0,0.000000
0.002633250,0.198532,0.0,0.000000
0.002633500,0.198741,0.0,0.000000
0.002633750,0.198949,0.0,0.000000
0.002634000,0.199158,0.0,0.000000
0.002634250,0.199366,0.0,0.000000
0.002634500,0.199575,0.0,0.000000
0.002634750,0.199783,0.0,0.000000
0.002635000,0.199992,0.0,0.000000
0.002635250,0.200200,0.0,0.000000
0.002635500,0.200408,0.0,0.000000
0.002635750,0.200617,0.0,0.000000
0.002636000,0.200825,0.0,0.000000
0.002636250,0.201033,0.0,0.000000
0.002636500,0.201241,0.0,0.000000
0.002636750,0.201449,0.0,0.000000
0.002637000,0.201657,0.0,0.000000
0.002637250,0.201865,0.0,0.000000
0.002637500,0.202073,0.0,0.000000
0.002637750,0.202281,0.0,0.000000
0.002638000,0.202489,0.0,0.000000
0.002638250,0.202697,0.0,0.000000
0.002638500,0.202904,0.0,0.000000
0.002638750,0.203112,0.0,0.000000
0.002639000,0.203320,0.0,0.000000
0.002639250,0.203527,0.0,0.000000
0.002639500,0.203735,0.0,0.000000
0.002639750,0.203943,0.0,0.000000
0.002640000,0.204150,0.0,0.000000
0.002640250,0.204358,0.0,0.000000
0.002640500,0.204565,0.0,0.000000
0.002640750,0.204772,0.0,0.000000
0.002641000,0.204980,0.0,0.000000
0.002641250,0.205187,0.0,0.000000
0.002641500,0.205394,0.0,0.000000
0.002641750,0.205601,0.0,0.000000
0.002642000,0.205809,0.0,0.000000
0.002642250,0.206016,0.0,0.000000
0.002642500,0.206223,0.0,0.000000
0.002642750,0.206430,0.0,0.000000
0.002643000,0.206637,0.0,0.000000
0.002643250,0.206844,0.0,0.000000
0.002643500,0.207051,0.0,0.000000
0.002643750,0.207258,0.0,0.000000
0.002644000,0.207464,0.0,0.000000
0.002644250,0.207671,0.0,0.000000
0.002644500,0.207878,0.0,0.000000
0.002644750,0.208085,0.0,0.000000
0.002645000,0.208291,0.0,0.000000
0.002645250,0.208498,0.0,0.000000
0.002645500,0.208704,0.0,0.000000
0.002645750,0.208911,0.0,0.000000
0.002646000,0.209117,0.0,0.000000
0.002646250,0.209324,0.0,0.000000
0.002646500,0.209530,0.0,0.000000
0.002646750,0.209737,0.0,0.000000
0.002647000,0.209943,0.0,0.000000
0.002647250,0.210149,0.0,0.000000
0.002647500,0.210355,0.0,0.000000
0.002647750,0.210562,0.0,0.000000
0.002648000,0.210768,0.0,0.000000
0.002648250,0.210974,0.0,0.000000
0.002648500,0.211180,0.0,0.000000
0.002648750,0.211386,0.0,0.000000
0.002649000,0.211592,0.0,0.000000
0.002649250,0.211798,0.0,0.000000
0.002649500,0.212004,0.0,0.000000
0.002649750,0.212209,0.0,0.000000
0.002650000,0.212415,0.0,0.000000
0.002650250,0.212621,0.0,0.000000
0.002650500,0.212827,0.0,0.000000
0.002650750,0.213032,0.0,0.000000
0.002651000,0.213238,0.0,0.000000
0.002651250,0.213444,0.0,0.000000
0.002651500,0.213649,0.0,0.000000
0.002651750,0.213855,0.0,0.000000
0.002652000,0.214060,0.0,0.000000
0.002652250,0.214265,0.0,0.000000
0.002652500,0.214471,0.0,0.000000
0.002652750,0.214676,0.0,0.000000
0.002653000,0.214881,0.0,0.000000
0.002653250,0.215087,0.0,0.000000
0.002653500,0.215292,0.0,0.000000
0.002653750,0.215497,0.0,0.000000
0.002654000,0.215702,0.0,0.000000
0.002654250,0.215907,0.0,0.000000
0.002654500,0.216112,0.0,0.000000
0.002654750,0.216317,0.0,0.000000
0.002655000,0.216522,0.0,0.000000
0.002655250,0.216727,0.0,0.000000
0.002655500,0.216932,0.0,0.000000
0.002655750,0.217137,0.0,0.000000
0.002656000,0.217341,0.0,0.000000
0.002656250,0.217546,0.0,0.000000
0.002656500,0.217751,0.0,0.000000
0.002656750,0.217955,0.0,0.000000
0.002657000,0.218160,0.0,0.000000
0.002657250,0.218365,0.0,0.000000
0.002657500,0.218569,0.0,0.000000
0.002657750,0.218773,0.0,0.000000
0.002658000,0.218978,0.0,0.000000
0.002658250,0.219182,0.0,0.000000
0.002658500,0.219387,0.0,0.000000
0.002658750,0.219591,0.0,0.000000
0.002659000,0.219795,0.0,0.000000
0.002659250,0.219999,0.0,0.000000
0.002659500,0.220204,0.0,0.000000
0.002659750,0.220408,0.0,0.000000
0.002660000,0.220612,0.0,0.000000
0.002660250,0.220816,0.0,0.000000
0.002660500,0.221020,0.0,0.000000
0.002660750,0.221224,0.0,0.000000
0.002661000,0.221428,0.0,0.000000
0.002661250,0.221632,0.0,0.000000
0.002661500,0.221835,0.0,0.000000
0.002661750,0.222039,0.0,0.000000
0.002662000,0.222243,0.0,0.000000
0.002662250,0.222447,0.0,0.000000
0.002662500,0.222650,0.0,0.000000
0.002662750,0.222854,0.0,0.000000
0.002663000,0.223057,0.0,0.000000
0.002663250,0.223261,0.0,0.000000
0.002663500,0.223464,0.0,0.000000
0.002663750,0.223668,0.0,0.000000
0.002664000,0.223871,0.0,0.000000
0.002664250,0.224075,0.0,0.000000
0.002664500,0.224278,0.0,0.000000
0.002664750,0.224481,0.0,0.000000
0.002665000,0.224684,0.0,0.000000
0.002665250,0.224888,0.0,0.000000
0.002665500,0.225091,0.0,0.000000
0.002665750,0.225294,0.0,0.000000
0.002666000,0.225497,0.0,0.000000
0.002666250,0.225700,0.0,0.000000
0.002666500,0.225903,0.0,0.000000
0.002666750,0.226106,0.0,0.000000
0.002667000,0.226309,0.0,0.000000
0.002667250,0.226512,0.0,0.000000
0.002667500,0.226714,0.0,0.000000
0.002667750,0.226917,0.0,0.000000
0.002668000,0.227120,0.0,0.000000
0.002668250,0.227323,0.0,0.000000
0.002668500,0.227525,0.0,0.000000
0.002668750,0.227728,0.0,0.000000
0.002669000,0.227930,0.0,0.000000
0.002669250,0.228133,0.0,0.000000
0.002669500,0.228335,0.0,0.000000
0.002669750,0.228538,0.0,0.000000
0.002670000,0.228740,0.0,0.000000
0.002670250,0.228943,0.0,0.000000
0.002670500,0.229145,0.0,0.000000
0.002670750,0.229347,0.0,0.000000
0.002671000,0.229549,0.0,0.000000
0.002671250,0.229752,0.0,0.000000
0.002671500,0.229954,0.0,0.000000
0.002671750,0.230156,0.0,0.000000
0.002672000,0.230358,0.0,0.000000
0.002672250,0.230560,0.0,0.000000
0.002672500,0.230762,0.0,0.000000
0.002672750,0.230964,0.0,0.000000
0.002673000,0.231166,0.0,0.000000
0.002673250,0.231367,0.0,0.000000
0.002673500,0.231569,0.0,0.000000
0.002673750,0.231771,0.0,0.000000
0.002674000,0.231973,0.0,0.000000
0.002674250,0.232174,0.0,0.000000
0.002674500,0.232376,0.0,0.000000
0.002674750,0.232578,0.0,0.000000
0.002675000,0.232779,0.0,0.000000
0.002675250,0.232981,0.0,0.000000
0.002675500,0.233182,0.0,0.000000
0.002675750,0.233384,0.0,0.000000
0.002676000,0.233585,0.0,0.000000
0.002676250,0.233786,0.0,0.000000
0.002676500,0.233988,0.0,0.000000
0.002676750,0.234189,0.0,0.000000
0.002677000,0.234390,0.0,0.000000
0.002677250,0.234591,0.0,0.000000
0.002677500,0.234792,0.0,0.000000
0.002677750,0.234993,0.0,0.000000
0.002678000,0.235194,0.0,0.000000
0.002678250,0.235395,0.0,0.000000
0.002678500,0.235596,0.0,0.000000
0.002678750,0.235797,0.0,0.000000
0.002679000,0.235998,0.0,0.000000
0.002679250,0.236199,0.0,0.000000
0.002679500,0.236400,0.0,0.000000
0.002679750,0.236601,0.0,0.000000
0.002680000,0.236801,0.0,0.000000
0.002680250,0.237002,0.0,0.000000
0.002680500,0.237203,0.0,0.000000
0.002680750,0.237403,0.0,0.000000
0.002681000,0.237604,0.0,0.000000
0.002681250,0.237804,0.0,0.000000
0.002681500,0.238005,0.0,0.000000
0.002681750,0.238205,0.0,0.000000
0.002682000,0.238405,0.0,0.000000
0.002682250,0.238606,0.0,0.000000
0.002682500,0.238806,0.0,0.000000
0.002682750,0.239006,0.0,0.000000
0.002683000,0.239207,0.0,0.000000
0.002683250,0.239407,0.0,0.000000
0.002683500,0.239607,0.0,0.000000
0.002683750,0.239807,0.0,0.000000
0.002684000,0.240007,0.0,0.000000
0.002684250,0.240207,0.0,0.000000
0.002684500,0.240407,0.0,0.000000
0.002684750,0.240607,0.0,0.000000
0.002685000,0.240807,0.0,0.000000
0.002685250,0.241007,0.0,0.000000
0.002685500,0.241206,0.0,0.000000
0.002685750,0.241406,0.0,0.000000
0.002686000,0.241606,0.0,0.000000
0.002686250,0.241805,0.0,0.000000
0.002686500,0.242005,0.0,0.000000
0.002686750,0.242205,0.0,0.000000
0.002687000,0.242404,0.0,0.000000
0.002687250,0.242604,0.0,0.000000
0.002687500,0.242803,0.0,0.000000
0.002687750,0.243003,0.0,0.000000
0.002688000,0.243202,0.0,0.000000
0.002688250,0.243401,0.0,0.000000
0.002688500,0.243601,0.0,0.000000
0.002688750,0.243800,0.0,0.000000
0.002689000,0.243999,0.0,0.000000
0.002689250,0.244198,0.0,0.000000
0.002689500,0.244397,0.0,0.000000
0.002689750,0.244596,0.0,0.000000
0.002690000,0.244795,0.0,0.000000
0.002690250,0.244994,0.0,0.000000
0.002690500,0.245193,0.0,0.000000
0.002690750,0.245392,0.0,0.000000
0.002691000,0.245591,0.0,0.000000
0.002691250,0.245790,0.0,0.000000
0.002691500,0.245989,0.0,0.000000
0.002691750,0.246188,0.0,0.000000
0.002692000,0.246386,0.0,0.000000
0.002692250,0.246585,0.0,0.000000
0.002692500,0.246784,0.0,0.000000
0.002692750,0.246982,0.0,0.000000
0.002693000,0.247181,0.0,0.000000
0.002693250,0.247379,0.0,0.000000
0.002693500,0.247578,0.0,0.000000
0.002693750,0.247776,0.0,0.000000
0.002694000,0.247975,0.0,0.000000
0.002694250,0.248173,0.0,0.000000
0.002694500,0.248371,0.0,0.000000
0.002694750,0.248569,0.0,0.000000
0.002695000,0.248768,0.0,0.000000
0.002695250,0.248966,0.0,0.000000
0.002695500,0.249164,0.0,0.000000
0.002695750,0.249362,0.0,0.000000
0.002696000,0.249560,0.0,0.000000
0.002696250,0.249758,0.0,0.000000
0.002696500,0.249956,0.0,0.000000
0.002696750,0.250154,0.0,0.000000
0.002697000,0.250352,0.0,0.000000
0.002697250,0.250550,0.0,0.000000
0.002697500,0.250748,0.0,0.000000
0.002697750,0.250945,0.0,0.000000
0.002698000,0.251143,0.0,0.000000
0.002698250,0.251341,0.0,0.000000
0.002698500,0.251538,0.0,0.000000
0.002698750,0.251736,0.0,0.000000
0.002699000,0.251934,0.0,0.000000
0.002699250,0.252131,0.0,0.000000
0.002699500,0.252329,0.0,0.000000
0.002699750,0.252526,0.0,0.000000
0.002700000,0.252723,0.0,0.000000
0.002700250,0.252921,0.0,0.000000
0.002700500,0.253118,0.0,0.000000
0.002700750,0.253315,0.0,0.000000
0.002701000,0.253513,0.0,0.000000
0.002701250,0.253710,0.0,0.000000
0.002701500,0.253907,0.0,0.000000
0.002701750,0.254104,0.0,0.000000
0.002702000,0.254301,0.0,0.000000
0.002702250,0.254498,0.0,0.000000
0.002702500,0.254695,0.0,0.000000
0.002702750,0.254892,0.0,0.000000
0.002703000,0.255089,0.0,0.000000
0.002703250,0.255286,0.0,0.000000
0.002703500,0.255483,0.0,0.000000
0.002703750,0.255680,0.0,0.000000
0.002704000,0.255876,0.0,0.000000
0.002704250,0.256073,0.0,0.000000
0.002704500,0.256270,0.0,0.000000
0.002704750,0.256466,0.0,0.000000
0.002705000,0.256663,0.0,0.000000
0.002705250,0.256860,0.0,0.000000
0.002705500,0.257056,0.0,0.000000
0.002705750,0.257252,0.0,0.000000
0.002706000,0.257449,0.0,0.000000
0.002706250,0.257645,0.0,0.000000
0.002706500,0.257842,0.0,0.000000
0.002706750,0.258038,0.0,0.000000
0.002707000,0.258234,0.0,0.000000
0.002707250,0.258430,0.0,0.000000
0.002707500,0.258627,0.0,0.000000
0.002707750,0.258823,0.0,0.000000
0.002708000,0.259019,0.0,0.000000
0.002708250,0.259215,0.0,0.000000
0.002708500,0.259411,0.0,0.000000
0.002708750,0.259607,0.0,0.000000
0.002709000,0.259803,0.0,0.000000
0.002709250,0.259999,0.0,0.000000
0.002709500,0.260195,0.0,0.000000
0.002709750,0.260390,0.0,0.000000
0.002710000,0.260586,0.0,0.000000
0.002710250,0.260782,0.0,0.000000
0.002710500,0.260978,0.0,0.000000
0.002710750,0.261173,0.0,0.000000
0.002711000,0.261369,0.0,0.000000
0.002711250,0.261564,0.0,0.000000
0.002711500,0.261760,0.0,0.000000
0.002711750,0.261955,0.0,0.000000
0.002712000,0.262151,0.0,0.000000
0.002712250,0.262346,0.0,0.000000
0.002712500,0.262542,0.0,0.000000
0.002712750,0.262737,0.0,0.000000
0.002713000,0.262932,0.0,0.000000
0.002713250,0.263127,0.0,0.000000
0.002713500,0.263323,0.0,0.000000
0.002713750,0.263518,0.0,0.000000
0.002714000,0.263713,0.0,0.000000
0.002714250,0.263908,0.0,0.000000
0.002714500,0.264103,0.0,0.000000
0.002714750,0.264298,0.0,0.000000
0.002715000,0.264493,0.0,0.000000
0.002715250,0.264688,0.0,0.000000
0.002715500,0.264883,0.0,0.000000
0.002715750,0.265078,0.0,0.000000
0.002716000,0.265272,0.0,0.000000
0.002716250,0.265467,0.0,0.000000
0.002716500,0.265662,0.0,0.000000
0.002716750,0.265856,0.0,0.000000
0.002717000,0.266051,0.0,0.000000
0.002717250,0.266246,0.0,0.000000
0.002717500,0.266440,0.0,0.000000
0.002717750,0.266635,0.0,0.000000
0.002718000,0.266829,0.0,0.000000
0.002718250,0.267024,0.0,0.000000
0.002718500,0.267218,0.0,0.000000
0.002718750,0.267412,0.0,0.000000
0.002719000,0.267607,0.0,0.000000
0.002719250,0.267801,0.0,0.000000
0.002719500,0.267995,0.0,0.000000
0.002719750,0.268189,0.0,0.000000
0.002720000,0.268383,0.0,0.000000
0.002720250,0.268578,0.0,0.000000
0.002720500,0.268772,0.0,0.000000
0.002720750,0.268966,0.0,0.000000
0.002721000,0.269160,0.0,0.000000
0.002721250,0.269354,0.0,0.000000
0.002721500,0.269547,0.0,0.000000
0.002721750,0.269741,0.0,0.000000
0.002722000,0.269935,0.0,0.000000
0.002722250,0.270129,0.0,0.000000
0.002722500,0.270323,0.0,0.000000
0.002722750,0.270516,0.0,0.000000
0.002723000,0.270710,0.0,0.000000
0.002723250,0.270904,0.0,0.000000
0.002723500,0.271097,0.0,0.000000
0.002723750,0.271291,0.0,0.000000
0.002724000,0.271484,0.0,0.000000
0.002724250,0.271678,0.0,0.000000
0.002724500,0.271871,0.0,0.000000
0.002724750,0.272065,0.0,0.000000
0.002725000,0.272258,0.0,0.000000
0.002725250,0.272451,0.0,0.000000
0.002725500,0.272644,0.0,0.000000
0.002725750,0.272838,0.0,0.000000
0.002726000,0.273031,0.0,0.000000
0.002726250,0.273224,0.0,0.000000
0.002726500,0.273417,0.0,0.000000
0.002726750,0.273610,0.0,0.000000
0.002727000,0.273803,0.0,0.000000
0.002727250,0.273996,0.0,0.000000
0.002727500,0.274189,0.0,0.000000
0.002727750,0.274382,0.0,0.000000
0.002728000,0.274575,0.0,0.000000
0.002728250,0.274768,0.0,0.000000
0.002728500,0.274960,0.0,0.000000
0.002728750,0.275153,0.0,0.000000
0.002729000,0.275346,0.0,0.000000
0.002729250,0.275538,0.0,0.000000
0.002729500,0.275731,0.0,0.000000
0.002729750,0.275924,0.0,0.000000
0.002730000,0.276116,0.0,0.000000
0.002730250,0.276309,0.0,0.000000
0.002730500,0.276501,0.0,0.000000
0.002730750,0.276693,0.0,0.000000
0.002731000,0.276886,0.0,0.000000
0.002731250,0.277078,0.0,0.000000
0.002731500,0.277270,0.0,0.000000
0.002731750,0.277463,0.0,0.000000
0.002732000,0.277655,0.0,0.000000
0.002732250,0.277847,0.0,0.000000
0.002732500,0.278039,0.0,0.000000
0.002732750,0.278231,0.0,0.000000
0.002733000,0.278423,0.0,0.000000
0.002733250,0.278615,0.0,0.000000
0.002733500,0.278807,0.0,0.000000
0.002733750,0.278999,0.0,0.000000
0.002734000,0.279191,0.0,0.000000
0.002734250,0.279383,0.0,0.000000
0.002734500,0.279575,0.0,0.000000
0.002734750,0.279767,0.0,0.000000
0.002735000,0.279958,0.0,0.000000
0.002735250,0.280150,0.0,0.000000
0.002735500,0.280342,0.0,0.000000
0.002735750,0.280533,0.0,0.000000
0.002736000,0.280725,0.0,0.000000
0.002736250,0.280916,0.0,0.000000
0.002736500,0.281108,0.0,0.000000
0.002736750,0.281299,0.0,0.000000
0.002737000,0.281491,0.0,0.000000
0.002737250,0.281682,0.0,0.000000
0.002737500,0.281873,0.0,0.000000
0.002737750,0.282065,0.0,0.000000
0.002738000,0.282256,0.0,0.000000
0.002738250,0.282447,0.0,0.000000
0.002738500,0.282638,0.0,0.000000
0.002738750,0.282829,0.0,0.000000
0.002739000,0.283021,0.0,0.000000
0.002739250,0.283212,0.0,0.000000
0.002739500,0.283403,0.0,0.000000
0.002739750,0.283594,0.0,0.000000
0.002740000,0.283785,0.0,0.000000
0.002740250,0.283975,0.0,0.000000
0.002740500,0.284166,0.0,0.000000
0.002740750,0.284357,0.0,0.000000
0.002741000,0.284548,0.0,0.000000
0.002741250,0.284739,0.0,0.000000
0.002741500,0.284929,0.0,0.000000
0.002741750,0.285120,0.0,0.000000
0.002742000,0.285311,0.0,0.000000
0.002742250,0.285501,0.0,0.000000
0.002742500,0.285692,0.0,0.000000
0.002742750,0.285882,0.0,0.000000
0.002743000,0.286073,0.0,0.000000
0.002743250,0.286263,0.0,0.000000
0.002743500,0.286453,0.0,0.000000
0.002743750,0.286644,0.0,0.000000
0.002744000,0.286834,0.0,0.000000
0.002744250,0.287024,0.0,0.000000
0.002744500,0.287215,0.0,0.000000
0.002744750,0.287405,0.0,0.000000
0.002745000,0.287595,0.0,0.000000
0.002745250,0.287785,0.0,0.000000
0.002745500,0.287975,0.0,0.000000
0.002745750,0.288165,0.0,0.000000
0.002746000,0.288355,0.0,0.000000
0.002746250,0.288545,0.0,0.000000
0.002746500,0.288735,0.0,0.000000
0.002746750,0.288925,0.0,0.000000
0.002747000,0.289115,0.0,0.000000
0.002747250,0.289304,0.0,0.000000
0.002747500,0.289494,0.0,0.000000
0.002747750,0.289684,0.0,0.000000
0.002748000,0.289873,0.0,0.000000
0.002748250,0.290063,0.0,0.000000
0.002748500,0.290253,0.0,0.000000
0.002748750,0.290442,0.0,0.000000
0.002749000,0.290632,0.0,0.000000
0.002749250,0.290821,0.0,0.000000
0.002749500,0.291011,0.0,0.000000
0.002749750,0.291200,0.0,0.000000
0.002750000,0.291389,0.0,0.000000
0.002750250,0.291579,0.0,0.000000
0.002750500,0.291768,0.0,0.000000
0.002750750,0.291957,0.0,0.000000
0.002751000,0.292146,0.0,0.000000
0.002751250,0.292336,0.0,0.000000
0.002751500,0.292525,0.0,0.000000
0.002751750,0.292714,0.0,0.000000
0.002752000,0.292903,0.0,0.000000
0.002752250,0.293092,0.0,0.000000
0.002752500,0.293281,0.0,0.000000
0.002752750,0.293470,0.0,0.000000
0.002753000,0.293658,0.0,0.000000
0.002753250,0.293847,0.0,0.000000
0.002753500,0.294036,0.0,0.000000
0.002753750,0.294225,0.0,0.000000
0.002754000,0.294414,0.0,0.000000
0.002754250,0.294602,0.0,0.000000
0.002754500,0.294791,0.0,0.000000
0.002754750,0.294980,0.0,0.000000
0.002755000,0.295168,0.0,0.000000
0.002755250,0.295357,0.0,0.000000
0.002755500,0.295545,0.0,0.000000
0.002755750,0.295734,0.0,0.000000
0.002756000,0.295922,0.0,0.000000
0.002756250,0.296110,0.0,0.000000
0.002756500,0.296299,0.0,0.000000
0.002756750,0.296487,0.0,0.000000
0.002757000,0.296675,0.0,0.000000
0.002757250,0.296863,0.0,0.000000
0.002757500,0.297052,0.0,0.000000
0.002757750,0.297240,0.0,0.000000
0.002758000,0.297428,0.0,0.000000
0.002758250,0.297616,0.0,0.000000
0.002758500,0.297804,0.0,0.000000
0.002758750,0.297992,0.0,0.000000
0.002759000,0.298180,0.0,0.000000
0.002759250,0.298368,0.0,0.000000
0.002759500,0.298555,0.0,0.000000
0.002759750,0.298743,0.0,0.000000
0.002760000,0.298931,0.0,0.000000
0.002760250,0.299119,0.0,0.000000
0.002760500,0.299307,0.0,0.000000
0.002760750,0.299494,0.0,0.000000
0.002761000,0.299682,0.0,0.000000
0.002761250,0.299869,0.0,0.000000
0.002761500,0.300057,0.0,0.000000
0.002761750,0.300244,0.0,0.000000
0.002762000,0.300432,0.0,0.000000
0.002762250,0.300619,0.0,0.000000
0.002762500,0.300807,0.0,0.000000
0.002762750,0.300994,0.0,0.000000
0.002763000,0.301181,0.0,0.000000
0.002763250,0.301369,0.0,0.000000
0.002763500,0.301556,0.0,0.000000
0.002763750,0.301743,0.0,0.000000
0.002764000,0.301930,0.0,0.000000
0.002764250,0.302117,0.0,0.000000
0.002764500,0.302304,0.0,0.000000
0.002764750,0.302491,0.0,0.000000
0.002765000,0.302678,0.0,0.000000
0.002765250,0.302865,0.0,0.000000
0.002765500,0.303052,0.0,0.000000
0.002765750,0.303239,0.0,0.000000
0.002766000,0.303426,0.0,0.000000
0.002766250,0.303613,0.0,0.000000
0.002766500,0.303800,0.0,0.000000
0.002766750,0.303986,0.0,0.000000
0.002767000,0.304173,0.0,0.000000
0.002767250,0.304360,0.0,0.000000
0.002767500,0.304546,0.0,0.000000
0.002767750,0.304733,0.0,0.000000
0.002768000,0.304919,0.0,0.000000
0.002768250,0.305106,0.0,0.000000
0.002768500,0.305292,0.0,0.000000
0.002768750,0.305479,0.0,0.000000
0.002769000,0.305665,0.0,0.000000
0.002769250,0.305851,0.0,0.000000
0.002769500,0.306038,0.0,0.000000
0.002769750,0.306224,0.0,0.000000
0.002770000,0.306410,0.0,0.000000
0.002770250,0.306596,0.0,0.000000
0.002770500,0.306783,0.0,0.000000
0.002770750,0.306969,0.0,0.000000
0.002771000,0.307155,0.0,0.000000
0.002771250,0.307341,0.0,0.000000
0.002771500,0.307527,0.0,0.000000
0.002771750,0.307713,0.0,0.000000
0.002772000,0.307899,0.0,0.000000
0.002772250,0.308084,0.0,0.000000
0.002772500,0.308270,0.0,0.000000
0.002772750,0.308456,0.0,0.000000
0.002773000,0.308642,0.0,0.000000
0.002773250,0.308828,0.0,0.000000
0.002773500,0.309013,0.0,0.000000
0.002773750,0.309199,0.0,0.000000
0.002774000,0.309384,0.0,0.000000
0.002774250,0.309570,0.0,0.000000
0.002774500,0.309756,0.0,0.000000
0.002774750,0.309941,0.0,0.000000
0.002775000,0.310126,0.0,0.000000
0.002775250,0.310312,0.0,0.000000
0.002775500,0.310497,0.0,0.000000
0.002775750,0.310683,0.0,0.000000
0.002776000,0.310868,0.0,0.000000
0.002776250,0.311053,0.0,0.000000
0.002776500,0.311238,0.0,0.000000
0.002776750,0.311424,0.0,0.000000
0.002777000,0.311609,0.0,0.000000
0.002777250,0.311794,0.0,0.000000
0.002777500,0.311979,0.0,0.000000
0.002777750,0.312164,0.0,0.000000
0.002778000,0.312349,0.0,0.000000
0.002778250,0.312534,0.0,0.000000
0.002778500,0.312719,0.0,0.000000
0.002778750,0.312904,0.0,0.000000
0.002779000,0.313088,0.0,0.000000
0.002779250,0.313273,0.0,0.000000
0.002779500,0.313458,0.0,0.000000
0.002779750,0.313643,0.0,0.000000
0.002780000,0.313827,0.0,0.000000
0.002780250,0.314012,0.0,0.000000
0.002780500,0.314197,0.0,0.000000
0.002780750,0.314381,0.0,0.000000
0.002781000,0.314566,0.0,0.000000
0.002781250,0.314750,0.0,0.000000
0.002781500,0.314935,0.0,0.000000
0.002781750,0.315119,0.0,0.000000
0.002782000,0.315303,0.0,0.000000
0.002782250,0.315488,0.0,0.000000
0.002782500,0.315672,0.0,0.000000
0.002782750,0.315856,0.0,0.000000
0.002783000,0.316040,0.0,0.000000
0.002783250,0.316225,0.0,0.000000
0.002783500,0.316409,0.0,0.000000
0.002783750,0.316593,0.0,0.000000
0.002784000,0.316777,0.0,0.000000
0.002784250,0.316961,0.0,0.000000
0.002784500,0.317145,0.0,0.000000
0.002784750,0.317329,0.0,0.000000
0.002785000,0.317513,0.0,0.000000
0.002785250,0.317697,0.0,0.000000
0.002785500,0.317880,0.0,0.000000
0.002785750,0.318064,0.0,0.000000
0.002786000,0.318248,0.0,0.000000
0.002786250,0.318432,0.0,0.000000
0.002786500,0.318615,0.0,0.000000
0.002786750,0.318799,0.0,0.000000
0.002787000,0.318983,0.0,0.000000
0.002787250,0.319166,0.0,0.000000
0.002787500,0.319350,0.0,0.000000
0.002787750,0.319533,0.0,0.000000
0.002788000,0.319717,0.0,0.000000
0.002788250,0.319900,0.0,0.000000
0.002788500,0.320083,0.0,0.000000
0.002788750,0.320267,0.0,0.000000
0.002789000,0.320450,0.0,0.000000
0.002789250,0.320633,0.0,0.000000
0.002789500,0.320816,0.0,0.000000
0.002789750,0.321000,0.0,0.000000
0.002790000,0.321183,0.0,0.000000
0.002790250,0.321366,0.0,0.000000
0.002790500,0.321549,0.0,0.000000
0.002790750,0.321732,0.0,0.000000
0.002791000,0.321915,0.0,0.000000
0.002791250,0.322098,0.0,0.000000
0.002791500,0.322281,0.0,0.000000
0.002791750,0.322464,0.0,0.000000
0.002792000,0.322647,0.0,0.000000
0.002792250,0.322829,0.0,0.000000
0.002792500,0.323012,0.0,0.000000
0.002792750,0.323195,0.0,0.000000
0.002793000,0.323377,0.0,0.000000
0.002793250,0.323560,0.0,0.000000
0.002793500,0.323743,0.0,0.000000
0.002793750,0.323925,0.0,0.000000
0.002794000,0.324108,0.0,0.000000
0.002794250,0.324290,0.0,0.000000
0.002794500,0.324473,0.0,0.000000
0.002794750,0.324655,0.0,0.000000
0.002795000,0.324838,0.0,0.000000
0.002795250,0.325020,0.0,0.000000
0.002795500,0.325202,0.0,0.000000
0.002795750,0.325384,0.0,0.000000
0.002796000,0.325567,0.0,0.000000
0.002796250,0.325749,0.0,0.000000
0.002796500,0.325931,0.0,0.000000
0.002796750,0.326113,0.0,0.000000
0.002797000,0.326295,0.0,0.000000
0.002797250,0.326477,0.0,0.000000
0.002797500,0.326659,0.0,0.000000
0.002797750,0.326841,0.0,0.000000
0.002798000,0.327023,0.0,0.000000
0.002798250,0.327205,0.0,0.000000
0.002798500,0.327387,0.0,0.000000
0.002798750,0.327569,0.0,0.000000
0.002799000,0.327751,0.0,0.000000
0.002799250,0.327932,0.0,0.000000
0.002799500,0.328114,0.0,0.000000
0.002799750,0.328296,0.0,0.000000
0.002800000,0.328477,0.0,0.000000
0.002800250,0.328659,0.0,0.000000
0.002800500,0.328840,0.0,0.000000
0.002800750,0.329022,0.0,0.000000
0.002801000,0.329203,0.0,0.000000
0.002801250,0.329385,0.0,0.000000
0.002801500,0.329566,0.0,0.000000
0.002801750,0.329747,0.0,0.000000
0.002802000,0.329929,0.0,0.000000
0.002802250,0.330110,0.0,0.000000
0.002802500,0.330291,0.0,0.000000
0.002802750,0.330473,0.0,0.000000
0.002803000,0.330654,0.0,0.000000
0.002803250,0.330835,0.0,0.000000
0.002803500,0.331016,0.0,0.000000
0.002803750,0.331197,0.0,0.000000
0.002804000,0.331378,0.0,0.000000
0.002804250,0.331559,0.0,0.000000
0.002804500,0.331740,0.0,0.000000
0.002804750,0.331921,0.0,0.000000
0.002805000,0.332102,0.0,0.000000
0.002805250,0.332283,0.0,0.000000
0.002805500,0.332463,0.0,0.000000
0.002805750,0.332644,0.0,0.000000
0.002806000,0.332825,0.0,0.000000
0.002806250,0.333005,0.0,0.000000
0.002806500,0.333186,0.0,0.000000
0.002806750,0.333367,0.0,0.000000
0.002807000,0.333547,0.0,0.000000
0.002807250,0.333728,0.0,0.000000
0.002807500,0.333908,0.0,0.000000
0.002807750,0.334089,0.0,0.000000
0.002808000,0.334269,0.0,0.000000
0.002808250,0.334450,0.0,0.000000
0.002808500,0.334630,0.0,0.000000
0.002808750,0.334810,0.0,0.000000
0.002809000,0.334990,0.0,0.000000
0.002809250,0.335171,0.0,0.000000
0.002809500,0.335351,0.0,0.000000
0.002809750,0.335531,0.0,0.000000
0.002810000,0.335711,0.0,0.000000
0.002810250,0.335891,0.0,0.000000
0.002810500,0.336071,0.0,0.000000
0.002810750,0.336251,0.0,0.000000
0.002811000,0.336431,0.0,0.000000
0.002811250,0.336611,0.0,0.000000
0.002811500,0.336791,0.0,0.000000
0.002811750,0.336971,0.0,0.000000
0.002812000,0.337151,0.0,0.000000
0.002812250,0.337330,0.0,0.000000
0.002812500,0.337510,0.0,0.000000
0.002812750,0.337690,0.0,0.000000
0.002813000,0.337870,0.0,0.000000
0.002813250,0.338049,0.0,0.000000
0.002813500,0.338229,0.0,0.000000
0.002813750,0.338408,0.0,0.000000
0.002814000,0.338588,0.0,0.000000
0.002814250,0.338767,0.0,0.000000
0.002814500,0.338947,0.0,0.000000
0.002814750,0.339126,0.0,0.000000
0.002815000,0.339306,0.0,0.000000
0.002815250,0.339485,0.0,0.000000
0.002815500,0.339664,0.0,0.000000
0.002815750,0.339843,0.0,0.000000
0.002816000,0.340023,0.0,0.000000
0.002816250,0.340202,0.0,0.000000
0.002816500,0.340381,0.0,0.000000
0.002816750,0.340560,0.0,0.000000
0.002817000,0.340739,0.0,0.000000
0.002817250,0.340918,0.0,0.000000
0.002817500,0.341097,0.0,0.000000
0.002817750,0.341276,0.0,0.000000
0.002818000,0.341455,0.0,0.000000
0.002818250,0.341634,0.0,0.000000
0.002818500,0.341813,0.0,0.000000
0.002818750,0.341992,0.0,0.000000
0.002819000,0.342170,0.0,0.000000
0.002819250,0.342349,0.0,0.000000
0.002819500,0.342528,0.0,0.000000
0.002819750,0.342706,0.0,0.000000
0.002820000,0.342885,0.0,0.000000
0.002820250,0.343064,0.0,0.000000
0.002820500,0.343242,0.0,0.000000
0.002820750,0.343421,0.0,0.000000
0.002821000,0.343599,0.0,0.000000
0.002821250,0.343778,0.0,0.000000
0.002821500,0.343956,0.0,0.000000
0.002821750,0.344134,0.0,0.000000
0.002822000,0.344313,0.0,0.000000
0.002822250,0.344491,0.0,0.000000
0.002822500,0.344669,0.0,0.000000
0.002822750,0.344847,0.0,0.000000
0.002823000,0.345026,0.0,0.000000
0.002823250,0.345204,0.0,0.000000
0.002823500,0.345382,0.0,0.000000
0.002823750,0.345560,0.0,0.000000
0.002824000,0.345738,0.0,0.000000
0.002824250,0.345916,0.0,0.000000
0.002824500,0.346094,0.0,0.000000
0.002824750,0.346272,0.0,0.000000
0.002825000,0.346450,0.0,0.000000
0.002825250,0.346627,0.0,0.000000
0.002825500,0.346805,0.0,0.000000
0.002825750,0.346983,0.0,0.000000
0.002826000,0.347161,0.0,0.000000
0.002826250,0.347338,0.0,0.000000
0.002826500,0.347516,0.0,0.000000
0.002826750,0.347694,0.0,0.000000
0.002827000,0.347871,0.0,0.000000
0.002827250,0.348049,0.0,0.000000
0.002827500,0.348226,0.0,0.000000
0.002827750,0.348404,0.0,0.000000
0.002828000,0.348581,0.0,0.000000
0.002828250,0.348759,0.0,0.000000
0.002828500,0.348936,0.0,0.000000
0.002828750,0.349113,0.0,0.000000
0.002829000,0.349291,0.0,0.000000
0.002829250,0.349468,0.0,0.000000
0.002829500,0.349645,0.0,0.000000
0.002829750,0.349822,0.0,0.000000
0.002830000,0.349999,0.0,0.000000
0.002830250,0.350177,0.0,0.000000
0.002830500,0.350354,0.0,0.000000
0.002830750,0.350531,0.0,0.000000
0.002831000,0.350708,0.0,0.000000
0.002831250,0.350885,0.0,0.000000
0.002831500,0.351061,0.0,0.000000
0.002831750,0.351238,0.0,0.000000
0.002832000,0.351415,0.0,0.000000
0.002832250,0.351592,0.0,0.000000
0.002832500,0.351769,0.0,0.000000
0.002832750,0.351945,0.0,0.000000
0.002833000,0.352122,0.0,0.000000
0.002833250,0.352299,0.0,0.000000
0.002833500,0.352475,0.0,0.000000
0.002833750,0.352652,0.0,0.000000
0.002834000,0.352829,0.0,0.000000
0.002834250,0.353005,0.0,0.000000
0.002834500,0.353182,0.0,0.000000
0.002834750,0.353358,0.0,0.000000
0.002835000,0.353534,0.0,0.000000
0.002835250,0.353711,0.0,0.000000
0.002835500,0.353887,0.0,0.000000
0.002835750,0.354063,0.0,0.000000
0.002836000,0.354240,0.0,0.000000
0.002836250,0.354416,0.0,0.000000
0.002836500,0.354592,0.0,0.000000
0.002836750,0.354768,0.0,0.000000
0.002837000,0.354944,0.0,0.000000
0.002837250,0.355120,0.0,0.000000
0.002837500,0.355296,0.0,0.000000
0.002837750,0.355472,0.0,0.000000
0.002838000,0.355648,0.0,0.000000
0.002838250,0.355824,0.0,0.000000
0.002838500,0.356000,0.0,0.000000
0.002838750,0.356176,0.0,0.000000
0.002839000,0.356352,0.0,0.000000
0.002839250,0.356528,0.0,0.000000
0.002839500,0.356703,0.0,0.000000
0.002839750,0.356879,0.0,0.000000
0.002840000,0.357055,0.0,0.000000
0.002840250,0.357230,0.0,0.000000
0.002840500,0.357406,0.0,0.000000
0.002840750,0.357581,0.0,0.000000
0.002841000,0.357757,0.0,0.000000
0.002841250,0.357933,0.0,0.000000
0.002841500,0.358108,0.0,0.000000
0.002841750,0.358283,0.0,0.000000
0.002842000,0.358459,0.0,0.000000
0.002842250,0.358634,0.0,0.000000
0.002842500,0.358809,0.0,0.000000
0.002842750,0.358985,0.0,0.000000
0.002843000,0.359160,0.0,0.000000
0.002843250,0.359335,0.0,0.000000
0.002843500,0.359510,0.0,0.000000
0.002843750,0.359685,0.0,0.000000
0.002844000,0.359860,0.0,0.000000
0.002844250,0.360035,0.0,0.000000
0.002844500,0.360210,0.0,0.000000
0.002844750,0.360385,0.0,0.000000
0.002845000,0.360560,0.0,0.000000
0.002845250,0.360735,0.0,0.000000
0.002845500,0.360910,0.0,0.000000
0.002845750,0.361085,0.0,0.000000
0.002846000,0.361260,0.0,0.000000
0.002846250,0.361435,0.0,0.000000
0.002846500,0.361609,0.0,0.000000
0.002846750,0.361784,0.0,0.000000
0.002847000,0.361959,0.0,0.000000
0.002847250,0.362133,0.0,0.000000
0.002847500,0.362308,0.0,0.000000
0.002847750,0.362482,0.0,0.000000
0.002848000,0.362657,0.0,0.000000
0.002848250,0.362831,0.0,0.000000
0.002848500,0.363006,0.0,0.000000
0.002848750,0.363180,0.0,0.000000
0.002849000,0.363354,0.0,0.000000
0.002849250,0.363529,0.0,0.000000
0.002849500,0.363703,0.0,0.000000
0.002849750,0.363877,0.0,0.000000
0.002850000,0.364051,0.0,0.000000
0.002850250,0.364226,0.0,0.000000
0.002850500,0.364400,0.0,0.000000
0.002850750,0.364574,0.0,0.000000
0.002851000,0.364748,0.0,0.000000
0.002851250,0.364922,0.0,0.000000
0.002851500,0.365096,0.0,0.000000
0.002851750,0.365270,0.0,0.000000
0.002852000,0.365444,0.0,0.000000
0.002852250,0.365618,0.0,0.000000
0.002852500,0.365792,0.0,0.000000
0.002852750,0.365965,0.0,0.000000
0.002853000,0.366139,0.0,0.000000
0.002853250,0.366313,0.0,0.000000
0.002853500,0.366487,0.0,0.000000
0.002853750,0.366660,0.0,0.000000
0.002854000,0.366834,0.0,0.000000
0.002854250,0.367007,0.0,0.000000
0.002854500,0.367181,0.0,0.000000
0.002854750,0.367355,0.0,0.000000
0.002855000,0.367528,0.0,0.000000
0.002855250,0.367701,0.0,0.000000
0.002855500,0.367875,0.0,0.000000
0.002855750,0.368048,0.0,0.000000
0.002856000,0.368222,0.0,0.000000
0.002856250,0.368395,0.0,0.000000
0.002856500,0.368568,0.0,0.000000
0.002856750,0.368741,0.0,0.000000
0.002857000,0.368915,0.0,0.000000
0.002857250,0.369088,0.0,0.000000
0.002857500,0.369261,0.0,0.000000
0.002857750,0.369434,0.0,0.000000
0.002858000,0.369607,0.0,0.000000
0.002858250,0.369780,0.0,0.000000
0.002858500,0.369953,0.0,0.000000
0.002858750,0.370126,0.0,0.000000
0.002859000,0.370299,0.0,0.000000
0.002859250,0.370472,0.0,0.000000
0.002859500,0.370645,0.0,0.000000
0.002859750,0.370817,0.0,0.000000
0.002860000,0.370990,0.0,0.000000
0.002860250,0.371163,0.0,0.000000
0.002860500,0.371336,0.0,0.000000
0.002860750,0.371508,0.0,0.000000
0.002861000,0.371681,0.0,0.000000
0.002861250,0.371853,0.0,0.000000
0.002861500,0.372026,0.0,0.000000
0.002861750,0.372198,0.0,0.000000
0.002862000,0.372371,0.0,0.000000
0.002862250,0.372543,0.0,0.000000
0.002862500,0.372716,0.0,0.000000
0.002862750,0.372888,0.0,0.000000
0.002863000,0.373061,0.0,0.000000
0.002863250,0.373233,0.0,0.000000
0.002863500,0.373405,0.0,0.000000
0.002863750,0.373577,0.0,0.000000
0.002864000,0.373749,0.0,0.000000
0.002864250,0.373922,0.0,0.000000
0.002864500,0.374094,0.0,0.000000
0.002864750,0.374266,0.0,0.000000
0.002865000,0.374438,0.0,0.000000
0.002865250,0.374610,0.0,0.000000
0.002865500,0.374782,0.0,0.000000
0.002865750,0.374954,0.0,0.000000
0.002866000,0.375126,0.0,0.000000
0.002866250,0.375298,0.0,0.000000
0.002866500,0.375469,0.0,0.000000
0.002866750,0.375641,0.0,0.000000
0.002867000,0.375813,0.0,0.000000
0.002867250,0.375985,0.0,0.000000
0.002867500,0.376156,0.0,0.000000
0.002867750,0.376328,0.0,0.000000
0.002868000,0.376500,0.0,0.000000
0.002868250,0.376671,0.0,0.000000
0.002868500,0.376843,0.0,0.000000
0.002868750,0.377014,0.0,0.000000
0.002869000,0.377186,0.0,0.000000
0.002869250,0.377357,0.0,0.000000
0.002869500,0.377529,0.0,0.000000
0.002869750,0.377700,0.0,0.000000
0.002870000,0.377871,0.0,0.000000
0.002870250,0.378043,0.0,0.000000
0.002870500,0.378214,0.0,0.000000
0.002870750,0.378385,0.0,0.000000
0.002871000,0.378556,0.0,0.000000
0.002871250,0.378727,0.0,0.000000
0.002871500,0.378898,0.0,0.000000
0.002871750,0.379070,0.0,0.000000
0.002872000,0.379241,0.0,0.000000
0.002872250,0.379412,0.0,0.000000
0.002872500,0.379583,0.0,0.000000
0.002872750,0.379753,0.0,0.000000
0.002873000,0.379924,0.0,0.000000
0.002873250,0.380095,0.0,0.000000
0.002873500,0.380266,0.0,0.000000
0.002873750,0.380437,0.0,0.000000
0.002874000,0.380608,0.0,0.000000
0.002874250,0.380778,0.0,0.000000
0.002874500,0.380949,0.0,0.000000
0.002874750,0.381120,0.0,0.000000
0.002875000,0.381290,0.0,0.000000
0.002875250,0.381461,0.0,0.000000
0.002875500,0.381631,0.0,0.000000
0.002875750,0.381802,0.0,0.000000
0.002876000,0.381972,0.0,0.000000
0.002876250,0.382143,0.0,0.000000
0.002876500,0.382313,0.0,0.000000
0.002876750,0.382484,0.0,0.000000
0.002877000,0.382654,0.0,0.000000
0.002877250,0.382824,0.0,0.000000
0.002877500,0.382995,0.0,0.000000
0.002877750,0.383165,0.0,0.000000
0.002878000,0.383335,0.0,0.000000
0.002878250,0.383505,0.0,0.000000
0.002878500,0.383675,0.0,0.000000
0.002878750,0.383845,0.0,0.000000
0.002879000,0.384015,0.0,0.000000
0.002879250,0.384185,0.0,0.000000
0.002879500,0.384355,0.0,0.000000
0.002879750,0.384525,0.0,0.000000
0.002880000,0.384695,0.0,0.000000
0.002880250,0.384865,0.0,0.000000
0.002880500,0.385035,0.0,0.000000
0.002880750,0.385205,0.0,0.000000
0.002881000,0.385374,0.0,0.000000
0.002881250,0.385544,0.0,0.000000
0.002881500,0.385714,0.0,0.000000
0.002881750,0.385884,0.0,0.000000
0.002882000,0.386053,0.0,0.000000
0.002882250,0.386223,0.0,0.000000
0.002882500,0.386392,0.0,0.000000
0.002882750,0.386562,0.0,0.000000
0.002883000,0.386731,0.0,0.000000
0.002883250,0.386901,0.0,0.000000
0.002883500,0.387070,0.0,0.000000
0.002883750,0.387240,0.0,0.000000
0.002884000,0.387409,0.0,0.000000
0.002884250,0.387578,0.0,0.000000
0.002884500,0.387747,0.0,0.000000
0.002884750,0.387917,0.0,0.000000
0.002885000,0.388086,0.0,0.000000
0.002885250,0.388255,0.0,0.000000
0.002885500,0.388424,0.0,0.000000
0.002885750,0.388593,0.0,0.000000
0.002886000,0.388762,0.0,0.000000
0.002886250,0.388931,0.0,0.000000
0.002886500,0.389100,0.0,0.000000
0.002886750,0.389269,0.0,0.000000
0.002887000,0.389438,0.0,0.000000
0.002887250,0.389607,0.0,0.000000
0.002887500,0.389776,0.0,0.000000
0.002887750,0.389945,0.0,0.000000
0.002888000,0.390114,0.0,0.000000
0.002888250,0.390282,0.0,0.000000
0.002888500,0.390451,0.0,0.000000
0.002888750,0.390620,0.0,0.000000
0.002889000,0.390788,0.0,0.000000
0.002889250,0.390957,0.0,0.000000
0.002889500,0.391126,0.0,0.000000
0.002889750,0.391294,0.0,0.000000
0.002890000,0.391463,0.0,0.000000
0.002890250,0.391631,0.0,0.000000
0.002890500,0.391799,0.0,0.000000
0.002890750,0.391968,0.0,0.000000
0.002891000,0.392136,0.0,0.000000
0.002891250,0.392305,0.0,0.000000
0.002891500,0.392473,0.0,0.000000
0.002891750,0.392641,0.0,0.000000
0.002892000,0.392809,0.0,0.000000
0.002892250,0.392977,0.0,0.000000
0.002892500,0.393146,0.0,0.000000
0.002892750,0.393314,0.0,0.000000
0.002893000,0.393482,0.0,0.000000
0.002893250,0.393650,0.0,0.000000
0.002893500,0.393818,0.0,0.000000
0.002893750,0.393986,0.0,0.000000
0.002894000,0.394154,0.0,0.000000
0.002894250,0.394322,0.0,0.000000
0.002894500,0.394490,0.0,0.000000
0.002894750,0.394657,0.0,0.000000
0.002895000,0.394825,0.0,0.000000
0.002895250,0.394993,0.0,0.000000
0.002895500,0.395161,0.0,0.000000
0.002895750,0.395328,0.0,0.000000
0.002896000,0.395496,0.0,0.000000
0.002896250,0.395664,0.0,0.000000
0.002896500,0.395831,0.0,0.000000
0.002896750,0.395999,0.0,0.000000
0.002897000,0.396166,0.0,0.000000
0.002897250,0.396334,0.0,0.000000
0.002897500,0.396501,0.0,0.000000
0.002897750,0.396669,0.0,0.000000
0.002898000,0.396836,0.0,0.000000
0.002898250,0.397003,0.0,0.000000
0.002898500,0.397171,0.0,0.000000
0.002898750,0.397338,0.0,0.000000
0.002899000,0.397505,0.0,0.000000
0.002899250,0.397672,0.0,0.000000
0.002899500,0.397840,0.0,0.000000
0.002899750,0.398007,0.0,0.000000
0.002900000,0.398174,0.0,0.000000
0.002900250,0.398341,0.0,0.000000
0.002900500,0.398508,0.0,0.000000
0.002900750,0.398675,0.0,0.000000
0.002901000,0.398842,0.0,0.000000
0.002901250,0.399009,0.0,0.000000
0.002901500,0.399176,0.0,0.000000
0.002901750,0.399342,0.0,0.000000
0.002902000,0.399509,0.0,0.000000
0.002902250,0.399676,0.0,0.000000
0.002902500,0.399843,0.0,0.000000
0.002902750,0.400010,0.0,0.000000
0.002903000,0.400176,0.0,0.000000
0.002903250,0.400343,0.0,0.000000
0.002903500,0.400510,0.0,0.000000
0.002903750,0.400676,0.0,0.000000
0.002904000,0.400843,0.0,0.000000
0.002904250,0.401009,0.0,0.000000
0.002904500,0.401176,0.0,0.000000
0.002904750,0.401342,0.0,0.000000
0.002905000,0.401508,0.0,0.000000
0.002905250,0.401675,0.0,0.000000
0.002905500,0.401841,0.0,0.000000
0.002905750,0.402007,0.0,0.000000
0.002906000,0.402174,0.0,0.000000
0.002906250,0.402340,0.0,0.000000
0.002906500,0.402506,0.0,0.000000
0.002906750,0.402672,0.0,0.000000
0.002907000,0.402838,0.0,0.000000
0.002907250,0.403004,0.0,0.000000
0.002907500,0.403171,0.0,0.000000
0.002907750,0.403337,0.0,0.000000
0.002908000,0.403503,0.0,0.000000
0.002908250,0.403669,0.0,0.000000
0.002908500,0.403834,0.0,0.000000
0.002908750,0.404000,0.0,0.000000
0.002909000,0.404166,0.0,0.000000
0.002909250,0.404332,0.0,0.000000
0.002909500,0.404498,0.0,0.000000
0.002909750,0.404664,0.0,0.000000
0.002910000,0.404829,0.0,0.000000
0.002910250,0.404995,0.0,0.000000
0.002910500,0.405161,0.0,0.000000
0.002910750,0.405326,0.0,0.000000
0.002911000,0.405492,0.0,0.000000
0.002911250,0.405657,0.0,0.000000
0.002911500,0.405823,0.0,0.000000
0.002911750,0.405988,0.0,0.000000
0.002912000,0.406154,0.0,0.000000
0.002912250,0.406319,0.0,0.000000
0.002912500,0.406484,0.0,0.000000
0.002912750,0.406650,0.0,0.000000
0.002913000,0.406815,0.0,0.000000
0.002913250,0.406980,0.0,0.000000
0.002913500,0.407146,0.0,0.000000
0.002913750,0.407311,0.0,0.000000
0.002914000,0.407476,0.0,0.000000
0.002914250,0.407641,0.0,0.000000
0.002914500,0.407806,0.0,0.000000
0.002914750,0.407971,0.0,0.000000
0.002915000,0.408136,0.0,0.000000
0.002915250,0.408301,0.0,0.000000
0.002915500,0.408466,0.0,0.000000
0.002915750,0.408631,0.0,0.000000
0.002916000,0.408796,0.0,0.000000
0.002916250,0.408961,0.0,0.000000
0.002916500,0.409126,0.0,0.000000
0.002916750,0.409290,0.0,0.000000
0.002917000,0.409455,0.0,0.000000
0.002917250,0.409620,0.0,0.000000
0.002917500,0.409785,0.0,0.000000
0.002917750,0.409949,0.0,0.000000
0.002918000,0.410114,0.0,0.000000
0.002918250,0.410278,0.0,0.000000
0.002918500,0.410443,0.0,0.000000
0.002918750,0.410608,0.0,0.000000
0.002919000,0.410772,0.0,0.000000
0.002919250,0.410936,0.0,0.000000
0.002919500,0.411101,0.0,0.000000
0.002919750,0.411265,0.0,0.000000
0.002920000,0.411430,0.0,0.000000
0.002920250,0.411594,0.0,0.000000
0.002920500,0.411758,0.0,0.000000
0.002920750,0.411922,0.0,0.000000
0.002921000,0.412087,0.0,0.000000
0.002921250,0.412251,0.0,0.000000
0.002921500,0.412415,0.0,0.000000
0.002921750,0.412579,0.0,0.000000
0.002922000,0.412743,0.0,0.000000
0.002922250,0.412907,0.0,0.000000
0.002922500,0.413071,0.0,0.000000
0.002922750,0.413235,0.0,0.000000
0.002923000,0.413399,0.0,0.000000
0.002923250,0.413563,0.0,0.000000
0.002923500,0.413727,0.0,0.000000
0.002923750,0.413891,0.0,0.000000
0.002924000,0.414054,0.0,0.000000
0.002924250,0.414218,0.0,0.000000
0.002924500,0.414382,0.0,0.000000
0.002924750,0.414545,0.0,0.000000
0.002925000,0.414709,0.0,0.000000
0.002925250,0.414873,0.0,0.000000
0.002925500,0.415036,0.0,0.000000
0.002925750,0.415200,0.0,0.000000
0.002926000,0.415363,0.0,0.000000
0.002926250,0.415527,0.0,0.000000
0.002926500,0.415690,0.0,0.000000
0.002926750,0.415854,0.0,0.000000
0.002927000,0.416017,0.0,0.000000
0.002927250,0.416180,0.0,0.000000
0.002927500,0.416344,0.0,0.000000
0.002927750,0.416507,0.0,0.000000
0.002928000,0.416670,0.0,0.000000
0.002928250,0.416834,0.0,0.000000
0.002928500,0.416997,0.0,0.000000
0.002928750,0.417160,0.0,0.000000
0.002929000,0.417323,0.0,0.000000
0.002929250,0.417486,0.0,0.000000
0.002929500,0.417649,0.0,0.000000
0.002929750,0.417812,0.0,0.000000
0.002930000,0.417975,0.0,0.000000
0.002930250,0.418138,0.0,0.000000
0.002930500,0.418301,0.0,0.000000
0.002930750,0.418464,0.0,0.000000
0.002931000,0.418627,0.0,0.000000
0.002931250,0.418789,0.0,0.000000
0.002931500,0.418952,0.0,0.000000
0.002931750,0.419115,0.0,0.000000
0.002932000,0.419278,0.0,0.000000
0.002932250,0.419440,0.0,0.000000
0.002932500,0.419603,0.0,0.000000
0.002932750,0.419766,0.0,0.000000
0.002933000,0.419928,0.0,0.000000
0.002933250,0.420091,0.0,0.000000
0.002933500,0.420253,0.0,0.000000
0.002933750,0.420416,0.0,0.000000
0.002934000,0.420578,0.0,0.000000
0.002934250,0.420740,0.0,0.000000
0.002934500,0.420903,0.0,0.000000
0.002934750,0.421065,0.0,0.000000
0.002935000,0.421227,0.0,0.000000
0.002935250,0.421390,0.0,0.000000
0.002935500,0.421552,0.0,0.000000
0.002935750,0.421714,0.0,0.000000
0.002936000,0.421876,0.0,0.000000
0.002936250,0.422038,0.0,0.000000
0.002936500,0.422200,0.0,0.000000
0.002936750,0.422363,0.0,0.000000
0.002937000,0.422525,0.0,0.000000
0.002937250,0.422687,0.0,0.000000
0.002937500,0.422848,0.0,0.000000
0.002937750,0.423010,0.0,0.000000
0.002938000,0.423172,0.0,0.000000
0.002938250,0.423334,0.0,0.000000
0.002938500,0.423496,0.0,0.000000
0.002938750,0.423658,0.0,0.000000
0.002939000,0.423820,0.0,0.000000
0.002939250,0.423981,0.0,0.000000
0.002939500,0.424143,0.0,0.000000
0.002939750,0.424305,0.0,0.000000
0.002940000,0.424466,0.0,0.000000
0.002940250,0.424628,0.0,0.000000
0.002940500,0.424789,0.0,0.000000
0.002940750,0.424951,0.0,0.000000
0.002941000,0.425112,0.0,0.000000
0.002941250,0.425274,0.0,0.000000
0.002941500,0.425435,0.0,0.000000
0.002941750,0.425597,0.0,0.000000
0.002942000,0.425758,0.0,0.000000
0.002942250,0.425919,0.0,0.000000
0.002942500,0.426081,0.0,0.000000
0.002942750,0.426242,0.0,0.000000
0.002943000,0.426403,0.0,0.000000
0.002943250,0.426564,0.0,0.000000
0.002943500,0.426725,0.0,0.000000
0.002943750,0.426886,0.0,0.000000
0.002944000,0.427048,0.0,0.000000
0.002944250,0.427209,0.0,0.000000
0.002944500,0.427370,0.0,0.000000
0.002944750,0.427531,0.0,0.000000
0.002945000,0.427692,0.0,0.000000
0.002945250,0.427853,0.0,0.000000
0.002945500,0.428013,0.0,0.000000
0.002945750,0.428174,0.0,0.000000
0.002946000,0.428335,0.0,0.000000
0.002946250,0.428496,0.0,0.000000
0.002946500,0.428657,0.0,0.000000
0.002946750,0.428817,0.0,0.000000
0.002947000,0.428978,0.0,0.000000
0.002947250,0.429139,0.0,0.000000
0.002947500,0.429299,0.0,0.000000
0.002947750,0.429460,0.0,0.000000
0.002948000,0.429620,0.0,0.000000
0.002948250,0.429781,0.0,0.000000
0.002948500,0.429941,0.0,0.000000
0.002948750,0.430102,0.0,0.000000
0.002949000,0.430262,0.0,0.000000
0.002949250,0.430423,0.0,0.000000
0.002949500,0.430583,0.0,0.000000
0.002949750,0.430743,0.0,0.000000
0.002950000,0.430904,0.0,0.000000
0.002950250,0.431064,0.0,0.000000
0.002950500,0.431224,0.0,0.000000
0.002950750,0.431384,0.0,0.000000
0.002951000,0.431544,0.0,0.000000
0.002951250,0.431704,0.0,0.000000
0.002951500,0.431865,0.0,0.000000
0.002951750,0.432025,0.0,0.000000
0.002952000,0.432185,0.0,0.000000
0.002952250,0.432345,0.0,0.000000
0.002952500,0.432505,0.0,0.000000
0.002952750,0.432664,0.0,0.000000
0.002953000,0.432824,0.0,0.000000
0.002953250,0.432984,0.0,0.000000
0.002953500,0.433144,0.0,0.000000
0.002953750,0.433304,0.0,0.000000
0.002954000,0.433463,0.0,0.000000
0.002954250,0.433623,0.0,0.000000
0.002954500,0.433783,0.0,0.000000
0.002954750,0.433943,0.0,0.000000
0.002955000,0.434102,0.0,0.000000
0.002955250,0.434262,0.0,0.000000
0.002955500,0.434421,0.0,0.000000
0.002955750,0.434581,0.0,0.000000
0.002956000,0.434740,0.0,0.000000
0.002956250,0.434900,0.0,0.000000
0.002956500,0.435059,0.0,0.000000
0.002956750,0.435219,0.0,0.000000
0.002957000,0.435378,0.0,0.000000
0.002957250,0.435537,0.0,0.000000
0.002957500,0.435696,0.0,0.000000
0.002957750,0.435856,0.0,0.000000
0.002958000,0.436015,0.0,0.000000
0.002958250,0.436174,0.0,0.000000
0.002958500,0.436333,0.0,0.000000
0.002958750,0.436492,0.0,0.000000
0.002959000,0.436651,0.0,0.000000
0.002959250,0.436810,0.0,0.000000
0.002959500,0.436970,0.0,0.000000
0.002959750,0.437129,0.0,0.000000
0.002960000,0.437287,0.0,0.000000
0.002960250,0.437446,0.0,0.000000
0.002960500,0.437605,0.0,0.000000
0.002960750,0.437764,0.0,0.000000
0.002961000,0.437923,0.0,0.000000
0.002961250,0.438082,0.0,0.000000
0.002961500,0.438240,0.0,0.000000
0.002961750,0.438399,0.0,0.000000
0.002962000,0.438558,0.0,0.000000
0.002962250,0.438717,0.0,0.000000
0.002962500,0.438875,0.0,0.000000
0.002962750,0.439034,0.0,0.000000
0.002963000,0.439192,0.0,0.000000
0.002963250,0.439351,0.0,0.000000
0.002963500,0.439509,0.0,0.000000
0.002963750,0.439668,0.0,0.000000
0.002964000,0.439826,0.0,0.000000
0.002964250,0.439985,0.0,0.000000
0.002964500,0.440143,0.0,0.000000
0.002964750,0.440301,0.0,0.000000
0.002965000,0.440459,0.0,0.000000
0.002965250,0.440618,0.0,0.000000
0.002965500,0.440776,0.0,0.000000
0.002965750,0.440934,0.0,0.000000
0.002966000,0.441092,0.0,0.000000
0.002966250,0.441250,0.0,0.000000
0.002966500,0.441409,0.0,0.000000
0.002966750,0.441567,0.0,0.000000
0.002967000,0.441725,0.0,0.000000
0.002967250,0.441883,0.0,0.000000
0.002967500,0.442041,0.0,0.000000
0.002967750,0.442198,0.0,0.000000
0.002968000,0.442356,0.0,0.000000
0.002968250,0.442514,0.0,0.000000
0.002968500,0.442672,0.0,0.000000
0.002968750,0.442830,0.0,0.000000
0.002969000,0.442988,0.0,0.000000
0.002969250,0.443145,0.0,0.000000
0.002969500,0.443303,0.0,0.000000
0.002969750,0.443461,0.0,0.000000
0.002970000,0.443618,0.0,0.000000
0.002970250,0.443776,0.0,0.000000
0.002970500,0.443934,0.0,0.000000
0.002970750,0.444091,0.0,0.000000
0.002971000,0.444249,0.0,0.000000
0.002971250,0.444406,0.0,0.000000
0.002971500,0.444563,0.0,0.000000
0.002971750,0.444721,0.0,0.000000
0.002972000,0.444878,0.0,0.000000
0.002972250,0.445036,0.0,0.000000
0.002972500,0.445193,0.0,0.000000
0.002972750,0.445350,0.0,0.000000
0.002973000,0.445507,0.0,0.000000
0.002973250,0.445665,0.0,0.000000
0.002973500,0.445822,0.0,0.000000
0.002973750,0.445979,0.0,0.000000
0.002974000,0.446136,0.0,0.000000
0.002974250,0.446293,0.0,0.000000
0.002974500,0.446450,0.0,0.000000
0.002974750,0.446607,0.0,0.000000
0.002975000,0.446764,0.0,0.000000
0.002975250,0.446921,0.0,0.000000
0.002975500,0.447078,0.0,0.000000
0.002975750,0.447235,0.0,0.000000
0.002976000,0.447392,0.0,0.000000
0.002976250,0.447549,0.0,0.000000
0.002976500,0.447705,0.0,0.000000
0.002976750,0.447862,0.0,0.000000
0.002977000,0.448019,0.0,0.000000
0.002977250,0.448175,0.0,0.000000
0.002977500,0.448332,0.0,0.000000
0.002977750,0.448489,0.0,0.000000
0.002978000,0.448645,0.0,0.000000
0.002978250,0.448802,0.0,0.000000
0.002978500,0.448958,0.0,0.000000
0.002978750,0.449115,0.0,0.000000
0.002979000,0.449271,0.0,0.000000
0.002979250,0.449428,0.0,0.000000
0.002979500,0.449584,0.0,0.000000
0.002979750,0.449740,0.0,0.000000
0.002980000,0.449897,0.0,0.000000
0.002980250,0.450053,0.0,0.000000
0.002980500,0.450209,0.0,0.000000
0.002980750,0.450366,0.0,0.000000
0.002981000,0.450522,0.0,0.000000
0.002981250,0.450678,0.0,0.000000
0.002981500,0.450834,0.0,0.000000
0.002981750,0.450990,0.0,0.000000
0.002982000,0.451146,0.0,0.000000
0.002982250,0.451302,0.0,0.000000
0.002982500,0.451458,0.0,0.000000
0.002982750,0.451614,0.0,0.000000
0.002983000,0.451770,0.0,0.000000
0.002983250,0.451926,0.0,0.000000
0.002983500,0.452082,0.0,0.000000
0.002983750,0.452238,0.0,0.000000
0.002984000,0.452394,0.0,0.000000
0.002984250,0.452549,0.0,0.000000
0.002984500,0.452705,0.0,0.000000
0.002984750,0.452861,0.0,0.000000
0.002985000,0.453016,0.0,0.000000
0.002985250,0.453172,0.0,0.000000
0.002985500,0.453328,0.0,0.000000
0.002985750,0.453483,0.0,0.000000
0.002986000,0.453639,0.0,0.000000
0.002986250,0.453794,0.0,0.000000
0.002986500,0.453950,0.0,0.000000
0.002986750,0.454105,0.0,0.000000
0.002987000,0.454261,0.0,0.000000
0.002987250,0.454416,0.0,0.000000
0.002987500,0.454571,0.0,0.000000
0.002987750,0.454727,0.0,0.000000
0.002988000,0.454882,0.0,0.000000
0.002988250,0.455037,0.0,0.000000
0.002988500,0.455192,0.0,0.000000
0.002988750,0.455348,0.0,0.000000
0.002989000,0.455503,0.0,0.000000
0.002989250,0.455658,0.0,0.000000
0.002989500,0.455813,0.0,0.000000
0.002989750,0.455968,0.0,0.000000
0.002990000,0.456123,0.0,0.000000
0.002990250,0.456278,0.0,0.000000
0.002990500,0.456433,0.0,0.000000
0.002990750,0.456588,0.0,0.000000
0.002991000,0.456743,0.0,0.000000
0.002991250,0.456898,0.0,0.000000
0.002991500,0.457053,0.0,0.000000
0.002991750,0.457207,0.0,0.000000
0.002992000,0.457362,0.0,0.000000
0.002992250,0.457517,0.0,0.000000
0.002992500,0.457672,0.0,0.000000
0.002992750,0.457826,0.0,0.000000
0.002993000,0.457981,0.0,0.000000
0.002993250,0.458135,0.0,0.000000
0.002993500,0.458290,0.0,0.000000
0.002993750,0.458445,0.0,0.000000
0.002994000,0.458599,0.0,0.000000
0.002994250,0.458754,0.0,0.000000
0.002994500,0.458908,0.0,0.000000
0.002994750,0.459062,0.0,0.000000
0.002995000,0.459217,0.0,0.000000
0.002995250,0.459371,0.0,0.000000
0.002995500,0.459525,0.0,0.000000
0.002995750,0.459680,0.0,0.000000
0.002996000,0.459834,0.0,0.000000
0.002996250,0.459988,0.0,0.000000
0.002996500,0.460142,0.0,0.000000
0.002996750,0.460297,0.0,0.000000
0.002997000,0.460451,0.0,0.000000
0.002997250,0.460605,0.0,0.000000
0.002997500,0.460759,0.0,0.000000
0.002997750,0.460913,0.0,0.000000
0.002998000,0.461067,0.0,0.000000
0.002998250,0.461221,0.0,0.000000
0.002998500,0.461375,0.0,0.000000
0.002998750,0.461529,0.0,0.000000
0.002999000,0.461682,0.0,0.000000
0.002999250,0.461836,0.0,0.000000
0.002999500,0.461990,0.0,0.000000
0.002999750,0.462144,0.0,0.000000
0.003000000,0.462298,0.0,0.000000
0.003000250,0.462451,0.0,0.000000
0.003000500,0.462605,0.0,0.000000
0.003000750,0.462759,0.0,0.000000
0.003001000,0.462912,0.0,0.000000
0.003001250,0.463066,0.0,0.000000
0.003001500,0.463219,0.0,0.000000
0.003001750,0.463373,0.0,0.000000
0.003002000,0.463526,0.0,0.000000
0.003002250,0.463680,0.0,0.000000
0.003002500,0.463833,0.0,0.000000
0.003002750,0.463987,0.0,0.000000
0.003003000,0.464140,0.0,0.000000
0.003003250,0.464293,0.0,0.000000
0.003003500,0.464447,0.0,0.000000
0.003003750,0.464600,0.0,0.000000
0.003004000,0.464753,0.0,0.000000
0.003004250,0.464906,0.0,0.000000
0.003004500,0.465059,0.0,0.000000
0.003004750,0.465213,0.0,0.000000
0.003005000,0.465366,0.0,0.000000
0.003005250,0.465519,0.0,0.000000
0.003005500,0.465672,0.0,0.000000
0.003005750,0.465825,0.0,0.000000
0.003006000,0.465978,0.0,0.000000
0.003006250,0.466131,0.0,0.000000
0.003006500,0.466284,0.0,0.000000
0.003006750,0.466437,0.0,0.000000
0.003007000,0.466589,0.0,0.000000
0.003007250,0.466742,0.0,0.000000
0.003007500,0.466895,0.0,0.000000
0.003007750,0.467048,0.0,0.000000
0.003008000,0.467200,0.0,0.000000
0.003008250,0.467353,0.0,0.000000
0.003008500,0.467506,0.0,0.000000
0.003008750,0.467658,0.0,0.000000
0.003009000,0.467811,0.0,0.000000
0.003009250,0.467964,0.0,0.000000
0.003009500,0.468116,0.0,0.000000
0.003009750,0.468269,0.0,0.000000
0.003010000,0.468421,0.0,0.000000
0.003010250,0.468573,0.0,0.000000
0.003010500,0.468726,0.0,0.000000
0.003010750,0.468878,0.0,0.000000
0.003011000,0.469031,0.0,0.000000
0.003011250,0.469183,0.0,0.000000
0.003011500,0.469335,0.0,0.000000
0.003011750,0.469487,0.0,0.000000
0.003012000,0.469640,0.0,0.000000
0.003012250,0.469792,0.0,0.000000
0.003012500,0.469944,0.0,0.000000
0.003012750,0.470096,0.0,0.000000
0.003013000,0.470248,0.0,0.000000
0.003013250,0.470400,0.0,0.000000
0.003013500,0.470552,0.0,0.000000
0.003013750,0.470704,0.0,0.000000
0.003014000,0.470856,0.0,0.000000
0.003014250,0.471008,0.0,0.000000
0.003014500,0.471160,0.0,0.000000
0.003014750,0.471312,0.0,0.000000
0.003015000,0.471464,0.0,0.000000
0.003015250,0.471615,0.0,0.000000
0.003015500,0.471767,0.0,0.000000
0.003015750,0.471919,0.0,0.000000
0.003016000,0.472071,0.0,0.000000
0.003016250,0.472222,0.0,0.000000
0.003016500,0.472374,0.0,0.000000
0.003016750,0.472526,0.0,0.000000
0.003017000,0.472677,0.0,0.000000
0.003017250,0.472829,0.0,0.000000
0.003017500,0.472980,0.0,0.000000
0.003017750,0.473132,0.0,0.000000
0.003018000,0.473283,0.0,0.000000
0.003018250,0.473435,0.0,0.000000
0.003018500,0.473586,0.0,0.000000
0.003018750,0.473737,0.0,0.000000
0.003019000,0.473889,0.0,0.000000
0.003019250,0.474040,0.0,0.000000
0.003019500,0.474191,0.0,0.000000
0.003019750,0.474342,0.0,0.000000
0.003020000,0.474494,0.0,0.000000
0.003020250,0.474645,0.0,0.000000
0.003020500,0.474796,0.0,0.000000
0.003020750,0.474947,0.0,0.000000
0.003021000,0.475098,0.0,0.000000
0.003021250,0.475249,0.0,0.000000
0.003021500,0.475400,0.0,0.000000
0.003021750,0.475551,0.0,0.000000
0.003022000,0.475702,0.0,0.000000
0.003022250,0.475853,0.0,0.000000
0.003022500,0.476004,0.0,0.000000
0.003022750,0.476155,0.0,0.000000
0.003023000,0.476305,0.0,0.000000
0.003023250,0.476456,0.0,0.000000
0.003023500,0.476607,0.0,0.000000
0.003023750,0.476758,0.0,0.000000
0.003024000,0.476908,0.0,0.000000
0.003024250,0.477059,0.0,0.000000
0.003024500,0.477210,0.0,0.000000
0.003024750,0.477360,0.0,0.000000
0.003025000,0.477511,0.0,0.000000
0.003025250,0.477661,0.0,0.000000
0.003025500,0.477812,0.0,0.000000
0.003025750,0.477962,0.0,0.000000
0.003026000,0.478113,0.0,0.000000
0.003026250,0.478263,0.0,0.000000
0.003026500,0.478414,0.0,0.000000
0.003026750,0.478564,0.0,0.000000
0.003027000,0.478714,0.0,0.000000
0.003027250,0.478865,0.0,0.000000
0.003027500,0.479015,0.0,0.000000
0.003027750,0.479165,0.0,0.000000
0.003028000,0.479315,0.0,0.000000
0.003028250,0.479465,0.0,0.000000
0.003028500,0.479616,0.0,0.000000
0.003028750,0.479766,0.0,0.000000
0.003029000,0.479916,0.0,0.000000
0.003029250,0.480066,0.0,0.000000
0.003029500,0.480216,0.0,0.000000
0.003029750,0.480366,0.0,0.000000
0.003030000,0.480516,0.0,0.000000
0.003030250,0.480666,0.0,0.000000
0.003030500,0.480815,0.0,0.000000
0.003030750,0.480965,0.0,0.000000
0.003031000,0.481115,0.0,0.000000
0.003031250,0.481265,0.0,0.000000
0.003031500,0.481415,0.0,0.000000
0.003031750,0.481564,0.0,0.000000
0.003032000,0.481714,0.0,0.000000
0.003032250,0.481864,0.0,0.000000
0.003032500,0.482013,0.0,0.000000
0.003032750,0.482163,0.0,0.000000
0.003033000,0.482313,0.0,0.000000
0.003033250,0.482462,0.0,0.000000
0.003033500,0.482612,0.0,0.000000
0.003033750,0.482761,0.0,0.000000
0.003034000,0.482911,0.0,0.000000
0.003034250,0.483060,0.0,0.000000
0.003034500,0.483209,0.0,0.000000
0.003034750,0.483359,0.0,0.000000
0.003035000,0.483508,0.0,0.000000
0.003035250,0.483657,0.0,0.000000
0.003035500,0.483807,0.0,0.000000
0.003035750,0.483956,0.0,0.000000
0.003036000,0.484105,0.0,0.000000
0.003036250,0.484254,0.0,0.000000
0.003036500,0.484403,0.0,0.000000
0.003036750,0.484552,0.0,0.000000
0.003037000,0.484701,0.0,0.000000
0.003037250,0.484850,0.0,0.000000
0.003037500,0.484999,0.0,0.000000
0.003037750,0.485148,0.0,0.000000
0.003038000,0.485297,0.0,0.000000
0.003038250,0.485446,0.0,0.000000
0.003038500,0.485595,0.0,0.000000
0.003038750,0.485744,0.0,0.000000
0.003039000,0.485893,0.0,0.000000
0.003039250,0.486042,0.0,0.000000
0.003039500,0.486190,0.0,0.000000
0.003039750,0.486339,0.0,0.000000
0.003040000,0.486488,0.0,0.000000
0.003040250,0.486637,0.0,0.000000
0.003040500,0.486785,0.0,0.000000
0.003040750,0.486934,0.0,0.000000
0.003041000,0.487082,0.0,0.000000
0.003041250,0.487231,0.0,0.000000
0.003041500,0.487379,0.0,0.000000
0.003041750,0.487528,0.0,0.000000
0.003042000,0.487676,0.0,0.000000
0.003042250,0.487825,0.0,0.000000
0.003042500,0.487973,0.0,0.000000
0.003042750,0.488121,0.0,0.000000
0.003043000,0.488270,0.0,0.000000
0.003043250,0.488418,0.0,0.000000
0.003043500,0.488566,0.0,0.000000
0.003043750,0.488715,0.0,0.000000
0.003044000,0.488863,0.0,0.000000
0.003044250,0.489011,0.0,0.000000
0.003044500,0.489159,0.0,0.000000
0.003044750,0.489307,0.0,0.000000
0.003045000,0.489455,0.0,0.000000
0.003045250,0.489603,0.0,0.000000
0.003045500,0.489751,0.0,0.000000
0.003045750,0.489899,0.0,0.000000
0.003046000,0.490047,0.0,0.000000
0.003046250,0.490195,0.0,0.000000
0.003046500,0.490343,0.0,0.000000
0.003046750,0.490491,0.0,0.000000
0.003047000,0.490639,0.0,0.000000
0.003047250,0.490787,0.0,0.000000
0.003047500,0.490934,0.0,0.000000
0.003047750,0.491082,0.0,0.000000
0.003048000,0.491230,0.0,0.000000
0.003048250,0.491378,0.0,0.000000
0.003048500,0.491525,0.0,0.000000
0.003048750,0.491673,0.0,0.000000
0.003049000,0.491820,0.0,0.000000
0.003049250,0.491968,0.0,0.000000
0.003049500,0.492115,0.0,0.000000
0.003049750,0.492263,0.0,0.000000
0.003050000,0.492410,0.0,0.000000
0.003050250,0.492558,0.0,0.000000
0.003050500,0.492705,0.0,0.000000
0.003050750,0.492853,0.0,0.000000
0.003051000,0.493000,0.0,0.000000
0.003051250,0.493147,0.0,0.000000
0.003051500,0.493295,0.0,0.000000
0.003051750,0.493442,0.0,0.000000
0.003052000,0.493589,0.0,0.000000
0.003052250,0.493736,0.0,0.000000
0.003052500,0.493883,0.0,0.000000
0.003052750,0.494031,0.0,0.000000
0.003053000,0.494178,0.0,0.000000
0.003053250,0.494325,0.0,0.000000
0.003053500,0.494472,0.0,0.000000
0.003053750,0.494619,0.0,0.000000
0.003054000,0.494766,0.0,0.000000
0.003054250,0.494913,0.0,0.000000
0.003054500,0.495060,0.0,0.000000
0.003054750,0.495207,0.0,0.000000
0.003055000,0.495353,0.0,0.000000
0.003055250,0.495500,0.0,0.000000
0.003055500,0.495647,0.0,0.000000
0.003055750,0.495794,0.0,0.000000
0.003056000,0.495940,0.0,0.000000
0.003056250,0.496087,0.0,0.000000
0.003056500,0.496234,0.0,0.000000
0.003056750,0.496380,0.0,0.000000
0.003057000,0.496527,0.0,0.000000
0.003057250,0.496674,0.0,0.000000
0.003057500,0.496820,0.0,0.000000
0.003057750,0.496967,0.0,0.000000
0.003058000,0.497113,0.0,0.000000
0.003058250,0.497260,0.0,0.000000
0.003058500,0.497406,0.0,0.000000
0.003058750,0.497552,0.0,0.000000
0.003059000,0.497699,0.0,0.000000
0.003059250,0.497845,0.0,0.000000
0.003059500,0.497991,0.0,0.000000
0.003059750,0.498138,0.0,0.000000
0.003060000,0.498284,0.0,0.000000
0.003060250,0.498430,0.0,0.000000
0.003060500,0.498576,0.0,0.000000
0.003060750,0.498722,0.0,0.000000
0.003061000,0.498869,0.0,0.000000
0.003061250,0.499015,0.0,0.000000
0.003061500,0.499161,0.0,0.000000
0.003061750,0.499307,0.0,0.000000
0.003062000,0.499453,0.0,0.000000
0.003062250,0.499599,0.0,0.000000
0.003062500,0.499745,0.0,0.000000
0.003062750,0.499891,0.0,0.000000
0.003063000,0.500036,0.0,0.000000
0.003063250,0.500182,0.0,0.000000
0.003063500,0.500328,0.0,0.000000
0.003063750,0.500474,0.0,0.000000
0.003064000,0.500620,0.0,0.000000
0.003064250,0.500765,0.0,0.000000
0.003064500,0.500911,0.0,0.000000
0.003064750,0.501056,0.0,0.000000
0.003065000,0.501202,0.0,0.000000
0.003065250,0.501348,0.0,0.000000
0.003065500,0.501493,0.0,0.000000
0.003065750,0.501639,0.0,0.000000
0.003066000,0.501784,0.0,0.000000
0.003066250,0.501930,0.0,0.000000
0.003066500,0.502075,0.0,0.000000
0.003066750,0.502220,0.0,0.000000
0.003067000,0.502366,0.0,0.000000
0.003067250,0.502511,0.0,0.000000
0.003067500,0.502656,0.0,0.000000
0.003067750,0.502802,0.0,0.000000
0.003068000,0.502947,0.0,0.000000
0.003068250,0.503092,0.0,0.000000
0.003068500,0.503237,0.0,0.000000
0.003068750,0.503383,0.0,0.000000
0.003069000,0.503528,0.0,0.000000
0.003069250,0.503673,0.0,0.000000
0.003069500,0.503818,0.0,0.000000
0.003069750,0.503963,0.0,0.000000
0.003070000,0.504108,0.0,0.000000
0.003070250,0.504253,0.0,0.000000
0.003070500,0.504398,0.0,0.000000
0.003070750,0.504543,0.0,0.000000
0.003071000,0.504688,0.0,0.000000
0.003071250,0.504832,0.0,0.000000
0.003071500,0.504977,0.0,0.000000
0.003071750,0.505122,0.0,0.000000
0.003072000,0.505267,0.0,0.000000
0.003072250,0.505412,0.0,0.000000
0.003072500,0.505556,0.0,0.000000
0.003072750,0.505701,0.0,0.000000
0.003073000,0.505846,0.0,0.000000
0.003073250,0.505990,0.0,0.000000
0.003073500,0.506135,0.0,0.000000
0.003073750,0.506279,0.0,0.000000
0.003074000,0.506424,0.0,0.000000
0.003074250,0.506568,0.0,0.000000
0.003074500,0.506713,0.0,0.000000
0.003074750,0.506857,0.0,0.000000
0.003075000,0.507002,0.0,0.000000
0.003075250,0.507146,0.0,0.000000
0.003075500,0.507290,0.0,0.000000
0.003075750,0.507435,0.0,0.000000
0.003076000,0.507579,0.0,0.000000
0.003076250,0.507723,0.0,0.000000
0.003076500,0.507867,0.0,0.000000
0.003076750,0.508012,0.0,0.000000
0.003077000,0.508156,0.0,0.000000
0.003077250,0.508300,0.0,0.000000
0.003077500,0.508444,0.0,0.000000
0.003077750,0.508588,0.0,0.000000
0.003078000,0.508732,0.0,0.000000
0.003078250,0.508876,0.0,0.000000
0.003078500,0.509020,0.0,0.000000
0.003078750,0.509164,0.0,0.000000
0.003079000,0.509308,0.0,0.000000
0.003079250,0.509452,0.0,0.000000
0.003079500,0.509596,0.0,0.000000
0.003079750,0.509739,0.0,0.000000
0.003080000,0.509883,0.0,0.000000
0.003080250,0.510027,0.0,0.000000
0.003080500,0.510171,0.0,0.000000
0.003080750,0.510314,0.0,0.000000
0.003081000,0.510458,0.0,0.000000
0.003081250,0.510602,0.0,0.000000
0.003081500,0.510745,0.0,0.000000
0.003081750,0.510889,0.0,0.000000
0.003082000,0.511032,0.0,0.000000
0.003082250,0.511176,0.0,0.000000
0.003082500,0.511319,0.0,0.000000
0.003082750,0.511463,0.0,0.000000
0.003083000,0.511606,0.0,0.000000
0.003083250,0.511750,0.0,0.000000
0.003083500,0.511893,0.0,0.000000
0.003083750,0.512036,0.0,0.000000
0.003084000,0.512180,0.0,0.000000
0.003084250,0.512323,0.0,0.000000
0.003084500,0.512466,0.0,0.000000
0.003084750,0.512609,0.0,0.000000
0.003085000,0.512752,0.0,0.000000
0.003085250,0.512896,0.0,0.000000
0.003085500,0.513039,0.0,0.000000
0.003085750,0.513182,0.0,0.000000
0.003086000,0.513325,0.0,0.000000
0.003086250,0.513468,0.0,0.000000
0.003086500,0.513611,0.0,0.000000
0.003086750,0.513754,0.0,0.000000
0.003087000,0.513897,0.0,0.000000
0.003087250,0.514040,0.0,0.000000
0.003087500,0.514183,0.0,0.000000
0.003087750,0.514326,0.0,0.000000
0.003088000,0.514468,0.0,0.000000
0.003088250,0.514611,0.0,0.000000
0.003088500,0.514754,0.0,0.000000
0.003088750,0.514897,0.0,0.000000
0.003089000,0.515039,0.0,0.000000
0.003089250,0.515182,0.0,0.000000
0.003089500,0.515325,0.0,0.000000
0.003089750,0.515467,0.0,0.000000
0.003090000,0.515610,0.0,0.000000
0.003090250,0.515752,0.0,0.000000
0.003090500,0.515895,0.0,0.000000
0.003090750,0.516038,0.0,0.000000
0.003091000,0.516180,0.0,0.000000
0.003091250,0.516322,0.0,0.000000
0.003091500,0.516465,0.0,0.000000
0.003091750,0.516607,0.0,0.000000
0.003092000,0.516750,0.0,0.000000
0.003092250,0.516892,0.0,0.000000
0.003092500,0.517034,0.0,0.000000
0.003092750,0.517176,0.0,0.000000
0.003093000,0.517319,0.0,0.000000
0.003093250,0.517461,0.0,0.000000
0.003093500,0.517603,0.0,0.000000
0.003093750,0.517745,0.0,0.000000
0.003094000,0.517887,0.0,0.000000
0.003094250,0.518029,0.0,0.000000
0.003094500,0.518171,0.0,0.000000
0.003094750,0.518313,0.0,0.000000
0.003095000,0.518455,0.0,0.000000
0.003095250,0.518597,0.0,0.000000
0.003095500,0.518739,0.0,0.000000
0.003095750,0.518881,0.0,0.000000
0.003096000,0.519023,0.0,0.000000
0.003096250,0.519165,0.0,0.000000
0.003096500,0.519307,0.0,0.000000
0.003096750,0.519449,0.0,0.000000
0.003097000,0.519591,0.0,0.000000
0.003097250,0.519732,0.0,0.000000
0.003097500,0.519874,0.0,0.000000
0.003097750,0.520016,0.0,0.000000
0.003098000,0.520157,0.0,0.000000
0.003098250,0.520299,0.0,0.000000
0.003098500,0.520441,0.0,0.000000
0.003098750,0.520582,0.0,0.000000
0.003099000,0.520724,0.0,0.000000
0.003099250,0.520865,0.0,0.000000
0.003099500,0.521007,0.0,0.000000
0.003099750,0.521148,0.0,0.000000
0.003100000,0.521290,0.0,0.000000
0.003100250,0.521431,0.0,0.000000
0.003100500,0.521572,0.0,0.000000
0.003100750,0.521714,0.0,0.000000
0.003101000,0.521855,0.0,0.000000
0.003101250,0.521996,0.0,0.000000
0.003101500,0.522138,0.0,0.000000
0.003101750,0.522279,0.0,0.000000
0.003102000,0.522420,0.0,0.000000
0.003102250,0.522561,0.0,0.000000
0.003102500,0.522702,0.0,0.000000
0.003102750,0.522843,0.0,0.000000
0.003103000,0.522984,0.0,0.000000
0.003103250,0.523125,0.0,0.000000
0.003103500,0.523266,0.0,0.000000
0.003103750,0.523407,0.0,0.000000
0.003104000,0.523548,0.0,0.000000
0.003104250,0.523689,0.0,0.000000
0.003104500,0.523830,0.0,0.000000
0.003104750,0.523971,0.0,0.000000
0.003105000,0.524112,0.0,0.000000
0.003105250,0.524253,0.0,0.000000
0.003105500,0.524393,0.0,0.000000
0.003105750,0.524534,0.0,0.000000
0.003106000,0.524675,0.0,0.000000
0.003106250,0.524816,0.0,0.000000
0.003106500,0.524956,0.0,0.000000
0.003106750,0.525097,0.0,0.000000
0.003107000,0.525238,0.0,0.000000
0.003107250,0.525378,0.0,0.000000
0.003107500,0.525519,0.0,0.000000
0.003107750,0.525659,0.0,0.000000
0.003108000,0.525800,0.0,0.000000
0.003108250,0.525940,0.0,0.000000
0.003108500,0.526080,0.0,0.000000
0.003108750,0.526221,0.0,0.000000
0.003109000,0.526361,0.0,0.000000
0.003109250,0.526501,0.0,0.000000
0.003109500,0.526642,0.0,0.000000
0.003109750,0.526782,0.0,0.000000
0.003110000,0.526922,0.0,0.000000
0.003110250,0.527062,0.0,0.000000
0.003110500,0.527203,0.0,0.000000
0.003110750,0.527343,0.0,0.000000
0.003111000,0.527483,0.0,0.000000
0.003111250,0.527623,0.0,0.000000
0.003111500,0.527763,0.0,0.000000
0.003111750,0.527903,0.0,0.000000
0.003112000,0.528043,0.0,0.000000
0.003112250,0.528183,0.0,0.000000
0.003112500,0.528323,0.0,0.000000
0.003112750,0.528463,0.0,0.000000
0.003113000,0.528603,0.0,0.000000
0.003113250,0.528743,0.0,0.000000
0.003113500,0.528883,0.0,0.000000
0.003113750,0.529022,0.0,0.000000
0.003114000,0.529162,0.0,0.000000
0.003114250,0.529302,0.0,0.000000
0.003114500,0.529442,0.0,0.000000
0.003114750,0.529581,0.0,0.000000
0.003115000,0.529721,0.0,0.000000
0.003115250,0.529861,0.0,0.000000
0.003115500,0.530000,0.0,0.000000
0.003115750,0.530140,0.0,0.000000
0.003116000,0.530279,0.0,0.000000
0.003116250,0.530419,0.0,0.000000
0.003116500,0.530558,0.0,0.000000
0.003116750,0.530698,0.0,0.000000
0.003117000,0.530837,0.0,0.000000
0.003117250,0.530977,0.0,0.000000
0.003117500,0.531116,0.0,0.000000
0.003117750,0.531255,0.0,0.000000
0.003118000,0.531395,0.0,0.000000
0.003118250,0.531534,0.0,0.000000
0.003118500,0.531673,0.0,0.000000
0.003118750,0.531812,0.0,0.000000
0.003119000,0.531952,0.0,0.000000
0.003119250,0.532091,0.0,0.000000
0.003119500,0.532230,0.0,0.000000
0.003119750,0.532369,0.0,0.000000
0.003120000,0.532508,0.0,0.000000
0.003120250,0.532647,0.0,0.000000
0.003120500,0.532786,0.0,0.000000
0.003120750,0.532925,0.0,0.000000
0.003121000,0.533064,0.0,0.000000
0.003121250,0.533203,0.0,0.000000
0.003121500,0.533342,0.0,0.000000
0.003121750,0.533481,0.0,0.000000
0.003122000,0.533620,0.0,0.000000
0.003122250,0.533758,0.0,0.000000
0.003122500,0.533897,0.0,0.000000
0.003122750,0.534036,0.0,0.000000
0.003123000,0.534175,0.0,0.000000
0.003123250,0.534313,0.0,0.000000
0.003123500,0.534452,0.0,0.000000
0.003123750,0.534591,0.0,0.000000
0.003124000,0.534729,0.0,0.000000
0.003124250,0.534868,0.0,0.000000
0.003124500,0.535007,0.0,0.000000
0.003124750,0.535145,0.0,0.000000
0.003125000,0.535284,0.0,0.000000
0.003125250,0.535422,0.0,0.000000
0.003125500,0.535561,0.0,0.000000
0.003125750,0.535699,0.0,0.000000
0.003126000,0.535837,0.0,0.000000
0.003126250,0.535976,0.0,0.000000
0.003126500,0.536114,0.0,0.000000
0.003126750,0.536252,0.0,0.000000
0.003127000,0.536391,0.0,0.000000
0.003127250,0.536529,0.0,0.000000
0.003127500,0.536667,0.0,0.000000
0.003127750,0.536805,0.0,0.000000
0.003128000,0.536943,0.0,0.000000
0.003128250,0.537082,0.0,0.000000
0.003128500,0.537220,0.0,0.000000
0.003128750,0.537358,0.0,0.000000
0.003129000,0.537496,0.0,0.000000
0.003129250,0.537634,0.0,0.000000
0.003129500,0.537772,0.0,0.000000
0.003129750,0.537910,0.0,0.000000
0.003130000,0.538048,0.0,0.000000
0.003130250,0.538185,0.0,0.000000
0.003130500,0.538323,0.0,0.000000
0.003130750,0.538461,0.0,0.000000
0.003131000,0.538599,0.0,0.000000
0.003131250,0.538737,0.0,0.000000
0.003131500,0.538875,0.0,0.000000
0.003131750,0.539012,0.0,0.000000
0.003132000,0.539150,0.0,0.000000
0.003132250,0.539288,0.0,0.000000
0.003132500,0.539425,0.0,0.000000
0.003132750,0.539563,0.0,0.000000
0.003133000,0.539701,0.0,0.000000
0.003133250,0.539838,0.0,0.000000
0.003133500,0.539976,0.0,0.000000
0.003133750,0.540113,0.0,0.000000
0.003134000,0.540251,0.0,0.000000
0.003134250,0.540388,0.0,0.000000
0.003134500,0.540525,0.0,0.000000
0.003134750,0.540663,0.0,0.000000
0.003135000,0.540800,0.0,0.000000
0.003135250,0.540937,0.0,0.000000
0.003135500,0.541075,0.0,0.000000
0.003135750,0.541212,0.0,0.000000
0.003136000,0.541349,0.0,0.000000
0.003136250,0.541486,0.0,0.000000
0.003136500,0.541624,0.0,0.000000
0.003136750,0.541761,0.0,0.000000
0.003137000,0.541898,0.0,0.000000
0.003137250,0.542035,0.0,0.000000
0.003137500,0.542172,0.0,0.000000
0.003137750,0.542309,0.0,0.000000
0.003138000,0.542446,0.0,0.000000
0.003138250,0.542583,0.0,0.000000
0.003138500,0.542720,0.0,0.000000
0.003138750,0.542857,0.0,0.000000
0.003139000,0.542994,0.0,0.000000
0.003139250,0.543131,0.0,0.000000
0.003139500,0.543268,0.0,0.000000
0.003139750,0.543404,0.0,0.000000
0.003140000,0.543541,0.0,0.000000
0.003140250,0.543678,0.0,0.000000
0.003140500,0.543815,0.0,0.000000
0.003140750,0.543951,0.0,0.000000
0.003141000,0.544088,0.0,0.000000
0.003141250,0.544225,0.0,0.000000
0.003141500,0.544361,0.0,0.000000
0.003141750,0.544498,0.0,0.000000
0.003142000,0.544634,0.0,0.000000
0.003142250,0.544771,0.0,0.000000
0.003142500,0.544907,0.0,0.000000
0.003142750,0.545044,0.0,0.000000
0.003143000,0.545180,0.0,0.000000
0.003143250,0.545317,0.0,0.000000
0.003143500,0.545453,0.0,0.000000
0.003143750,0.545590,0.0,0.000000
0.003144000,0.545726,0.0,0.000000
0.003144250,0.545862,0.0,0.000000
0.003144500,0.545998,0.0,0.000000
0.003144750,0.546135,0.0,0.000000
0.003145000,0.546271,0.0,0.000000
0.003145250,0.546407,0.0,0.000000
0.003145500,0.546543,0.0,0.000000
0.003145750,0.546679,0.0,0.000000
0.003146000,0.546815,0.0,0.000000
0.003146250,0.546951,0.0,0.000000
0.003146500,0.547087,0.0,0.000000
0.003146750,0.547224,0.0,0.000000
0.003147000,0.547359,0.0,0.000000
0.003147250,0.547495,0.0,0.000000
0.003147500,0.547631,0.0,0.000000
0.003147750,0.547767,0.0,0.000000
0.003148000,0.547903,0.0,0.000000
0.003148250,0.548039,0.0,0.000000
0.003148500,0.548175,0.0,0.000000
0.003148750,0.548311,0.0,0.000000
0.003149000,0.548446,0.0,0.000000
0.003149250,0.548582,0.0,0.000000
0.003149500,0.548718,0.0,0.000000
0.003149750,0.548854,0.0,0.000000
0.003150000,0.548989,0.0,0.000000
0.003150250,0.549125,0.0,0.000000
0.003150500,0.549260,0.0,0.000000
0.003150750,0.549396,0.0,0.000000
0.003151000,0.549531,0.0,0.000000
0.003151250,0.549667,0.0,0.000000
0.003151500,0.549802,0.0,0.000000
0.003151750,0.549938,0.0,0.000000
0.003152000,0.550073,0.0,0.000000
0.003152250,0.550209,0.0,0.000000
0.003152500,0.550344,0.0,0.000000
0.003152750,0.550479,0.0,0.000000
0.003153000,0.550615,0.0,0.000000
0.003153250,0.550750,0.0,0.000000
0.003153500,0.550885,0.0,0.000000
0.003153750,0.551020,0.0,0.000000
0.003154000,0.551156,0.0,0.000000
0.003154250,0.551291,0.0,0.000000
0.003154500,0.551426,0.0,0.000000
0.003154750,0.551561,0.0,0.000000
0.003155000,0.551696,0.0,0.000000
0.003155250,0.551831,0.0,0.000000
0.003155500,0.551966,0.0,0.000000
0.003155750,0.552101,0.0,0.000000
0.003156000,0.552236,0.0,0.000000
0.003156250,0.552371,0.0,0.000000
0.003156500,0.552506,0.0,0.000000
0.003156750,0.552641,0.0,0.000000
0.003157000,0.552776,0.0,0.000000
0.003157250,0.552911,0.0,0.000000
0.003157500,0.553045,0.0,0.000000
0.003157750,0.553180,0.0,0.000000
0.003158000,0.553315,0.0,0.000000
0.003158250,0.553450,0.0,0.000000
0.003158500,0.553584,0.0,0.000000
0.003158750,0.553719,0.0,0.000000
0.003159000,0.553854,0.0,0.000000
0.003159250,0.553988,0.0,0.000000
0.003159500,0.554123,0.0,0.000000
0.003159750,0.554257,0.0,0.000000
0.003160000,0.554392,0.0,0.000000
0.003160250,0.554526,0.0,0.000000
0.003160500,0.554661,0.0,0.000000
0.003160750,0.554795,0.0,0.000000
0.003161000,0.554930,0.0,0.000000
0.003161250,0.555064,0.0,0.000000
0.003161500,0.555198,0.0,0.000000
0.003161750,0.555333,0.0,0.000000
0.003162000,0.555467,0.0,0.000000
0.003162250,0.555601,0.0,0.000000
0.003162500,0.555736,0.0,0.000000
0.003162750,0.555870,0.0,0.000000
0.003163000,0.556004,0.0,0.000000
0.003163250,0.556138,0.0,0.000000
0.003163500,0.556272,0.0,0.000000
0.003163750,0.556406,0.0,0.000000
0.003164000,0.556540,0.0,0.000000
0.003164250,0.556674,0.0,0.000000
0.003164500,0.556808,0.0,0.000000
0.003164750,0.556942,0.0,0.000000
0.003165000,0.557076,0.0,0.000000
0.003165250,0.557210,0.0,0.000000
0.003165500,0.557344,0.0,0.000000
0.003165750,0.557478,0.0,0.000000
0.003166000,0.557612,0.0,0.000000
0.003166250,0.557746,0.0,0.000000
0.003166500,0.557880,0.0,0.000000
0.003166750,0.558013,0.0,0.000000
0.003167000,0.558147,0.0,0.000000
0.003167250,0.558281,0.0,0.000000
0.003167500,0.558414,0.0,0.000000
0.003167750,0.558548,0.0,0.000000
0.003168000,0.558682,0.0,0.000000
0.003168250,0.558815,0.0,0.000000
0.003168500,0.558949,0.0,0.000000
0.003168750,0.559082,0.0,0.000000
0.003169000,0.559216,0.0,0.000000
0.003169250,0.559349,0.0,0.000000
0.003169500,0.559483,0.0,0.000000
0.003169750,0.559616,0.0,0.000000
0.003170000,0.559750,0.0,0.000000
0.003170250,0.559883,0.0,0.000000
0.003170500,0.560016,0.0,0.000000
0.003170750,0.560150,0.0,0.000000
0.003171000,0.560283,0.0,0.000000
0.003171250,0.560416,0.0,0.000000
0.003171500,0.560550,0.0,0.000000
0.003171750,0.560683,0.0,0.000000
0.003172000,0.560816,0.0,0.000000
0.003172250,0.560949,0.0,0.000000
0.003172500,0.561082,0.0,0.000000
0.003172750,0.561215,0.0,0.000000
0.003173000,0.561348,0.0,0.000000
0.003173250,0.561481,0.0,0.000000
0.003173500,0.561614,0.0,0.000000
0.003173750,0.561747,0.0,0.000000
0.003174000,0.561880,0.0,0.000000
0.003174250,0.562013,0.0,0.000000
0.003174500,0.562146,0.0,0.000000
0.003174750,0.562279,0.0,0.000000
0.003175000,0.562412,0.0,0.000000
0.003175250,0.562545,0.0,0.000000
0.003175500,0.562678,0.0,0.000000
0.003175750,0.562810,0.0,0.000000
0.003176000,0.562943,0.0,0.000000
0.003176250,0.563076,0.0,0.000000
0.003176500,0.563208,0.0,0.000000
0.003176750,0.563341,0.0,0.000000
0.003177000,0.563474,0.0,0.000000
0.003177250,0.563606,0.0,0.000000
0.003177500,0.563739,0.0,0.000000
0.003177750,0.563872,0.0,0.000000
0.003178000,0.564004,0.0,0.000000
0.003178250,0.564137,0.0,0.000000
0.003178500,0.564269,0.0,0.000000
0.003178750,0.564401,0.0,0.000000
0.003179000,0.564534,0.0,0.000000
0.003179250,0.564666,0.0,0.000000
0.003179500,0.564798,0.0,0.000000
0.003179750,0.564931,0.0,0.000000
0.003180000,0.565063,0.0,0.000000
0.003180250,0.565195,0.0,0.000000
0.003180500,0.565328,0.0,0.000000
0.003180750,0.565460,0.0,0.000000
0.003181000,0.565592,0.0,0.000000
0.003181250,0.565724,0.0,0.000000
0.003181500,0.565856,0.0,0.000000
0.003181750,0.565988,0.0,0.000000
0.003182000,0.566121,0.0,0.000000
0.003182250,0.566253,0.0,0.000000
0.003182500,0.566385,0.0,0.000000
0.003182750,0.566517,0.0,0.000000
0.003183000,0.566648,0.0,0.000000
0.003183250,0.566780,0.0,0.000000
0.003183500,0.566912,0.0,0.000000
0.003183750,0.567044,0.0,0.000000
0.003184000,0.567176,0.0,0.000000
0.003184250,0.567308,0.0,0.000000
0.003184500,0.567440,0.0,0.000000
0.003184750,0.567572,0.0,0.000000
0.003185000,0.567703,0.0,0.000000
0.003185250,0.567835,0.0,0.000000
0.003185500,0.567967,0.0,0.000000
0.003185750,0.568098,0.0,0.000000
0.003186000,0.568230,0.0,0.000000
0.003186250,0.568362,0.0,0.000000
0.003186500,0.568493,0.0,0.000000
0.003186750,0.568625,0.0,0.000000
0.003187000,0.568756,0.0,0.000000
0.003187250,0.568888,0.0,0.000000
0.003187500,0.569019,0.0,0.000000
0.003187750,0.569151,0.0,0.000000
0.003188000,0.569282,0.0,0.000000
0.003188250,0.569413,0.0,0.000000
0.003188500,0.569545,0.0,0.000000
0.003188750,0.569676,0.0,0.000000
0.003189000,0.569807,0.0,0.000000
0.003189250,0.569939,0.0,0.000000
0.003189500,0.570070,0.0,0.000000
0.003189750,0.570201,0.0,0.000000
0.003190000,0.570332,0.0,0.000000
0.003190250,0.570464,0.0,0.000000
0.003190500,0.570595,0.0,0.000000
0.003190750,0.570726,0.0,0.000000
0.003191000,0.570857,0.0,0.000000
0.003191250,0.570988,0.0,0.000000
0.003191500,0.571119,0.0,0.000000
0.003191750,0.571250,0.0,0.000000
0.003192000,0.571381,0.0,0.000000
0.003192250,0.571512,0.0,0.000000
0.003192500,0.571643,0.0,0.000000
0.003192750,0.571774,0.0,0.000000
0.003193000,0.571905,0.0,0.000000
0.003193250,0.572035,0.0,0.000000
0.003193500,0.572166,0.0,0.000000
0.003193750,0.572297,0.0,0.000000
0.003194000,0.572428,0.0,0.000000
0.003194250,0.572559,0.0,0.000000
0.003194500,0.572689,0.0,0.000000
0.003194750,0.572820,0.0,0.000000
0.003195000,0.572951,0.0,0.000000
0.003195250,0.573081,0.0,0.000000
0.003195500,0.573212,0.0,0.000000
0.003195750,0.573342,0.0,0.000000
0.003196000,0.573473,0.0,0.000000
0.003196250,0.573604,0.0,0.000000
0.003196500,0.573734,0.0,0.000000
0.003196750,0.573864,0.0,0.000000
0.003197000,0.573995,0.0,0.000000
0.003197250,0.574125,0.0,0.000000
0.003197500,0.574256,0.0,0.000000
0.003197750,0.574386,0.0,0.000000
0.003198000,0.574516,0.0,0.000000
0.003198250,0.574647,0.0,0.000000
0.003198500,0.574777,0.0,0.000000
0.003198750,0.574907,0.0,0.000000
0.003199000,0.575037,0.0,0.000000
0.003199250,0.575168,0.0,0.000000
0.003199500,0.575298,0.0,0.000000
0.003199750,0.575428,0.0,0.000000
0.003200000,0.575558,0.0,0.000000
0.003200250,0.575688,0.0,0.000000
0.003200500,0.575818,0.0,0.000000
0.003200750,0.575948,0.0,0.000000
0.003201000,0.576078,0.0,0.000000
0.003201250,0.576208,0.0,0.000000
0.003201500,0.576338,0.0,0.000000
0.003201750,0.576468,0.0,0.000000
0.003202000,0.576598,0.0,0.000000
0.003202250,0.576728,0.0,0.000000
0.003202500,0.576858,0.0,0.000000
0.003202750,0.576987,0.0,0.000000
0.003203000,0.577117,0.0,0.000000
0.003203250,0.577247,0.0,0.000000
0.003203500,0.577377,0.0,0.000000
0.003203750,0.577506,0.0,0.000000
0.003204000,0.577636,0.0,0.000000
0.003204250,0.577766,0.0,0.000000
0.003204500,0.577895,0.0,0.000000
0.003204750,0.578025,0.0,0.000000
0.003205000,0.578155,0.0,0.000000
0.003205250,0.578284,0.0,0.000000
0.003205500,0.578414,0.0,0.000000
0.003205750,0.578543,0.0,0.000000
0.003206000,0.578673,0.0,0.000000
0.003206250,0.578802,0.0,0.000000
0.003206500,0.578931,0.0,0.000000
0.003206750,0.579061,0.0,0.000000
0.003207000,0.579190,0.0,0.000000
0.003207250,0.579319,0.0,0.000000
0.003207500,0.579449,0.0,0.000000
0.003207750,0.579578,0.0,0.000000
0.003208000,0.579707,0.0,0.000000
0.003208250,0.579836,0.0,0.000000
0.003208500,0.579966,0.0,0.000000
0.003208750,0.580095,0.0,0.000000
0.003209000,0.580224,0.0,0.000000
0.003209250,0.580353,0.0,0.000000
0.003209500,0.580482,0.0,0.000000
0.003209750,0.580611,0.0,0.000000
0.003210000,0.580740,0.0,0.000000
0.003210250,0.580869,0.0,0.000000
0.003210500,0.580998,0.0,0.000000
0.003210750,0.581127,0.0,0.000000
0.003211000,0.581256,0.0,0.000000
0.003211250,0.581385,0.0,0.000000
0.003211500,0.581514,0.0,0.000000
0.003211750,0.581643,0.0,0.000000
0.003212000,0.581772,0.0,0.000000
0.003212250,0.581900,0.0,0.000000
0.003212500,0.582029,0.0,0.000000
0.003212750,0.582158,0.0,0.000000
0.003213000,0.582287,0.0,0.000000
0.003213250,0.582415,0.0,0.000000
0.003213500,0.582544,0.0,0.000000
0.003213750,0.582672,0.0,0.000000
0.003214000,0.582801,0.0,0.000000
0.003214250,0.582930,0.0,0.000000
0.003214500,0.583058,0.0,0.000000
0.003214750,0.583187,0.0,0.000000
0.003215000,0.583315,0.0,0.000000
0.003215250,0.583444,0.0,0.000000
0.003215500,0.583572,0.0,0.000000
0.003215750,0.583701,0.0,0.000000
0.003216000,0.583829,0.0,0.000000
0.003216250,0.583957,0.0,0.000000
0.003216500,0.584086,0.0,0.000000
0.003216750,0.584214,0.0,0.000000
0.003217000,0.584342,0.0,0.000000
0.003217250,0.584471,0.0,0.000000
0.003217500,0.584599,0.0,0.000000
0.003217750,0.584727,0.0,0.000000
0.003218000,0.584855,0.0,0.000000
0.003218250,0.584983,0.0,0.000000
0.003218500,0.585111,0.0,0.000000
0.003218750,0.585239,0.0,0.000000
0.003219000,0.585368,0.0,0.000000
0.003219250,0.585496,0.0,0.000000
0.003219500,0.585624,0.0,0.000000
0.003219750,0.585752,0.0,0.000000
0.003220000,0.585880,0.0,0.000000
0.003220250,0.586007,0.0,0.000000
0.003220500,0.586135,0.0,0.000000
0.003220750,0.586263,0.0,0.000000
0.003221000,0.586391,0.0,0.000000
0.003221250,0.586519,0.0,0.000000
0.003221500,0.586647,0.0,0.000000
0.003221750,0.586774,0.0,0.000000
0.003222000,0.586902,0.0,0.000000
0.003222250,0.587030,0.0,0.000000
0.003222500,0.587158,0.0,0.000000
0.003222750,0.587285,0.0,0.000000
0.003223000,0.587413,0.0,0.000000
0.003223250,0.587541,0.0,0.000000
0.003223500,0.587668,0.0,0.000000
0.003223750,0.587796,0.0,0.000000
0.003224000,0.587923,0.0,0.000000
0.003224250,0.588051,0.0,0.000000
0.003224500,0.588178,0.0,0.000000
0.003224750,0.588306,0.0,0.000000
0.003225000,0.588433,0.0,0.000000
0.003225250,0.588560,0.0,0.000000
0.003225500,0.588688,0.0,0.000000
0.003225750,0.588815,0.0,0.000000
0.003226000,0.588943,0.0,0.000000
0.003226250,0.589070,0.0,0.000000
0.003226500,0.589197,0.0,0.000000
0.003226750,0.589324,0.0,0.000000
0.003227000,0.589452,0.0,0.000000
0.003227250,0.589579,0.0,0.000000
0.003227500,0.589706,0.0,0.000000
0.003227750,0.589833,0.0,0.000000
0.003228000,0.589960,0.0,0.000000
0.003228250,0.590087,0.0,0.000000
0.003228500,0.590214,0.0,0.000000
0.003228750,0.590341,0.0,0.000000
0.003229000,0.590468,0.0,0.000000
0.003229250,0.590595,0.0,0.000000
0.003229500,0.590722,0.0,0.000000
0.003229750,0.590849,0.0,0.000000
0.003230000,0.590976,0.0,0.000000
0.003230250,0.591103,0.0,0.000000
0.003230500,0.591230,0.0,0.000000
0.003230750,0.591357,0.0,0.000000
0.003231000,0.591483,0.0,0.000000
0.003231250,0.591610,0.0,0.000000
0.003231500,0.591737,0.0,0.000000
0.003231750,0.591864,0.0,0.000000
0.003232000,0.591990,0.0,0.000000
0.003232250,0.592117,0.0,0.000000
0.003232500,0.592244,0.0,0.000000
0.003232750,0.592370,0.0,0.000000
0.003233000,0.592497,0.0,0.000000
0.003233250,0.592623,0.0,0.000000
0.003233500,0.592750,0.0,0.000000
0.003233750,0.592876,0.0,0.000000
0.003234000,0.593003,0.0,0.000000
0.003234250,0.593129,0.0,0.000000
0.003234500,0.593256,0.0,0.000000
0.003234750,0.593382,0.0,0.000000
0.003235000,0.593508,0.0,0.000000
0.003235250,0.593635,0.0,0.000000
0.003235500,0.593761,0.0,0.000000
0.003235750,0.593887,0.0,0.000000
0.003236000,0.594014,0.0,0.000000
0.003236250,0.594140,0.0,0.000000
0.003236500,0.594266,0.0,0.000000
0.003236750,0.594392,0.0,0.000000
0.003237000,0.594518,0.0,0.000000
0.003237250,0.594645,0.0,0.000000
0.003237500,0.594771,0.0,0.000000
0.003237750,0.594897,0.0,0.000000
0.003238000,0.595023,0.0,0.000000
0.003238250,0.595149,0.0,0.000000
0.003238500,0.595275,0.0,0.000000
0.003238750,0.595401,0.0,0.000000
0.003239000,0.595527,0.0,0.000000
0.003239250,0.595653,0.0,0.000000
0.003239500,0.595779,0.0,0.000000
0.003239750,0.595905,0.0,0.000000
0.003240000,0.596030,0.0,0.000000
0.003240250,0.596156,0.0,0.000000
0.003240500,0.596282,0.0,0.000000
0.003240750,0.596408,0.0,0.000000
0.003241000,0.596533,0.0,0.000000
0.003241250,0.596659,0.0,0.000000
0.003241500,0.596785,0.0,0.000000
0.003241750,0.596911,0.0,0.000000
0.003242000,0.597036,0.0,0.000000
0.003242250,0.597162,0.0,0.000000
0.003242500,0.597287,0.0,0.000000
0.003242750,0.597413,0.0,0.000000
0.003243000,0.597538,0.0,0.000000
0.003243250,0.597664,0.0,0.000000
0.003243500,0.597789,0.0,0.000000
0.003243750,0.597915,0.0,0.000000
0.003244000,0.598040,0.0,0.000000
0.003244250,0.598166,0.0,0.000000
0.003244500,0.598291,0.0,0.000000
0.003244750,0.598416,0.0,0.000000
0.003245000,0.598542,0.0,0.000000
0.003245250,0.598667,0.0,0.000000
0.003245500,0.598792,0.0,0.000000
0.003245750,0.598918,0.0,0.000000
0.003246000,0.599043,0.0,0.000000
0.003246250,0.599168,0.0,0.000000
0.003246500,0.599293,0.0,0.000000
0.003246750,0.599418,0.0,0.000000
0.003247000,0.599543,0.0,0.000000
0.003247250,0.599668,0.0,0.000000
0.003247500,0.599793,0.0,0.000000
0.003247750,0.599919,0.0,0.000000
0.003248000,0.600044,0.0,0.000000
0.003248250,0.600169,0.0,0.000000
0.003248500,0.600293,0.0,0.000000
0.003248750,0.600418,0.0,0.000000
0.003249000,0.600543,0.0,0.000000
0.003249250,0.600668,0.0,0.000000
0.003249500,0.600793,0.0,0.000000
0.003249750,0.600918,0.0,0.000000
0.003250000,0.601043,0.0,0.000000
0.003250250,0.601167,0.0,0.000000
0.003250500,0.601292,0.0,0.000000
0.003250750,0.601417,0.0,0.000000
0.003251000,0.601542,0.0,0.000000
0.003251250,0.601666,0.0,0.000000
0.003251500,0.601791,0.0,0.000000
0.003251750,0.601916,0.0,0.000000
0.003252000,0.602040,0.0,0.000000
0.003252250,0.602165,0.0,0.000000
0.003252500,0.602289,0.0,0.000000
0.003252750,0.602414,0.0,0.000000
0.003253000,0.602538,0.0,0.000000
0.003253250,0.602663,0.0,0.000000
0.003253500,0.602787,0.0,0.000000
0.003253750,0.602912,0.0,0.000000
0.003254000,0.603036,0.0,0.000000
0.003254250,0.603160,0.0,0.000000
0.003254500,0.603285,0.0,0.000000
0.003254750,0.603409,0.0,0.000000
0.003255000,0.603533,0.0,0.000000
0.003255250,0.603657,0.0,0.000000
0.003255500,0.603782,0.0,0.000000
0.003255750,0.603906,0.0,0.000000
0.003256000,0.604030,0.0,0.000000
0.003256250,0.604154,0.0,0.000000
0.003256500,0.604278,0.0,0.000000
0.003256750,0.604402,0.0,0.000000
0.003257000,0.604527,0.0,0.000000
0.003257250,0.604651,0.0,0.000000
0.003257500,0.604775,0.0,0.000000
0.003257750,0.604899,0.0,0.000000
0.003258000,0.605023,0.0,0.000000
0.003258250,0.605146,0.0,0.000000
0.003258500,0.605270,0.0,0.000000
0.003258750,0.605394,0.0,0.000000
0.003259000,0.605518,0.0,0.000000
0.003259250,0.605642,0.0,0.000000
0.003259500,0.605766,0.0,0.000000
0.003259750,0.605890,0.0,0.000000
0.003260000,0.606013,0.0,0.000000
0.003260250,0.606137,0.0,0.000000
0.003260500,0.606261,0.0,0.000000
0.003260750,0.606385,0.0,0.000000
0.003261000,0.606508,0.0,0.000000
0.003261250,0.606632,0.0,0.000000
0.003261500,0.606755,0.0,0.000000
0.003261750,0.606879,0.0,0.000000
0.003262000,0.607003,0.0,0.000000
0.003262250,0.607126,0.0,0.000000
0.003262500,0.607250,0.0,0.000000
0.003262750,0.607373,0.0,0.000000
0.003263000,0.607497,0.0,0.000000
0.003263250,0.607620,0.0,0.000000
0.003263500,0.607743,0.0,0.000000
0.003263750,0.607867,0.0,0.000000
0.003264000,0.607990,0.0,0.000000
0.003264250,0.608113,0.0,0.000000
0.003264500,0.608237,0.0,0.000000
0.003264750,0.608360,0.0,0.000000
0.003265000,0.608483,0.0,0.000000
0.003265250,0.608607,0.0,0.000000
0.003265500,0.608730,0.0,0.000000
0.003265750,0.608853,0.0,0.000000
0.003266000,0.608976,0.0,0.000000
0.003266250,0.609099,0.0,0.000000
0.003266500,0.609222,0.0,0.000000
0.003266750,0.609345,0.0,0.000000
0.003267000,0.609468,0.0,0.000000
0.003267250,0.609591,0.0,0.000000
0.003267500,0.609714,0.0,0.000000
0.003267750,0.609837,0.0,0.000000
0.003268000,0.609960,0.0,0.000000
0.003268250,0.610083,0.0,0.000000
0.003268500,0.610206,0.0,0.000000
0.003268750,0.610329,0.0,0.000000
0.003269000,0.610452,0.0,0.000000
0.003269250,0.610575,0.0,0.000000
0.003269500,0.610697,0.0,0.000000
0.003269750,0.610820,0.0,0.000000
0.003270000,0.610943,0.0,0.000000
0.003270250,0.611066,0.0,0.000000
0.003270500,0.611188,0.0,0.000000
0.003270750,0.611311,0.0,0.000000
0.003271000,0.611434,0.0,0.000000
0.003271250,0.611556,0.0,0.000000
0.003271500,0.611679,0.0,0.000000
0.003271750,0.611801,0.0,0.000000
0.003272000,0.611924,0.0,0.000000
0.003272250,0.612046,0.0,0.000000
0.003272500,0.612169,0.0,0.000000
0.003272750,0.612291,0.0,0.000000
0.003273000,0.612414,0.0,0.000000
0.003273250,0.612536,0.0,0.000000
0.003273500,0.612658,0.0,0.000000
0.003273750,0.612781,0.0,0.000000
0.003274000,0.612903,0.0,0.000000
0.003274250,0.613025,0.0,0.000000
0.003274500,0.613148,0.0,0.000000
0.003274750,0.613270,0.0,0.000000
0.003275000,0.613392,0.0,0.000000
0.003275250,0.613514,0.0,0.000000
0.003275500,0.613637,0.0,0.000000
0.003275750,0.613759,0.0,0.000000
0.003276000,0.613881,0.0,0.000000
0.003276250,0.614003,0.0,0.000000
0.003276500,0.614125,0.0,0.000000
0.003276750,0.614247,0.0,0.000000
0.003277000,0.614369,0.0,0.000000
0.003277250,0.614491,0.0,0.000000
0.003277500,0.614613,0.0,0.000000
0.003277750,0.614735,0.0,0.000000
0.003278000,0.614857,0.0,0.000000
0.003278250,0.614979,0.0,0.000000
0.003278500,0.615101,0.0,0.000000
0.003278750,0.615223,0.0,0.000000
0.003279000,0.615344,0.0,0.000000
0.003279250,0.615466,0.0,0.000000
0.003279500,0.615588,0.0,0.000000
0.003279750,0.615710,0.0,0.000000
0.003280000,0.615831,0.0,0.000000
0.003280250,0.615953,0.0,0.000000
0.003280500,0.616075,0.0,0.000000
0.003280750,0.616196,0.0,0.000000
0.003281000,0.616318,0.0,0.000000
0.003281250,0.616440,0.0,0.000000
0.003281500,0.616561,0.0,0.000000
0.003281750,0.616683,0.0,0.000000
0.003282000,0.616804,0.0,0.000000
0.003282250,0.616926,0.0,0.000000
0.003282500,0.617047,0.0,0.000000
0.003282750,0.617169,0.0,0.000000
0.003283000,0.617290,0.0,0.000000
0.003283250,0.617411,0.0,0.000000
0.003283500,0.617533,0.0,0.000000
0.003283750,0.617654,0.0,0.000000
0.003284000,0.617775,0.0,0.000000
0.003284250,0.617897,0.0,0.000000
0.003284500,0.618018,0.0,0.000000
0.003284750,0.618139,0.0,0.000000
0.003285000,0.618260,0.0,0.000000
0.003285250,0.618382,0.0,0.000000
0.003285500,0.618503,0.0,0.000000
0.003285750,0.618624,0.0,0.000000
0.003286000,0.618745,0.0,0.000000
0.003286250,0.618866,0.0,0.000000
0.003286500,0.618987,0.0,0.000000
0.003286750,0.619108,0.0,0.000000
0.003287000,0.619229,0.0,0.000000
0.003287250,0.619350,0.0,0.000000
0.003287500,0.619471,0.0,0.000000
0.003287750,0.619592,0.0,0.000000
0.003288000,0.619713,0.0,0.000000
0.003288250,0.619834,0.0,0.000000
0.003288500,0.619955,0.0,0.000000
0.003288750,0.620076,0.0,0.000000
0.003289000,0.620196,0.0,0.000000
0.003289250,0.620317,0.0,0.000000
0.003289500,0.620438,0.0,0.000000
0.003289750,0.620559,0.0,0.000000
0.003290000,0.620679,0.0,0.000000
0.003290250,0.620800,0.0,0.000000
0.003290500,0.620921,0.0,0.000000
0.003290750,0.621041,0.0,0.000000
0.003291000,0.621162,0.0,0.000000
0.003291250,0.621283,0.0,0.000000
0.003291500,0.621403,0.0,0.000000
0.003291750,0.621524,0.0,0.000000
0.003292000,0.621644,0.0,0.000000
0.003292250,0.621765,0.0,0.000000
0.003292500,0.621885,0.0,0.000000
0.003292750,0.622006,0.0,0.000000
0.003293000,0.622126,0.0,0.000000
0.003293250,0.622246,0.0,0.000000
0.003293500,0.622367,0.0,0.000000
0.003293750,0.622487,0.0,0.000000
0.003294000,0.622607,0.0,0.000000
0.003294250,0.622728,0.0,0.000000
0.003294500,0.622848,0.0,0.000000
0.003294750,0.622968,0.0,0.000000
0.003295000,0.623088,0.0,0.000000
0.003295250,0.623208,0.0,0.000000
0.003295500,0.623329,0.0,0.000000
0.003295750,0.623449,0.0,0.000000
0.003296000,0.623569,0.0,0.000000
0.003296250,0.623689,0.0,0.000000
0.003296500,0.623809,0.0,0.000000
0.003296750,0.623929,0.0,0.000000
0.003297000,0.624049,0.0,0.000000
0.003297250,0.624169,0.0,0.000000
0.003297500,0.624289,0.0,0.000000
0.003297750,0.624409,0.0,0.000000
0.003298000,0.624529,0.0,0.000000
0.003298250,0.624649,0.0,0.000000
0.003298500,0.624769,0.0,0.000000
0.003298750,0.624888,0.0,0.000000
0.003299000,0.625008,0.0,0.000000
0.003299250,0.625128,0.0,0.000000
0.003299500,0.625248,0.0,0.000000
0.003299750,0.625367,0.0,0.000000
0.003300000,0.625487,0.0,0.000000
0.003300250,0.625607,0.0,0.000000
0.003300500,0.625727,0.0,0.000000
0.003300750,0.625846,0.0,0.000000
0.003301000,0.625966,0.0,0.000000
0.003301250,0.626085,0.0,0.000000
0.003301500,0.626205,0.0,0.000000
0.003301750,0.626324,0.0,0.000000
0.003302000,0.626444,0.0,0.000000
0.003302250,0.626563,0.0,0.000000
0.003302500,0.626683,0.0,0.000000
0.003302750,0.626802,0.0,0.000000
0.003303000,0.626922,0.0,0.000000
0.003303250,0.627041,0.0,0.000000
0.003303500,0.627160,0.0,0.000000
0.003303750,0.627280,0.0,0.000000
0.003304000,0.627399,0.0,0.000000
0.003304250,0.627518,0.0,0.000000
0.003304500,0.627638,0.0,0.000000
0.003304750,0.627757,0.0,0.000000
0.003305000,0.627876,0.0,0.000000
0.003305250,0.627995,0.0,0.000000
0.003305500,0.628114,0.0,0.000000
0.003305750,0.628234,0.0,0.000000
0.003306000,0.628353,0.0,0.000000
0.003306250,0.628472,0.0,0.000000
0.003306500,0.628591,0.0,0.000000
0.003306750,0.628710,0.0,0.000000
0.003307000,0.628829,0.0,0.000000
0.003307250,0.628948,0.0,0.000000
0.003307500,0.629067,0.0,0.000000
0.003307750,0.629186,0.0,0.000000
0.003308000,0.629305,0.0,0.000000
0.003308250,0.629423,0.0,0.000000
0.003308500,0.629542,0.0,0.000000
0.003308750,0.629661,0.0,0.000000
0.003309000,0.629780,0.0,0.000000
0.003309250,0.629899,0.0,0.000000
0.003309500,0.630018,0.0,0.000000
0.003309750,0.630136,0.0,0.000000
0.003310000,0.630255,0.0,0.000000
0.003310250,0.630374,0.0,0.000000
0.003310500,0.630492,0.0,0.000000
0.003310750,0.630611,0.0,0.000000
0.003311000,0.630730,0.0,0.000000
0.003311250,0.630848,0.0,0.000000
0.003311500,0.630967,0.0,0.000000
0.003311750,0.631085,0.0,0.000000
0.003312000,0.631204,0.0,0.000000
0.003312250,0.631322,0.0,0.000000
0.003312500,0.631441,0.0,0.000000
0.003312750,0.631559,0.0,0.000000
0.003313000,0.631678,0.0,0.000000
0.003313250,0.631796,0.0,0.000000
0.003313500,0.631914,0.0,0.000000
0.003313750,0.632033,0.0,0.000000
0.003314000,0.632151,0.0,0.000000
0.003314250,0.632269,0.0,0.000000
0.003314500,0.632388,0.0,0.000000
0.003314750,0.632506,0.0,0.000000
0.003315000,0.632624,0.0,0.000000
0.003315250,0.632742,0.0,0.000000
0.003315500,0.632860,0.0,0.000000
0.003315750,0.632979,0.0,0.000000
0.003316000,0.633097,0.0,0.000000
0.003316250,0.633215,0.0,0.000000
0.003316500,0.633333,0.0,0.000000
0.003316750,0.633451,0.0,0.000000
0.003317000,0.633569,0.0,0.000000
0.003317250,0.633687,0.0,0.000000
0.003317500,0.633805,0.0,0.000000
0.003317750,0.633923,0.0,0.000000
0.003318000,0.634041,0.0,0.000000
0.003318250,0.634159,0.0,0.000000
0.003318500,0.634277,0.0,0.000000
0.003318750,0.634394,0.0,0.000000
0.003319000,0.634512,0.0,0.000000
0.003319250,0.634630,0.0,0.000000
0.003319500,0.634748,0.0,0.000000
0.003319750,0.634866,0.0,0.000000
0.003320000,0.634983,0.0,0.000000
0.003320250,0.635101,0.0,0.000000
0.003320500,0.635219,0.0,0.000000
0.003320750,0.635336,0.0,0.000000
0.003321000,0.635454,0.0,0.000000
0.003321250,0.635572,0.0,0.000000
0.003321500,0.635689,0.0,0.000000
0.003321750,0.635807,0.0,0.000000
0.003322000,0.635924,0.0,0.000000
0.003322250,0.636042,0.0,0.000000
0.003322500,0.636159,0.0,0.000000
0.003322750,0.636277,0.0,0.000000
0.003323000,0.636394,0.0,0.000000
0.003323250,0.636512,0.0,0.000000
0.003323500,0.636629,0.0,0.000000
0.003323750,0.636746,0.0,0.000000
0.003324000,0.636864,0.0,0.000000
0.003324250,0.636981,0.0,0.000000
0.003324500,0.637098,0.0,0.000000
0.003324750,0.637215,0.0,0.000000
0.003325000,0.637333,0.0,0.000000
0.003325250,0.637450,0.0,0.000000
0.003325500,0.637567,0.0,0.000000
0.003325750,0.637684,0.0,0.000000
0.003326000,0.637801,0.0,0.000000
0.003326250,0.637919,0.0,0.000000
0.003326500,0.638036,0.0,0.000000
0.003326750,0.638153,0.0,0.000000
0.003327000,0.638270,0.0,0.000000
0.003327250,0.638387,0.0,0.000000
0.003327500,0.638504,0.0,0.000000
0.003327750,0.638621,0.0,0.000000
0.003328000,0.638738,0.0,0.000000
0.003328250,0.638855,0.0,0.000000
0.003328500,0.638972,0.0,0.000000
0.003328750,0.639088,0.0,0.000000
0.003329000,0.639205,0.0,0.000000
0.003329250,0.639322,0.0,0.000000
0.003329500,0.639439,0.0,0.000000
0.003329750,0.639556,0.0,0.000000
0.003330000,0.639672,0.0,0.000000
0.003330250,0.639789,0.0,0.000000
0.003330500,0.639906,0.0,0.000000
0.003330750,0.640023,0.0,0.000000
0.003331000,0.640139,0.0,0.000000
0.003331250,0.640256,0.0,0.000000
0.003331500,0.640372,0.0,0.000000
0.003331750,0.640489,0.0,0.000000
0.003332000,0.640606,0.0,0.000000
0.003332250,0.640722,0.0,0.000000
0.003332500,0.640839,0.0,0.000000
0.003332750,0.640955,0.0,0.000000
0.003333000,0.641071,0.0,0.000000
0.003333250,0.641188,0.0,0.000000
0.003333500,0.641304,0.0,0.000000
0.003333750,0.641421,0.0,0.000000
0.003334000,0.641537,0.0,0.000000
0.003334250,0.641653,0.0,0.000000
0.003334500,0.641770,0.0,0.000000
0.003334750,0.641886,0.0,0.000000
0.003335000,0.642002,0.0,0.000000
0.003335250,0.642119,0.0,0.000000
0.003335500,0.642235,0.0,0.000000
0.003335750,0.642351,0.0,0.000000
0.003336000,0.642467,0.0,0.000000
0.003336250,0.642583,0.0,0.000000
0.003336500,0.642699,0.0,0.000000
0.003336750,0.642815,0.0,0.000000
0.003337000,0.642932,0.0,0.000000
0.003337250,0.643048,0.0,0.000000
0.003337500,0.643164,0.0,0.000000
0.003337750,0.643280,0.0,0.000000
0.003338000,0.643396,0.0,0.000000
0.003338250,0.643512,0.0,0.000000
0.003338500,0.643627,0.0,0.000000
0.003338750,0.643743,0.0,0.000000
0.003339000,0.643859,0.0,0.000000
0.003339250,0.643975,0.0,0.000000
0.003339500,0.644091,0.0,0.000000
0.003339750,0.644207,0.0,0.000000
0.003340000,0.644323,0.0,0.000000
0.003340250,0.644438,0.0,0.000000
0.003340500,0.644554,0.0,0.000000
0.003340750,0.644670,0.0,0.000000
0.003341000,0.644785,0.0,0.000000
0.003341250,0.644901,0.0,0.000000
0.003341500,0.645017,0.0,0.000000
0.003341750,0.645132,0.0,0.000000
0.003342000,0.645248,0.0,0.000000
0.003342250,0.645363,0.0,0.000000
0.003342500,0.645479,0.0,0.000000
0.003342750,0.645594,0.0,0.000000
0.003343000,0.645710,0.0,0.000000
0.003343250,0.645825,0.0,0.000000
0.003343500,0.645941,0.0,0.000000
0.003343750,0.646056,0.0,0.000000
0.003344000,0.646172,0.0,0.000000
0.003344250,0.646287,0.0,0.000000
0.003344500,0.646402,0.0,0.000000
0.003344750,0.646518,0.0,0.000000
0.003345000,0.646633,0.0,0.000000
0.003345250,0.646748,0.0,0.000000
0.003345500,0.646864,0.0,0.000000
0.003345750,0.646979,0.0,0.000000
0.003346000,0.647094,0.0,0.000000
0.003346250,0.647209,0.0,0.000000
0.003346500,0.647324,0.0,0.000000
0.003346750,0.647439,0.0,0.000000
0.003347000,0.647555,0.0,0.000000
0.003347250,0.647670,0.0,0.000000
0.003347500,0.647785,0.0,0.000000
0.003347750,0.647900,0.0,0.000000
0.003348000,0.648015,0.0,0.000000
0.003348250,0.648130,0.0,0.000000
0.003348500,0.648245,0.0,0.000000
0.003348750,0.648360,0.0,0.000000
0.003349000,0.648475,0.0,0.000000
0.003349250,0.648589,0.0,0.000000
0.003349500,0.648704,0.0,0.000000
0.003349750,0.648819,0.0,0.000000
0.003350000,0.648934,0.0,0.000000
0.003350250,0.649049,0.0,0.000000
0.003350500,0.649164,0.0,0.000000
0.003350750,0.649278,0.0,0.000000
0.003351000,0.649393,0.0,0.000000
0.003351250,0.649508,0.0,0.000000
0.003351500,0.649622,0.0,0.000000
0.003351750,0.649737,0.0,0.000000
0.003352000,0.649852,0.0,0.000000
0.003352250,0.649966,0.0,0.000000
0.003352500,0.650081,0.0,0.000000
0.003352750,0.650195,0.0,0.000000
0.003353000,0.650310,0.0,0.000000
0.003353250,0.650425,0.0,0.000000
0.003353500,0.650539,0.0,0.000000
0.003353750,0.650653,0.0,0.000000
0.003354000,0.650768,0.0,0.000000
0.003354250,0.650882,0.0,0.000000
0.003354500,0.650997,0.0,0.000000
0.003354750,0.651111,0.0,0.000000
0.003355000,0.651225,0.0,0.000000
0.003355250,0.651340,0.0,0.000000
0.003355500,0.651454,0.0,0.000000
0.003355750,0.651568,0.0,0.000000
0.003356000,0.651683,0.0,0.000000
0.003356250,0.651797,0.0,0.000000
0.003356500,0.651911,0.0,0.000000
0.003356750,0.652025,0.0,0.000000
0.003357000,0.652139,0.0,0.000000
0.003357250,0.652254,0.0,0.000000
0.003357500,0.652368,0.0,0.000000
0.003357750,0.652482,0.0,0.000000
0.003358000,0.652596,0.0,0.000000
0.003358250,0.652710,0.0,0.000000
0.003358500,0.652824,0.0,0.000000
0.003358750,0.652938,0.0,0.000000
0.003359000,0.653052,0.0,0.000000
0.003359250,0.653166,0.0,0.000000
0.003359500,0.653280,0.0,0.000000
0.003359750,0.653394,0.0,0.000000
0.003360000,0.653507,0.0,0.000000
0.003360250,0.653621,0.0,0.000000
0.003360500,0.653735,0.0,0.000000
0.003360750,0.653849,0.0,0.000000
0.003361000,0.653963,0.0,0.000000
0.003361250,0.654076,0.0,0.000000
0.003361500,0.654190,0.0,0.000000
0.003361750,0.654304,0.0,0.000000
0.003362000,0.654417,0.0,0.000000
0.003362250,0.654531,0.0,0.000000
0.003362500,0.654645,0.0,0.000000
0.003362750,0.654758,0.0,0.000000
0.003363000,0.654872,0.0,0.000000
0.003363250,0.654985,0.0,0.000000
0.003363500,0.655099,0.0,0.000000
0.003363750,0.655213,0.0,0.000000
0.003364000,0.655326,0.0,0.000000
0.003364250,0.655439,0.0,0.000000
0.003364500,0.655553,0.0,0.000000
0.003364750,0.655666,0.0,0.000000
0.003365000,0.655780,0.0,0.000000
0.003365250,0.655893,0.0,0.000000
0.003365500,0.656006,0.0,0.000000
0.003365750,0.656120,0.0,0.000000
0.003366000,0.656233,0.0,0.000000
0.003366250,0.656346,0.0,0.000000
0.003366500,0.656460,0.0,0.000000
0.003366750,0.656573,0.0,0.000000
0.003367000,0.656686,0.0,0.000000
0.003367250,0.656799,0.0,0.000000
0.003367500,0.656912,0.0,0.000000
0.003367750,0.657025,0.0,0.000000
0.003368000,0.657139,0.0,0.000000
0.003368250,0.657252,0.0,0.000000
0.003368500,0.657365,0.0,0.000000
0.003368750,0.657478,0.0,0.000000
0.003369000,0.657591,0.0,0.000000
0.003369250,0.657704,0.0,0.000000
0.003369500,0.657817,0.0,0.000000
0.003369750,0.657930,0.0,0.000000
0.003370000,0.658043,0.0,0.000000
0.003370250,0.658156,0.0,0.000000
0.003370500,0.658268,0.0,0.000000
0.003370750,0.658381,0.0,0.000000
0.003371000,0.658494,0.0,0.000000
0.003371250,0.658607,0.0,0.000000
0.003371500,0.658720,0.0,0.000000
0.003371750,0.658832,0.0,0.000000
0.003372000,0.658945,0.0,0.000000
0.003372250,0.659058,0.0,0.000000
0.003372500,0.659171,0.0,0.000000
0.003372750,0.659283,0.0,0.000000
0.003373000,0.659396,0.0,0.000000
0.003373250,0.659509,0.0,0.000000
0.003373500,0.659621,0.0,0.000000
0.003373750,0.659734,0.0,0.000000
0.003374000,0.659846,0.0,0.000000
0.003374250,0.659959,0.0,0.000000
0.003374500,0.660071,0.0,0.000000
0.003374750,0.660184,0.0,0.000000
0.003375000,0.660296,0.0,0.000000
0.003375250,0.660409,0.0,0.000000
0.003375500,0.660521,0.0,0.000000
0.003375750,0.660633,0.0,0.000000
0.003376000,0.660746,0.0,0.000000
0.003376250,0.660858,0.0,0.000000
0.003376500,0.660970,0.0,0.000000
0.003376750,0.661083,0.0,0.000000
0.003377000,0.661195,0.0,0.000000
0.003377250,0.661307,0.0,0.000000
0.003377500,0.661419,0.0,0.000000
0.003377750,0.661532,0.0,0.000000
0.003378000,0.661644,0.0,0.000000
0.003378250,0.661756,0.0,0.000000
0.003378500,0.661868,0.0,0.000000
0.003378750,0.661980,0.0,0.000000
0.003379000,0.662092,0.0,0.000000
0.003379250,0.662204,0.0,0.000000
0.003379500,0.662316,0.0,0.000000
0.003379750,0.662428,0.0,0.000000
0.003380000,0.662540,0.0,0.000000
0.003380250,0.662652,0.0,0.000000
0.003380500,0.662764,0.0,0.000000
0.003380750,0.662876,0.0,0.000000
0.003381000,0.662988,0.0,0.000000
0.003381250,0.663100,0.0,0.000000
0.003381500,0.663212,0.0,0.000000
0.003381750,0.663324,0.0,0.000000
0.003382000,0.663435,0.0,0.000000
0.003382250,0.663547,0.0,0.000000
0.003382500,0.663659,0.0,0.000000
0.003382750,0.663771,0.0,0.000000
0.003383000,0.663882,0.0,0.000000
0.003383250,0.663994,0.0,0.000000
0.003383500,0.664106,0.0,0.000000
0.003383750,0.664217,0.0,0.000000
0.003384000,0.664329,0.0,0.000000
0.003384250,0.664441,0.0,0.000000
0.003384500,0.664552,0.0,0.000000
0.003384750,0.664664,0.0,0.000000
0.003385000,0.664775,0.0,0.000000
0.003385250,0.664887,0.0,0.000000
0.003385500,0.664998,0.0,0.000000
0.003385750,0.665110,0.0,0.000000
0.003386000,0.665221,0.0,0.000000
0.003386250,0.665332,0.0,0.000000
0.003386500,0.665444,0.0,0.000000
0.003386750,0.665555,0.0,0.000000
0.003387000,0.665667,0.0,0.000000
0.003387250,0.665778,0.0,0.000000
0.003387500,0.665889,0.0,0.000000
0.003387750,0.666000,0.0,0.000000
0.003388000,0.666112,0.0,0.000000
0.003388250,0.666223,0.0,0.000000
0.003388500,0.666334,0.0,0.000000
0.003388750,0.666445,0.0,0.000000
0.003389000,0.666556,0.0,0.000000
0.003389250,0.666667,0.0,0.000000
0.003389500,0.666779,0.0,0.000000
0.003389750,0.666890,0.0,0.000000
0.003390000,0.667001,0.0,0.000000
0.003390250,0.667112,0.0,0.000000
0.003390500,0.667223,0.0,0.000000
0.003390750,0.667334,0.0,0.000000
0.003391000,0.667445,0.0,0.000000
0.003391250,0.667556,0.0,0.000000
0.003391500,0.667667,0.0,0.000000
0.003391750,0.667777,0.0,0.000000
0.003392000,0.667888,0.0,0.000000
0.003392250,0.667999,0.0,0.000000
0.003392500,0.668110,0.0,0.000000
0.003392750,0.668221,0.0,0.000000
0.003393000,0.668332,0.0,0.000000
0.003393250,0.668442,0.0,0.000000
0.003393500,0.668553,0.0,0.000000
0.003393750,0.668664,0.0,0.000000
0.003394000,0.668774,0.0,0.000000
0.003394250,0.668885,0.0,0.000000
0.003394500,0.668996,0.0,0.000000
0.003394750,0.669106,0.0,0.000000
0.003395000,0.669217,0.0,0.000000
0.003395250,0.669328,0.0,0.000000
0.003395500,0.669438,0.0,0.000000
0.003395750,0.669549,0.0,0.000000
0.003396000,0.669659,0.0,0.000000
0.003396250,0.669770,0.0,0.000000
0.003396500,0.669880,0.0,0.000000
0.003396750,0.669991,0.0,0.000000
0.003397000,0.670101,0.0,0.000000
0.003397250,0.670211,0.0,0.000000
0.003397500,0.670322,0.0,0.000000
0.003397750,0.670432,0.0,0.000000
0.003398000,0.670542,0.0,0.000000
0.003398250,0.670653,0.0,0.000000
0.003398500,0.670763,0.0,0.000000
0.003398750,0.670873,0.0,0.000000
0.003399000,0.670983,0.0,0.000000
0.003399250,0.671094,0.0,0.000000
0.003399500,0.671204,0.0,0.000000
0.003399750,0.671314,0.0,0.000000
0.003400000,0.671424,0.0,0.000000
0.003400250,0.671534,0.0,0.000000
0.003400500,0.671644,0.0,0.000000
0.003400750,0.671754,0.0,0.000000
0.003401000,0.671864,0.0,0.000000
0.003401250,0.671974,0.0,0.000000
0.003401500,0.672084,0.0,0.000000
0.003401750,0.672194,0.0,0.000000
0.003402000,0.672304,0.0,0.000000
0.003402250,0.672414,0.0,0.000000
0.003402500,0.672524,0.0,0.000000
0.003402750,0.672634,0.0,0.000000
0.003403000,0.672744,0.0,0.000000
0.003403250,0.672854,0.0,0.000000
0.003403500,0.672964,0.0,0.000000
0.003403750,0.673073,0.0,0.000000
0.003404000,0.673183,0.0,0.000000
0.003404250,0.673293,0.0,0.000000
0.003404500,0.673403,0.0,0.000000
0.003404750,0.673512,0.0,0.000000
0.003405000,0.673622,0.0,0.000000
0.003405250,0.673732,0.0,0.000000
0.003405500,0.673841,0.0,0.000000
0.003405750,0.673951,0.0,0.000000
0.003406000,0.674060,0.0,0.000000
0.003406250,0.674170,0.0,0.000000
0.003406500,0.674280,0.0,0.000000
0.003406750,0.674389,0.0,0.000000
0.003407000,0.674499,0.0,0.000000
0.003407250,0.674608,0.0,0.000000
0.003407500,0.674717,0.0,0.000000
0.003407750,0.674827,0.0,0.000000
0.003408000,0.674936,0.0,0.000000
0.003408250,0.675046,0.0,0.000000
0.003408500,0.675155,0.0,0.000000
0.003408750,0.675264,0.0,0.000000
0.003409000,0.675374,0.0,0.000000
0.003409250,0.675483,0.0,0.000000
0.003409500,0.675592,0.0,0.000000
0.003409750,0.675701,0.0,0.000000
0.003410000,0.675811,0.0,0.000000
0.003410250,0.675920,0.0,0.000000
0.003410500,0.676029,0.0,0.000000
0.003410750,0.676138,0.0,0.000000
0.003411000,0.676247,0.0,0.000000
0.003411250,0.676356,0.0,0.000000
0.003411500,0.676466,0.0,0.000000
0.003411750,0.676575,0.0,0.000000
0.003412000,0.676684,0.0,0.000000
0.003412250,0.676793,0.0,0.000000
0.003412500,0.676902,0.0,0.000000
0.003412750,0.677011,0.0,0.000000
0.003413000,0.677120,0.0,0.000000
0.003413250,0.677229,0.0,0.000000
0.003413500,0.677337,0.0,0.000000
0.003413750,0.677446,0.0,0.000000
0.003414000,0.677555,0.0,0.000000
0.003414250,0.677664,0.0,0.000000
0.003414500,0.677773,0.0,0.000000
0.003414750,0.677882,0.0,0.000000
0.003415000,0.677990,0.0,0.000000
0.003415250,0.678099,0.0,0.000000
0.003415500,0.678208,0.0,0.000000
0.003415750,0.678317,0.0,0.000000
0.003416000,0.678425,0.0,0.000000
0.003416250,0.678534,0.0,0.000000
0.003416500,0.678643,0.0,0.000000
0.003416750,0.678751,0.0,0.000000
0.003417000,0.678860,0.0,0.000000
0.003417250,0.678968,0.0,0.000000
0.003417500,0.679077,0.0,0.000000
0.003417750,0.679185,0.0,0.000000
0.003418000,0.679294,0.0,0.000000
0.003418250,0.679402,0.0,0.000000
0.003418500,0.679511,0.0,0.000000
0.003418750,0.679619,0.0,0.000000
0.003419000,0.679728,0.0,0.000000
0.003419250,0.679836,0.0,0.000000
0.003419500,0.679944,0.0,0.000000
0.003419750,0.680053,0.0,0.000000
0.003420000,0.680161,0.0,0.000000
0.003420250,0.680269,0.0,0.000000
0.003420500,0.680377,0.0,0.000000
0.003420750,0.680486,0.0,0.000000
0.003421000,0.680594,0.0,0.000000
0.003421250,0.680702,0.0,0.000000
0.003421500,0.680810,0.0,0.000000
0.003421750,0.680919,0.0,0.000000
0.003422000,0.681027,0.0,0.000000
0.003422250,0.681135,0.0,0.000000
0.003422500,0.681243,0.0,0.000000
0.003422750,0.681351,0.0,0.000000
0.003423000,0.681459,0.0,0.000000
0.003423250,0.681567,0.0,0.000000
0.003423500,0.681675,0.0,0.000000
0.003423750,0.681783,0.0,0.000000
0.003424000,0.681891,0.0,0.000000
0.003424250,0.681999,0.0,0.000000
0.003424500,0.682107,0.0,0.000000
0.003424750,0.682215,0.0,0.000000
0.003425000,0.682323,0.0,0.000000
0.003425250,0.682430,0.0,0.000000
0.003425500,0.682538,0.0,0.000000
0.003425750,0.682646,0.0,0.000000
0.003426000,0.682754,0.0,0.000000
0.003426250,0.682862,0.0,0.000000
0.003426500,0.682969,0.0,0.000000
0.003426750,0.683077,0.0,0.000000
0.003427000,0.683185,0.0,0.000000
0.003427250,0.683292,0.0,0.000000
0.003427500,0.683400,0.0,0.000000
0.003427750,0.683508,0.0,0.000000
0.003428000,0.683615,0.0,0.000000
0.003428250,0.683723,0.0,0.000000
0.003428500,0.683830,0.0,0.000000
0.003428750,0.683938,0.0,0.000000
0.003429000,0.684045,0.0,0.000000
0.003429250,0.684153,0.0,0.000000
0.003429500,0.684260,0.0,0.000000
0.003429750,0.684368,0.0,0.000000
0.003430000,0.684475,0.0,0.000000
0.003430250,0.684583,0.0,0.000000
0.003430500,0.684690,0.0,0.000000
0.003430750,0.684797,0.0,0.000000
0.003431000,0.684905,0.0,0.000000
0.003431250,0.685012,0.0,0.000000
0.003431500,0.685119,0.0,0.000000
0.003431750,0.685226,0.0,0.000000
0.003432000,0.685334,0.0,0.000000
0.003432250,0.685441,0.0,0.000000
0.003432500,0.685548,0.0,0.000000
0.003432750,0.685655,0.0,0.000000
0.003433000,0.685762,0.0,0.000000
0.003433250,0.685870,0.0,0.000000
0.003433500,0.685977,0.0,0.000000
0.003433750,0.686084,0.0,0.000000
0.003434000,0.686191,0.0,0.000000
0.003434250,0.686298,0.0,0.000000
0.003434500,0.686405,0.0,0.000000
0.003434750,0.686512,0.0,0.000000
0.003435000,0.686619,0.0,0.000000
0.003435250,0.686726,0.0,0.000000
0.003435500,0.686833,0.0,0.000000
0.003435750,0.686940,0.0,0.000000
0.003436000,0.687046,0.0,0.000000
0.003436250,0.687153,0.0,0.000000
0.003436500,0.687260,0.0,0.000000
0.003436750,0.687367,0.0,0.000000
0.003437000,0.687474,0.0,0.000000
0.003437250,0.687581,0.0,0.000000
0.003437500,0.687687,0.0,0.000000
0.003437750,0.687794,0.0,0.000000
0.003438000,0.687901,0.0,0.000000
0.003438250,0.688007,0.0,0.000000
0.003438500,0.688114,0.0,0.000000
0.003438750,0.688221,0.0,0.000000
0.003439000,0.688327,0.0,0.000000
0.003439250,0.688434,0.0,0.000000
0.003439500,0.688540,0.0,0.000000
0.003439750,0.688647,0.0,0.000000
0.003440000,0.688754,0.0,0.000000
0.003440250,0.688860,0.0,0.000000
0.003440500,0.688967,0.0,0.000000
0.003440750,0.689073,0.0,0.000000
0.003441000,0.689179,0.0,0.000000
0.003441250,0.689286,0.0,0.000000
0.003441500,0.689392,0.0,0.000000
0.003441750,0.689499,0.0,0.000000
0.003442000,0.689605,0.0,0.000000
0.003442250,0.689711,0.0,0.000000
0.003442500,0.689818,0.0,0.000000
0.003442750,0.689924,0.0,0.000000
0.003443000,0.690030,0.0,0.000000
0.003443250,0.690136,0.0,0.000000
0.003443500,0.690243,0.0,0.000000
0.003443750,0.690349,0.0,0.000000
0.003444000,0.690455,0.0,0.000000
0.003444250,0.690561,0.0,0.000000
0.003444500,0.690667,0.0,0.000000
0.003444750,0.690773,0.0,0.000000
0.003445000,0.690879,0.0,0.000000
0.003445250,0.690985,0.0,0.000000
0.003445500,0.691091,0.0,0.000000
0.003445750,0.691197,0.0,0.000000
0.003446000,0.691303,0.0,0.000000
0.003446250,0.691409,0.0,0.000000
0.003446500,0.691515,0.0,0.000000
0.003446750,0.691621,0.0,0.000000
0.003447000,0.691727,0.0,0.000000
0.003447250,0.691833,0.0,0.000000
0.003447500,0.691939,0.0,0.000000
0.003447750,0.692045,0.0,0.000000
0.003448000,0.692151,0.0,0.000000
0.003448250,0.692256,0.0,0.000000
0.003448500,0.692362,0.0,0.000000
0.003448750,0.692468,0.0,0.000000
0.003449000,0.692574,0.0,0.000000
0.003449250,0.692679,0.0,0.000000
0.003449500,0.692785,0.0,0.000000
0.003449750,0.692891,0.0,0.000000
0.003450000,0.692996,0.0,0.000000
0.003450250,0.693102,0.0,0.000000
0.003450500,0.693208,0.0,0.000000
0.003450750,0.693313,0.0,0.000000
0.003451000,0.693419,0.0,0.000000
0.003451250,0.693524,0.0,0.000000
0.003451500,0.693630,0.0,0.000000
0.003451750,0.693735,0.0,0.000000
0.003452000,0.693841,0.0,0.000000
0.003452250,0.693946,0.0,0.000000
0.003452500,0.694052,0.0,0.000000
0.003452750,0.694157,0.0,0.000000
0.003453000,0.694262,0.0,0.000000
0.003453250,0.694368,0.0,0.000000
0.003453500,0.694473,0.0,0.000000
0.003453750,0.694578,0.0,0.000000
0.003454000,0.694684,0.0,0.000000
0.003454250,0.694789,0.0,0.000000
0.003454500,0.694894,0.0,0.000000
0.003454750,0.694999,0.0,0.000000
0.003455000,0.695105,0.0,0.000000
0.003455250,0.695210,0.0,0.000000
0.003455500,0.695315,0.0,0.000000
0.003455750,0.695420,0.0,0.000000
0.003456000,0.695525,0.0,0.000000
0.003456250,0.695630,0.0,0.000000
0.003456500,0.695735,0.0,0.000000
0.003456750,0.695840,0.0,0.000000
0.003457000,0.695945,0.0,0.000000
0.003457250,0.696050,0.0,0.000000
0.003457500,0.696155,0.0,0.000000
0.003457750,0.696260,0.0,0.000000
0.003458000,0.696365,0.0,0.000000
0.003458250,0.696470,0.0,0.000000
0.003458500,0.696575,0.0,0.000000
0.003458750,0.696680,0.0,0.000000
0.003459000,0.696785,0.0,0.000000
0.003459250,0.696890,0.0,0.000000
0.003459500,0.696994,0.0,0.000000
0.003459750,0.697099,0.0,0.000000
0.003460000,0.697204,0.0,0.000000
0.003460250,0.697309,0.0,0.000000
0.003460500,0.697413,0.0,0.000000
0.003460750,0.697518,0.0,0.000000
0.003461000,0.697623,0.0,0.000000
0.003461250,0.697728,0.0,0.000000
0.003461500,0.697832,0.0,0.000000
0.003461750,0.697937,0.0,0.000000
0.003462000,0.698041,0.0,0.000000
0.003462250,0.698146,0.0,0.000000
0.003462500,0.698250,0.0,0.000000
0.003462750,0.698355,0.0,0.000000
0.003463000,0.698459,0.0,0.000000
0.003463250,0.698564,0.0,0.000000
0.003463500,0.698668,0.0,0.000000
0.003463750,0.698773,0.0,0.000000
0.003464000,0.698877,0.0,0.000000
0.003464250,0.698982,0.0,0.000000
0.003464500,0.699086,0.0,0.000000
0.003464750,0.699190,0.0,0.000000
0.003465000,0.699295,0.0,0.000000
0.003465250,0.699399,0.0,0.000000
0.003465500,0.699503,0.0,0.000000
0.003465750,0.699608,0.0,0.000000
0.003466000,0.699712,0.0,0.000000
0.003466250,0.699816,0.0,0.000000
0.003466500,0.699920,0.0,0.000000
0.003466750,0.700024,0.0,0.000000
0.003467000,0.700129,0.0,0.000000
0.003467250,0.700233,0.0,0.000000
0.003467500,0.700337,0.0,0.000000
0.003467750,0.700441,0.0,0.000000
0.003468000,0.700545,0.0,0.000000
0.003468250,0.700649,0.0,0.000000
0.003468500,0.700753,0.0,0.000000
0.003468750,0.700857,0.0,0.000000
0.003469000,0.700961,0.0,0.000000
0.003469250,0.701065,0.0,0.000000
0.003469500,0.701169,0.0,0.000000
0.003469750,0.701273,0.0,0.000000
0.003470000,0.701377,0.0,0.000000
0.003470250,0.701481,0.0,0.000000
0.003470500,0.701584,0.0,0.000000
0.003470750,0.701688,0.0,0.000000
0.003471000,0.701792,0.0,0.000000
0.003471250,0.701896,0.0,0.000000
0.003471500,0.702000,0.0,0.000000
0.003471750,0.702103,0.0,0.000000
0.003472000,0.702207,0.0,0.000000
0.003472250,0.702311,0.0,0.000000
0.003472500,0.702415,0.0,0.000000
0.003472750,0.702518,0.0,0.000000
0.003473000,0.702622,0.0,0.000000
0.003473250,0.702725,0.0,0.000000
0.003473500,0.702829,0.0,0.000000
0.003473750,0.702933,0.0,0.000000
0.003474000,0.703036,0.0,0.000000
0.003474250,0.703140,0.0,0.000000
0.003474500,0.703243,0.0,0.000000
0.003474750,0.703347,0.0,0.000000
0.003475000,0.703450,0.0,0.000000
0.003475250,0.703554,0.0,0.000000
0.003475500,0.703657,0.0,0.000000
0.003475750,0.703760,0.0,0.000000
0.003476000,0.703864,0.0,0.000000
0.003476250,0.703967,0.0,0.000000
0.003476500,0.704070,0.0,0.000000
0.003476750,0.704174,0.0,0.000000
0.003477000,0.704277,0.0,0.000000
0.003477250,0.704380,0.0,0.000000
0.003477500,0.704484,0.0,0.000000
0.003477750,0.704587,0.0,0.000000
0.003478000,0.704690,0.0,0.000000
0.003478250,0.704793,0.0,0.000000
0.003478500,0.704896,0.0,0.000000
0.003478750,0.704999,0.0,0.000000
0.003479000,0.705103,0.0,0.000000
0.003479250,0.705206,0.0,0.000000
0.003479500,0.705309,0.0,0.000000
0.003479750,0.705412,0.0,0.000000
0.003480000,0.705515,0.0,0.000000
0.003480250,0.705618,0.0,0.000000
0.003480500,0.705721,0.0,0.000000
0.003480750,0.705824,0.0,0.000000
0.003481000,0.705927,0.0,0.000000
0.003481250,0.706030,0.0,0.000000
0.003481500,0.706133,0.0,0.000000
0.003481750,0.706235,0.0,0.000000
0.003482000,0.706338,0.0,0.000000
0.003482250,0.706441,0.0,0.000000
0.003482500,0.706544,0.0,0.000000
0.003482750,0.706647,0.0,0.000000
0.003483000,0.706750,0.0,0.000000
0.003483250,0.706852,0.0,0.000000
0.003483500,0.706955,0.0,0.000000
0.003483750,0.707058,0.0,0.000000
0.003484000,0.707160,0.0,0.000000
0.003484250,0.707263,0.0,0.000000
0.003484500,0.707366,0.0,0.000000
0.003484750,0.707468,0.0,0.000000
0.003485000,0.707571,0.0,0.000000
0.003485250,0.707674,0.0,0.000000
0.003485500,0.707776,0.0,0.000000
0.003485750,0.707879,0.0,0.000000
0.003486000,0.707981,0.0,0.000000
0.003486250,0.708084,0.0,0.000000
0.003486500,0.708186,0.0,0.000000
0.003486750,0.708289,0.0,0.000000
0.003487000,0.708391,0.0,0.000000
0.003487250,0.708493,0.0,0.000000
0.003487500,0.708596,0.0,0.000000
0.003487750,0.708698,0.0,0.000000
0.003488000,0.708801,0.0,0.000000
0.003488250,0.708903,0.0,0.000000
0.003488500,0.709005,0.0,0.000000
0.003488750,0.709107,0.0,0.000000
0.003489000,0.709210,0.0,0.000000
0.003489250,0.709312,0.0,0.000000
0.003489500,0.709414,0.0,0.000000
0.003489750,0.709516,0.0,0.000000
0.003490000,0.709619,0.0,0.000000
0.003490250,0.709721,0.0,0.000000
0.003490500,0.709823,0.0,0.000000
0.003490750,0.709925,0.0,0.000000
0.003491000,0.710027,0.0,0.000000
0.003491250,0.710129,0.0,0.000000
0.003491500,0.710231,0.0,0.000000
0.003491750,0.710333,0.0,0.000000
0.003492000,0.710435,0.0,0.000000
0.003492250,0.710537,0.0,0.000000
0.003492500,0.710639,0.0,0.000000
0.003492750,0.710741,0.0,0.000000
0.003493000,0.710843,0.0,0.000000
0.003493250,0.710945,0.0,0.000000
0.003493500,0.711047,0.0,0.000000
0.003493750,0.711149,0.0,0.000000
0.003494000,0.711251,0.0,0.000000
0.003494250,0.711352,0.0,0.000000
0.003494500,0.711454,0.0,0.000000
0.003494750,0.711556,0.0,0.000000
0.003495000,0.711658,0.0,0.000000
0.003495250,0.711759,0.0,0.000000
0.003495500,0.711861,0.0,0.000000
0.003495750,0.711963,0.0,0.000000
0.003496000,0.712064,0.0,0.000000
0.003496250,0.712166,0.0,0.000000
0.003496500,0.712268,0.0,0.000000
0.003496750,0.712369,0.0,0.000000
0.003497000,0.712471,0.0,0.000000
0.003497250,0.712572,0.0,0.000000
0.003497500,0.712674,0.0,0.000000
0.003497750,0.712776,0.0,0.000000
0.003498000,0.712877,0.0,0.000000
0.003498250,0.712978,0.0,0.000000
0.003498500,0.713080,0.0,0.000000
0.003498750,0.713181,0.0,0.000000
0.003499000,0.713283,0.0,0.000000
0.003499250,0.713384,0.0,0.000000
0.003499500,0.713486,0.0,0.000000
0.003499750,0.713587,0.0,0.000000
0.003500000,0.713688,0.0,0.000000
0.003500250,0.713790,0.0,0.000000
0.003500500,0.713891,0.0,0.000000
0.003500750,0.713992,0.0,0.000000
0.003501000,0.714093,0.0,0.000000
0.003501250,0.714195,0.0,0.000000
0.003501500,0.714296,0.0,0.000000
0.003501750,0.714397,0.0,0.000000
0.003502000,0.714498,0.0,0.000000
0.003502250,0.714599,0.0,0.000000
0.003502500,0.714700,0.0,0.000000
0.003502750,0.714801,0.0,0.000000
0.003503000,0.714903,0.0,0.000000
0.003503250,0.715004,0.0,0.000000
0.003503500,0.715105,0.0,0.000000
0.003503750,0.715206,0.0,0.000000
0.003504000,0.715307,0.0,0.000000
0.003504250,0.715408,0.0,0.000000
0.003504500,0.715509,0.0,0.000000
0.003504750,0.715609,0.0,0.000000
0.003505000,0.715710,0.0,0.000000
0.003505250,0.715811,0.0,0.000000
0.003505500,0.715912,0.0,0.000000
0.003505750,0.716013,0.0,0.000000
0.003506000,0.716114,0.0,0.000000
0.003506250,0.716215,0.0,0.000000
0.003506500,0.716315,0.0,0.000000
0.003506750,0.716416,0.0,0.000000
0.003507000,0.716517,0.0,0.000000
0.003507250,0.716618,0.0,0.000000
0.003507500,0.716718,0.0,0.000000
0.003507750,0.716819,0.0,0.000000
0.003508000,0.716920,0.0,0.000000
0.003508250,0.717020,0.0,0.000000
0.003508500,0.717121,0.0,0.000000
0.003508750,0.717221,0.0,0.000000
0.003509000,0.717322,0.0,0.000000
0.003509250,0.717423,0.0,0.000000
0.003509500,0.717523,0.0,0.000000
0.003509750,0.717624,0.0,0.000000
0.003510000,0.717724,0.0,0.000000
0.003510250,0.717825,0.0,0.000000
0.003510500,0.717925,0.0,0.000000
0.003510750,0.718025,0.0,0.000000
0.003511000,0.718126,0.0,0.000000
0.003511250,0.718226,0.0,0.000000
0.003511500,0.718327,0.0,0.000000
0.003511750,0.718427,0.0,0.000000
0.003512000,0.718527,0.0,0.000000
0.003512250,0.718628,0.0,0.000000
0.003512500,0.718728,0.0,0.000000
0.003512750,0.718828,0.0,0.000000
0.003513000,0.718928,0.0,0.000000
0.003513250,0.719029,0.0,0.000000
0.003513500,0.719129,0.0,0.000000
0.003513750,0.719229,0.0,0.000000
0.003514000,0.719329,0.0,0.000000
0.003514250,0.719429,0.0,0.000000
0.003514500,0.719529,0.0,0.000000
0.003514750,0.719629,0.0,0.000000
0.003515000,0.719729,0.0,0.000000
0.003515250,0.719830,0.0,0.000000
0.003515500,0.719930,0.0,0.000000
0.003515750,0.720030,0.0,0.000000
0.003516000,0.720130,0.0,0.000000
0.003516250,0.720230,0.0,0.000000
0.003516500,0.720329,0.0,0.000000
0.003516750,0.720429,0.0,0.000000
0.003517000,0.720529,0.0,0.000000
0.003517250,0.720629,0.0,0.000000
0.003517500,0.720729,0.0,0.000000
0.003517750,0.720829,0.0,0.000000
0.003518000,0.720929,0.0,0.000000
0.003518250,0.721028,0.0,0.000000
0.003518500,0.721128,0.0,0.000000
0.003518750,0.721228,0.0,0.000000
0.003519000,0.721328,0.0,0.000000
0.003519250,0.721427,0.0,0.000000
0.003519500,0.721527,0.0,0.000000
0.003519750,0.721627,0.0,0.000000
0.003520000,0.721726,0.0,0.000000
0.003520250,0.721826,0.0,0.000000
0.003520500,0.721926,0.0,0.000000
0.003520750,0.722025,0.0,0.000000
0.003521000,0.722125,0.0,0.000000
0.003521250,0.722224,0.0,0.000000
0.003521500,0.722324,0.0,0.000000
0.003521750,0.722423,0.0,0.000000
0.003522000,0.722523,0.0,0.000000
0.003522250,0.722622,0.0,0.000000
0.003522500,0.722722,0.0,0.000000
0.003522750,0.722821,0.0,0.000000
0.003523000,0.722921,0.0,0.000000
0.003523250,0.723020,0.0,0.000000
0.003523500,0.723119,0.0,0.000000
0.003523750,0.723219,0.0,0.000000
0.003524000,0.723318,0.0,0.000000
0.003524250,0.723417,0.0,0.000000
0.003524500,0.723517,0.0,0.000000
0.003524750,0.723616,0.0,0.000000
0.003525000,0.723715,0.0,0.000000
0.003525250,0.723814,0.0,0.000000
0.003525500,0.723914,0.0,0.000000
0.003525750,0.724013,0.0,0.000000
0.003526000,0.724112,0.0,0.000000
0.003526250,0.724211,0.0,0.000000
0.003526500,0.724310,0.0,0.000000
0.003526750,0.724409,0.0,0.000000
0.003527000,0.724508,0.0,0.000000
0.003527250,0.724607,0.0,0.000000
0.003527500,0.724706,0.0,0.000000
0.003527750,0.724805,0.0,0.000000
0.003528000,0.724904,0.0,0.000000
0.003528250,0.725003,0.0,0.000000
0.003528500,0.725102,0.0,0.000000
0.003528750,0.725201,0.0,0.000000
0.003529000,0.725300,0.0,0.000000
0.003529250,0.725399,0.0,0.000000
0.003529500,0.725498,0.0,0.000000
0.003529750,0.725597,0.0,0.000000
0.003530000,0.725696,0.0,0.000000
0.003530250,0.725794,0.0,0.000000
0.003530500,0.725893,0.0,0.000000
0.003530750,0.725992,0.0,0.000000
0.003531000,0.726091,0.0,0.000000
0.003531250,0.726189,0.0,0.000000
0.003531500,0.726288,0.0,0.000000
0.003531750,0.726387,0.0,0.000000
0.003532000,0.726485,0.0,0.000000
0.003532250,0.726584,0.0,0.000000
0.003532500,0.726683,0.0,0.000000
0.003532750,0.726781,0.0,0.000000
0.003533000,0.726880,0.0,0.000000
0.003533250,0.726979,0.0,0.000000
0.003533500,0.727077,0.0,0.000000
0.003533750,0.727176,0.0,0.000000
0.003534000,0.727274,0.0,0.000000
0.003534250,0.727373,0.0,0.000000
0.003534500,0.727471,0.0,0.000000
0.003534750,0.727569,0.0,0.000000
0.003535000,0.727668,0.0,0.000000
0.003535250,0.727766,0.0,0.000000
0.003535500,0.727865,0.0,0.000000
0.003535750,0.727963,0.0,0.000000
0.003536000,0.728061,0.0,0.000000
0.003536250,0.728160,0.0,0.000000
0.003536500,0.728258,0.0,0.000000
0.003536750,0.728356,0.0,0.000000
0.003537000,0.728454,0.0,0.000000
0.003537250,0.728553,0.0,0.000000
0.003537500,0.728651,0.0,0.000000
0.003537750,0.728749,0.0,0.000000
0.003538000,0.728847,0.0,0.000000
0.003538250,0.728945,0.0,0.000000
0.003538500,0.729043,0.0,0.000000
0.003538750,0.729142,0.0,0.000000
0.003539000,0.729240,0.0,0.000000
0.003539250,0.729338,0.0,0.000000
0.003539500,0.729436,0.0,0.000000
0.003539750,0.729534,0.0,0.000000
0.003540000,0.729632,0.0,0.000000
0.003540250,0.729730,0.0,0.000000
0.003540500,0.729828,0.0,0.000000
0.003540750,0.729926,0.0,0.000000
0.003541000,0.730024,0.0,0.000000
0.003541250,0.730122,0.0,0.000000
0.003541500,0.730219,0.0,0.000000
0.003541750,0.730317,0.0,0.000000
0.003542000,0.730415,0.0,0.000000
0.003542250,0.730513,0.0,0.000000
0.003542500,0.730611,0.0,0.000000
0.003542750,0.730709,0.0,0.000000
0.003543000,0.730806,0.0,0.000000
0.003543250,0.730904,0.0,0.000000
0.003543500,0.731002,0.0,0.000000
0.003543750,0.731100,0.0,0.000000
0.003544000,0.731197,0.0,0.000000
0.003544250,0.731295,0.0,0.000000
0.003544500,0.731393,0.0,0.000000
0.003544750,0.731490,0.0,0.000000
0.003545000,0.731588,0.0,0.000000
0.003545250,0.731685,0.0,0.000000
0.003545500,0.731783,0.0,0.000000
0.003545750,0.731880,0.0,0.000000
0.003546000,0.731978,0.0,0.000000
0.003546250,0.732075,0.0,0.000000
0.003546500,0.732173,0.0,0.000000
0.003546750,0.732270,0.0,0.000000
0.003547000,0.732368,0.0,0.000000
0.003547250,0.732465,0.0,0.000000
0.003547500,0.732563,0.0,0.000000
0.003547750,0.732660,0.0,0.000000
0.003548000,0.732757,0.0,0.000000
0.003548250,0.732855,0.0,0.000000
0.003548500,0.732952,0.0,0.000000
0.003548750,0.733049,0.0,0.000000
0.003549000,0.733146,0.0,0.000000
0.003549250,0.733244,0.0,0.000000
0.003549500,0.733341,0.0,0.000000
0.003549750,0.733438,0.0,0.000000
0.003550000,0.733535,0.0,0.000000
0.003550250,0.733633,0.0,0.000000
0.003550500,0.733730,0.0,0.000000
0.003550750,0.733827,0.0,0.000000
0.003551000,0.733924,0.0,0.000000
0.003551250,0.734021,0.0,0.000000
0.003551500,0.734118,0.0,0.000000
0.003551750,0.734215,0.0,0.000000
0.003552000,0.734312,0.0,0.000000
0.003552250,0.734409,0.0,0.000000
0.003552500,0.734506,0.0,0.000000
0.003552750,0.734603,0.0,0.000000
0.003553000,0.734700,0.0,0.000000
0.003553250,0.734797,0.0,0.000000
0.003553500,0.734894,0.0,0.000000
0.003553750,0.734991,0.0,0.000000
0.003554000,0.735088,0.0,0.000000
0.003554250,0.735185,0.0,0.000000
0.003554500,0.735282,0.0,0.000000
0.003554750,0.735378,0.0,0.000000
0.003555000,0.735475,0.0,0.000000
0.003555250,0.735572,0.0,0.000000
0.003555500,0.735669,0.0,0.000000
0.003555750,0.735765,0.0,0.000000
0.003556000,0.735862,0.0,0.000000
0.003556250,0.735959,0.0,0.000000
0.003556500,0.736055,0.0,0.000000
0.003556750,0.736152,0.0,0.000000
0.003557000,0.736249,0.0,0.000000
0.003557250,0.736345,0.0,0.000000
0.003557500,0.736442,0.0,0.000000
0.003557750,0.736538,0.0,0.000000
0.003558000,0.736635,0.0,0.000000
0.003558250,0.736731,0.0,0.000000
0.003558500,0.736828,0.0,0.000000
0.003558750,0.736924,0.0,0.000000
0.003559000,0.737021,0.0,0.000000
0.003559250,0.737117,0.0,0.000000
0.003559500,0.737214,0.0,0.000000
0.003559750,0.737310,0.0,0.000000
0.003560000,0.737407,0.0,0.000000
0.003560250,0.737503,0.0,0.000000
0.003560500,0.737599,0.0,0.000000
0.003560750,0.737696,0.0,0.000000
0.003561000,0.737792,0.0,0.000000
0.003561250,0.737888,0.0,0.000000
0.003561500,0.737984,0.0,0.000000
0.003561750,0.738081,0.0,0.000000
0.003562000,0.738177,0.0,0.000000
0.003562250,0.738273,0.0,0.000000
0.003562500,0.738369,0.0,0.000000
0.003562750,0.738465,0.0,0.000000
0.003563000,0.738562,0.0,0.000000
0.003563250,0.738658,0.0,0.000000
0.003563500,0.738754,0.0,0.000000
0.003563750,0.738850,0.0,0.000000
0.003564000,0.738946,0.0,0.000000
0.003564250,0.739042,0.0,0.000000
0.003564500,0.739138,0.0,0.000000
0.003564750,0.739234,0.0,0.000000
0.003565000,0.739330,0.0,0.000000
0.003565250,0.739426,0.0,0.000000
0.003565500,0.739522,0.0,0.000000
0.003565750,0.739618,0.0,0.000000
0.003566000,0.739714,0.0,0.000000
0.003566250,0.739810,0.0,0.000000
0.003566500,0.739905,0.0,0.000000
0.003566750,0.740001,0.0,0.000000
0.003567000,0.740097,0.0,0.000000
0.003567250,0.740193,0.0,0.000000
0.003567500,0.740289,0.0,0.000000
0.003567750,0.740385,0.0,0.000000
0.003568000,0.740480,0.0,0.000000
0.003568250,0.740576,0.0,0.000000
0.003568500,0.740672,0.0,0.000000
0.003568750,0.740767,0.0,0.000000
0.003569000,0.740863,0.0,0.000000
0.003569250,0.740959,0.0,0.000000
0.003569500,0.741054,0.0,0.000000
0.003569750,0.741150,0.0,0.000000
0.003570000,0.741246,0.0,0.000000
0.003570250,0.741341,0.0,0.000000
0.003570500,0.741437,0.0,0.000000
0.003570750,0.741532,0.0,0.000000
0.003571000,0.741628,0.0,0.000000
0.003571250,0.741723,0.0,0.000000
0.003571500,0.741819,0.0,0.000000
0.003571750,0.741914,0.0,0.000000
0.003572000,0.742009,0.0,0.000000
0.003572250,0.742105,0.0,0.000000
0.003572500,0.742200,0.0,0.000000
0.003572750,0.742296,0.0,0.000000
0.003573000,0.742391,0.0,0.000000
0.003573250,0.742486,0.0,0.000000
0.003573500,0.742582,0.0,0.000000
0.003573750,0.742677,0.0,0.000000
0.003574000,0.742772,0.0,0.000000
0.003574250,0.742867,0.0,0.000000
0.003574500,0.742963,0.0,0.000000
0.003574750,0.743058,0.0,0.000000
0.003575000,0.743153,0.0,0.000000
0.003575250,0.743248,0.0,0.000000
0.003575500,0.743343,0.0,0.000000
0.003575750,0.743438,0.0,0.000000
0.003576000,0.743534,0.0,0.000000
0.003576250,0.743629,0.0,0.000000
0.003576500,0.743724,0.0,0.000000
0.003576750,0.743819,0.0,0.000000
0.003577000,0.743914,0.0,0.000000
0.003577250,0.744009,0.0,0.000000
0.003577500,0.744104,0.0,0.000000
0.003577750,0.744199,0.0,0.000000
0.003578000,0.744294,0.0,0.000000
0.003578250,0.744389,0.0,0.000000
0.003578500,0.744484,0.0,0.000000
0.003578750,0.744578,0.0,0.000000
0.003579000,0.744673,0.0,0.000000
0.003579250,0.744768,0.0,0.000000
0.003579500,0.744863,0.0,0.000000
0.003579750,0.744958,0.0,0.000000
0.003580000,0.745053,0.0,0.000000
0.003580250,0.745147,0.0,0.000000
0.003580500,0.745242,0.0,0.000000
0.003580750,0.745337,0.0,0.000000
0.003581000,0.745432,0.0,0.000000
0.003581250,0.745526,0.0,0.000000
0.003581500,0.745621,0.0,0.000000
0.003581750,0.745716,0.0,0.000000
0.003582000,0.745810,0.0,0.000000
0.003582250,0.745905,0.0,0.000000
0.003582500,0.745999,0.0,0.000000
0.003582750,0.746094,0.0,0.000000
0.003583000,0.746189,0.0,0.000000
0.003583250,0.746283,0.0,0.000000
0.003583500,0.746378,0.0,0.000000
0.003583750,0.746472,0.0,0.000000
0.003584000,0.746567,0.0,0.000000
0.003584250,0.746661,0.0,0.000000
0.003584500,0.746755,0.0,0.000000
0.003584750,0.746850,0.0,0.000000
0.003585000,0.746944,0.0,0.000000
0.003585250,0.747039,0.0,0.000000
0.003585500,0.747133,0.0,0.000000
0.003585750,0.747227,0.0,0.000000
0.003586000,0.747322,0.0,0.000000
0.003586250,0.747416,0.0,0.000000
0.003586500,0.747510,0.0,0.000000
0.003586750,0.747604,0.0,0.000000
0.003587000,0.747699,0.0,0.000000
0.003587250,0.747793,0.0,0.000000
0.003587500,0.747887,0.0,0.000000
0.003587750,0.747981,0.0,0.000000
0.003588000,0.748075,0.0,0.000000
0.003588250,0.748170,0.0,0.000000
0.003588500,0.748264,0.0,0.000000
0.003588750,0.748358,0.0,0.000000
0.003589000,0.748452,0.0,0.000000
0.003589250,0.748546,0.0,0.000000
0.003589500,0.748640,0.0,0.000000
0.003589750,0.748734,0.0,0.000000
0.003590000,0.748828,0.0,0.000000
0.003590250,0.748922,0.0,0.000000
0.003590500,0.749016,0.0,0.000000
0.003590750,0.749110,0.0,0.000000
0.003591000,0.749204,0.0,0.000000
0.003591250,0.749298,0.0,0.000000
0.003591500,0.749392,0.0,0.000000
0.003591750,0.749486,0.0,0.000000
0.003592000,0.749579,0.0,0.000000
0.003592250,0.749673,0.0,0.000000
0.003592500,0.749767,0.0,0.000000
0.003592750,0.749861,0.0,0.000000
0.003593000,0.749955,0.0,0.000000
0.003593250,0.750048,0.0,0.000000
0.003593500,0.750142,0.0,0.000000
0.003593750,0.750236,0.0,0.000000
0.003594000,0.750330,0.0,0.000000
0.003594250,0.750423,0.0,0.000000
0.003594500,0.750517,0.0,0.000000
0.003594750,0.750611,0.0,0.000000
0.003595000,0.750704,0.0,0.000000
0.003595250,0.750798,0.0,0.000000
0.003595500,0.750891,0.0,0.000000
0.003595750,0.750985,0.0,0.000000
0.003596000,0.751078,0.0,0.000000
0.003596250,0.751172,0.0,0.000000
0.003596500,0.751266,0.0,0.000000
0.003596750,0.751359,0.0,0.000000
0.003597000,0.751452,0.0,0.000000
0.003597250,0.751546,0.0,0.000000
0.003597500,0.751639,0.0,0.000000
0.003597750,0.751733,0.0,0.000000
0.003598000,0.751826,0.0,0.000000
0.003598250,0.751919,0.0,0.000000
0.003598500,0.752013,0.0,0.000000
0.003598750,0.752106,0.0,0.000000
0.003599000,0.752199,0.0,0.000000
0.003599250,0.752293,0.0,0.000000
0.003599500,0.752386,0.0,0.000000
0.003599750,0.752479,0.0,0.000000
0.003600000,0.752572,0.0,0.000000
0.003600250,0.752666,0.0,0.000000
0.003600500,0.752759,0.0,0.000000
0.003600750,0.752852,0.0,0.000000
0.003601000,0.752945,0.0,0.000000
0.003601250,0.753038,0.0,0.000000
0.003601500,0.753131,0.0,0.000000
0.003601750,0.753224,0.0,0.000000
0.003602000,0.753317,0.0,0.000000
0.003602250,0.753411,0.0,0.000000
0.003602500,0.753504,0.0,0.000000
0.003602750,0.753597,0.0,0.000000
0.003603000,0.753690,0.0,0.000000
0.003603250,0.753783,0.0,0.000000
0.003603500,0.753876,0.0,0.000000
0.003603750,0.753968,0.0,0.000000
0.003604000,0.754061,0.0,0.000000
0.003604250,0.754154,0.0,0.000000
0.003604500,0.754247,0.0,0.000000
0.003604750,0.754340,0.0,0.000000
0.003605000,0.754433,0.0,0.000000
0.003605250,0.754526,0.0,0.000000
0.003605500,0.754619,0.0,0.000000
0.003605750,0.754711,0.0,0.000000
0.003606000,0.754804,0.0,0.000000
0.003606250,0.754897,0.0,0.000000
0.003606500,0.754990,0.0,0.000000
0.003606750,0.755082,0.0,0.000000
0.003607000,0.755175,0.0,0.000000
0.003607250,0.755268,0.0,0.000000
0.003607500,0.755360,0.0,0.000000
0.003607750,0.755453,0.0,0.000000
0.003608000,0.755545,0.0,0.000000
0.003608250,0.755638,0.0,0.000000
0.003608500,0.755731,0.0,0.000000
0.003608750,0.755823,0.0,0.000000
0.003609000,0.755916,0.0,0.000000
0.003609250,0.756008,0.0,0.000000
0.003609500,0.756101,0.0,0.000000
0.003609750,0.756193,0.0,0.000000
0.003610000,0.756286,0.0,0.000000
0.003610250,0.756378,0.0,0.000000
0.003610500,0.756470,0.0,0.000000
0.003610750,0.756563,0.0,0.000000
0.003611000,0.756655,0.0,0.000000
0.003611250,0.756748,0.0,0.000000
0.003611500,0.756840,0.0,0.000000
0.003611750,0.756932,0.0,0.000000
0.003612000,0.757025,0.0,0.000000
0.003612250,0.757117,0.0,0.000000
0.003612500,0.757209,0.0,0.000000
0.003612750,0.757301,0.0,0.000000
0.003613000,0.757394,0.0,0.000000
0.003613250,0.757486,0.0,0.000000
0.003613500,0.757578,0.0,0.000000
0.003613750,0.757670,0.0,0.000000
0.003614000,0.757762,0.0,0.000000
0.003614250,0.757854,0.0,0.000000
0.003614500,0.757946,0.0,0.000000
0.003614750,0.758039,0.0,0.000000
0.003615000,0.758131,0.0,0.000000
0.003615250,0.758223,0.0,0.000000
0.003615500,0.758315,0.0,0.000000
0.003615750,0.758407,0.0,0.000000
0.003616000,0.758499,0.0,0.000000
0.003616250,0.758591,0.0,0.000000
0.003616500,0.758683,0.0,0.000000
0.003616750,0.758775,0.0,0.000000
0.003617000,0.758866,0.0,0.000000
0.003617250,0.758958,0.0,0.000000
0.003617500,0.759050,0.0,0.000000
0.003617750,0.759142,0.0,0.000000
0.003618000,0.759234,0.0,0.000000
0.003618250,0.759326,0.0,0.000000
0.003618500,0.759418,0.0,0.000000
0.003618750,0.759509,0.0,0.000000
0.003619000,0.759601,0.0,0.000000
0.003619250,0.759693,0.0,0.000000
0.003619500,0.759785,0.0,0.000000
0.003619750,0.759876,0.0,0.000000
0.003620000,0.759968,0.0,0.000000
0.003620250,0.760060,0.0,0.000000
0.003620500,0.760151,0.0,0.000000
0.003620750,0.760243,0.0,0.000000
0.003621000,0.760335,0.0,0.000000
0.003621250,0.760426,0.0,0.000000
0.003621500,0.760518,0.0,0.000000
0.003621750,0.760609,0.0,0.000000
0.003622000,0.760701,0.0,0.000000
0.003622250,0.760792,0.0,0.000000
0.003622500,0.760884,0.0,0.000000
0.003622750,0.760975,0.0,0.000000
0.003623000,0.761067,0.0,0.000000
0.003623250,0.761158,0.0,0.000000
0.003623500,0.761250,0.0,0.000000
0.003623750,0.761341,0.0,0.000000
0.003624000,0.761432,0.0,0.000000
0.003624250,0.761524,0.0,0.000000
0.003624500,0.761615,0.0,0.000000
0.003624750,0.761706,0.0,0.000000
0.003625000,0.761798,0.0,0.000000
0.003625250,0.761889,0.0,0.000000
0.003625500,0.761980,0.0,0.000000
0.003625750,0.762071,0.0,0.000000
0.003626000,0.762163,0.0,0.000000
0.003626250,0.762254,0.0,0.000000
0.003626500,0.762345,0.0,0.000000
0.003626750,0.762436,0.0,0.000000
0.003627000,0.762527,0.0,0.000000
0.003627250,0.762619,0.0,0.000000
0.003627500,0.762710,0.0,0.000000
0.003627750,0.762801,0.0,0.000000
0.003628000,0.762892,0.0,0.000000
0.003628250,0.762983,0.0,0.000000
0.003628500,0.763074,0.0,0.000000
0.003628750,0.763165,0.0,0.000000
0.003629000,0.763256,0.0,0.000000
0.003629250,0.763347,0.0,0.000000
0.003629500,0.763438,0.0,0.000000
0.003629750,0.763529,0.0,0.000000
0.003630000,0.763620,0.0,0.000000
0.003630250,0.763711,0.0,0.000000
0.003630500,0.763802,0.0,0.000000
0.003630750,0.763892,0.0,0.000000
0.003631000,0.763983,0.0,0.000000
0.003631250,0.764074,0.0,0.000000
0.003631500,0.764165,0.0,0.000000
0.003631750,0.764256,0.0,0.000000
0.003632000,0.764347,0.0,0.000000
0.003632250,0.764437,0.0,0.000000
0.003632500,0.764528,0.0,0.000000
0.003632750,0.764619,0.0,0.000000
0.003633000,0.764709,0.0,0.000000
0.003633250,0.764800,0.0,0.000000
0.003633500,0.764891,0.0,0.000000
0.003633750,0.764981,0.0,0.000000
0.003634000,0.765072,0.0,0.000000
0.003634250,0.765163,0.0,0.000000
0.003634500,0.765253,0.0,0.000000
0.003634750,0.765344,0.0,0.000000
0.003635000,0.765434,0.0,0.000000
0.003635250,0.765525,0.0,0.000000
0.003635500,0.765615,0.0,0.000000
0.003635750,0.765706,0.0,0.000000
0.003636000,0.765796,0.0,0.000000
0.003636250,0.765887,0.0,0.000000
0.003636500,0.765977,0.0,0.000000
0.003636750,0.766068,0.0,0.000000
0.003637000,0.766158,0.0,0.000000
0.003637250,0.766248,0.0,0.000000
0.003637500,0.766339,0.0,0.000000
0.003637750,0.766429,0.0,0.000000
0.003638000,0.766519,0.0,0.000000
0.003638250,0.766610,0.0,0.000000
0.003638500,0.766700,0.0,0.000000
0.003638750,0.766790,0.0,0.000000
0.003639000,0.766881,0.0,0.000000
0.003639250,0.766971,0.0,0.000000
0.003639500,0.767061,0.0,0.000000
0.003639750,0.767151,0.0,0.000000
0.003640000,0.767241,0.0,0.000000
0.003640250,0.767331,0.0,0.000000
0.003640500,0.767422,0.0,0.000000
0.003640750,0.767512,0.0,0.000000
0.003641000,0.767602,0.0,0.000000
0.003641250,0.767692,0.0,0.000000
0.003641500,0.767782,0.0,0.000000
0.003641750,0.767872,0.0,0.000000
0.003642000,0.767962,0.0,0.000000
0.003642250,0.768052,0.0,0.000000
0.003642500,0.768142,0.0,0.000000
0.003642750,0.768232,0.0,0.000000
0.003643000,0.768322,0.0,0.000000
0.003643250,0.768412,0.0,0.000000
0.003643500,0.768502,0.0,0.000000
0.003643750,0.768592,0.0,0.000000
0.003644000,0.768681,0.0,0.000000
0.003644250,0.768771,0.0,0.000000
0.003644500,0.768861,0.0,0.000000
0.003644750,0.768951,0.0,0.000000
0.003645000,0.769041,0.0,0.000000
0.003645250,0.769131,0.0,0.000000
0.003645500,0.769220,0.0,0.000000
0.003645750,0.769310,0.0,0.000000
0.003646000,0.769400,0.0,0.000000
0.003646250,0.769489,0.0,0.000000
0.003646500,0.769579,0.0,0.000000
0.003646750,0.769669,0.0,0.000000
0.003647000,0.769758,0.0,0.000000
0.003647250,0.769848,0.0,0.000000
0.003647500,0.769938,0.0,0.000000
0.003647750,0.770027,0.0,0.000000
0.003648000,0.770117,0.0,0.000000
0.003648250,0.770206,0.0,0.000000
0.003648500,0.770296,0.0,0.000000
0.003648750,0.770385,0.0,0.000000
0.003649000,0.770475,0.0,0.000000
0.003649250,0.770564,0.0,0.000000
0.003649500,0.770654,0.0,0.000000
0.003649750,0.770743,0.0,0.000000
0.003650000,0.770833,0.0,0.000000
0.003650250,0.770922,0.0,0.000000
0.003650500,0.771012,0.0,0.000000
0.003650750,0.771101,0.0,0.000000
0.003651000,0.771190,0.0,0.000000
0.003651250,0.771280,0.0,0.000000
0.003651500,0.771369,0.0,0.000000
0.003651750,0.771458,0.0,0.000000
0.003652000,0.771547,0.0,0.000000
0.003652250,0.771637,0.0,0.000000
0.003652500,0.771726,0.0,0.000000
0.003652750,0.771815,0.0,0.000000
0.003653000,0.771904,0.0,0.000000
0.003653250,0.771994,0.0,0.000000
0.003653500,0.772083,0.0,0.000000
0.003653750,0.772172,0.0,0.000000
0.003654000,0.772261,0.0,0.000000
0.003654250,0.772350,0.0,0.000000
0.003654500,0.772439,0.0,0.000000
0.003654750,0.772528,0.0,0.000000
0.003655000,0.772617,0.0,0.000000
0.003655250,0.772706,0.0,0.000000
0.003655500,0.772795,0.0,0.000000
0.003655750,0.772884,0.0,0.000000
0.003656000,0.772973,0.0,0.000000
0.003656250,0.773062,0.0,0.000000
0.003656500,0.773151,0.0,0.000000
0.003656750,0.773240,1.0,4.440000
0.003657000,0.773329,0.0,3.758379
0.003657250,0.021805,0.0,3.181399
0.003657500,0.022051,0.0,2.692996
0.003657750,0.022296,0.0,2.279572
0.003658000,0.022542,0.0,1.929616
0.003658250,0.022787,0.0,1.633385
0.003658500,0.023032,0.0,1.382630
0.003658750,0.023277,0.0,1.170371
0.003659000,0.023523,0.0,0.990698
0.003659250,0.023768,0.0,0.838608
0.003659500,0.024013,0.0,0.709866
0.003659750,0.024258,0.0,0.600889
0.003660000,0.024503,0.0,0.508641
0.003660250,0.024748,0.0,0.430555
0.003660500,0.024992,0.0,0.364457
0.003660750,0.025237,0.0,0.308506
0.003661000,0.025482,0.0,0.261145
0.003661250,0.025727,0.0,0.221054
0.003661500,0.025971,0.0,0.187119
0.003661750,0.026216,0.0,0.158392
0.003662000,0.026460,0.0,0.134076
0.003662250,0.026705,0.0,0.113493
0.003662500,0.026949,0.0,0.096070
0.003662750,0.027194,0.0,0.081321
0.003663000,0.027438,0.0,0.068837
0.003663250,0.027682,0.0,0.058269
0.003663500,0.027927,0.0,0.049324
0.003663750,0.028171,0.0,0.041752
0.003664000,0.028415,0.0,0.035342
0.003664250,0.028659,0.0,0.000000
0.003664500,0.028903,0.0,0.000000
0.003664750,0.029147,0.0,0.000000
0.003665000,0.029391,0.0,0.000000
0.003665250,0.029635,0.0,0.000000
0.003665500,0.029879,0.0,0.000000
0.003665750,0.030122,0.0,0.000000
0.003666000,0.030366,0.0,0.000000
0.003666250,0.030610,0.0,0.000000
0.003666500,0.030853,0.0,0.000000
0.003666750,0.031097,0.0,0.000000
0.003667000,0.031341,0.0,0.000000
0.003667250,0.031584,0.0,0.000000
0.003667500,0.031827,0.0,0.000000
0.003667750,0.032071,0.0,0.000000
0.003668000,0.032314,0.0,0.000000
0.003668250,0.032557,0.0,0.000000
0.003668500,0.032801,0.0,0.000000
0.003668750,0.033044,0.0,0.000000
0.003669000,0.033287,0.0,0.000000
0.003669250,0.033530,0.0,0.000000
0.003669500,0.033773,0.0,0.000000
0.003669750,0.034016,0.0,0.000000
0.003670000,0.034259,0.0,0.000000
0.003670250,0.034502,0.0,0.000000
0.003670500,0.034745,0.0,0.000000
0.003670750,0.034987,0.0,0.000000
0.003671000,0.035230,0.0,0.000000
0.003671250,0.035473,0.0,0.000000
0.003671500,0.035715,0.0,0.000000
0.003671750,0.035958,0.0,0.000000
0.003672000,0.036200,0.0,0.000000
0.003672250,0.036443,0.0,0.000000
0.003672500,0.036685,0.0,0.000000
0.003672750,0.036928,0.0,0.000000
0.003673000,0.037170,0.0,0.000000
0.003673250,0.037412,0.0,0.000000
0.003673500,0.037654,0.0,0.000000
0.003673750,0.037896,0.0,0.000000
0.003674000,0.038139,0.0,0.000000
0.003674250,0.038381,0.0,0.000000
0.003674500,0.038623,0.0,0.000000
0.003674750,0.038865,0.0,0.000000
0.003675000,0.039107,0.0,0.000000
0.003675250,0.039348,0.0,0.000000
0.003675500,0.039590,0.0,0.000000
0.003675750,0.039832,0.0,0.000000
0.003676000,0.040074,0.0,0.000000
0.003676250,0.040315,0.0,0.000000
0.003676500,0.040557,0.0,0.000000
0.003676750,0.040798,0.0,0.000000
0.003677000,0.041040,0.0,0.000000
0.003677250,0.041281,0.0,0.000000
0.003677500,0.041523,0.0,0.000000
0.003677750,0.041764,0.0,0.000000
0.003678000,0.042005,0.0,0.000000
0.003678250,0.042247,0.0,0.000000
0.003678500,0.042488,0.0,0.000000
0.003678750,0.042729,0.0,0.000000
0.003679000,0.042970,0.0,0.000000
0.003679250,0.043211,0.0,0.000000
0.003679500,0.043452,0.0,0.000000
0.003679750,0.043693,0.0,0.000000
0.003680000,0.043934,0.0,0.000000
0.003680250,0.044175,0.0,0.000000
0.003680500,0.044416,0.0,0.000000
0.003680750,0.044656,0.0,0.000000
0.003681000,0.044897,0.0,0.000000
0.003681250,0.045138,0.0,0.000000
0.003681500,0.045378,0.0,0.000000
0.003681750,0.045619,0.0,0.000000
0.003682000,0.045859,0.0,0.000000
0.003682250,0.046100,0.0,0.000000
0.003682500,0.046340,0.0,0.000000
0.003682750,0.046581,0.0,0.000000
0.003683000,0.046821,0.0,0.000000
0.003683250,0.047061,0.0,0.000000
0.003683500,0.047301,0.0,0.000000
0.003683750,0.047542,0.0,0.000000
0.003684000,0.047782,0.0,0.000000
0.003684250,0.048022,0.0,0.000000
0.003684500,0.048262,0.0,0.000000
0.003684750,0.048502,0.0,0.000000
0.003685000,0.048741,0.0,0.000000
0.003685250,0.048981,0.0,0.000000
0.003685500,0.049221,0.0,0.000000
0.003685750,0.049461,0.0,0.000000
0.003686000,0.049701,0.0,0.000000
0.003686250,0.049940,0.0,0.000000
0.003686500,0.050180,0.0,0.000000
0.003686750,0.050419,0.0,0.000000
0.003687000,0.050659,0.0,0.000000
0.003687250,0.050898,0.0,0.000000
0.003687500,0.051138,0.0,0.000000
0.003687750,0.051377,0.0,0.000000
0.003688000,0.051616,0.0,0.000000
0.003688250,0.051856,0.0,0.000000
0.003688500,0.052095,0.0,0.000000
0.003688750,0.052334,0.0,0.000000
0.003689000,0.052573,0.0,0.000000
0.003689250,0.052812,0.0,0.000000
0.003689500,0.053051,0.0,0.000000
0.003689750,0.053290,0.0,0.000000
0.003690000,0.053529,0.0,0.000000
0.003690250,0.053768,0.0,0.000000
0.003690500,0.054007,0.0,0.000000
0.003690750,0.054245,0.0,0.000000
0.003691000,0.054484,0.0,0.000000
0.003691250,0.054723,0.0,0.000000
0.003691500,0.054961,0.0,0.000000
0.003691750,0.055200,0.0,0.000000
0.003692000,0.055438,0.0,0.000000
0.003692250,0.055677,0.0,0.000000
0.003692500,0.055915,0.0,0.000000
0.003692750,0.056154,0.0,0.000000
0.003693000,0.056392,0.0,0.000000
0.003693250,0.056630,0.0,0.000000
0.003693500,0.056868,0.0,0.000000
0.003693750,0.057106,0.0,0.000000
0.003694000,0.057345,0.0,0.000000
0.003694250,0.057583,0.0,0.000000
0.003694500,0.057821,0.0,0.000000
0.003694750,0.058059,0.0,0.000000
0.003695000,0.058296,0.0,0.000000
0.003695250,0.058534,0.0,0.000000
0.003695500,0.058772,0.0,0.000000
0.003695750,0.059010,0.0,0.000000
0.003696000,0.059248,0.0,0.000000
0.003696250,0.059485,0.0,0.000000
0.003696500,0.059723,0.0,0.000000
0.003696750,0.059960,0.0,0.000000
0.003697000,0.060198,0.0,0.000000
0.003697250,0.060435,0.0,0.000000
0.003697500,0.060673,0.0,0.000000
0.003697750,0.060910,0.0,0.000000
0.003698000,0.061148,0.0,0.000000
0.003698250,0.061385,0.0,0.000000
0.003698500,0.061622,0.0,0.000000
0.003698750,0.061859,0.0,0.000000
0.003699000,0.062096,0.0,0.000000
0.003699250,0.062333,0.0,0.000000
0.003699500,0.062570,0.0,0.000000
0.003699750,0.062807,0.0,0.000000
0.003700000,0.063044,0.0,0.000000
0.003700250,0.063281,0.0,0.000000
0.003700500,0.063518,0.0,0.000000
0.003700750,0.063755,0.0,0.000000
0.003701000,0.063991,0.0,0.000000
0.003701250,0.064228,0.0,0.000000
0.003701500,0.064465,0.0,0.000000
0.003701750,0.064701,0.0,0.000000
0.003702000,0.064938,0.0,0.000000
0.003702250,0.065174,0.0,0.000000
0.003702500,0.065411,0.0,0.000000
0.003702750,0.065647,0.0,0.000000
0.003703000,0.065883,0.0,0.000000
0.003703250,0.066120,0.0,0.000000
0.003703500,0.066356,0.0,0.000000
0.003703750,0.066592,0.0,0.000000
0.003704000,0.066828,0.0,0.000000
0.003704250,0.067064,0.0,0.000000
0.003704500,0.067300,0.0,0.000000
0.003704750,0.067536,0.0,0.000000
0.003705000,0.067772,0.0,0.000000
0.003705250,0.068008,0.0,0.000000
0.003705500,0.068244,0.0,0.000000
0.003705750,0.068480,0.0,0.000000
0.003706000,0.068715,0.0,0.000000
0.003706250,0.068951,0.0,0.000000
0.003706500,0.069187,0.0,0.000000
0.003706750,0.069422,0.0,0.000000
0.003707000,0.069658,0.0,0.000000
0.003707250,0.069893,0.0,0.000000
0.003707500,0.070129,0.0,0.000000
0.003707750,0.070364,0.0,0.000000
0.003708000,0.070599,0.0,0.000000
0.003708250,0.070835,0.0,0.000000
0.003708500,0.071070,0.0,0.000000
0.003708750,0.071305,0.0,0.000000
0.003709000,0.071540,0.0,0.000000
0.003709250,0.071775,0.0,0.000000
0.003709500,0.072010,0.0,0.000000
0.003709750,0.072245,0.0,0.000000
0.003710000,0.072480,0.0,0.000000
0.003710250,0.072715,0.0,0.000000
0.003710500,0.072950,0.0,0.000000
0.003710750,0.073185,0.0,0.000000
0.003711000,0.073420,0.0,0.000000
0.003711250,0.073654,0.0,0.000000
0.003711500,0.073889,0.0,0.000000
0.003711750,0.074124,0.0,0.000000
0.003712000,0.074358,0.0,0.000000
0.003712250,0.074593,0.0,0.000000
0.003712500,0.074827,0.0,0.000000
0.003712750,0.075062,0.0,0.000000
0.003713000,0.075296,0.0,0.000000
0.003713250,0.075530,0.0,0.000000
0.003713500,0.075764,0.0,0.000000
0.003713750,0.075999,0.0,0.000000
0.003714000,0.076233,0.0,0.000000
0.003714250,0.076467,0.0,0.000000
0.003714500,0.076701,0.0,0.000000
0.003714750,0.076935,0.0,0.000000
0.003715000,0.077169,0.0,0.000000
0.003715250,0.077403,0.0,0.000000
0.003715500,0.077637,0.0,0.000000
0.003715750,0.077871,0.0,0.000000
0.003716000,0.078104,0.0,0.000000
0.003716250,0.078338,0.0,0.000000
0.003716500,0.078572,0.0,0.000000
0.003716750,0.078805,0.0,0.000000
0.003717000,0.079039,0.0,0.000000
0.003717250,0.079273,0.0,0.000000
0.003717500,0.079506,0.0,0.000000
0.003717750,0.079739,0.0,0.000000
0.003718000,0.079973,0.0,0.000000
0.003718250,0.080206,0.0,0.000000
0.003718500,0.080440,0.0,0.000000
0.003718750,0.080673,0.0,0.000000
0.003719000,0.080906,0.0,0.000000
0.003719250,0.081139,0.0,0.000000
0.003719500,0.081372,0.0,0.000000
0.003719750,0.081605,0.0,0.000000
0.003720000,0.081838,0.0,0.000000
0.003720250,0.082071,0.0,0.000000
0.003720500,0.082304,0.0,0.000000
0.003720750,0.082537,0.0,0.000000
0.003721000,0.082770,0.0,0.000000
0.003721250,0.083002,0.0,0.000000
0.003721500,0.083235,0.0,0.000000
0.003721750,0.083468,0.0,0.000000
0.003722000,0.083700,0.0,0.000000
0.003722250,0.083933,0.0,0.000000
0.003722500,0.084166,0.0,0.000000
0.003722750,0.084398,0.0,0.000000
0.003723000,0.084630,0.0,0.000000
0.003723250,0.084863,0.0,0.000000
0.003723500,0.085095,0.0,0.000000
0.003723750,0.085327,0.0,0.000000
0.003724000,0.085560,0.0,0.000000
0.003724250,0.085792,0.0,0.000000
0.003724500,0.086024,0.0,0.000000
0.003724750,0.086256,0.0,0.000000
0.003725000,0.086488,0.0,0.000000
0.003725250,0.086720,0.0,0.000000
0.003725500,0.086952,0.0,0.000000
0.003725750,0.087184,0.0,0.000000
0.003726000,0.087416,0.0,0.000000
0.003726250,0.087647,0.0,0.000000
0.003726500,0.087879,0.0,0.000000
0.003726750,0.088111,0.0,0.000000
0.003727000,0.088342,0.0,0.000000
0.003727250,0.088574,0.0,0.000000
0.003727500,0.088806,0.0,0.000000
0.003727750,0.089037,0.0,0.000000
0.003728000,0.089269,0.0,0.000000
0.003728250,0.089500,0.0,0.000000
0.003728500,0.089731,0.0,0.000000
0.003728750,0.089963,0.0,0.000000
0.003729000,0.090194,0.0,0.000000
0.003729250,0.090425,0.0,0.000000
0.003729500,0.090656,0.0,0.000000
0.003729750,0.090887,0.0,0.000000
0.003730000,0.091118,0.0,0.000000
0.003730250,0.091349,0.0,0.000000
0.003730500,0.091580,0.0,0.000000
0.003730750,0.091811,0.0,0.000000
0.003731000,0.092042,0.0,0.000000
0.003731250,0.092273,0.0,0.000000
0.003731500,0.092504,0.0,0.000000
0.003731750,0.092734,0.0,0.000000
0.003732000,0.092965,0.0,0.000000
0.003732250,0.093196,0.0,0.000000
0.003732500,0.093426,0.0,0.000000
0.003732750,0.093657,0.0,0.000000
0.003733000,0.093887,0.0,0.000000
0.003733250,0.094118,0.0,0.000000
0.003733500,0.094348,0.0,0.000000
0.003733750,0.094579,0.0,0.000000
0.003734000,0.094809,0.0,0.000000
0.003734250,0.095039,0.0,0.000000
0.003734500,0.095269,0.0,0.000000
0.003734750,0.095499,0.0,0.000000
0.003735000,0.095730,0.0,0.000000
0.003735250,0.095960,0.0,0.000000
0.003735500,0.096190,0.0,0.000000
0.003735750,0.096420,0.0,0.000000
0.003736000,0.096649,0.0,0.000000
0.003736250,0.096879,0.0,0.000000
0.003736500,0.097109,0.0,0.000000
0.003736750,0.097339,0.0,0.000000
0.003737000,0.097569,0.0,0.000000
0.003737250,0.097798,0.0,0.000000
0.003737500,0.098028,0.0,0.000000
0.003737750,0.098258,0.0,0.000000
0.003738000,0.098487,0.0,0.000000
0.003738250,0.098717,0.0,0.000000
0.003738500,0.098946,0.0,0.000000
0.003738750,0.099175,0.0,0.000000
0.003739000,0.099405,0.0,0.000000
0.003739250,0.099634,0.0,0.000000
0.003739500,0.099863,0.0,0.000000
0.003739750,0.100092,0.0,0.000000
0.003740000,0.100322,0.0,0.000000
0.003740250,0.100551,0.0,0.000000
0.003740500,0.100780,0.0,0.000000
0.003740750,0.101009,0.0,0.000000
0.003741000,0.101238,0.0,0.000000
0.003741250,0.101467,0.0,0.000000
0.003741500,0.101695,0.0,0.000000
0.003741750,0.101924,0.0,0.000000
0.003742000,0.102153,0.0,0.000000
0.003742250,0.102382,0.0,0.000000
0.003742500,0.102610,0.0,0.000000
0.003742750,0.102839,0.0,0.000000
0.003743000,0.103068,0.0,0.000000
0.003743250,0.103296,0.0,0.000000
0.003743500,0.103525,0.0,0.000000
0.003743750,0.103753,0.0,0.000000
0.003744000,0.103981,0.0,0.000000
0.003744250,0.104210,0.0,0.000000
0.003744500,0.104438,0.0,0.000000
0.003744750,0.104666,0.0,0.000000
0.003745000,0.104894,0.0,0.000000
0.003745250,0.105123,0.0,0.000000
0.003745500,0.105351,0.0,0.000000
0.003745750,0.105579,0.0,0.000000
0.003746000,0.105807,0.0,0.000000
0.003746250,0.106035,0.0,0.000000
0.003746500,0.106263,0.0,0.000000
0.003746750,0.106490,0.0,0.000000
0.003747000,0.106718,0.0,0.000000
0.003747250,0.106946,0.0,0.000000
0.003747500,0.107174,0.0,0.000000
0.003747750,0.107401,0.0,0.000000
0.003748000,0.107629,0.0,0.000000
0.003748250,0.107857,0.0,0.000000
0.003748500,0.108084,0.0,0.000000
0.003748750,0.108312,0.0,0.000000
0.003749000,0.108539,0.0,0.000000
0.003749250,0.108766,0.0,0.000000
0.003749500,0.108994,0.0,0.000000
0.003749750,0.109221,0.0,0.000000
0.003750000,0.109448,0.0,0.000000
0.003750250,0.109676,0.0,0.000000
0.003750500,0.109903,0.0,0.000000
0.003750750,0.110130,0.0,0.000000
0.003751000,0.110357,0.0,0.000000
0.003751250,0.110584,0.0,0.000000
0.003751500,0.110811,0.0,0.000000
0.003751750,0.111038,0.0,0.000000
0.003752000,0.111265,0.0,0.000000
0.003752250,0.111491,0.0,0.000000
0.003752500,0.111718,0.0,0.000000
0.003752750,0.111945,0.0,0.000000
0.003753000,0.112172,0.0,0.000000
0.003753250,0.112398,0.0,0.000000
0.003753500,0.112625,0.0,0.000000
0.003753750,0.112851,0.0,0.000000
0.003754000,0.113078,0.0,0.000000
0.003754250,0.113304,0.0,0.000000
0.003754500,0.113531,0.0,0.000000
0.003754750,0.113757,0.0,0.000000
0.003755000,0.113983,0.0,0.000000
0.003755250,0.114210,0.0,0.000000
0.003755500,0.114436,0.0,0.000000
0.003755750,0.114662,0.0,0.000000
0.003756000,0.114888,0.0,0.000000
0.003756250,0.115114,0.0,0.000000
0.003756500,0.115340,0.0,0.000000
0.003756750,0.115566,0.0,0.000000
0.003757000,0.115792,0.0,0.000000
0.003757250,0.116018,0.0,0.000000
0.003757500,0.116244,0.0,0.000000
0.003757750,0.116469,0.0,0.000000
0.003758000,0.116695,0.0,0.000000
0.003758250,0.116921,0.0,0.000000
0.003758500,0.117147,0.0,0.000000
0.003758750,0.117372,0.0,0.000000
0.003759000,0.117598,0.0,0.000000
0.003759250,0.117823,0.0,0.000000
0.003759500,0.118049,0.0,0.000000
0.003759750,0.118274,0.0,0.000000
0.003760000,0.118499,0.0,0.000000
0.003760250,0.118725,0.0,0.000000
0.003760500,0.118950,0.0,0.000000
0.003760750,0.119175,0.0,0.000000
0.003761000,0.119400,0.0,0.000000
0.003761250,0.119625,0.0,0.000000
0.003761500,0.119851,0.0,0.000000
0.003761750,0.120076,0.0,0.000000
0.003762000,0.120301,0.0,0.000000
0.003762250,0.120526,0.0,0.000000
0.003762500,0.120750,0.0,0.000000
0.003762750,0.120975,0.0,0.000000
0.003763000,0.121200,0.0,0.000000
0.003763250,0.121425,0.0,0.000000
0.003763500,0.121649,0.0,0.000000
0.003763750,0.121874,0.0,0.000000
0.003764000,0.122099,0.0,0.000000
0.003764250,0.122323,0.0,0.000000
0.003764500,0.122548,0.0,0.000000
0.003764750,0.122772,0.0,0.000000
0.003765000,0.122997,0.0,0.000000
0.003765250,0.123221,0.0,0.000000
0.003765500,0.123445,0.0,0.000000
0.003765750,0.123670,0.0,0.000000
0.003766000,0.123894,0.0,0.000000
0.003766250,0.124118,0.0,0.000000
0.003766500,0.124342,0.0,0.000000
0.003766750,0.124566,0.0,0.000000
0.003767000,0.124790,0.0,0.000000
0.003767250,0.125014,0.0,0.000000
0.003767500,0.125238,0.0,0.000000
0.003767750,0.125462,0.0,0.000000
0.003768000,0.125686,0.0,0.000000
0.003768250,0.125910,0.0,0.000000
0.003768500,0.126134,0.0,0.000000
0.003768750,0.126357,0.0,0.000000
0.003769000,0.126581,0.0,0.000000
0.003769250,0.126805,0.0,0.000000
0.003769500,0.127028,0.0,0.000000
0.003769750,0.127252,0.0,0.000000
0.003770000,0.127475,0.0,0.000000
0.003770250,0.127699,0.0,0.000000
0.003770500,0.127922,0.0,0.000000
0.003770750,0.128146,0.0,0.000000
0.003771000,0.128369,0.0,0.000000
0.003771250,0.128592,0.0,0.000000
0.003771500,0.128815,0.0,0.000000
0.003771750,0.129038,0.0,0.000000
0.003772000,0.129262,0.0,0.000000
0.003772250,0.129485,0.0,0.000000
0.003772500,0.129708,0.0,0.000000
0.003772750,0.129931,0.0,0.000000
0.003773000,0.130154,0.0,0.000000
0.003773250,0.130376,0.0,0.000000
0.003773500,0.130599,0.0,0.000000
0.003773750,0.130822,0.0,0.000000
0.003774000,0.131045,0.0,0.000000
0.003774250,0.131268,0.0,0.000000
0.003774500,0.131490,0.0,0.000000
0.003774750,0.131713,0.0,0.000000
0.003775000,0.131935,0.0,0.000000
0.003775250,0.132158,0.0,0.000000
0.003775500,0.132380,0.0,0.000000
0.003775750,0.132603,0.0,0.000000
0.003776000,0.132825,0.0,0.000000
0.003776250,0.133047,0.0,0.000000
0.003776500,0.133270,0.0,0.000000
0.003776750,0.133492,0.0,0.000000
0.003777000,0.133714,0.0,0.000000
0.003777250,0.133936,0.0,0.000000
0.003777500,0.134158,0.0,0.000000
0.003777750,0.134380,0.0,0.000000
0.003778000,0.134602,0.0,0.000000
0.003778250,0.134824,0.0,0.000000
0.003778500,0.135046,0.0,0.000000
0.003778750,0.135268,0.0,0.000000
0.003779000,0.135490,0.0,0.000000
0.003779250,0.135712,0.0,0.000000
0.003779500,0.135933,0.0,0.000000
0.003779750,0.136155,0.0,0.000000
0.003780000,0.136377,0.0,0.000000
0.003780250,0.136598,0.0,0.000000
0.003780500,0.136820,0.0,0.000000
0.003780750,0.137041,0.0,0.000000
0.003781000,0.137263,0.0,0.000000
0.003781250,0.137484,0.0,0.000000
0.003781500,0.137706,0.0,0.000000
0.003781750,0.137927,0.0,0.000000
0.003782000,0.138148,0.0,0.000000
0.003782250,0.138369,0.0,0.000000
0.003782500,0.138591,0.0,0.000000
0.003782750,0.138812,0.0,0.000000
0.003783000,0.139033,0.0,0.000000
0.003783250,0.139254,0.0,0.000000
0.003783500,0.139475,0.0,0.000000
0.003783750,0.139696,0.0,0.000000
0.003784000,0.139917,0.0,0.000000
0.003784250,0.140137,0.0,0.000000
0.003784500,0.140358,0.0,0.000000
0.003784750,0.140579,0.0,0.000000
0.003785000,0.140800,0.0,0.000000
0.003785250,0.141020,0.0,0.000000
0.003785500,0.141241,0.0,0.000000
0.003785750,0.141462,0.0,0.000000
0.003786000,0.141682,0.0,0.000000
0.003786250,0.141903,0.0,0.000000
0.003786500,0.142123,0.0,0.000000
0.003786750,0.142343,0.0,0.000000
0.003787000,0.142564,0.0,0.000000
0.003787250,0.142784,0.0,0.000000
0.003787500,0.143004,0.0,0.000000
0.003787750,0.143225,0.0,0.000000
0.003788000,0.143445,0.0,0.000000
0.003788250,0.143665,0.0,0.000000
0.003788500,0.143885,0.0,0.000000
0.003788750,0.144105,0.0,0.000000
0.003789000,0.144325,0.0,0.000000
0.003789250,0.144545,0.0,0.000000
0.003789500,0.144765,0.0,0.000000
0.003789750,0.144985,0.0,0.000000
0.003790000,0.145204,0.0,0.000000
0.003790250,0.145424,0.0,0.000000
0.003790500,0.145644,0.0,0.000000
0.003790750,0.145863,0.0,0.000000
0.003791000,0.146083,0.0,0.000000
0.003791250,0.146303,0.0,0.000000
0.003791500,0.146522,0.0,0.000000
0.003791750,0.146742,0.0,0.000000
0.003792000,0.146961,0.0,0.000000
0.003792250,0.147180,0.0,0.000000
0.003792500,0.147400,0.0,0.000000
0.003792750,0.147619,0.0,0.000000
0.003793000,0.147838,0.0,0.000000
0.003793250,0.148058,0.0,0.000000
0.003793500,0.148277,0.0,0.000000
0.003793750,0.148496,0.0,0.000000
0.003794000,0.148715,0.0,0.000000
0.003794250,0.148934,0.0,0.000000
0.003794500,0.149153,0.0,0.000000
0.003794750,0.149372,0.0,0.000000
0.003795000,0.149591,0.0,0.000000
0.003795250,0.149809,0.0,0.000000
0.003795500,0.150028,0.0,0.000000
0.003795750,0.150247,0.0,0.000000
0.003796000,0.150466,0.0,0.000000
0.003796250,0.150684,0.0,0.000000
0.003796500,0.150903,0.0,0.000000
0.003796750,0.151122,0.0,0.000000
0.003797000,0.151340,0.0,0.000000
0.003797250,0.151558,0.0,0.000000
0.003797500,0.151777,0.0,0.000000
0.003797750,0.151995,0.0,0.000000
0.003798000,0.152214,0.0,0.000000
0.003798250,0.152432,0.0,0.000000
0.003798500,0.152650,0.0,0.000000
0.003798750,0.152868,0.0,0.000000
0.003799000,0.153086,0.0,0.000000
0.003799250,0.153305,0.0,0.000000
0.003799500,0.153523,0.0,0.000000
0.003799750,0.153741,0.0,0.000000
0.003800000,0.153959,0.0,0.000000
0.003800250,0.154177,0.0,0.000000
0.003800500,0.154394,0.0,0.000000
0.003800750,0.154612,0.0,0.000000
0.003801000,0.154830,0.0,0.000000
0.003801250,0.155048,0.0,0.000000
0.003801500,0.155266,0.0,0.000000
0.003801750,0.155483,0.0,0.000000
0.003802000,0.155701,0.0,0.000000
0.003802250,0.155918,0.0,0.000000
0.003802500,0.156136,0.0,0.000000
0.003802750,0.156353,0.0,0.000000
0.003803000,0.156571,0.0,0.000000
0.003803250,0.156788,0.0,0.000000
0.003803500,0.157005,0.0,0.000000
0.003803750,0.157223,0.0,0.000000
0.003804000,0.157440,0.0,0.000000
0.003804250,0.157657,0.0,0.000000
0.003804500,0.157874,0.0,0.000000
0.003804750,0.158091,0.0,0.000000
0.003805000,0.158309,0.0,0.000000
0.003805250,0.158526,0.0,0.000000
0.003805500,0.158743,0.0,0.000000
0.003805750,0.158959,0.0,0.000000
0.003806000,0.159176,0.0,0.000000
0.003806250,0.159393,0.0,0.000000
0.003806500,0.159610,0.0,0.000000
0.003806750,0.159827,0.0,0.000000
0.003807000,0.160043,0.0,0.000000
0.003807250,0.160260,0.0,0.000000
0.003807500,0.160477,0.0,0.000000
0.003807750,0.160693,0.0,0.000000
0.003808000,0.160910,0.0,0.000000
0.003808250,0.161126,0.0,0.000000
0.003808500,0.161343,0.0,0.000000
0.003808750,0.161559,0.0,0.000000
0.003809000,0.161775,0.0,0.000000
0.003809250,0.161992,0.0,0.000000
0.003809500,0.162208,0.0,0.000000
0.003809750,0.162424,0.0,0.000000
0.003810000,0.162640,0.0,0.000000
0.003810250,0.162856,0.0,0.000000
0.003810500,0.163072,0.0,0.000000
0.003810750,0.163289,0.0,0.000000
0.003811000,0.163504,0.0,0.000000
0.003811250,0.163720,0.0,0.000000
0.003811500,0.163936,0.0,0.000000
0.003811750,0.164152,0.0,0.000000
0.003812000,0.164368,0.0,0.000000
0.003812250,0.164584,0.0,0.000000
0.003812500,0.164799,0.0,0.000000
0.003812750,0.165015,0.0,0.000000
0.003813000,0.165231,0.0,0.000000
0.003813250,0.165446,0.0,0.000000
0.003813500,0.165662,0.0,0.000000
0.003813750,0.165877,0.0,0.000000
0.003814000,0.166093,0.0,0.000000
0.003814250,0.166308,0.0,0.000000
0.003814500,0.166523,0.0,0.000000
0.003814750,0.166739,0.0,0.000000
0.003815000,0.166954,0.0,0.000000
0.003815250,0.167169,0.0,0.000000
0.003815500,0.167384,0.0,0.000000
0.003815750,0.167600,0.0,0.000000
0.003816000,0.167815,0.0,0.000000
0.003816250,0.168030,0.0,0.000000
0.003816500,0.168245,0.0,0.000000
0.003816750,0.168460,0.0,0.000000
0.003817000,0.168675,0.0,0.000000
0.003817250,0.168889,0.0,0.000000
0.003817500,0.169104,0.0,0.000000
0.003817750,0.169319,0.0,0.000000
0.003818000,0.169534,0.0,0.000000
0.003818250,0.169748,0.0,0.000000
0.003818500,0.169963,0.0,0.000000
0.003818750,0.170178,0.0,0.000000
0.003819000,0.170392,0.0,0.000000
0.003819250,0.170607,0.0,0.000000
0.003819500,0.170821,0.0,0.000000
0.003819750,0.171036,0.0,0.000000
0.003820000,0.171250,0.0,0.000000
0.003820250,0.171464,0.0,0.000000
0.003820500,0.171679,0.0,0.000000
0.003820750,0.171893,0.0,0.000000
0.003821000,0.172107,0.0,0.000000
0.003821250,0.172321,0.0,0.000000
0.003821500,0.172535,0.0,0.000000
0.003821750,0.172749,0.0,0.000000
0.003822000,0.172963,0.0,0.000000
0.003822250,0.173177,0.0,0.000000
0.003822500,0.173391,0.0,0.000000
0.003822750,0.173605,0.0,0.000000
0.003823000,0.173819,0.0,0.000000
0.003823250,0.174033,0.0,0.000000
0.003823500,0.174246,0.0,0.000000
0.003823750,0.174460,0.0,0.000000
0.003824000,0.174674,0.0,0.000000
0.003824250,0.174887,0.0,0.000000
0.003824500,0.175101,0.0,0.000000
0.003824750,0.175314,0.0,0.000000
0.003825000,0.175528,0.0,0.000000
0.003825250,0.175741,0.0,0.000000
0.003825500,0.175955,0.0,0.000000
0.003825750,0.176168,0.0,0.000000
0.003826000,0.176381,0.0,0.000000
0.003826250,0.176595,0.0,0.000000
0.003826500,0.176808,0.0,0.000000
0.003826750,0.177021,0.0,0.000000
0.003827000,0.177234,0.0,0.000000
0.003827250,0.177447,0.0,0.000000
0.003827500,0.177660,0.0,0.000000
0.003827750,0.177873,0.0,0.000000
0.003828000,0.178086,0.0,0.000000
0.003828250,0.178299,0.0,0.000000
0.003828500,0.178512,0.0,0.000000
0.003828750,0.178725,0.0,0.000000
0.003829000,0.178937,0.0,0.000000
0.003829250,0.179150,0.0,0.000000
0.003829500,0.179363,0.0,0.000000
0.003829750,0.179575,0.0,0.000000
0.003830000,0.179788,0.0,0.000000
0.003830250,0.180001,0.0,0.000000
0.003830500,0.180213,0.0,0.000000
0.003830750,0.180426,0.0,0.000000
0.003831000,0.180638,0.0,0.000000
0.003831250,0.180850,0.0,0.000000
0.003831500,0.181063,0.0,0.000000
0.003831750,0.181275,0.0,0.000000
0.003832000,0.181487,0.0,0.000000
0.003832250,0.181699,0.0,0.000000
0.003832500,0.181911,0.0,0.000000
0.003832750,0.182124,0.0,0.000000
0.003833000,0.182336,0.0,0.000000
0.003833250,0.182548,0.0,0.000000
0.003833500,0.182760,0.0,0.000000
0.003833750,0.182972,0.0,0.000000
0.003834000,0.183183,0.0,0.000000
0.003834250,0.183395,0.0,0.000000
0.003834500,0.183607,0.0,0.000000
0.003834750,0.183819,0.0,0.000000
0.003835000,0.184031,0.0,0.000000
0.003835250,0.184242,0.0,0.000000
0.003835500,0.184454,0.0,0.000000
0.003835750,0.184665,0.0,0.000000
0.003836000,0.184877,0.0,0.000000
0.003836250,0.185088,0.0,0.000000
0.003836500,0.185300,0.0,0.000000
0.003836750,0.185511,0.0,0.000000
0.003837000,0.185723,0.0,0.000000
0.003837250,0.185934,0.0,0.000000
0.003837500,0.186145,0.0,0.000000
0.003837750,0.186356,0.0,0.000000
0.003838000,0.186568,0.0,0.000000
0.003838250,0.186779,0.0,0.000000
0.003838500,0.186990,0.0,0.000000
0.003838750,0.187201,0.0,0.000000
0.003839000,0.187412,0.0,0.000000
0.003839250,0.187623,0.0,0.000000
0.003839500,0.187834,0.0,0.000000
0.003839750,0.188045,0.0,0.000000
0.003840000,0.188255,0.0,0.000000
0.003840250,0.188466,0.0,0.000000
0.003840500,0.188677,0.0,0.000000
0.003840750,0.188888,0.0,0.000000
0.003841000,0.189098,0.0,0.000000
0.003841250,0.189309,0.0,0.000000
0.003841500,0.189519,0.0,0.000000
0.003841750,0.189730,0.0,0.000000
0.003842000,0.189940,0.0,0.000000
0.003842250,0.190151,0.0,0.000000
0.003842500,0.190361,0.0,0.000000
0.003842750,0.190572,0.0,0.000000
0.003843000,0.190782,0.0,0.000000
0.003843250,0.190992,0.0,0.000000
0.003843500,0.191202,0.0,0.000000
0.003843750,0.191412,0.0,0.000000
0.003844000,0.191623,0.0,0.000000
0.003844250,0.191833,0.0,0.000000
0.003844500,0.192043,0.0,0.000000
0.003844750,0.192253,0.0,0.000000
0.003845000,0.192463,0.0,0.000000
0.003845250,0.192673,0.0,0.000000
0.003845500,0.192882,0.0,0.000000
0.003845750,0.193092,0.0,0.000000
0.003846000,0.193302,0.0,0.000000
0.003846250,0.193512,0.0,0.000000
0.003846500,0.193721,0.0,0.000000
0.003846750,0.193931,0.0,0.000000
0.003847000,0.194141,0.0,0.000000
0.003847250,0.194350,0.0,0.000000
0.003847500,0.194560,0.0,0.000000
0.003847750,0.194769,0.0,0.000000
0.003848000,0.194979,0.0,0.000000
0.003848250,0.195188,0.0,0.000000
0.003848500,0.195397,0.0,0.000000
0.003848750,0.195607,0.0,0.000000
0.003849000,0.195816,0.0,0.000000
0.003849250,0.196025,0.0,0.000000
0.003849500,0.196234,0.0,0.000000
0.003849750,0.196443,0.0,0.000000
0.003850000,0.196652,0.0,0.000000
0.003850250,0.196861,0.0,0.000000
0.003850500,0.197070,0.0,0.000000
0.003850750,0.197279,0.0,0.000000
0.003851000,0.197488,0.0,0.000000
0.003851250,0.197697,0.0,0.000000
0.003851500,0.197906,0.0,0.000000
0.003851750,0.198115,0.0,0.000000
0.003852000,0.198323,0.0,0.000000
0.003852250,0.198532,0.0,0.000000
0.003852500,0.198741,0.0,0.000000
0.003852750,0.198949,0.0,0.000000
0.003853000,0.199158,0.0,0.000000
0.003853250,0.199366,0.0,0.000000
0.003853500,0.199575,0.0,0.000000
0.003853750,0.199783,0.0,0.000000
0.003854000,0.199992,0.0,0.000000
0.003854250,0.200200,0.0,0.000000
0.003854500,0.200408,0.0,0.000000
0.003854750,0.200617,0.0,0.000000
0.003855000,0.200825,0.0,0.000000
0.003855250,0.201033,0.0,0.000000
0.003855500,0.201241,0.0,0.000000
0.003855750,0.201449,0.0,0.000000
0.003856000,0.201657,0.0,0.000000
0.003856250,0.201865,0.0,0.000000
0.003856500,0.202073,0.0,0.000000
0.003856750,0.202281,0.0,0.000000
0.003857000,0.202489,0.0,0.000000
0.003857250,0.202697,0.0,0.000000
0.003857500,0.202904,0.0,0.000000
0.003857750,0.203112,0.0,0.000000
0.003858000,0.203320,0.0,0.000000
0.003858250,0.203527,0.0,0.000000
0.003858500,0.203735,0.0,0.000000
0.003858750,0.203943,0.0,0.000000
0.003859000,0.204150,0.0,0.000000
0.003859250,0.204358,0.0,0.000000
0.003859500,0.204565,0.0,0.000000
0.003859750,0.204772,0.0,0.000000
0.003860000,0.204980,0.0,0.000000
0.003860250,0.205187,0.0,0.000000
0.003860500,0.205394,0.0,0.000000
0.003860750,0.205601,0.0,0.000000
0.003861000,0.205809,0.0,0.000000
0.003861250,0.206016,0.0,0.000000
0.003861500,0.206223,0.0,0.000000
0.003861750,0.206430,0.0,0.000000
0.003862000,0.206637,0.0,0.000000
0.003862250,0.206844,0.0,0.000000
0.003862500,0.207051,0.0,0.000000
0.003862750,0.207258,0.0,0.000000
0.003863000,0.207464,0.0,0.000000
0.003863250,0.207671,0.0,0.000000
0.003863500,0.207878,0.0,0.000000
0.003863750,0.208085,0.0,0.000000
0.003864000,0.208291,0.0,0.000000
0.003864250,0.208498,0.0,0.000000
0.003864500,0.208704,0.0,0.000000
0.003864750,0.208911,0.0,0.000000
0.003865000,0.209117,0.0,0.000000
0.003865250,0.209324,0.0,0.000000
0.003865500,0.209530,0.0,0.000000
0.003865750,0.209737,0.0,0.000000
0.003866000,0.209943,0.0,0.000000
0.003866250,0.210149,0.0,0.000000
0.003866500,0.210355,0.0,0.000000
0.003866750,0.210562,0.0,0.000000
0.003867000,0.210768,0.0,0.000000
0.003867250,0.210974,0.0,0.000000
0.003867500,0.211180,0.0,0.000000
0.003867750,0.211386,0.0,0.000000
0.003868000,0.211592,0.0,0.000000
0.003868250,0.211798,0.0,0.000000
0.003868500,0.212004,0.0,0.000000
0.003868750,0.212209,0.0,0.000000
0.003869000,0.212415,0.0,0.000000
0.003869250,0.212621,0.0,0.000000
0.003869500,0.212827,0.0,0.000000
0.003869750,0.213032,0.0,0.000000
0.003870000,0.213238,0.0,0.000000
0.003870250,0.213444,0.0,0.000000
0.003870500,0.213649,0.0,0.000000
0.003870750,0.213855,0.0,0.000000
0.003871000,0.214060,0.0,0.000000
0.003871250,0.214265,0.0,0.000000
0.003871500,0.214471,0.0,0.000000
0.003871750,0.214676,0.0,0.000000
0.003872000,0.214881,0.0,0.000000
0.003872250,0.215087,0.0,0.000000
0.003872500,0.215292,0.0,0.000000
0.003872750,0.215497,0.0,0.000000
0.003873000,0.215702,0.0,0.000000
0.003873250,0.215907,0.0,0.000000
0.003873500,0.216112,0.0,0.000000
0.003873750,0.216317,0.0,0.000000
0.003874000,0.216522,0.0,0.000000
0.003874250,0.216727,0.0,0.000000
0.003874500,0.216932,0.0,0.000000
0.003874750,0.217137,0.0,0.000000
0.003875000,0.217341,0.0,0.000000
0.003875250,0.217546,0.0,0.000000
0.003875500,0.217751,0.0,0.000000
0.003875750,0.217955,0.0,0.000000
0.003876000,0.218160,0.0,0.000000
0.003876250,0.218365,0.0,0.000000
0.003876500,0.218569,0.0,0.000000
0.003876750,0.218773,0.0,0.000000
0.003877000,0.218978,0.0,0.000000
0.003877250,0.219182,0.0,0.000000
0.003877500,0.219387,0.0,0.000000
0.003877750,0.219591,0.0,0.000000
0.003878000,0.219795,0.0,0.000000
0.003878250,0.219999,0.0,0.000000
0.003878500,0.220204,0.0,0.000000
0.003878750,0.220408,0.0,0.000000
0.003879000,0.220612,0.0,0.000000
0.003879250,0.220816,0.0,0.000000
0.003879500,0.221020,0.0,0.000000
0.003879750,0.221224,0.0,0.000000
0.003880000,0.221428,0.0,0.000000
0.003880250,0.221632,0.0,0.000000
0.003880500,0.221835,0.0,0.000000
0.003880750,0.222039,0.0,0.000000
0.003881000,0.222243,0.0,0.000000
0.003881250,0.222447,0.0,0.000000
0.003881500,0.222650,0.0,0.000000
0.003881750,0.222854,0.0,0.000000
0.003882000,0.223057,0.0,0.000000
0.003882250,0.223261,0.0,0.000000
0.003882500,0.223464,0.0,0.000000
0.003882750,0.223668,0.0,0.000000
0.003883000,0.223871,0.0,0.000000
0.003883250,0.224075,0.0,0.000000
0.003883500,0.224278,0.0,0.000000
0.003883750,0.224481,0.0,0.000000
0.003884000,0.224684,0.0,0.000000
0.003884250,0.224888,0.0,0.000000
0.003884500,0.225091,0.0,0.000000
0.003884750,0.225294,0.0,0.000000
0.003885000,0.225497,0.0,0.000000
0.003885250,0.225700,0.0,0.000000
0.003885500,0.225903,0.0,0.000000
0.003885750,0.226106,0.0,0.000000
0.003886000,0.226309,0.0,0.000000
0.003886250,0.226512,0.0,0.000000
0.003886500,0.226714,0.0,0.000000
0.003886750,0.226917,0.0,0.000000
0.003887000,0.227120,0.0,0.000000
0.003887250,0.227323,0.0,0.000000
0.003887500,0.227525,0.0,0.000000
0.003887750,0.227728,0.0,0.000000
0.003888000,0.227930,0.0,0.000000
0.003888250,0.228133,0.0,0.000000
0.003888500,0.228335,0.0,0.000000
0.003888750,0.228538,0.0,0.000000
0.003889000,0.228740,0.0,0.000000
0.003889250,0.228943,0.0,0.000000
0.003889500,0.229145,0.0,0.000000
0.003889750,0.229347,0.0,0.000000
0.003890000,0.229549,0.0,0.000000
0.003890250,0.229752,0.0,0.000000
0.003890500,0.229954,0.0,0.000000
0.003890750,0.230156,0.0,0.000000
0.003891000,0.230358,0.0,0.000000
0.003891250,0.230560,0.0,0.000000
0.003891500,0.230762,0.0,0.000000
0.003891750,0.230964,0.0,0.000000
0.003892000,0.231166,0.0,0.000000
0.003892250,0.231367,0.0,0.000000
0.003892500,0.231569,0.0,0.000000
0.003892750,0.231771,0.0,0.000000
0.003893000,0.231973,0.0,0.000000
0.003893250,0.232174,0.0,0.000000
0.003893500,0.232376,0.0,0.000000
0.003893750,0.232578,0.0,0.000000
0.003894000,0.232779,0.0,0.000000
0.003894250,0.232981,0.0,0.000000
0.003894500,0.233182,0.0,0.000000
0.003894750,0.233384,0.0,0.000000
0.003895000,0.233585,0.0,0.000000
0.003895250,0.233786,0.0,0.000000
0.003895500,0.233988,0.0,0.000000
0.003895750,0.234189,0.0,0.000000
0.003896000,0.234390,0.0,0.000000
0.003896250,0.234591,0.0,0.000000
0.003896500,0.234792,0.0,0.000000
0.003896750,0.234993,0.0,0.000000
0.003897000,0.235194,0.0,0.000000
0.003897250,0.235395,0.0,0.000000
0.003897500,0.235596,0.0,0.000000
0.003897750,0.235797,0.0,0.000000
0.003898000,0.235998,0.0,0.000000
0.003898250,0.236199,0.0,0.000000
0.003898500,0.236400,0.0,0.000000
0.003898750,0.236601,0.0,0.000000
0.003899000,0.236801,0.0,0.000000
0.003899250,0.237002,0.0,0.000000
0.003899500,0.237203,0.0,0.000000
0.003899750,0.237403,0.0,0.000000
0.003900000,0.237604,0.0,0.000000
0.003900250,0.237804,0.0,0.000000
0.003900500,0.238005,0.0,0.000000
0.003900750,0.238205,0.0,0.000000
0.003901000,0.238405,0.0,0.000000
0.003901250,0.238606,0.0,0.000000
0.003901500,0.238806,0.0,0.000000
0.003901750,0.239006,0.0,0.000000
0.003902000,0.239207,0.0,0.000000
0.003902250,0.239407,0.0,0.000000
0.003902500,0.239607,0.0,0.000000
0.003902750,0.239807,0.0,0.000000
0.003903000,0.240007,0.0,0.000000
0.003903250,0.240207,0.0,0.000000
0.003903500,0.240407,0.0,0.000000
0.003903750,0.240607,0.0,0.000000
0.003904000,0.240807,0.0,0.000000
0.003904250,0.241007,0.0,0.000000
0.003904500,0.241206,0.0,0.000000
0.003904750,0.241406,0.0,0.000000
0.003905000,0.241606,0.0,0.000000
0.003905250,0.241805,0.0,0.000000
0.003905500,0.242005,0.0,0.000000
0.003905750,0.242205,0.0,0.000000
0.003906000,0.242404,0.0,0.000000
0.003906250,0.242604,0.0,0.000000
0.003906500,0.242803,0.0,0.000000
0.003906750,0.243003,0.0,0.000000
0.003907000,0.243202,0.0,0.000000
0.003907250,0.243401,0.0,0.000000
0.003907500,0.243601,0.0,0.000000
0.003907750,0.243800,0.0,0.000000
0.003908000,0.243999,0.0,0.000000
0.003908250,0.244198,0.0,0.000000
0.003908500,0.244397,0.0,0.000000
0.003908750,0.244596,0.0,0.000000
0.003909000,0.244795,0.0,0.000000
0.003909250,0.244994,0.0,0.000000
0.003909500,0.245193,0.0,0.000000
0.003909750,0.245392,0.0,0.000000
0.003910000,0.245591,0.0,0.000000
0.003910250,0.245790,0.0,0.000000
0.003910500,0.245989,0.0,0.000000
0.003910750,0.246188,0.0,0.000000
0.003911000,0.246386,0.0,0.000000
0.003911250,0.246585,0.0,0.000000
0.003911500,0.246784,0.0,0.000000
0.003911750,0.246982,0.0,0.000000
0.003912000,0.247181,0.0,0.000000
0.003912250,0.247379,0.0,0.000000
0.003912500,0.247578,0.0,0.000000
0.003912750,0.247776,0.0,0.000000
0.003913000,0.247975,0.0,0.000000
0.003913250,0.248173,0.0,0.000000
0.003913500,0.248371,0.0,0.000000
0.003913750,0.248569,0.0,0.000000
0.003914000,0.248768,0.0,0.000000
0.003914250,0.248966,0.0,0.000000
0.003914500,0.249164,0.0,0.000000
0.003914750,0.249362,0.0,0.000000
0.003915000,0.249560,0.0,0.000000
0.003915250,0.249758,0.0,0.000000
0.003915500,0.249956,0.0,0.000000
0.003915750,0.250154,0.0,0.000000
0.003916000,0.250352,0.0,0.000000
0.003916250,0.250550,0.0,0.000000
0.003916500,0.250748,0.0,0.000000
0.003916750,0.250945,0.0,0.000000
0.003917000,0.251143,0.0,0.000000
0.003917250,0.251341,0.0,0.000000
0.003917500,0.251538,0.0,0.000000
0.003917750,0.251736,0.0,0.000000
0.003918000,0.251934,0.0,0.000000
0.003918250,0.252131,0.0,0.000000
0.003918500,0.252329,0.0,0.000000
0.003918750,0.252526,0.0,0.000000
0.003919000,0.252723,0.0,0.000000
0.003919250,0.252921,0.0,0.000000
0.003919500,0.253118,0.0,0.000000
0.003919750,0.253315,0.0,0.000000
0.003920000,0.253513,0.0,0.000000
0.003920250,0.253710,0.0,0.000000
0.003920500,0.253907,0.0,0.000000
0.003920750,0.254104,0.0,0.000000
0.003921000,0.254301,0.0,0.000000
0.003921250,0.254498,0.0,0.000000
0.003921500,0.254695,0.0,0.000000
0.003921750,0.254892,0.0,0.000000
0.003922000,0.255089,0.0,0.000000
0.003922250,0.255286,0.0,0.000000
0.003922500,0.255483,0.0,0.000000
0.003922750,0.255680,0.0,0.000000
0.003923000,0.255876,0.0,0.000000
0.003923250,0.256073,0.0,0.000000
0.003923500,0.256270,0.0,0.000000
0.003923750,0.256466,0.0,0.000000
0.003924000,0.256663,0.0,0.000000
0.003924250,0.256860,0.0,0.000000
0.003924500,0.257056,0.0,0.000000
0.003924750,0.257252,0.0,0.000000
0.003925000,0.257449,0.0,0.000000
0.003925250,0.257645,0.0,0.000000
0.003925500,0.257842,0.0,0.000000
0.003925750,0.258038,0.0,0.000000
0.003926000,0.258234,0.0,0.000000
0.003926250,0.258430,0.0,0.000000
0.003926500,0.258627,0.0,0.000000
0.003926750,0.258823,0.0,0.000000
0.003927000,0.259019,0.0,0.000000
0.003927250,0.259215,0.0,0.000000
0.003927500,0.259411,0.0,0.000000
0.003927750,0.259607,0.0,0.000000
0.003928000,0.259803,0.0,0.000000
0.003928250,0.259999,0.0,0.000000
0.003928500,0.260195,0.0,0.000000
0.003928750,0.260390,0.0,0.000000
0.003929000,0.260586,0.0,0.000000
0.003929250,0.260782,0.0,0.000000
0.003929500,0.260978,0.0,0.000000
0.003929750,0.261173,0.0,0.000000
0.003930000,0.261369,0.0,0.000000
0.003930250,0.261564,0.0,0.000000
0.003930500,0.261760,0.0,0.000000
0.003930750,0.261955,0.0,0.000000
0.003931000,0.262151,0.0,0.000000
0.003931250,0.262346,0.0,0.000000
0.003931500,0.262542,0.0,0.000000
0.003931750,0.262737,0.0,0.000000
0.003932000,0.262932,0.0,0.000000
0.003932250,0.263127,0.0,0.000000
0.003932500,0.263323,0.0,0.000000
0.003932750,0.263518,0.0,0.000000
0.003933000,0.263713,0.0,0.000000
0.003933250,0.263908,0.0,0.000000
0.003933500,0.264103,0.0,0.000000
0.003933750,0.264298,0.0,0.000000
0.003934000,0.264493,0.0,0.000000
0.003934250,0.264688,0.0,0.000000
0.003934500,0.264883,0.0,0.000000
0.003934750,0.265078,0.0,0.000000
0.003935000,0.265272,0.0,0.000000
0.003935250,0.265467,0.0,0.000000
0.003935500,0.265662,0.0,0.000000
0.003935750,0.265856,0.0,0.000000
0.003936000,0.266051,0.0,0.000000
0.003936250,0.266246,0.0,0.000000
0.003936500,0.266440,0.0,0.000000
0.003936750,0.266635,0.0,0.000000
0.003937000,0.266829,0.0,0.000000
0.003937250,0.267024,0.0,0.000000
0.003937500,0.267218,0.0,0.000000
0.003937750,0.267412,0.0,0.000000
0.003938000,0.267607,0.0,0.000000
0.003938250,0.267801,0.0,0.000000
0.003938500,0.267995,0.0,0.000000
0.003938750,0.268189,0.0,0.000000
0.003939000,0.268383,0.0,0.000000
0.003939250,0.268578,0.0,0.000000
0.003939500,0.268772,0.0,0.000000
0.003939750,0.268966,0.0,0.000000
0.003940000,0.269160,0.0,0.000000
0.003940250,0.269354,0.0,0.000000
0.003940500,0.269547,0.0,0.000000
0.003940750,0.269741,0.0,0.000000
0.003941000,0.269935,0.0,0.000000
0.003941250,0.270129,0.0,0.000000
0.003941500,0.270323,0.0,0.000000
0.003941750,0.270516,0.0,0.000000
0.003942000,0.270710,0.0,0.000000
0.003942250,0.270904,0.0,0.000000
0.003942500,0.271097,0.0,0.000000
0.003942750,0.271291,0.0,0.000000
0.003943000,0.271484,0.0,0.000000
0.003943250,0.271678,0.0,0.000000
0.003943500,0.271871,0.0,0.000000
0.003943750,0.272065,0.0,0.000000
0.003944000,0.272258,0.0,0.000000
0.003944250,0.272451,0.0,0.000000
0.003944500,0.272644,0.0,0.000000
0.003944750,0.272838,0.0,0.000000
0.003945000,0.273031,0.0,0.000000
0.003945250,0.273224,0.0,0.000000
0.003945500,0.273417,0.0,0.000000
0.003945750,0.273610,0.0,0.000000
0.003946000,0.273803,0.0,0.000000
0.003946250,0.273996,0.0,0.000000
0.003946500,0.274189,0.0,0.000000
0.003946750,0.274382,0.0,0.000000
0.003947000,0.274575,0.0,0.000000
0.003947250,0.274768,0.0,0.000000
0.003947500,0.274960,0.0,0.000000
0.003947750,0.275153,0.0,0.000000
0.003948000,0.275346,0.0,0.000000
0.003948250,0.275538,0.0,0.000000
0.003948500,0.275731,0.0,0.000000
0.003948750,0.275924,0.0,0.000000
0.003949000,0.276116,0.0,0.000000
0.003949250,0.276309,0.0,0.000000
0.003949500,0.276501,0.0,0.000000
0.003949750,0.276693,0.0,0.000000
0.003950000,0.276886,0.0,0.000000
0.003950250,0.277078,0.0,0.000000
0.003950500,0.277270,0.0,0.000000
0.003950750,0.277463,0.0,0.000000
0.003951000,0.277655,0.0,0.000000
0.003951250,0.277847,0.0,0.000000
0.003951500,0.278039,0.0,0.000000
0.003951750,0.278231,0.0,0.000000
0.003952000,0.278423,0.0,0.000000
0.003952250,0.278615,0.0,0.000000
0.003952500,0.278807,0.0,0.000000
0.003952750,0.278999,0.0,0.000000
0.003953000,0.279191,0.0,0.000000
0.003953250,0.279383,0.0,0.000000
0.003953500,0.279575,0.0,0.000000
0.003953750,0.279767,0.0,0.000000
0.003954000,0.279958,0.0,0.000000
0.003954250,0.280150,0.0,0.000000
0.003954500,0.280342,0.0,0.000000
0.003954750,0.280533,0.0,0.000000
0.003955000,0.280725,0.0,0.000000
0.003955250,0.280916,0.0,0.000000
0.003955500,0.281108,0.0,0.000000
0.003955750,0.281299,0.0,0.000000
0.003956000,0.281491,0.0,0.000000
0.003956250,0.281682,0.0,0.000000
0.003956500,0.281873,0.0,0.000000
0.003956750,0.282065,0.0,0.000000
0.003957000,0.282256,0.0,0.000000
0.003957250,0.282447,0.0,0.000000
0.003957500,0.282638,0.0,0.000000
0.003957750,0.282829,0.0,0.000000
0.003958000,0.283021,0.0,0.000000
0.003958250,0.283212,0.0,0.000000
0.003958500,0.283403,0.0,0.000000
0.003958750,0.283594,0.0,0.000000
0.003959000,0.283785,0.0,0.000000
0.003959250,0.283975,0.0,0.000000
0.003959500,0.284166,0.0,0.000000
0.003959750,0.284357,0.0,0.000000
0.003960000,0.284548,0.0,0.000000
0.003960250,0.284739,0.0,0.000000
0.003960500,0.284929,0.0,0.000000
0.003960750,0.285120,0.0,0.000000
0.003961000,0.285311,0.0,0.000000
0.003961250,0.285501,0.0,0.000000
0.003961500,0.285692,0.0,0.000000
0.003961750,0.285882,0.0,0.000000
0.003962000,0.286073,0.0,0.000000
0.003962250,0.286263,0.0,0.000000
0.003962500,0.286453,0.0,0.000000
0.003962750,0.286644,0.0,0.000000
0.003963000,0.286834,0.0,0.000000
0.003963250,0.287024,0.0,0.000000
0.003963500,0.287215,0.0,0.000000
0.003963750,0.287405,0.0,0.000000
0.003964000,0.287595,0.0,0.000000
0.003964250,0.287785,0.0,0.000000
0.003964500,0.287975,0.0,0.000000
0.003964750,0.288165,0.0,0.000000
0.003965000,0.288355,0.0,0.000000
0.003965250,0.288545,0.0,0.000000
0.003965500,0.288735,0.0,0.000000
0.003965750,0.288925,0.0,0.000000
0.003966000,0.289115,0.0,0.000000
0.003966250,0.289304,0.0,0.000000
0.003966500,0.289494,0.0,0.000000
0.003966750,0.289684,0.0,0.000000
0.003967000,0.289873,0.0,0.000000
0.003967250,0.290063,0.0,0.000000
0.003967500,0.290253,0.0,0.000000
0.003967750,0.290442,0.0,0.000000
0.003968000,0.290632,0.0,0.000000
0.003968250,0.290821,0.0,0.000000
0.003968500,0.291011,0.0,0.000000
0.003968750,0.291200,0.0,0.000000
0.003969000,0.291389,0.0,0.000000
0.003969250,0.291579,0.0,0.000000
0.003969500,0.291768,0.0,0.000000
0.003969750,0.291957,0.0,0.000000
0.003970000,0.292146,0.0,0.000000
0.003970250,0.292336,0.0,0.000000
0.003970500,0.292525,0.0,0.000000
0.003970750,0.292714,0.0,0.000000
0.003971000,0.292903,0.0,0.000000
0.003971250,0.293092,0.0,0.000000
0.003971500,0.293281,0.0,0.000000
0.003971750,0.293470,0.0,0.000000
0.003972000,0.293658,0.0,0.000000
0.003972250,0.293847,0.0,0.000000
0.003972500,0.294036,0.0,0.000000
0.003972750,0.294225,0.0,0.000000
0.003973000,0.294414,0.0,0.000000
0.003973250,0.294602,0.0,0.000000
0.003973500,0.294791,0.0,0.000000
0.003973750,0.294980,0.0,0.000000
0.003974000,0.295168,0.0,0.000000
0.003974250,0.295357,0.0,0.000000
0.003974500,0.295545,0.0,0.000000
0.003974750,0.295734,0.0,0.000000
0.003975000,0.295922,0.0,0.000000
0.003975250,0.296110,0.0,0.000000
0.003975500,0.296299,0.0,0.000000
0.003975750,0.296487,0.0,0.000000
0.003976000,0.296675,0.0,0.000000
0.003976250,0.296863,0.0,0.000000
0.003976500,0.297052,0.0,0.000000
0.003976750,0.297240,0.0,0.000000
0.003977000,0.297428,0.0,0.000000
0.003977250,0.297616,0.0,0.000000
0.003977500,0.297804,0.0,0.000000
0.003977750,0.297992,0.0,0.000000
0.003978000,0.298180,0.0,0.000000
0.003978250,0.298368,0.0,0.000000
0.003978500,0.298555,0.0,0.000000
0.003978750,0.298743,0.0,0.000000
0.003979000,0.298931,0.0,0.000000
0.003979250,0.299119,0.0,0.000000
0.003979500,0.299307,0.0,0.000000
0.003979750,0.299494,0.0,0.000000
0.003980000,0.299682,0.0,0.000000
0.003980250,0.299869,0.0,0.000000
0.003980500,0.300057,0.0,0.000000
0.003980750,0.300244,0.0,0.000000
0.003981000,0.300432,0.0,0.000000
0.003981250,0.300619,0.0,0.000000
0.003981500,0.300807,0.0,0.000000
0.003981750,0.300994,0.0,0.000000
0.003982000,0.301181,0.0,0.000000
0.003982250,0.301369,0.0,0.000000
0.003982500,0.301556,0.0,0.000000
0.003982750,0.301743,0.0,0.000000
0.003983000,0.301930,0.0,0.000000
0.003983250,0.302117,0.0,0.000000
0.003983500,0.302304,0.0,0.000000
0.003983750,0.302491,0.0,0.000000
0.003984000,0.302678,0.0,0.000000
0.003984250,0.302865,0.0,0.000000
0.003984500,0.303052,0.0,0.000000
0.003984750,0.303239,0.0,0.000000
0.003985000,0.303426,0.0,0.000000
0.003985250,0.303613,0.0,0.000000
0.003985500,0.303800,0.0,0.000000
0.003985750,0.303986,0.0,0.000000
0.003986000,0.304173,0.0,0.000000
0.003986250,0.304360,0.0,0.000000
0.003986500,0.304546,0.0,0.000000
0.003986750,0.304733,0.0,0.000000
0.003987000,0.304919,0.0,0.000000
0.003987250,0.305106,0.0,0.000000
0.003987500,0.305292,0.0,0.000000
0.003987750,0.305479,0.0,0.000000
0.003988000,0.305665,0.0,0.000000
0.003988250,0.305851,0.0,0.000000
0.003988500,0.306038,0.0,0.000000
0.003988750,0.306224,0.0,0.000000
0.003989000,0.306410,0.0,0.000000
0.003989250,0.306596,0.0,0.000000
0.003989500,0.306783,0.0,0.000000
0.003989750,0.306969,0.0,0.000000
0.003990000,0.307155,0.0,0.000000
0.003990250,0.307341,0.0,0.000000
0.003990500,0.307527,0.0,0.000000
0.003990750,0.307713,0.0,0.000000
0.003991000,0.307899,0.0,0.000000
0.003991250,0.308084,0.0,0.000000
0.003991500,0.308270,0.0,0.000000
0.003991750,0.308456,0.0,0.000000
0.003992000,0.308642,0.0,0.000000
0.003992250,0.308828,0.0,0.000000
0.003992500,0.309013,0.0,0.000000
0.003992750,0.309199,0.0,0.000000
0.003993000,0.309384,0.0,0.000000
0.003993250,0.309570,0.0,0.000000
0.003993500,0.309756,0.0,0.000000
0.003993750,0.309941,0.0,0.000000
0.003994000,0.310126,0.0,0.000000
0.003994250,0.310312,0.0,0.000000
0.003994500,0.310497,0.0,0.000000
0.003994750,0.310683,0.0,0.000000
0.003995000,0.310868,0.0,0.000000
0.003995250,0.311053,0.0,0.000000
0.003995500,0.311238,0.0,0.000000
0.003995750,0.311424,0.0,0.000000
0.003996000,0.311609,0.0,0.000000
0.003996250,0.311794,0.0,0.000000
0.003996500,0.311979,0.0,0.000000
0.003996750,0.312164,0.0,0.000000
0.003997000,0.312349,0.0,0.000000
0.003997250,0.312534,0.0,0.000000
0.003997500,0.312719,0.0,0.000000
0.003997750,0.312904,0.0,0.000000
0.003998000,0.313088,0.0,0.000000
0.003998250,0.313273,0.0,0.000000
0.003998500,0.313458,0.0,0.000000
0.003998750,0.313643,0.0,0.000000
0.003999000,0.313827,0.0,0.000000
0.003999250,0.314012,0.0,0.000000
0.003999500,0.314197,0.0,0.000000
0.003999750,0.314381,0.0,0.000000
0.004000000,0.314566,0.0,0.000000
0.004000250,0.314750,0.0,0.000000
0.004000500,0.314935,0.0,0.000000
0.004000750,0.315119,0.0,0.000000
0.004001000,0.315303,0.0,0.000000
0.004001250,0.315488,0.0,0.000000
0.004001500,0.315672,0.0,0.000000
0.004001750,0.315856,0.0,0.000000
0.004002000,0.316040,0.0,0.000000
0.004002250,0.316225,0.0,0.000000
0.004002500,0.316409,0.0,0.000000
0.004002750,0.316593,0.0,0.000000
0.004003000,0.316777,0.0,0.000000
0.004003250,0.316961,0.0,0.000000
0.004003500,0.317145,0.0,0.000000
0.004003750,0.317329,0.0,0.000000
0.004004000,0.317513,0.0,0.000000
0.004004250,0.317697,0.0,0.000000
0.004004500,0.317880,0.0,0.000000
0.004004750,0.318064,0.0,0.000000
0.004005000,0.318248,0.0,0.000000
0.004005250,0.318432,0.0,0.000000
0.004005500,0.318615,0.0,0.000000
0.004005750,0.318799,0.0,0.000000
0.004006000,0.318983,0.0,0.000000
0.004006250,0.319166,0.0,0.000000
0.004006500,0.319350,0.0,0.000000
0.004006750,0.319533,0.0,0.000000
0.004007000,0.319717,0.0,0.000000
0.004007250,0.319900,0.0,0.000000
0.004007500,0.320083,0.0,0.000000
0.004007750,0.320267,0.0,0.000000
0.004008000,0.320450,0.0,0.000000
0.004008250,0.320633,0.0,0.000000
0.004008500,0.320816,0.0,0.000000
0.004008750,0.321000,0.0,0.000000
0.004009000,0.321183,0.0,0.000000
0.004009250,0.321366,0.0,0.000000
0.004009500,0.321549,0.0,0.000000
0.004009750,0.321732,0.0,0.000000
0.004010000,0.321915,0.0,0.000000
0.004010250,0.322098,0.0,0.000000
0.004010500,0.322281,0.0,0.000000
0.004010750,0.322464,0.0,0.000000
0.004011000,0.322647,0.0,0.000000
0.004011250,0.322829,0.0,0.000000
0.004011500,0.323012,0.0,0.000000
0.004011750,0.323195,0.0,0.000000
0.004012000,0.323377,0.0,0.000000
0.004012250,0.323560,0.0,0.000000
0.004012500,0.323743,0.0,0.000000
0.004012750,0.323925,0.0,0.000000
0.004013000,0.324108,0.0,0.000000
0.004013250,0.324290,0.0,0.000000
0.004013500,0.324473,0.0,0.000000
0.004013750,0.324655,0.0,0.000000
0.004014000,0.324838,0.0,0.000000
0.004014250,0.325020,0.0,0.000000
0.004014500,0.325202,0.0,0.000000
0.004014750,0.325384,0.0,0.000000
0.004015000,0.325567,0.0,0.000000
0.004015250,0.325749,0.0,0.000000
0.004015500,0.325931,0.0,0.000000
0.004015750,0.326113,0.0,0.000000
0.004016000,0.326295,0.0,0.000000
0.004016250,0.326477,0.0,0.000000
0.004016500,0.326659,0.0,0.000000
0.004016750,0.326841,0.0,0.000000
0.004017000,0.327023,0.0,0.000000
0.004017250,0.327205,0.0,0.000000
0.004017500,0.327387,0.0,0.000000
0.004017750,0.327569,0.0,0.000000
0.004018000,0.327751,0.0,0.000000
0.004018250,0.327932,0.0,0.000000
0.004018500,0.328114,0.0,0.000000
0.004018750,0.328296,0.0,0.000000
0.004019000,0.328477,0.0,0.000000
0.004019250,0.328659,0.0,0.000000
0.004019500,0.328840,0.0,0.000000
0.004019750,0.329022,0.0,0.000000
0.004020000,0.329203,0.0,0.000000
0.004020250,0.329385,0.0,0.000000
0.004020500,0.329566,0.0,0.000000
0.004020750,0.329747,0.0,0.000000
0.004021000,0.329929,0.0,0.000000
0.004021250,0.330110,0.0,0.000000
0.004021500,0.330291,0.0,0.000000
0.004021750,0.330473,0.0,0.000000
0.004022000,0.330654,0.0,0.000000
0.004022250,0.330835,0.0,0.000000
0.004022500,0.331016,0.0,0.000000
0.004022750,0.331197,0.0,0.000000
0.004023000,0.331378,0.0,0.000000
0.004023250,0.331559,0.0,0.000000
0.004023500,0.331740,0.0,0.000000
0.004023750,0.331921,0.0,0.000000
0.004024000,0.332102,0.0,0.000000
0.004024250,0.332283,0.0,0.000000
0.004024500,0.332463,0.0,0.000000
0.004024750,0.332644,0.0,0.000000
0.004025000,0.332825,0.0,0.000000
0.004025250,0.333005,0.0,0.000000
0.004025500,0.333186,0.0,0.000000
0.004025750,0.333367,0.0,0.000000
0.004026000,0.333547,0.0,0.000000
0.004026250,0.333728,0.0,0.000000
0.004026500,0.333908,0.0,0.000000
0.004026750,0.334089,0.0,0.000000
0.004027000,0.334269,0.0,0.000000
0.004027250,0.334450,0.0,0.000000
0.004027500,0.334630,0.0,0.000000
0.004027750,0.334810,0.0,0.000000
0.004028000,0.334990,0.0,0.000000
0.004028250,0.335171,0.0,0.000000
0.004028500,0.335351,0.0,0.000000
0.004028750,0.335531,0.0,0.000000
0.004029000,0.335711,0.0,0.000000
0.004029250,0.335891,0.0,0.000000
0.004029500,0.336071,0.0,0.000000
0.004029750,0.336251,0.0,0.000000
0.004030000,0.336431,0.0,0.000000
0.004030250,0.336611,0.0,0.000000
0.004030500,0.336791,0.0,0.000000
0.004030750,0.336971,0.0,0.000000
0.004031000,0.337151,0.0,0.000000
0.004031250,0.337330,0.0,0.000000
0.004031500,0.337510,0.0,0.000000
0.004031750,0.337690,0.0,0.000000
0.004032000,0.337870,0.0,0.000000
0.004032250,0.338049,0.0,0.000000
0.004032500,0.338229,0.0,0.000000
0.004032750,0.338408,0.0,0.000000
0.004033000,0.338588,0.0,0.000000
0.004033250,0.338767,0.0,0.000000
0.004033500,0.338947,0.0,0.000000
0.004033750,0.339126,0.0,0.000000
0.004034000,0.339306,0.0,0.000000
0.004034250,0.339485,0.0,0.000000
0.004034500,0.339664,0.0,0.000000
0.004034750,0.339843,0.0,0.000000
0.004035000,0.340023,0.0,0.000000
0.004035250,0.340202,0.0,0.000000
0.004035500,0.340381,0.0,0.000000
0.004035750,0.340560,0.0,0.000000
0.004036000,0.340739,0.0,0.000000
0.004036250,0.340918,0.0,0.000000
0.004036500,0.341097,0.0,0.000000
0.004036750,0.341276,0.0,0.000000
0.004037000,0.341455,0.0,0.000000
0.004037250,0.341634,0.0,0.000000
0.004037500,0.341813,0.0,0.000000
0.004037750,0.341992,0.0,0.000000
0.004038000,0.342170,0.0,0.000000
0.004038250,0.342349,0.0,0.000000
0.004038500,0.342528,0.0,0.000000
0.004038750,0.342706,0.0,0.000000
0.004039000,0.342885,0.0,0.000000
0.004039250,0.343064,0.0,0.000000
0.004039500,0.343242,0.0,0.000000
0.004039750,0.343421,0.0,0.000000
0.004040000,0.343599,0.0,0.000000
0.004040250,0.343778,0.0,0.000000
0.004040500,0.343956,0.0,0.000000
0.004040750,0.344134,0.0,0.000000
0.004041000,0.344313,0.0,0.000000
0.004041250,0.344491,0.0,0.000000
0.004041500,0.344669,0.0,0.000000
0.004041750,0.344847,0.0,0.000000
0.004042000,0.345026,0.0,0.000000
0.004042250,0.345204,0.0,0.000000
0.004042500,0.345382,0.0,0.000000
0.004042750,0.345560,0.0,0.000000
0.004043000,0.345738,0.0,0.000000
0.004043250,0.345916,0.0,0.000000
0.004043500,0.346094,0.0,0.000000
0.004043750,0.346272,0.0,0.000000
0.004044000,0.346450,0.0,0.000000
0.004044250,0.346627,0.0,0.000000
0.004044500,0.346805,0.0,0.000000
0.004044750,0.346983,0.0,0.000000
0.004045000,0.347161,0.0,0.000000
0.004045250,0.347338,0.0,0.000000
0.004045500,0.347516,0.0,0.000000
0.004045750,0.347694,0.0,0.000000
0.004046000,0.347871,0.0,0.000000
0.004046250,0.348049,0.0,0.000000
0.004046500,0.348226,0.0,0.000000
0.004046750,0.348404,0.0,0.000000
0.004047000,0.348581,0.0,0.000000
0.004047250,0.348759,0.0,0.000000
0.004047500,0.348936,0.0,0.000000
0.004047750,0.349113,0.0,0.000000
0.004048000,0.349291,0.0,0.000000
0.004048250,0.349468,0.0,0.000000
0.004048500,0.349645,0.0,0.000000
0.004048750,0.349822,0.0,0.000000
0.004049000,0.349999,0.0,0.000000
0.004049250,0.350177,0.0,0.000000
0.004049500,0.350354,0.0,0.000000
0.004049750,0.350531,0.0,0.000000
0.004050000,0.350708,0.0,0.000000
0.004050250,0.350885,0.0,0.000000
0.004050500,0.351061,0.0,0.000000
0.004050750,0.351238,0.0,0.000000
0.004051000,0.351415,0.0,0.000000
0.004051250,0.351592,0.0,0.000000
0.004051500,0.351769,0.0,0.000000
0.004051750,0.351945,0.0,0.000000
0.004052000,0.352122,0.0,0.000000
0.004052250,0.352299,0.0,0.000000
0.004052500,0.352475,0.0,0.000000
0.004052750,0.352652,0.0,0.000000
0.004053000,0.352829,0.0,0.000000
0.004053250,0.353005,0.0,0.000000
0.004053500,0.353182,0.0,0.000000
0.004053750,0.353358,0.0,0.000000
0.004054000,0.353534,0.0,0.000000
0.004054250,0.353711,0.0,0.000000
0.004054500,0.353887,0.0,0.000000
0.004054750,0.354063,0.0,0.000000
0.004055000,0.354240,0.0,0.000000
0.004055250,0.354416,0.0,0.000000
0.004055500,0.354592,0.0,0.000000
0.004055750,0.354768,0.0,0.000000
0.004056000,0.354944,0.0,0.000000
0.004056250,0.355120,0.0,0.000000
0.004056500,0.355296,0.0,0.000000
0.004056750,0.355472,0.0,0.000000
0.004057000,0.355648,0.0,0.000000
0.004057250,0.355824,0.0,0.000000
0.004057500,0.356000,0.0,0.000000
0.004057750,0.356176,0.0,0.000000
0.004058000,0.356352,0.0,0.000000
0.004058250,0.356528,0.0,0.000000
0.004058500,0.356703,0.0,0.000000
0.004058750,0.356879,0.0,0.000000
0.004059000,0.357055,0.0,0.000000
0.004059250,0.357230,0.0,0.000000
0.004059500,0.357406,0.0,0.000000
0.004059750,0.357581,0.0,0.000000
0.004060000,0.357757,0.0,0.000000
0.004060250,0.357933,0.0,0.000000
0.004060500,0.358108,0.0,0.000000
0.004060750,0.358283,0.0,0.000000
0.004061000,0.358459,0.0,0.000000
0.004061250,0.358634,0.0,0.000000
0.004061500,0.358809,0.0,0.000000
0.004061750,0.358985,0.0,0.000000
0.004062000,0.359160,0.0,0.000000
0.004062250,0.359335,0.0,0.000000
0.004062500,0.359510,0.0,0.000000
0.004062750,0.359685,0.0,0.000000
0.004063000,0.359860,0.0,0.000000
0.004063250,0.360035,0.0,0.000000
0.004063500,0.360210,0.0,0.000000
0.004063750,0.360385,0.0,0.000000
0.004064000,0.360560,0.0,0.000000
0.004064250,0.360735,0.0,0.000000
0.004064500,0.360910,0.0,0.000000
0.004064750,0.361085,0.0,0.000000
0.004065000,0.361260,0.0,0.000000
0.004065250,0.361435,0.0,0.000000
0.004065500,0.361609,0.0,0.000000
0.004065750,0.361784,0.0,0.000000
0.004066000,0.361959,0.0,0.000000
0.004066250,0.362133,0.0,0.000000
0.004066500,0.362308,0.0,0.000000
0.004066750,0.362482,0.0,0.000000
0.004067000,0.362657,0.0,0.000000
0.004067250,0.362831,0.0,0.000000
0.004067500,0.363006,0.0,0.000000
0.004067750,0.363180,0.0,0.000000
0.004068000,0.363354,0.0,0.000000
0.004068250,0.363529,0.0,0.000000
0.004068500,0.363703,0.0,0.000000
0.004068750,0.363877,0.0,0.000000
0.004069000,0.364051,0.0,0.000000
0.004069250,0.364226,0.0,0.000000
0.004069500,0.364400,0.0,0.000000
0.004069750,0.364574,0.0,0.000000
0.004070000,0.364748,0.0,0.000000
0.004070250,0.364922,0.0,0.000000
0.004070500,0.365096,0.0,0.000000
0.004070750,0.365270,0.0,0.000000
0.004071000,0.365444,0.0,0.000000
0.004071250,0.365618,0.0,0.000000
0.004071500,0.365792,0.0,0.000000
0.004071750,0.365965,0.0,0.000000
0.004072000,0.366139,0.0,0.000000
0.004072250,0.366313,0.0,0.000000
0.004072500,0.366487,0.0,0.000000
0.004072750,0.366660,0.0,0.000000
0.004073000,0.366834,0.0,0.000000
0.004073250,0.367007,0.0,0.000000
0.004073500,0.367181,0.0,0.000000
0.004073750,0.367355,0.0,0.000000
0.004074000,0.367528,0.0,0.000000
0.004074250,0.367701,0.0,0.000000
0.004074500,0.367875,0.0,0.000000
0.004074750,0.368048,0.0,0.000000
0.004075000,0.368222,0.0,0.000000
0.004075250,0.368395,0.0,0.000000
0.004075500,0.368568,0.0,0.000000
0.004075750,0.368741,0.0,0.000000
0.004076000,0.368915,0.0,0.000000
0.004076250,0.369088,0.0,0.000000
0.004076500,0.369261,0.0,0.000000
0.004076750,0.369434,0.0,0.000000
0.004077000,0.369607,0.0,0.000000
0.004077250,0.369780,0.0,0.000000
0.004077500,0.369953,0.0,0.000000
0.004077750,0.370126,0.0,0.000000
0.004078000,0.370299,0.0,0.000000
0.004078250,0.370472,0.0,0.000000
0.004078500,0.370645,0.0,0.000000
0.004078750,0.370817,0.0,0.000000
0.004079000,0.370990,0.0,0.000000
0.004079250,0.371163,0.0,0.000000
0.004079500,0.371336,0.0,0.000000
0.004079750,0.371508,0.0,0.000000
0.004080000,0.371681,0.0,0.000000
0.004080250,0.371853,0.0,0.000000
0.004080500,0.372026,0.0,0.000000
0.004080750,0.372198,0.0,0.000000
0.004081000,0.372371,0.0,0.000000
0.004081250,0.372543,0.0,0.000000
0.004081500,0.372716,0.0,0.000000
0.004081750,0.372888,0.0,0.000000
0.004082000,0.373061,0.0,0.000000
0.004082250,0.373233,0.0,0.000000
0.004082500,0.373405,0.0,0.000000
0.004082750,0.373577,0.0,0.000000
0.004083000,0.373749,0.0,0.000000
0.004083250,0.373922,0.0,0.000000
0.004083500,0.374094,0.0,0.000000
0.004083750,0.374266,0.0,0.000000
0.004084000,0.374438,0.0,0.000000
0.004084250,0.374610,0.0,0.000000
0.004084500,0.374782,0.0,0.000000
0.004084750,0.374954,0.0,0.000000
0.004085000,0.375126,0.0,0.000000
0.004085250,0.375298,0.0,0.000000
0.004085500,0.375469,0.0,0.000000
0.004085750,0.375641,0.0,0.000000
0.004086000,0.375813,0.0,0.000000
0.004086250,0.375985,0.0,0.000000
0.004086500,0.376156,0.0,0.000000
0.004086750,0.376328,0.0,0.000000
0.004087000,0.376500,0.0,0.000000
0.004087250,0.376671,0.0,0.000000
0.004087500,0.376843,0.0,0.000000
0.004087750,0.377014,0.0,0.000000
0.004088000,0.377186,0.0,0.000000
0.004088250,0.377357,0.0,0.000000
0.004088500,0.377529,0.0,0.000000
0.004088750,0.377700,0.0,0.000000
0.004089000,0.377871,0.0,0.000000
0.004089250,0.378043,0.0,0.000000
0.004089500,0.378214,0.0,0.000000
0.004089750,0.378385,0.0,0.000000
0.004090000,0.378556,0.0,0.000000
0.004090250,0.378727,0.0,0.000000
0.004090500,0.378898,0.0,0.000000
0.004090750,0.379070,0.0,0.000000
0.004091000,0.379241,0.0,0.000000
0.004091250,0.379412,0.0,0.000000
0.004091500,0.379583,0.0,0.000000
0.004091750,0.379753,0.0,0.000000
0.004092000,0.379924,0.0,0.000000
0.004092250,0.380095,0.0,0.000000
0.004092500,0.380266,0.0,0.000000
0.004092750,0.380437,0.0,0.000000
0.004093000,0.380608,0.0,0.000000
0.004093250,0.380778,0.0,0.000000
0.004093500,0.380949,0.0,0.000000
0.004093750,0.381120,0.0,0.000000
0.004094000,0.381290,0.0,0.000000
0.004094250,0.381461,0.0,0.000000
0.004094500,0.381631,0.0,0.000000
0.004094750,0.381802,0.0,0.000000
0.004095000,0.381972,0.0,0.000000
0.004095250,0.382143,0.0,0.000000
0.004095500,0.382313,0.0,0.000000
0.004095750,0.382484,0.0,0.000000
0.004096000,0.382654,0.0,0.000000
0.004096250,0.382824,0.0,0.000000
0.004096500,0.382995,0.0,0.000000
0.004096750,0.383165,0.0,0.000000
0.004097000,0.383335,0.0,0.000000
0.004097250,0.383505,0.0,0.000000
0.004097500,0.383675,0.0,0.000000
0.004097750,0.383845,0.0,0.000000
0.004098000,0.384015,0.0,0.000000
0.004098250,0.384185,0.0,0.000000
0.004098500,0.384355,0.0,0.000000
0.004098750,0.384525,0.0,0.000000
0.004099000,0.384695,0.0,0.000000
0.004099250,0.384865,0.0,0.000000
0.004099500,0.385035,0.0,0.000000
0.004099750,0.385205,0.0,0.000000
0.004100000,0.385374,0.0,0.000000
0.004100250,0.385544,0.0,0.000000
0.004100500,0.385714,0.0,0.000000
0.004100750,0.385884,0.0,0.000000
0.004101000,0.386053,0.0,0.000000
0.004101250,0.386223,0.0,0.000000
0.004101500,0.386392,0.0,0.000000
0.004101750,0.386562,0.0,0.000000
0.004102000,0.386731,0.0,0.000000
0.004102250,0.386901,0.0,0.000000
0.004102500,0.387070,0.0,0.000000
0.004102750,0.387240,0.0,0.000000
0.004103000,0.387409,0.0,0.000000
0.004103250,0.387578,0.0,0.000000
0.004103500,0.387747,0.0,0.000000
0.004103750,0.387917,0.0,0.000000
0.004104000,0.388086,0.0,0.000000
0.004104250,0.388255,0.0,0.000000
0.004104500,0.388424,0.0,0.000000
0.004104750,0.388593,0.0,0.000000
0.004105000,0.388762,0.0,0.000000
0.004105250,0.388931,0.0,0.000000
0.004105500,0.389100,0.0,0.000000
0.004105750,0.389269,0.0,0.000000
0.004106000,0.389438,0.0,0.000000
0.004106250,0.389607,0.0,0.000000
0.004106500,0.389776,0.0,0.000000
0.004106750,0.389945,0.0,0.000000
0.004107000,0.390114,0.0,0.000000
0.004107250,0.390282,0.0,0.000000
0.004107500,0.390451,0.0,0.000000
0.004107750,0.390620,0.0,0.000000
0.004108000,0.390788,0.0,0.000000
0.004108250,0.390957,0.0,0.000000
0.004108500,0.391126,0.0,0.000000
0.004108750,0.391294,0.0,0.000000
0.004109000,0.391463,0.0,0.000000
0.004109250,0.391631,0.0,0.000000
0.004109500,0.391799,0.0,0.000000
0.004109750,0.391968,0.0,0.000000
0.004110000,0.392136,0.0,0.000000
0.004110250,0.392305,0.0,0.000000
0.004110500,0.392473,0.0,0.000000
0.004110750,0.392641,0.0,0.000000
0.004111000,0.392809,0.0,0.000000
0.004111250,0.392977,0.0,0.000000
0.004111500,0.393146,0.0,0.000000
0.004111750,0.393314,0.0,0.000000
0.004112000,0.393482,0.0,0.000000
0.004112250,0.393650,0.0,0.000000
0.004112500,0.393818,0.0,0.000000
0.004112750,0.393986,0.0,0.000000
0.004113000,0.394154,0.0,0.000000
0.004113250,0.394322,0.0,0.000000
0.004113500,0.394490,0.0,0.000000
0.004113750,0.394657,0.0,0.000000
0.004114000,0.394825,0.0,0.000000
0.004114250,0.394993,0.0,0.000000
0.004114500,0.395161,0.0,0.000000
0.004114750,0.395328,0.0,0.000000
0.004115000,0.395496,0.0,0.000000
0.004115250,0.395664,0.0,0.000000
0.004115500,0.395831,0.0,0.000000
0.004115750,0.395999,0.0,0.000000
0.004116000,0.396166,0.0,0.000000
0.004116250,0.396334,0.0,0.000000
0.004116500,0.396501,0.0,0.000000
0.004116750,0.396669,0.0,0.000000
0.004117000,0.396836,0.0,0.000000
0.004117250,0.397003,0.0,0.000000
0.004117500,0.397171,0.0,0.000000
0.004117750,0.397338,0.0,0.000000
0.004118000,0.397505,0.0,0.000000
0.004118250,0.397672,0.0,0.000000
0.004118500,0.397840,0.0,0.000000
0.004118750,0.398007,0.0,0.000000
0.004119000,0.398174,0.0,0.000000
0.004119250,0.398341,0.0,0.000000
0.004119500,0.398508,0.0,0.000000
0.004119750,0.398675,0.0,0.000000
0.004120000,0.398842,0.0,0.000000
0.004120250,0.399009,0.0,0.000000
0.004120500,0.399176,0.0,0.000000
0.004120750,0.399342,0.0,0.000000
0.004121000,0.399509,0.0,0.000000
0.004121250,0.399676,0.0,0.000000
0.004121500,0.399843,0.0,0.000000
0.004121750,0.400010,0.0,0.000000
0.004122000,0.400176,0.0,0.000000
0.004122250,0.400343,0.0,0.000000
0.004122500,0.400510,0.0,0.000000
0.004122750,0.400676,0.0,0.000000
0.004123000,0.400843,0.0,0.000000
0.004123250,0.401009,0.0,0.000000
0.004123500,0.401176,0.0,0.000000
0.004123750,0.401342,0.0,0.000000
0.004124000,0.401508,0.0,0.000000
0.004124250,0.401675,0.0,0.000000
0.004124500,0.401841,0.0,0.000000
0.004124750,0.402007,0.0,0.000000
0.004125000,0.402174,0.0,0.000000
0.004125250,0.402340,0.0,0.000000
0.004125500,0.402506,0.0,0.000000
0.004125750,0.402672,0.0,0.000000
0.004126000,0.402838,0.0,0.000000
0.004126250,0.403004,0.0,0.000000
0.004126500,0.403171,0.0,0.000000
0.004126750,0.403337,0.0,0.000000
0.004127000,0.403503,0.0,0.000000
0.004127250,0.403669,0.0,0.000000
0.004127500,0.403834,0.0,0.000000
0.004127750,0.404000,0.0,0.000000
0.004128000,0.404166,0.0,0.000000
0.004128250,0.404332,0.0,0.000000
0.004128500,0.404498,0.0,0.000000
0.004128750,0.404664,0.0,0.000000
0.004129000,0.404829,0.0,0.000000
0.004129250,0.404995,0.0,0.000000
0.004129500,0.405161,0.0,0.000000
0.004129750,0.405326,0.0,0.000000
0.004130000,0.405492,0.0,0.000000
0.004130250,0.405657,0.0,0.000000
0.004130500,0.405823,0.0,0.000000
0.004130750,0.405988,0.0,0.000000
0.004131000,0.406154,0.0,0.000000
0.004131250,0.406319,0.0,0.000000
0.004131500,0.406484,0.0,0.000000
0.004131750,0.406650,0.0,0.000000
0.004132000,0.406815,0.0,0.000000
0.004132250,0.406980,0.0,0.000000
0.004132500,0.407146,0.0,0.000000
0.004132750,0.407311,0.0,0.000000
0.004133000,0.407476,0.0,0.000000
0.004133250,0.407641,0.0,0.000000
0.004133500,0.407806,0.0,0.000000
0.004133750,0.407971,0.0,0.000000
0.004134000,0.408136,0.0,0.000000
0.004134250,0.408301,0.0,0.000000
0.004134500,0.408466,0.0,0.000000
0.004134750,0.408631,0.0,0.000000
0.004135000,0.408796,0.0,0.000000
0.004135250,0.408961,0.0,0.000000
0.004135500,0.409126,0.0,0.000000
0.004135750,0.409290,0.0,0.000000
0.004136000,0.409455,0.0,0.000000
0.004136250,0.409620,0.0,0.000000
0.004136500,0.409785,0.0,0.000000
0.004136750,0.409949,0.0,0.000000
0.004137000,0.410114,0.0,0.000000
0.004137250,0.410278,0.0,0.000000
0.004137500,0.410443,0.0,0.000000
0.004137750,0.410608,0.0,0.000000
0.004138000,0.410772,0.0,0.000000
0.004138250,0.410936,0.0,0.000000
0.004138500,0.411101,0.0,0.000000
0.004138750,0.411265,0.0,0.000000
0.004139000,0.411430,0.0,0.000000
0.004139250,0.411594,0.0,0.000000
0.004139500,0.411758,0.0,0.000000
0.004139750,0.411922,0.0,0.000000
0.004140000,0.412087,0.0,0.000000
0.004140250,0.412251,0.0,0.000000
0.004140500,0.412415,0.0,0.000000
0.004140750,0.412579,0.0,0.000000
0.004141000,0.412743,0.0,0.000000
0.004141250,0.412907,0.0,0.000000
0.004141500,0.413071,0.0,0.000000
0.004141750,0.413235,0.0,0.000000
0.004142000,0.413399,0.0,0.000000
0.004142250,0.413563,0.0,0.000000
0.004142500,0.413727,0.0,0.000000
0.004142750,0.413891,0.0,0.000000
0.004143000,0.414054,0.0,0.000000
0.004143250,0.414218,0.0,0.000000
0.004143500,0.414382,0.0,0.000000
0.004143750,0.414545,0.0,0.000000
0.004144000,0.414709,0.0,0.000000
0.004144250,0.414873,0.0,0.000000
0.004144500,0.415036,0.0,0.000000
0.004144750,0.415200,0.0,0.000000
0.004145000,0.415363,0.0,0.000000
0.004145250,0.415527,0.0,0.000000
0.004145500,0.415690,0.0,0.000000
0.004145750,0.415854,0.0,0.000000
0.004146000,0.416017,0.0,0.000000
0.004146250,0.416180,0.0,0.000000
0.004146500,0.416344,0.0,0.000000
0.004146750,0.416507,0.0,0.000000
0.004147000,0.416670,0.0,0.000000
0.004147250,0.416834,0.0,0.000000
0.004147500,0.416997,0.0,0.000000
0.004147750,0.417160,0.0,0.000000
0.004148000,0.417323,0.0,0.000000
0.004148250,0.417486,0.0,0.000000
0.004148500,0.417649,0.0,0.000000
0.004148750,0.417812,0.0,0.000000
0.004149000,0.417975,0.0,0.000000
0.004149250,0.418138,0.0,0.000000
0.004149500,0.418301,0.0,0.000000
0.004149750,0.418464,0.0,0.000000
0.004150000,0.418627,0.0,0.000000
0.004150250,0.418789,0.0,0.000000
0.004150500,0.418952,0.0,0.000000
0.004150750,0.419115,0.0,0.000000
0.004151000,0.419278,0.0,0.000000
0.004151250,0.419440,0.0,0.000000
0.004151500,0.419603,0.0,0.000000
0.004151750,0.419766,0.0,0.000000
0.004152000,0.419928,0.0,0.000000
0.004152250,0.420091,0.0,0.000000
0.004152500,0.420253,0.0,0.000000
0.004152750,0.420416,0.0,0.000000
0.004153000,0.420578,0.0,0.000000
0.004153250,0.420740,0.0,0.000000
0.004153500,0.420903,0.0,0.000000
0.004153750,0.421065,0.0,0.000000
0.004154000,0.421227,0.0,0.000000
0.004154250,0.421390,0.0,0.000000
0.004154500,0.421552,0.0,0.000000
0.004154750,0.421714,0.0,0.000000
0.004155000,0.421876,0.0,0.000000
0.004155250,0.422038,0.0,0.000000
0.004155500,0.422200,0.0,0.000000
0.004155750,0.422363,0.0,0.000000
0.004156000,0.422525,0.0,0.000000
0.004156250,0.422687,0.0,0.000000
0.004156500,0.422848,0.0,0.000000
0.004156750,0.423010,0.0,0.000000
0.004157000,0.423172,0.0,0.000000
0.004157250,0.423334,0.0,0.000000
0.004157500,0.423496,0.0,0.000000
0.004157750,0.423658,0.0,0.000000
0.004158000,0.423820,0.0,0.000000
0.004158250,0.423981,0.0,0.000000
0.004158500,0.424143,0.0,0.000000
0.004158750,0.424305,0.0,0.000000
0.004159000,0.424466,0.0,0.000000
0.004159250,0.424628,0.0,0.000000
0.004159500,0.424789,0.0,0.000000
0.004159750,0.424951,0.0,0.000000
0.004160000,0.425112,0.0,0.000000
0.004160250,0.425274,0.0,0.000000
0.004160500,0.425435,0.0,0.000000
0.004160750,0.425597,0.0,0.000000
0.004161000,0.425758,0.0,0.000000
0.004161250,0.425919,0.0,0.000000
0.004161500,0.426081,0.0,0.000000
0.004161750,0.426242,0.0,0.000000
0.004162000,0.426403,0.0,0.000000
0.004162250,0.426564,0.0,0.000000
0.004162500,0.426725,0.0,0.000000
0.004162750,0.426886,0.0,0.000000
0.004163000,0.427048,0.0,0.000000
0.004163250,0.427209,0.0,0.000000
0.004163500,0.427370,0.0,0.000000
0.004163750,0.427531,0.0,0.000000
0.004164000,0.427692,0.0,0.000000
0.004164250,0.427853,0.0,0.000000
0.004164500,0.428013,0.0,0.000000
0.004164750,0.428174,0.0,0.000000
0.004165000,0.428335,0.0,0.000000
0.004165250,0.428496,0.0,0.000000
0.004165500,0.428657,0.0,0.000000
0.004165750,0.428817,0.0,0.000000
0.004166000,0.428978,0.0,0.000000
0.004166250,0.429139,0.0,0.000000
0.004166500,0.429299,0.0,0.000000
0.004166750,0.429460,0.0,0.000000
0.004167000,0.429620,0.0,0.000000
0.004167250,0.429781,0.0,0.000000
0.004167500,0.429941,0.0,0.000000
0.004167750,0.430102,0.0,0.000000
0.004168000,0.430262,0.0,0.000000
0.004168250,0.430423,0.0,0.000000
0.004168500,0.430583,0.0,0.000000
0.004168750,0.430743,0.0,0.000000
0.004169000,0.430904,0.0,0.000000
0.004169250,0.431064,0.0,0.000000
0.004169500,0.431224,0.0,0.000000
0.004169750,0.431384,0.0,0.000000
0.004170000,0.431544,0.0,0.000000
0.004170250,0.431704,0.0,0.000000
0.004170500,0.431865,0.0,0.000000
0.004170750,0.432025,0.0,0.000000
0.004171000,0.432185,0.0,0.000000
0.004171250,0.432345,0.0,0.000000
0.004171500,0.432505,0.0,0.000000
0.004171750,0.432664,0.0,0.000000
0.004172000,0.432824,0.0,0.000000
0.004172250,0.432984,0.0,0.000000
0.004172500,0.433144,0.0,0.000000
0.004172750,0.433304,0.0,0.000000
0.004173000,0.433463,0.0,0.000000
0.004173250,0.433623,0.0,0.000000
0.004173500,0.433783,0.0,0.000000
0.004173750,0.433943,0.0,0.000000
0.004174000,0.434102,0.0,0.000000
0.004174250,0.434262,0.0,0.000000
0.004174500,0.434421,0.0,0.000000
0.004174750,0.434581,0.0,0.000000
0.004175000,0.434740,0.0,0.000000
0.004175250,0.434900,0.0,0.000000
0.004175500,0.435059,0.0,0.000000
0.004175750,0.435219,0.0,0.000000
0.004176000,0.435378,0.0,0.000000
0.004176250,0.435537,0.0,0.000000
0.004176500,0.435696,0.0,0.000000
0.004176750,0.435856,0.0,0.000000
0.004177000,0.436015,0.0,0.000000
0.004177250,0.436174,0.0,0.000000
0.004177500,0.436333,0.0,0.000000
0.004177750,0.436492,0.0,0.000000
0.004178000,0.436651,0.0,0.000000
0.004178250,0.436810,0.0,0.000000
0.004178500,0.436970,0.0,0.000000
0.004178750,0.437129,0.0,0.000000
0.004179000,0.437287,0.0,0.000000
0.004179250,0.437446,0.0,0.000000
0.004179500,0.437605,0.0,0.000000
0.004179750,0.437764,0.0,0.000000
0.004180000,0.437923,0.0,0.000000
0.004180250,0.438082,0.0,0.000000
0.004180500,0.438240,0.0,0.000000
0.004180750,0.438399,0.0,0.000000
0.004181000,0.438558,0.0,0.000000
0.004181250,0.438717,0.0,0.000000
0.004181500,0.438875,0.0,0.000000
0.004181750,0.439034,0.0,0.000000
0.004182000,0.439192,0.0,0.000000
0.004182250,0.439351,0.0,0.000000
0.004182500,0.439509,0.0,0.000000
0.004182750,0.439668,0.0,0.000000
0.004183000,0.439826,0.0,0.000000
0.004183250,0.439985,0.0,0.000000
0.004183500,0.440143,0.0,0.000000
0.004183750,0.440301,0.0,0.000000
0.004184000,0.440459,0.0,0.000000
0.004184250,0.440618,0.0,0.000000
0.004184500,0.440776,0.0,0.000000
0.004184750,0.440934,0.0,0.000000
0.004185000,0.441092,0.0,0.000000
0.004185250,0.441250,0.0,0.000000
0.004185500,0.441409,0.0,0.000000
0.004185750,0.441567,0.0,0.000000
0.004186000,0.441725,0.0,0.000000
0.004186250,0.441883,0.0,0.000000
0.004186500,0.442041,0.0,0.000000
0.004186750,0.442198,0.0,0.000000
0.004187000,0.442356,0.0,0.000000
0.004187250,0.442514,0.0,0.000000
0.004187500,0.442672,0.0,0.000000
0.004187750,0.442830,0.0,0.000000
0.004188000,0.442988,0.0,0.000000
0.004188250,0.443145,0.0,0.000000
0.004188500,0.443303,0.0,0.000000
0.004188750,0.443461,0.0,0.000000
0.004189000,0.443618,0.0,0.000000
0.004189250,0.443776,0.0,0.000000
0.004189500,0.443934,0.0,0.000000
0.004189750,0.444091,0.0,0.000000
0.004190000,0.444249,0.0,0.000000
0.004190250,0.444406,0.0,0.000000
0.004190500,0.444563,0.0,0.000000
0.004190750,0.444721,0.0,0.000000
0.004191000,0.444878,0.0,0.000000
0.004191250,0.445036,0.0,0.000000
0.004191500,0.445193,0.0,0.000000
0.004191750,0.445350,0.0,0.000000
0.004192000,0.445507,0.0,0.000000
0.004192250,0.445665,0.0,0.000000
0.004192500,0.445822,0.0,0.000000
0.004192750,0.445979,0.0,0.000000
0.004193000,0.446136,0.0,0.000000
0.004193250,0.446293,0.0,0.000000
0.004193500,0.446450,0.0,0.000000
0.004193750,0.446607,0.0,0.000000
0.004194000,0.446764,0.0,0.000000
0.004194250,0.446921,0.0,0.000000
0.004194500,0.447078,0.0,0.000000
0.004194750,0.447235,0.0,0.000000
0.004195000,0.447392,0.0,0.000000
0.004195250,0.447549,0.0,0.000000
0.004195500,0.447705,0.0,0.000000
0.004195750,0.447862,0.0,0.000000
0.004196000,0.448019,0.0,0.000000
0.004196250,0.448175,0.0,0.000000
0.004196500,0.448332,0.0,0.000000
0.004196750,0.448489,0.0,0.000000
0.004197000,0.448645,0.0,0.000000
0.004197250,0.448802,0.0,0.000000
0.004197500,0.448958,0.0,0.000000
0.004197750,0.449115,0.0,0.000000
0.004198000,0.449271,0.0,0.000000
0.004198250,0.449428,0.0,0.000000
0.004198500,0.449584,0.0,0.000000
0.004198750,0.449740,0.0,0.000000
0.004199000,0.449897,0.0,0.000000
0.004199250,0.450053,0.0,0.000000
0.004199500,0.450209,0.0,0.000000
0.004199750,0.450366,0.0,0.000000
0.004200000,0.450522,0.0,0.000000
0.004200250,0.450678,0.0,0.000000
0.004200500,0.450834,0.0,0.000000
0.004200750,0.450990,0.0,0.000000
0.004201000,0.451146,0.0,0.000000
0.004201250,0.451302,0.0,0.000000
0.004201500,0.451458,0.0,0.000000
0.004201750,0.451614,0.0,0.000000
0.004202000,0.451770,0.0,0.000000
0.004202250,0.451926,0.0,0.000000
0.004202500,0.452082,0.0,0.000000
0.004202750,0.452238,0.0,0.000000
0.004203000,0.452394,0.0,0.000000
0.004203250,0.452549,0.0,0.000000
0.004203500,0.452705,0.0,0.000000
0.004203750,0.452861,0.0,0.000000
0.004204000,0.453016,0.0,0.000000
0.004204250,0.453172,0.0,0.000000
0.004204500,0.453328,0.0,0.000000
0.004204750,0.453483,0.0,0.000000
0.004205000,0.453639,0.0,0.000000
0.004205250,0.453794,0.0,0.000000
0.004205500,0.453950,0.0,0.000000
0.004205750,0.454105,0.0,0.000000
0.004206000,0.454261,0.0,0.000000
0.004206250,0.454416,0.0,0.000000
0.004206500,0.454571,0.0,0.000000
0.004206750,0.454727,0.0,0.000000
0.004207000,0.454882,0.0,0.000000
0.004207250,0.455037,0.0,0.000000
0.004207500,0.455192,0.0,0.000000
0.004207750,0.455348,0.0,0.000000
0.004208000,0.455503,0.0,0.000000
0.004208250,0.455658,0.0,0.000000
0.004208500,0.455813,0.0,0.000000
0.004208750,0.455968,0.0,0.000000
0.004209000,0.456123,0.0,0.000000
0.004209250,0.456278,0.0,0.000000
0.004209500,0.456433,0.0,0.000000
0.004209750,0.456588,0.0,0.000000
0.004210000,0.456743,0.0,0.000000
0.004210250,0.456898,0.0,0.000000
0.004210500,0.457053,0.0,0.000000
0.004210750,0.457207,0.0,0.000000
0.004211000,0.457362,0.0,0.000000
0.004211250,0.457517,0.0,0.000000
0.004211500,0.457672,0.0,0.000000
0.004211750,0.457826,0.0,0.000000
0.004212000,0.457981,0.0,0.000000
0.004212250,0.458135,0.0,0.000000
0.004212500,0.458290,0.0,0.000000
0.004212750,0.458445,0.0,0.000000
0.004213000,0.458599,0.0,0.000000
0.004213250,0.458754,0.0,0.000000
0.004213500,0.458908,0.0,0.000000
0.004213750,0.459062,0.0,0.000000
0.004214000,0.459217,0.0,0.000000
0.004214250,0.459371,0.0,0.000000
0.004214500,0.459525,0.0,0.000000
0.004214750,0.459680,0.0,0.000000
0.004215000,0.459834,0.0,0.000000
0.004215250,0.459988,0.0,0.000000
0.004215500,0.460142,0.0,0.000000
0.004215750,0.460297,0.0,0.000000
0.004216000,0.460451,0.0,0.000000
0.004216250,0.460605,0.0,0.000000
0.004216500,0.460759,0.0,0.000000
0.004216750,0.460913,0.0,0.000000
0.004217000,0.461067,0.0,0.000000
0.004217250,0.461221,0.0,0.000000
0.004217500,0.461375,0.0,0.000000
0.004217750,0.461529,0.0,0.000000
0.004218000,0.461682,0.0,0.000000
0.004218250,0.461836,0.0,0.000000
0.004218500,0.461990,0.0,0.000000
0.004218750,0.462144,0.0,0.000000
0.004219000,0.462298,0.0,0.000000
0.004219250,0.462451,0.0,0.000000
0.004219500,0.462605,0.0,0.000000
0.004219750,0.462759,0.0,0.000000
0.004220000,0.462912,0.0,0.000000
0.004220250,0.463066,0.0,0.000000
0.004220500,0.463219,0.0,0.000000
0.004220750,0.463373,0.0,0.000000
0.004221000,0.463526,0.0,0.000000
0.004221250,0.463680,0.0,0.000000
0.004221500,0.463833,0.0,0.000000
0.004221750,0.463987,0.0,0.000000
0.004222000,0.464140,0.0,0.000000
0.004222250,0.464293,0.0,0.000000
0.004222500,0.464447,0.0,0.000000
0.004222750,0.464600,0.0,0.000000
0.004223000,0.464753,0.0,0.000000
0.004223250,0.464906,0.0,0.000000
0.004223500,0.465059,0.0,0.000000
0.004223750,0.465213,0.0,0.000000
0.004224000,0.465366,0.0,0.000000
0.004224250,0.465519,0.0,0.000000
0.004224500,0.465672,0.0,0.000000
0.004224750,0.465825,0.0,0.000000
0.004225000,0.465978,0.0,0.000000
0.004225250,0.466131,0.0,0.000000
0.004225500,0.466284,0.0,0.000000
0.004225750,0.466437,0.0,0.000000
0.004226000,0.466589,0.0,0.000000
0.004226250,0.466742,0.0,0.000000
0.004226500,0.466895,0.0,0.000000
0.004226750,0.467048,0.0,0.000000
0.004227000,0.467200,0.0,0.000000
0.004227250,0.467353,0.0,0.000000
0.004227500,0.467506,0.0,0.000000
0.004227750,0.467658,0.0,0.000000
0.004228000,0.467811,0.0,0.000000
0.004228250,0.467964,0.0,0.000000
0.004228500,0.468116,0.0,0.000000
0.004228750,0.468269,0.0,0.000000
0.004229000,0.468421,0.0,0.000000
0.004229250,0.468573,0.0,0.000000
0.004229500,0.468726,0.0,0.000000
0.004229750,0.468878,0.0,0.000000
0.004230000,0.469031,0.0,0.000000
0.004230250,0.469183,0.0,0.000000
0.004230500,0.469335,0.0,0.000000
0.004230750,0.469487,0.0,0.000000
0.004231000,0.469640,0.0,0.000000
0.004231250,0.469792,0.0,0.000000
0.004231500,0.469944,0.0,0.000000
0.004231750,0.470096,0.0,0.000000
0.004232000,0.470248,0.0,0.000000
0.004232250,0.470400,0.0,0.000000
0.004232500,0.470552,0.0,0.000000
0.004232750,0.470704,0.0,0.000000
0.004233000,0.470856,0.0,0.000000
0.004233250,0.471008,0.0,0.000000
0.004233500,0.471160,0.0,0.000000
0.004233750,0.471312,0.0,0.000000
0.004234000,0.471464,0.0,0.000000
0.004234250,0.471615,0.0,0.000000
0.004234500,0.471767,0.0,0.000000
0.004234750,0.471919,0.0,0.000000
0.004235000,0.472071,0.0,0.000000
0.004235250,0.472222,0.0,0.000000
0.004235500,0.472374,0.0,0.000000
0.004235750,0.472526,0.0,0.000000
0.004236000,0.472677,0.0,0.000000
0.004236250,0.472829,0.0,0.000000
0.004236500,0.472980,0.0,0.000000
0.004236750,0.473132,0.0,0.000000
0.004237000,0.473283,0.0,0.000000
0.004237250,0.473435,0.0,0.000000
0.004237500,0.473586,0.0,0.000000
0.004237750,0.473737,0.0,0.000000
0.004238000,0.473889,0.0,0.000000
0.004238250,0.474040,0.0,0.000000
0.004238500,0.474191,0.0,0.000000
0.004238750,0.474342,0.0,0.000000
0.004239000,0.474494,0.0,0.000000
0.004239250,0.474645,0.0,0.000000
0.004239500,0.474796,0.0,0.000000
0.004239750,0.474947,0.0,0.000000
0.004240000,0.475098,0.0,0.000000
0.004240250,0.475249,0.0,0.000000
0.004240500,0.475400,0.0,0.000000
0.004240750,0.475551,0.0,0.000000
0.004241000,0.475702,0.0,0.000000
0.004241250,0.475853,0.0,0.000000
0.004241500,0.476004,0.0,0.000000
0.004241750,0.476155,0.0,0.000000
0.004242000,0.476305,0.0,0.000000
0.004242250,0.476456,0.0,0.000000
0.004242500,0.476607,0.0,0.000000
0.004242750,0.476758,0.0,0.000000
0.004243000,0.476908,0.0,0.000000
0.004243250,0.477059,0.0,0.000000
0.004243500,0.477210,0.0,0.000000
0.004243750,0.477360,0.0,0.000000
0.004244000,0.477511,0.0,0.000000
0.004244250,0.477661,0.0,0.000000
0.004244500,0.477812,0.0,0.000000
0.004244750,0.477962,0.0,0.000000
0.004245000,0.478113,0.0,0.000000
0.004245250,0.478263,0.0,0.000000
0.004245500,0.478414,0.0,0.000000
0.004245750,0.478564,0.0,0.000000
0.004246000,0.478714,0.0,0.000000
0.004246250,0.478865,0.0,0.000000
0.004246500,0.479015,0.0,0.000000
0.004246750,0.479165,0.0,0.000000
0.004247000,0.479315,0.0,0.000000
0.004247250,0.479465,0.0,0.000000
0.004247500,0.479616,0.0,0.000000
0.004247750,0.479766,0.0,0.000000
0.004248000,0.479916,0.0,0.000000
0.004248250,0.480066,0.0,0.000000
0.004248500,0.480216,0.0,0.000000
0.004248750,0.480366,0.0,0.000000
0.004249000,0.480516,0.0,0.000000
0.004249250,0.480666,0.0,0.000000
0.004249500,0.480815,0.0,0.000000
0.004249750,0.480965,0.0,0.000000
0.004250000,0.481115,0.0,0.000000
0.004250250,0.481265,0.0,0.000000
0.004250500,0.481415,0.0,0.000000
0.004250750,0.481564,0.0,0.000000
0.004251000,0.481714,0.0,0.000000
0.004251250,0.481864,0.0,0.000000
0.004251500,0.482013,0.0,0.000000
0.004251750,0.482163,0.0,0.000000
0.004252000,0.482313,0.0,0.000000
0.004252250,0.482462,0.0,0.000000
0.004252500,0.482612,0.0,0.000000
0.004252750,0.482761,0.0,0.000000
0.004253000,0.482911,0.0,0.000000
0.004253250,0.483060,0.0,0.000000
0.004253500,0.483209,0.0,0.000000
0.004253750,0.483359,0.0,0.000000
0.004254000,0.483508,0.0,0.000000
0.004254250,0.483657,0.0,0.000000
0.004254500,0.483807,0.0,0.000000
0.004254750,0.483956,0.0,0.000000
0.004255000,0.484105,0.0,0.000000
0.004255250,0.484254,0.0,0.000000
0.004255500,0.484403,0.0,0.000000
0.004255750,0.484552,0.0,0.000000
0.004256000,0.484701,0.0,0.000000
0.004256250,0.484850,0.0,0.000000
0.004256500,0.484999,0.0,0.000000
0.004256750,0.485148,0.0,0.000000
0.004257000,0.485297,0.0,0.000000
0.004257250,0.485446,0.0,0.000000
0.004257500,0.485595,0.0,0.000000
0.004257750,0.485744,0.0,0.000000
0.004258000,0.485893,0.0,0.000000
0.004258250,0.486042,0.0,0.000000
0.004258500,0.486190,0.0,0.000000
0.004258750,0.486339,0.0,0.000000
0.004259000,0.486488,0.0,0.000000
0.004259250,0.486637,0.0,0.000000
0.004259500,0.486785,0.0,0.000000
0.004259750,0.486934,0.0,0.000000
0.004260000,0.487082,0.0,0.000000
0.004260250,0.487231,0.0,0.000000
0.004260500,0.487379,0.0,0.000000
0.004260750,0.487528,0.0,0.000000
0.004261000,0.487676,0.0,0.000000
0.004261250,0.487825,0.0,0.000000
0.004261500,0.487973,0.0,0.000000
0.004261750,0.488121,0.0,0.000000
0.004262000,0.488270,0.0,0.000000
0.004262250,0.488418,0.0,0.000000
0.004262500,0.488566,0.0,0.000000
0.004262750,0.488715,0.0,0.000000
0.004263000,0.488863,0.0,0.000000
0.004263250,0.489011,0.0,0.000000
0.004263500,0.489159,0.0,0.000000
0.004263750,0.489307,0.0,0.000000
0.004264000,0.489455,0.0,0.000000
0.004264250,0.489603,0.0,0.000000
0.004264500,0.489751,0.0,0.000000
0.004264750,0.489899,0.0,0.000000
0.004265000,0.490047,0.0,0.000000
0.004265250,0.490195,0.0,0.000000
0.004265500,0.490343,0.0,0.000000
0.004265750,0.490491,0.0,0.000000
0.004266000,0.490639,0.0,0.000000
0.004266250,0.490787,0.0,0.000000
0.004266500,0.490934,0.0,0.000000
0.004266750,0.491082,0.0,0.000000
0.004267000,0.491230,0.0,0.000000
0.004267250,0.491378,0.0,0.000000
0.004267500,0.491525,0.0,0.000000
0.004267750,0.491673,0.0,0.000000
0.004268000,0.491820,0.0,0.000000
0.004268250,0.491968,0.0,0.000000
0.004268500,0.492115,0.0,0.000000
0.004268750,0.492263,0.0,0.000000
0.004269000,0.492410,0.0,0.000000
0.004269250,0.492558,0.0,0.000000
0.004269500,0.492705,0.0,0.000000
0.004269750,0.492853,0.0,0.000000
0.004270000,0.493000,0.0,0.000000
0.004270250,0.493147,0.0,0.000000
0.004270500,0.493295,0.0,0.000000
0.004270750,0.493442,0.0,0.000000
0.004271000,0.493589,0.0,0.000000
0.004271250,0.493736,0.0,0.000000
0.004271500,0.493883,0.0,0.000000
0.004271750,0.494031,0.0,0.000000
0.004272000,0.494178,0.0,0.000000
0.004272250,0.494325,0.0,0.000000
0.004272500,0.494472,0.0,0.000000
0.004272750,0.494619,0.0,0.000000
0.004273000,0.494766,0.0,0.000000
0.004273250,0.494913,0.0,0.000000
0.004273500,0.495060,0.0,0.000000
0.004273750,0.495207,0.0,0.000000
0.004274000,0.495353,0.0,0.000000
0.004274250,0.495500,0.0,0.000000
0.004274500,0.495647,0.0,0.000000
0.004274750,0.495794,0.0,0.000000
0.004275000,0.495940,0.0,0.000000
0.004275250,0.496087,0.0,0.000000
0.004275500,0.496234,0.0,0.000000
0.004275750,0.496380,0.0,0.000000
0.004276000,0.496527,0.0,0.000000
0.004276250,0.496674,0.0,0.000000
0.004276500,0.496820,0.0,0.000000
0.004276750,0.496967,0.0,0.000000
0.004277000,0.497113,0.0,0.000000
0.004277250,0.497260,0.0,0.000000
0.004277500,0.497406,0.0,0.000000
0.004277750,0.497552,0.0,0.000000
0.004278000,0.497699,0.0,0.000000
0.004278250,0.497845,0.0,0.000000
0.004278500,0.497991,0.0,0.000000
0.004278750,0.498138,0.0,0.000000
0.004279000,0.498284,0.0,0.000000
0.004279250,0.498430,0.0,0.000000
0.004279500,0.498576,0.0,0.000000
0.004279750,0.498722,0.0,0.000000
0.004280000,0.498869,0.0,0.000000
0.004280250,0.499015,0.0,0.000000
0.004280500,0.499161,0.0,0.000000
0.004280750,0.499307,0.0,0.000000
0.004281000,0.499453,0.0,0.000000
0.004281250,0.499599,0.0,0.000000
0.004281500,0.499745,0.0,0.000000
0.004281750,0.499891,0.0,0.000000
0.004282000,0.500036,0.0,0.000000
0.004282250,0.500182,0.0,0.000000
0.004282500,0.500328,0.0,0.000000
0.004282750,0.500474,0.0,0.000000
0.004283000,0.500620,0.0,0.000000
0.004283250,0.500765,0.0,0.000000
0.004283500,0.500911,0.0,0.000000
0.004283750,0.501056,0.0,0.000000
0.004284000,0.501202,0.0,0.000000
0.004284250,0.501348,0.0,0.000000
0.004284500,0.501493,0.0,0.000000
0.004284750,0.501639,0.0,0.000000
0.004285000,0.501784,0.0,0.000000
0.004285250,0.501930,0.0,0.000000
0.004285500,0.502075,0.0,0.000000
0.004285750,0.502220,0.0,0.000000
0.004286000,0.502366,0.0,0.000000
0.004286250,0.502511,0.0,0.000000
0.004286500,0.502656,0.0,0.000000
0.004286750,0.502802,0.0,0.000000
0.004287000,0.502947,0.0,0.000000
0.004287250,0.503092,0.0,0.000000
0.004287500,0.503237,0.0,0.000000
0.004287750,0.503383,0.0,0.000000
0.004288000,0.503528,0.0,0.000000
0.004288250,0.503673,0.0,0.000000
0.004288500,0.503818,0.0,0.000000
0.004288750,0.503963,0.0,0.000000
0.004289000,0.504108,0.0,0.000000
0.004289250,0.504253,0.0,0.000000
0.004289500,0.504398,0.0,0.000000
0.004289750,0.504543,0.0,0.000000
0.004290000,0.504688,0.0,0.000000
0.004290250,0.504832,0.0,0.000000
0.004290500,0.504977,0.0,0.000000
0.004290750,0.505122,0.0,0.000000
0.004291000,0.505267,0.0,0.000000
0.004291250,0.505412,0.0,0.000000
0.004291500,0.505556,0.0,0.000000
0.004291750,0.505701,0.0,0.000000
0.004292000,0.505846,0.0,0.000000
0.004292250,0.505990,0.0,0.000000
0.004292500,0.506135,0.0,0.000000
0.004292750,0.506279,0.0,0.000000
0.004293000,0.506424,0.0,0.000000
0.004293250,0.506568,0.0,0.000000
0.004293500,0.506713,0.0,0.000000
0.004293750,0.506857,0.0,0.000000
0.004294000,0.507002,0.0,0.000000
0.004294250,0.507146,0.0,0.000000
0.004294500,0.507290,0.0,0.000000
0.004294750,0.507435,0.0,0.000000
0.004295000,0.507579,0.0,0.000000
0.004295250,0.507723,0.0,0.000000
0.004295500,0.507867,0.0,0.000000
0.004295750,0.508012,0.0,0.000000
0.004296000,0.508156,0.0,0.000000
0.004296250,0.508300,0.0,0.000000
0.004296500,0.508444,0.0,0.000000
0.004296750,0.508588,0.0,0.000000
0.004297000,0.508732,0.0,0.000000
0.004297250,0.508876,0.0,0.000000
0.004297500,0.509020,0.0,0.000000
0.004297750,0.509164,0.0,0.000000
0.004298000,0.509308,0.0,0.000000
0.004298250,0.509452,0.0,0.000000
0.004298500,0.509596,0.0,0.000000
0.004298750,0.509739,0.0,0.000000
0.004299000,0.509883,0.0,0.000000
0.004299250,0.510027,0.0,0.000000
0.004299500,0.510171,0.0,0.000000
0.004299750,0.510314,0.0,0.000000
0.004300000,0.510458,0.0,0.000000
0.004300250,0.510602,0.0,0.000000
0.004300500,0.510745,0.0,0.000000
0.004300750,0.510889,0.0,0.000000
0.004301000,0.511032,0.0,0.000000
0.004301250,0.511176,0.0,0.000000
0.004301500,0.511319,0.0,0.000000
0.004301750,0.511463,0.0,0.000000
0.004302000,0.511606,0.0,0.000000
0.004302250,0.511750,0.0,0.000000
0.004302500,0.511893,0.0,0.000000
0.004302750,0.512036,0.0,0.000000
0.004303000,0.512180,0.0,0.000000
0.004303250,0.512323,0.0,0.000000
0.004303500,0.512466,0.0,0.000000
0.004303750,0.512609,0.0,0.000000
0.004304000,0.512752,0.0,0.000000
0.004304250,0.512896,0.0,0.000000
0.004304500,0.513039,0.0,0.000000
0.004304750,0.513182,0.0,0.000000
0.004305000,0.513325,0.0,0.000000
0.004305250,0.513468,0.0,0.000000
0.004305500,0.513611,0.0,0.000000
0.004305750,0.513754,0.0,0.000000
0.004306000,0.513897,0.0,0.000000
0.004306250,0.514040,0.0,0.000000
0.004306500,0.514183,0.0,0.000000
0.004306750,0.514326,0.0,0.000000
0.004307000,0.514468,0.0,0.000000
0.004307250,0.514611,0.0,0.000000
0.004307500,0.514754,0.0,0.000000
0.004307750,0.514897,0.0,0.000000
0.004308000,0.515039,0.0,0.000000
0.004308250,0.515182,0.0,0.000000
0.004308500,0.515325,0.0,0.000000
0.004308750,0.515467,0.0,0.000000
0.004309000,0.515610,0.0,0.000000
0.004309250,0.515752,0.0,0.000000
0.004309500,0.515895,0.0,0.000000
0.004309750,0.516038,0.0,0.000000
0.004310000,0.516180,0.0,0.000000
0.004310250,0.516322,0.0,0.000000
0.004310500,0.516465,0.0,0.000000
0.004310750,0.516607,0.0,0.000000
0.004311000,0.516750,0.0,0.000000
0.004311250,0.516892,0.0,0.000000
0.004311500,0.517034,0.0,0.000000
0.004311750,0.517176,0.0,0.000000
0.004312000,0.517319,0.0,0.000000
0.004312250,0.517461,0.0,0.000000
0.004312500,0.517603,0.0,0.000000
0.004312750,0.517745,0.0,0.000000
0.004313000,0.517887,0.0,0.000000
0.004313250,0.518029,0.0,0.000000
0.004313500,0.518171,0.0,0.000000
0.004313750,0.518313,0.0,0.000000
0.004314000,0.518455,0.0,0.000000
0.004314250,0.518597,0.0,0.000000
0.004314500,0.518739,0.0,0.000000
0.004314750,0.518881,0.0,0.000000
0.004315000,0.519023,0.0,0.000000
0.004315250,0.519165,0.0,0.000000
0.004315500,0.519307,0.0,0.000000
0.004315750,0.519449,0.0,0.000000
0.004316000,0.519591,0.0,0.000000
0.004316250,0.519732,0.0,0.000000
0.004316500,0.519874,0.0,0.000000
0.004316750,0.520016,0.0,0.000000
0.004317000,0.520157,0.0,0.000000
0.004317250,0.520299,0.0,0.000000
0.004317500,0.520441,0.0,0.000000
0.004317750,0.520582,0.0,0.000000
0.004318000,0.520724,0.0,0.000000
0.004318250,0.520865,0.0,0.000000
0.004318500,0.521007,0.0,0.000000
0.004318750,0.521148,0.0,0.000000
0.004319000,0.521290,0.0,0.000000
0.004319250,0.521431,0.0,0.000000
0.004319500,0.521572,0.0,0.000000
0.004319750,0.521714,0.0,0.000000
0.004320000,0.521855,0.0,0.000000
0.004320250,0.521996,0.0,0.000000
0.004320500,0.522138,0.0,0.000000
0.004320750,0.522279,0.0,0.000000
0.004321000,0.522420,0.0,0.000000
0.004321250,0.522561,0.0,0.000000
0.004321500,0.522702,0.0,0.000000
0.004321750,0.522843,0.0,0.000000
0.004322000,0.522984,0.0,0.000000
0.004322250,0.523125,0.0,0.000000
0.004322500,0.523266,0.0,0.000000
0.004322750,0.523407,0.0,0.000000
0.004323000,0.523548,0.0,0.000000
0.004323250,0.523689,0.0,0.000000
0.004323500,0.523830,0.0,0.000000
0.004323750,0.523971,0.0,0.000000
0.004324000,0.524112,0.0,0.000000
0.004324250,0.524253,0.0,0.000000
0.004324500,0.524393,0.0,0.000000
0.004324750,0.524534,0.0,0.000000
0.004325000,0.524675,0.0,0.000000
0.004325250,0.524816,0.0,0.000000
0.004325500,0.524956,0.0,0.000000
0.004325750,0.525097,0.0,0.000000
0.004326000,0.525238,0.0,0.000000
0.004326250,0.525378,0.0,0.000000
0.004326500,0.525519,0.0,0.000000
0.004326750,0.525659,0.0,0.000000
0.004327000,0.525800,0.0,0.000000
0.004327250,0.525940,0.0,0.000000
0.004327500,0.526080,0.0,0.000000
0.004327750,0.526221,0.0,0.000000
0.004328000,0.526361,0.0,0.000000
0.004328250,0.526501,0.0,0.000000
0.004328500,0.526642,0.0,0.000000
0.004328750,0.526782,0.0,0.000000
0.004329000,0.526922,0.0,0.000000
0.004329250,0.527062,0.0,0.000000
0.004329500,0.527203,0.0,0.000000
0.004329750,0.527343,0.0,0.000000
0.004330000,0.527483,0.0,0.000000
0.004330250,0.527623,0.0,0.000000
0.004330500,0.527763,0.0,0.000000
0.004330750,0.527903,0.0,0.000000
0.004331000,0.528043,0.0,0.000000
0.004331250,0.528183,0.0,0.000000
0.004331500,0.528323,0.0,0.000000
0.004331750,0.528463,0.0,0.000000
0.004332000,0.528603,0.0,0.000000
0.004332250,0.528743,0.0,0.000000
0.004332500,0.528883,0.0,0.000000
0.004332750,0.529022,0.0,0.000000
0.004333000,0.529162,0.0,0.000000
0.004333250,0.529302,0.0,0.000000
0.004333500,0.529442,0.0,0.000000
0.004333750,0.529581,0.0,0.000000
0.004334000,0.529721,0.0,0.000000
0.004334250,0.529861,0.0,0.000000
0.004334500,0.530000,0.0,0.000000
0.004334750,0.530140,0.0,0.000000
0.004335000,0.530279,0.0,0.000000
0.004335250,0.530419,0.0,0.000000
0.004335500,0.530558,0.0,0.000000
0.004335750,0.530698,0.0,0.000000
0.004336000,0.530837,0.0,0.000000
0.004336250,0.530977,0.0,0.000000
0.004336500,0.531116,0.0,0.000000
0.004336750,0.531255,0.0,0.000000
0.004337000,0.531395,0.0,0.000000
0.004337250,0.531534,0.0,0.000000
0.004337500,0.531673,0.0,0.000000
0.004337750,0.531812,0.0,0.000000
0.004338000,0.531952,0.0,0.000000
0.004338250,0.532091,0.0,0.000000
0.004338500,0.532230,0.0,0.000000
0.004338750,0.532369,0.0,0.000000
0.004339000,0.532508,0.0,0.000000
0.004339250,0.532647,0.0,0.000000
0.004339500,0.532786,0.0,0.000000
0.004339750,0.532925,0.0,0.000000
0.004340000,0.533064,0.0,0.000000
0.004340250,0.533203,0.0,0.000000
0.004340500,0.533342,0.0,0.000000
0.004340750,0.533481,0.0,0.000000
0.004341000,0.533620,0.0,0.000000
0.004341250,0.533758,0.0,0.000000
0.004341500,0.533897,0.0,0.000000
0.004341750,0.534036,0.0,0.000000
0.004342000,0.534175,0.0,0.000000
0.004342250,0.534313,0.0,0.000000
0.004342500,0.534452,0.0,0.000000
0.004342750,0.534591,0.0,0.000000
0.004343000,0.534729,0.0,0.000000
0.004343250,0.534868,0.0,0.000000
0.004343500,0.535007,0.0,0.000000
0.004343750,0.535145,0.0,0.000000
0.004344000,0.535284,0.0,0.000000
0.004344250,0.535422,0.0,0.000000
0.004344500,0.535561,0.0,0.000000
0.004344750,0.535699,0.0,0.000000
0.004345000,0.535837,0.0,0.000000
0.004345250,0.535976,0.0,0.000000
0.004345500,0.536114,0.0,0.000000
0.004345750,0.536252,0.0,0.000000
0.004346000,0.536391,0.0,0.000000
0.004346250,0.536529,0.0,0.000000
0.004346500,0.536667,0.0,0.000000
0.004346750,0.536805,0.0,0.000000
0.004347000,0.536943,0.0,0.000000
0.004347250,0.537082,0.0,0.000000
0.004347500,0.537220,0.0,0.000000
0.004347750,0.537358,0.0,0.000000
0.004348000,0.537496,0.0,0.000000
0.004348250,0.537634,0.0,0.000000
0.004348500,0.537772,0.0,0.000000
0.004348750,0.537910,0.0,0.000000
0.004349000,0.538048,0.0,0.000000
0.004349250,0.538185,0.0,0.000000
0.004349500,0.538323,0.0,0.000000
0.004349750,0.538461,0.0,0.000000
0.004350000,0.538599,0.0,0.000000
0.004350250,0.538737,0.0,0.000000
0.004350500,0.538875,0.0,0.000000
0.004350750,0.539012,0.0,0.000000
0.004351000,0.539150,0.0,0.000000
0.004351250,0.539288,0.0,0.000000
0.004351500,0.539425,0.0,0.000000
0.004351750,0.539563,0.0,0.000000
0.004352000,0.539701,0.0,0.000000
0.004352250,0.539838,0.0,0.000000
0.004352500,0.539976,0.0,0.000000
0.004352750,0.540113,0.0,0.000000
0.004353000,0.540251,0.0,0.000000
0.004353250,0.540388,0.0,0.000000
0.004353500,0.540525,0.0,0.000000
0.004353750,0.540663,0.0,0.000000
0.004354000,0.540800,0.0,0.000000
0.004354250,0.540937,0.0,0.000000
0.004354500,0.541075,0.0,0.000000
0.004354750,0.541212,0.0,0.000000
0.004355000,0.541349,0.0,0.000000
0.004355250,0.541486,0.0,0.000000
0.004355500,0.541624,0.0,0.000000
0.004355750,0.541761,0.0,0.000000
0.004356000,0.541898,0.0,0.000000
0.004356250,0.542035,0.0,0.000000
0.004356500,0.542172,0.0,0.000000
0.004356750,0.542309,0.0,0.000000
0.004357000,0.542446,0.0,0.000000
0.004357250,0.542583,0.0,0.000000
0.004357500,0.542720,0.0,0.000000
0.004357750,0.542857,0.0,0.000000
0.004358000,0.542994,0.0,0.000000
0.004358250,0.543131,0.0,0.000000
0.004358500,0.543268,0.0,0.000000
0.004358750,0.543404,0.0,0.000000
0.004359000,0.543541,0.0,0.000000
0.004359250,0.543678,0.0,0.000000
0.004359500,0.543815,0.0,0.000000
0.004359750,0.543951,0.0,0.000000
0.004360000,0.544088,0.0,0.000000
0.004360250,0.544225,0.0,0.000000
0.004360500,0.544361,0.0,0.000000
0.004360750,0.544498,0.0,0.000000
0.004361000,0.544634,0.0,0.000000
0.004361250,0.544771,0.0,0.000000
0.004361500,0.544907,0.0,0.000000
0.004361750,0.545044,0.0,0.000000
0.004362000,0.545180,0.0,0.000000
0.004362250,0.545317,0.0,0.000000
0.004362500,0.545453,0.0,0.000000
0.004362750,0.545590,0.0,0.000000
0.004363000,0.545726,0.0,0.000000
0.004363250,0.545862,0.0,0.000000
0.004363500,0.545998,0.0,0.000000
0.004363750,0.546135,0.0,0.000000
0.004364000,0.546271,0.0,0.000000
0.004364250,0.546407,0.0,0.000000
0.004364500,0.546543,0.0,0.000000
0.004364750,0.546679,0.0,0.000000
0.004365000,0.546815,0.0,0.000000
0.004365250,0.546951,0.0,0.000000
0.004365500,0.547087,0.0,0.000000
0.004365750,0.547224,0.0,0.000000
0.004366000,0.547359,0.0,0.000000
0.004366250,0.547495,0.0,0.000000
0.004366500,0.547631,0.0,0.000000
0.004366750,0.547767,0.0,0.000000
0.004367000,0.547903,0.0,0.000000
0.004367250,0.548039,0.0,0.000000
0.004367500,0.548175,0.0,0.000000
0.004367750,0.548311,0.0,0.000000
0.004368000,0.548446,0.0,0.000000
0.004368250,0.548582,0.0,0.000000
0.004368500,0.548718,0.0,0.000000
0.004368750,0.548854,0.0,0.000000
0.004369000,0.548989,0.0,0.000000
0.004369250,0.549125,0.0,0.000000
0.004369500,0.549260,0.0,0.000000
0.004369750,0.549396,0.0,0.000000
0.004370000,0.549531,0.0,0.000000
0.004370250,0.549667,0.0,0.000000
0.004370500,0.549802,0.0,0.000000
0.004370750,0.549938,0.0,0.000000
0.004371000,0.550073,0.0,0.000000
0.004371250,0.550209,0.0,0.000000
0.004371500,0.550344,0.0,0.000000
0.004371750,0.550479,0.0,0.000000
0.004372000,0.550615,0.0,0.000000
0.004372250,0.550750,0.0,0.000000
0.004372500,0.550885,0.0,0.000000
0.004372750,0.551020,0.0,0.000000
0.004373000,0.551156,0.0,0.000000
0.004373250,0.551291,0.0,0.000000
0.004373500,0.551426,0.0,0.000000
0.004373750,0.551561,0.0,0.000000
0.004374000,0.551696,0.0,0.000000
0.004374250,0.551831,0.0,0.000000
0.004374500,0.551966,0.0,0.000000
0.004374750,0.552101,0.0,0.000000
0.004375000,0.552236,0.0,0.000000
0.004375250,0.552371,0.0,0.000000
0.004375500,0.552506,0.0,0.000000
0.004375750,0.552641,0.0,0.000000
0.004376000,0.552776,0.0,0.000000
0.004376250,0.552911,0.0,0.000000
0.004376500,0.553045,0.0,0.000000
0.004376750,0.553180,0.0,0.000000
0.004377000,0.553315,0.0,0.000000
0.004377250,0.553450,0.0,0.000000
0.004377500,0.553584,0.0,0.000000
0.004377750,0.553719,0.0,0.000000
0.004378000,0.553854,0.0,0.000000
0.004378250,0.553988,0.0,0.000000
0.004378500,0.554123,0.0,0.000000
0.004378750,0.554257,0.0,0.000000
0.004379000,0.554392,0.0,0.000000
0.004379250,0.554526,0.0,0.000000
0.004379500,0.554661,0.0,0.000000
0.004379750,0.554795,0.0,0.000000
0.004380000,0.554930,0.0,0.000000
0.004380250,0.555064,0.0,0.000000
0.004380500,0.555198,0.0,0.000000
0.004380750,0.555333,0.0,0.000000
0.004381000,0.555467,0.0,0.000000
0.004381250,0.555601,0.0,0.000000
0.004381500,0.555736,0.0,0.000000
0.004381750,0.555870,0.0,0.000000
0.004382000,0.556004,0.0,0.000000
0.004382250,0.556138,0.0,0.000000
0.004382500,0.556272,0.0,0.000000
0.004382750,0.556406,0.0,0.000000
0.004383000,0.556540,0.0,0.000000
0.004383250,0.556674,0.0,0.000000
0.004383500,0.556808,0.0,0.000000
0.004383750,0.556942,0.0,0.000000
0.004384000,0.557076,0.0,0.000000
0.004384250,0.557210,0.0,0.000000
0.004384500,0.557344,0.0,0.000000
0.004384750,0.557478,0.0,0.000000
0.004385000,0.557612,0.0,0.000000
0.004385250,0.557746,0.0,0.000000
0.004385500,0.557880,0.0,0.000000
0.004385750,0.558013,0.0,0.000000
0.004386000,0.558147,0.0,0.000000
0.004386250,0.558281,0.0,0.000000
0.004386500,0.558414,0.0,0.000000
0.004386750,0.558548,0.0,0.000000
0.004387000,0.558682,0.0,0.000000
0.004387250,0.558815,0.0,0.000000
0.004387500,0.558949,0.0,0.000000
0.004387750,0.559082,0.0,0.000000
0.004388000,0.559216,0.0,0.000000
0.004388250,0.559349,0.0,0.000000
0.004388500,0.559483,0.0,0.000000
0.004388750,0.559616,0.0,0.000000
0.004389000,0.559750,0.0,0.000000
0.004389250,0.559883,0.0,0.000000
0.004389500,0.560016,0.0,0.000000
0.004389750,0.560150,0.0,0.000000
0.004390000,0.560283,0.0,0.000000
0.004390250,0.560416,0.0,0.000000
0.004390500,0.560550,0.0,0.000000
0.004390750,0.560683,0.0,0.000000
0.004391000,0.560816,0.0,0.000000
0.004391250,0.560949,0.0,0.000000
0.004391500,0.561082,0.0,0.000000
0.004391750,0.561215,0.0,0.000000
0.004392000,0.561348,0.0,0.000000
0.004392250,0.561481,0.0,0.000000
0.004392500,0.561614,0.0,0.000000
0.004392750,0.561747,0.0,0.000000
0.004393000,0.561880,0.0,0.000000
0.004393250,0.562013,0.0,0.000000
0.004393500,0.562146,0.0,0.000000
0.004393750,0.562279,0.0,0.000000
0.004394000,0.562412,0.0,0.000000
0.004394250,0.562545,0.0,0.000000
0.004394500,0.562678,0.0,0.000000
0.004394750,0.562810,0.0,0.000000
0.004395000,0.562943,0.0,0.000000
0.004395250,0.563076,0.0,0.000000
0.004395500,0.563208,0.0,0.000000
0.004395750,0.563341,0.0,0.000000
0.004396000,0.563474,0.0,0.000000
0.004396250,0.563606,0.0,0.000000
0.004396500,0.563739,0.0,0.000000
0.004396750,0.563872,0.0,0.000000
0.004397000,0.564004,0.0,0.000000
0.004397250,0.564137,0.0,0.000000
0.004397500,0.564269,0.0,0.000000
0.004397750,0.564401,0.0,0.000000
0.004398000,0.564534,0.0,0.000000
0.004398250,0.564666,0.0,0.000000
0.004398500,0.564798,0.0,0.000000
0.004398750,0.564931,0.0,0.000000
0.004399000,0.565063,0.0,0.000000
0.004399250,0.565195,0.0,0.000000
0.004399500,0.565328,0.0,0.000000
0.004399750,0.565460,0.0,0.000000
0.004400000,0.565592,0.0,0.000000
0.004400250,0.565724,0.0,0.000000
0.004400500,0.565856,0.0,0.000000
0.004400750,0.565988,0.0,0.000000
0.004401000,0.566121,0.0,0.000000
0.004401250,0.566253,0.0,0.000000
0.004401500,0.566385,0.0,0.000000
0.004401750,0.566517,0.0,0.000000
0.004402000,0.566648,0.0,0.000000
0.004402250,0.566780,0.0,0.000000
0.004402500,0.566912,0.0,0.000000
0.004402750,0.567044,0.0,0.000000
0.004403000,0.567176,0.0,0.000000
0.004403250,0.567308,0.0,0.000000
0.004403500,0.567440,0.0,0.000000
0.004403750,0.567572,0.0,0.000000
0.004404000,0.567703,0.0,0.000000
0.004404250,0.567835,0.0,0.000000
0.004404500,0.567967,0.0,0.000000
0.004404750,0.568098,0.0,0.000000
0.004405000,0.568230,0.0,0.000000
0.004405250,0.568362,0.0,0.000000
0.004405500,0.568493,0.0,0.000000
0.004405750,0.568625,0.0,0.000000
0.004406000,0.568756,0.0,0.000000
0.004406250,0.568888,0.0,0.000000
0.004406500,0.569019,0.0,0.000000
0.004406750,0.569151,0.0,0.000000
0.004407000,0.569282,0.0,0.000000
0.004407250,0.569413,0.0,0.000000
0.004407500,0.569545,0.0,0.000000
0.004407750,0.569676,0.0,0.000000
0.004408000,0.569807,0.0,0.000000
0.004408250,0.569939,0.0,0.000000
0.004408500,0.570070,0.0,0.000000
0.004408750,0.570201,0.0,0.000000
0.004409000,0.570332,0.0,0.000000
0.004409250,0.570464,0.0,0.000000
0.004409500,0.570595,0.0,0.000000
0.004409750,0.570726,0.0,0.000000
0.004410000,0.570857,0.0,0.000000
0.004410250,0.570988,0.0,0.000000
0.004410500,0.571119,0.0,0.000000
0.004410750,0.571250,0.0,0.000000
0.004411000,0.571381,0.0,0.000000
0.004411250,0.571512,0.0,0.000000
0.004411500,0.571643,0.0,0.000000
0.004411750,0.571774,0.0,0.000000
0.004412000,0.571905,0.0,0.000000
0.004412250,0.572035,0.0,0.000000
0.004412500,0.572166,0.0,0.000000
0.004412750,0.572297,0.0,0.000000
0.004413000,0.572428,0.0,0.000000
0.004413250,0.572559,0.0,0.000000
0.004413500,0.572689,0.0,0.000000
0.004413750,0.572820,0.0,0.000000
0.004414000,0.572951,0.0,0.000000
0.004414250,0.573081,0.0,0.000000
0.004414500,0.573212,0.0,0.000000
0.004414750,0.573342,0.0,0.000000
0.004415000,0.573473,0.0,0.000000
0.004415250,0.573604,0.0,0.000000
0.004415500,0.573734,0.0,0.000000
0.004415750,0.573864,0.0,0.000000
0.004416000,0.573995,0.0,0.000000
0.004416250,0.574125,0.0,0.000000
0.004416500,0.574256,0.0,0.000000
0.004416750,0.574386,0.0,0.000000
0.004417000,0.574516,0.0,0.000000
0.004417250,0.574647,0.0,0.000000
0.004417500,0.574777,0.0,0.000000
0.004417750,0.574907,0.0,0.000000
0.004418000,0.575037,0.0,0.000000
0.004418250,0.575168,0.0,0.000000
0.004418500,0.575298,0.0,0.000000
0.004418750,0.575428,0.0,0.000000
0.004419000,0.575558,0.0,0.000000
0.004419250,0.575688,0.0,0.000000
0.004419500,0.575818,0.0,0.000000
0.004419750,0.575948,0.0,0.000000
0.004420000,0.576078,0.0,0.000000
0.004420250,0.576208,0.0,0.000000
0.004420500,0.576338,0.0,0.000000
0.004420750,0.576468,0.0,0.000000
0.004421000,0.576598,0.0,0.000000
0.004421250,0.576728,0.0,0.000000
0.004421500,0.576858,0.0,0.000000
0.004421750,0.576987,0.0,0.000000
0.004422000,0.577117,0.0,0.000000
0.004422250,0.577247,0.0,0.000000
0.004422500,0.577377,0.0,0.000000
0.004422750,0.577506,0.0,0.000000
0.004423000,0.577636,0.0,0.000000
0.004423250,0.577766,0.0,0.000000
0.004423500,0.577895,0.0,0.000000
0.004423750,0.578025,0.0,0.000000
0.004424000,0.578155,0.0,0.000000
0.004424250,0.578284,0.0,0.000000
0.004424500,0.578414,0.0,0.000000
0.004424750,0.578543,0.0,0.000000
0.004425000,0.578673,0.0,0.000000
0.004425250,0.578802,0.0,0.000000
0.004425500,0.578931,0.0,0.000000
0.004425750,0.579061,0.0,0.000000
0.004426000,0.579190,0.0,0.000000
0.004426250,0.579319,0.0,0.000000
0.004426500,0.579449,0.0,0.000000
0.004426750,0.579578,0.0,0.000000
0.004427000,0.579707,0.0,0.000000
0.004427250,0.579836,0.0,0.000000
0.004427500,0.579966,0.0,0.000000
0.004427750,0.580095,0.0,0.000000
0.004428000,0.580224,0.0,0.000000
0.004428250,0.580353,0.0,0.000000
0.004428500,0.580482,0.0,0.000000
0.004428750,0.580611,0.0,0.000000
0.004429000,0.580740,0.0,0.000000
0.004429250,0.580869,0.0,0.000000
0.004429500,0.580998,0.0,0.000000
0.004429750,0.581127,0.0,0.000000
0.004430000,0.581256,0.0,0.000000
0.004430250,0.581385,0.0,0.000000
0.004430500,0.581514,0.0,0.000000
0.004430750,0.581643,0.0,0.000000
0.004431000,0.581772,0.0,0.000000
0.004431250,0.581900,0.0,0.000000
0.004431500,0.582029,0.0,0.000000
0.004431750,0.582158,0.0,0.000000
0.004432000,0.582287,0.0,0.000000
0.004432250,0.582415,0.0,0.000000
0.004432500,0.582544,0.0,0.000000
0.004432750,0.582672,0.0,0.000000
0.004433000,0.582801,0.0,0.000000
0.004433250,0.582930,0.0,0.000000
0.004433500,0.583058,0.0,0.000000
0.004433750,0.583187,0.0,0.000000
0.004434000,0.583315,0.0,0.000000
0.004434250,0.583444,0.0,0.000000
0.004434500,0.583572,0.0,0.000000
0.004434750,0.583701,0.0,0.000000
0.004435000,0.583829,0.0,0.000000
0.004435250,0.583957,0.0,0.000000
0.004435500,0.584086,0.0,0.000000
0.004435750,0.584214,0.0,0.000000
0.004436000,0.584342,0.0,0.000000
0.004436250,0.584471,0.0,0.000000
0.004436500,0.584599,0.0,0.000000
0.004436750,0.584727,0.0,0.000000
0.004437000,0.584855,0.0,0.000000
0.004437250,0.584983,0.0,0.000000
0.004437500,0.585111,0.0,0.000000
0.004437750,0.585239,0.0,0.000000
0.004438000,0.585368,0.0,0.000000
0.004438250,0.585496,0.0,0.000000
0.004438500,0.585624,0.0,0.000000
0.004438750,0.585752,0.0,0.000000
0.004439000,0.585880,0.0,0.000000
0.004439250,0.586007,0.0,0.000000
0.004439500,0.586135,0.0,0.000000
0.004439750,0.586263,0.0,0.000000
0.004440000,0.586391,0.0,0.000000
0.004440250,0.586519,0.0,0.000000
0.004440500,0.586647,0.0,0.000000
0.004440750,0.586774,0.0,0.000000
0.004441000,0.586902,0.0,0.000000
0.004441250,0.587030,0.0,0.000000
0.004441500,0.587158,0.0,0.000000
0.004441750,0.587285,0.0,0.000000
0.004442000,0.587413,0.0,0.000000
0.004442250,0.587541,0.0,0.000000
0.004442500,0.587668,0.0,0.000000
0.004442750,0.587796,0.0,0.000000
0.004443000,0.587923,0.0,0.000000
0.004443250,0.588051,0.0,0.000000
0.004443500,0.588178,0.0,0.000000
0.004443750,0.588306,0.0,0.000000
0.004444000,0.588433,0.0,0.000000
0.004444250,0.588560,0.0,0.000000
0.004444500,0.588688,0.0,0.000000
0.004444750,0.588815,0.0,0.000000
0.004445000,0.588943,0.0,0.000000
0.004445250,0.589070,0.0,0.000000
0.004445500,0.589197,0.0,0.000000
0.004445750,0.589324,0.0,0.000000
0.004446000,0.589452,0.0,0.000000
0.004446250,0.589579,0.0,0.000000
0.004446500,0.589706,0.0,0.000000
0.004446750,0.589833,0.0,0.000000
0.004447000,0.589960,0.0,0.000000
0.004447250,0.590087,0.0,0.000000
0.004447500,0.590214,0.0,0.000000
0.004447750,0.590341,0.0,0.000000
0.004448000,0.590468,0.0,0.000000
0.004448250,0.590595,0.0,0.000000
0.004448500,0.590722,0.0,0.000000
0.004448750,0.590849,0.0,0.000000
0.004449000,0.590976,0.0,0.000000
0.004449250,0.591103,0.0,0.000000
0.004449500,0.591230,0.0,0.000000
0.004449750,0.591357,0.0,0.000000
0.004450000,0.591483,0.0,0.000000
0.004450250,0.591610,0.0,0.000000
0.004450500,0.591737,0.0,0.000000
0.004450750,0.591864,0.0,0.000000
0.004451000,0.591990,0.0,0.000000
0.004451250,0.592117,0.0,0.000000
0.004451500,0.592244,0.0,0.000000
0.004451750,0.592370,0.0,0.000000
0.004452000,0.592497,0.0,0.000000
0.004452250,0.592623,0.0,0.000000
0.004452500,0.592750,0.0,0.000000
0.004452750,0.592876,0.0,0.000000
0.004453000,0.593003,0.0,0.000000
0.004453250,0.593129,0.0,0.000000
0.004453500,0.593256,0.0,0.000000
0.004453750,0.593382,0.0,0.000000
0.004454000,0.593508,0.0,0.000000
0.004454250,0.593635,0.0,0.000000
0.004454500,0.593761,0.0,0.000000
0.004454750,0.593887,0.0,0.000000
0.004455000,0.594014,0.0,0.000000
0.004455250,0.594140,0.0,0.000000
0.004455500,0.594266,0.0,0.000000
0.004455750,0.594392,0.0,0.000000
0.004456000,0.594518,0.0,0.000000
0.004456250,0.594645,0.0,0.000000
0.004456500,0.594771,0.0,0.000000
0.004456750,0.594897,0.0,0.000000
0.004457000,0.595023,0.0,0.000000
0.004457250,0.595149,0.0,0.000000
0.004457500,0.595275,0.0,0.000000
0.004457750,0.595401,0.0,0.000000
0.004458000,0.595527,0.0,0.000000
0.004458250,0.595653,0.0,0.000000
0.004458500,0.595779,0.0,0.000000
0.004458750,0.595905,0.0,0.000000
0.004459000,0.596030,0.0,0.000000
0.004459250,0.596156,0.0,0.000000
0.004459500,0.596282,0.0,0.000000
0.004459750,0.596408,0.0,0.000000
0.004460000,0.596533,0.0,0.000000
0.004460250,0.596659,0.0,0.000000
0.004460500,0.596785,0.0,0.000000
0.004460750,0.596911,0.0,0.000000
0.004461000,0.597036,0.0,0.000000
0.004461250,0.597162,0.0,0.000000
0.004461500,0.597287,0.0,0.000000
0.004461750,0.597413,0.0,0.000000
0.004462000,0.597538,0.0,0.000000
0.004462250,0.597664,0.0,0.000000
0.004462500,0.597789,0.0,0.000000
0.004462750,0.597915,0.0,0.000000
0.004463000,0.598040,0.0,0.000000
0.004463250,0.598166,0.0,0.000000
0.004463500,0.598291,0.0,0.000000
0.004463750,0.598416,0.0,0.000000
0.004464000,0.598542,0.0,0.000000
0.004464250,0.598667,0.0,0.000000
0.004464500,0.598792,0.0,0.000000
0.004464750,0.598918,0.0,0.000000
0.004465000,0.599043,0.0,0.000000
0.004465250,0.599168,0.0,0.000000
0.004465500,0.599293,0.0,0.000000
0.004465750,0.599418,0.0,0.000000
0.004466000,0.599543,0.0,0.000000
0.004466250,0.599668,0.0,0.000000
0.004466500,0.599793,0.0,0.000000
0.004466750,0.599919,0.0,0.000000
0.004467000,0.600044,0.0,0.000000
0.004467250,0.600169,0.0,0.000000
0.004467500,0.600293,0.0,0.000000
0.004467750,0.600418,0.0,0.000000
0.004468000,0.600543,0.0,0.000000
0.004468250,0.600668,0.0,0.000000
0.004468500,0.600793,0.0,0.000000
0.004468750,0.600918,0.0,0.000000
0.004469000,0.601043,0.0,0.000000
0.004469250,0.601167,0.0,0.000000
0.004469500,0.601292,0.0,0.000000
0.004469750,0.601417,0.0,0.000000
0.004470000,0.601542,0.0,0.000000
0.004470250,0.601666,0.0,0.000000
0.004470500,0.601791,0.0,0.000000
0.004470750,0.601916,0.0,0.000000
0.004471000,0.602040,0.0,0.000000
0.004471250,0.602165,0.0,0.000000
0.004471500,0.602289,0.0,0.000000
0.004471750,0.602414,0.0,0.000000
0.004472000,0.602538,0.0,0.000000
0.004472250,0.602663,0.0,0.000000
0.004472500,0.602787,0.0,0.000000
0.004472750,0.602912,0.0,0.000000
0.004473000,0.603036,0.0,0.000000
0.004473250,0.603160,0.0,0.000000
0.004473500,0.603285,0.0,0.000000
0.004473750,0.603409,0.0,0.000000
0.004474000,0.603533,0.0,0.000000
0.004474250,0.603657,0.0,0.000000
0.004474500,0.603782,0.0,0.000000
0.004474750,0.603906,0.0,0.000000
0.004475000,0.604030,0.0,0.000000
0.004475250,0.604154,0.0,0.000000
0.004475500,0.604278,0.0,0.000000
0.004475750,0.604402,0.0,0.000000
0.004476000,0.604527,0.0,0.000000
0.004476250,0.604651,0.0,0.000000
0.004476500,0.604775,0.0,0.000000
0.004476750,0.604899,0.0,0.000000
0.004477000,0.605023,0.0,0.000000
0.004477250,0.605146,0.0,0.000000
0.004477500,0.605270,0.0,0.000000
0.004477750,0.605394,0.0,0.000000
0.004478000,0.605518,0.0,0.000000
0.004478250,0.605642,0.0,0.000000
0.004478500,0.605766,0.0,0.000000
0.004478750,0.605890,0.0,0.000000
0.004479000,0.606013,0.0,0.000000
0.004479250,0.606137,0.0,0.000000
0.004479500,0.606261,0.0,0.000000
0.004479750,0.606385,0.0,0.000000
0.004480000,0.606508,0.0,0.000000
0.004480250,0.606632,0.0,0.000000
0.004480500,0.606755,0.0,0.000000
0.004480750,0.606879,0.0,0.000000
0.004481000,0.607003,0.0,0.000000
0.004481250,0.607126,0.0,0.000000
0.004481500,0.607250,0.0,0.000000
0.004481750,0.607373,0.0,0.000000
0.004482000,0.607497,0.0,0.000000
0.004482250,0.607620,0.0,0.000000
0.004482500,0.607743,0.0,0.000000
0.004482750,0.607867,0.0,0.000000
0.004483000,0.607990,0.0,0.000000
0.004483250,0.608113,0.0,0.000000
0.004483500,0.608237,0.0,0.000000
0.004483750,0.608360,0.0,0.000000
0.004484000,0.608483,0.0,0.000000
0.004484250,0.608607,0.0,0.000000
0.004484500,0.608730,0.0,0.000000
0.004484750,0.608853,0.0,0.000000
0.004485000,0.608976,0.0,0.000000
0.004485250,0.609099,0.0,0.000000
0.004485500,0.609222,0.0,0.000000
0.004485750,0.609345,0.0,0.000000
0.004486000,0.609468,0.0,0.000000
0.004486250,0.609591,0.0,0.000000
0.004486500,0.609714,0.0,0.000000
0.004486750,0.609837,0.0,0.000000
0.004487000,0.609960,0.0,0.000000
0.004487250,0.610083,0.0,0.000000
0.004487500,0.610206,0.0,0.000000
0.004487750,0.610329,0.0,0.000000
0.004488000,0.610452,0.0,0.000000
0.004488250,0.610575,0.0,0.000000
0.004488500,0.610697,0.0,0.000000
0.004488750,0.610820,0.0,0.000000
0.004489000,0.610943,0.0,0.000000
0.004489250,0.611066,0.0,0.000000
0.004489500,0.611188,0.0,0.000000
0.004489750,0.611311,0.0,0.000000
0.004490000,0.611434,0.0,0.000000
0.004490250,0.611556,0.0,0.000000
0.004490500,0.611679,0.0,0.000000
0.004490750,0.611801,0.0,0.000000
0.004491000,0.611924,0.0,0.000000
0.004491250,0.612046,0.0,0.000000
0.004491500,0.612169,0.0,0.000000
0.004491750,0.612291,0.0,0.000000
0.004492000,0.612414,0.0,0.000000
0.004492250,0.612536,0.0,0.000000
0.004492500,0.612658,0.0,0.000000
0.004492750,0.612781,0.0,0.000000
0.004493000,0.612903,0.0,0.000000
0.004493250,0.613025,0.0,0.000000
0.004493500,0.613148,0.0,0.000000
0.004493750,0.613270,0.0,0.000000
0.004494000,0.613392,0.0,0.000000
0.004494250,0.613514,0.0,0.000000
0.004494500,0.613637,0.0,0.000000
0.004494750,0.613759,0.0,0.000000
0.004495000,0.613881,0.0,0.000000
0.004495250,0.614003,0.0,0.000000
0.004495500,0.614125,0.0,0.000000
0.004495750,0.614247,0.0,0.000000
0.004496000,0.614369,0.0,0.000000
0.004496250,0.614491,0.0,0.000000
0.004496500,0.614613,0.0,0.000000
0.004496750,0.614735,0.0,0.000000
0.004497000,0.614857,0.0,0.000000
0.004497250,0.614979,0.0,0.000000
0.004497500,0.615101,0.0,0.000000
0.004497750,0.615223,0.0,0.000000
0.004498000,0.615344,0.0,0.000000
0.004498250,0.615466,0.0,0.000000
0.004498500,0.615588,0.0,0.000000
0.004498750,0.615710,0.0,0.000000
0.004499000,0.615831,0.0,0.000000
0.004499250,0.615953,0.0,0.000000
0.004499500,0.616075,0.0,0.000000
0.004499750,0.616196,0.0,0.000000
0.004500000,0.616318,0.0,0.000000
0.004500250,0.616440,0.0,0.000000
0.004500500,0.616561,0.0,0.000000
0.004500750,0.616683,0.0,0.000000
0.004501000,0.616804,0.0,0.000000
0.004501250,0.616926,0.0,0.000000
0.004501500,0.617047,0.0,0.000000
0.004501750,0.617169,0.0,0.000000
0.004502000,0.617290,0.0,0.000000
0.004502250,0.617411,0.0,0.000000
0.004502500,0.617533,0.0,0.000000
0.004502750,0.617654,0.0,0.000000
0.004503000,0.617775,0.0,0.000000
0.004503250,0.617897,0.0,0.000000
0.004503500,0.618018,0.0,0.000000
0.004503750,0.618139,0.0,0.000000
0.004504000,0.618260,0.0,0.000000
0.004504250,0.618382,0.0,0.000000
0.004504500,0.618503,0.0,0.000000
0.004504750,0.618624,0.0,0.000000
0.004505000,0.618745,0.0,0.000000
0.004505250,0.618866,0.0,0.000000
0.004505500,0.618987,0.0,0.000000
0.004505750,0.619108,0.0,0.000000
0.004506000,0.619229,0.0,0.000000
0.004506250,0.619350,0.0,0.000000
0.004506500,0.619471,0.0,0.000000
0.004506750,0.619592,0.0,0.000000
0.004507000,0.619713,0.0,0.000000
0.004507250,0.619834,0.0,0.000000
0.004507500,0.619955,0.0,0.000000
0.004507750,0.620076,0.0,0.000000
0.004508000,0.620196,0.0,0.000000
0.004508250,0.620317,0.0,0.000000
0.004508500,0.620438,0.0,0.000000
0.004508750,0.620559,0.0,0.000000
0.004509000,0.620679,0.0,0.000000
0.004509250,0.620800,0.0,0.000000
0.004509500,0.620921,0.0,0.000000
0.004509750,0.621041,0.0,0.000000
0.004510000,0.621162,0.0,0.000000
0.004510250,0.621283,0.0,0.000000
0.004510500,0.621403,0.0,0.000000
0.004510750,0.621524,0.0,0.000000
0.004511000,0.621644,0.0,0.000000
0.004511250,0.621765,0.0,0.000000
0.004511500,0.621885,0.0,0.000000
0.004511750,0.622006,0.0,0.000000
0.004512000,0.622126,0.0,0.000000
0.004512250,0.622246,0.0,0.000000
0.004512500,0.622367,0.0,0.000000
0.004512750,0.622487,0.0,0.000000
0.004513000,0.622607,0.0,0.000000
0.004513250,0.622728,0.0,0.000000
0.004513500,0.622848,0.0,0.000000
0.004513750,0.622968,0.0,0.000000
0.004514000,0.623088,0.0,0.000000
0.004514250,0.623208,0.0,0.000000
0.004514500,0.623329,0.0,0.000000
0.004514750,0.623449,0.0,0.000000
0.004515000,0.623569,0.0,0.000000
0.004515250,0.623689,0.0,0.000000
0.004515500,0.623809,0.0,0.000000
0.004515750,0.623929,0.0,0.000000
0.004516000,0.624049,0.0,0.000000
0.004516250,0.624169,0.0,0.000000
0.004516500,0.624289,0.0,0.000000
0.004516750,0.624409,0.0,0.000000
0.004517000,0.624529,0.0,0.000000
0.004517250,0.624649,0.0,0.000000
0.004517500,0.624769,0.0,0.000000
0.004517750,0.624888,0.0,0.000000
0.004518000,0.625008,0.0,0.000000
0.004518250,0.625128,0.0,0.000000
0.004518500,0.625248,0.0,0.000000
0.004518750,0.625367,0.0,0.000000
0.004519000,0.625487,0.0,0.000000
0.004519250,0.625607,0.0,0.000000
0.004519500,0.625727,0.0,0.000000
0.004519750,0.625846,0.0,0.000000
0.004520000,0.625966,0.0,0.000000
0.004520250,0.626085,0.0,0.000000
0.004520500,0.626205,0.0,0.000000
0.004520750,0.626324,0.0,0.000000
0.004521000,0.626444,0.0,0.000000
0.004521250,0.626563,0.0,0.000000
0.004521500,0.626683,0.0,0.000000
0.004521750,0.626802,0.0,0.000000
0.004522000,0.626922,0.0,0.000000
0.004522250,0.627041,0.0,0.000000
0.004522500,0.627160,0.0,0.000000
0.004522750,0.627280,0.0,0.000000
0.004523000,0.627399,0.0,0.000000
0.004523250,0.627518,0.0,0.000000
0.004523500,0.627638,0.0,0.000000
0.004523750,0.627757,0.0,0.000000
0.004524000,0.627876,0.0,0.000000
0.004524250,0.627995,0.0,0.000000
0.004524500,0.628114,0.0,0.000000
0.004524750,0.628234,0.0,0.000000
0.004525000,0.628353,0.0,0.000000
0.004525250,0.628472,0.0,0.000000
0.004525500,0.628591,0.0,0.000000
0.004525750,0.628710,0.0,0.000000
0.004526000,0.628829,0.0,0.000000
0.004526250,0.628948,0.0,0.000000
0.004526500,0.629067,0.0,0.000000
0.004526750,0.629186,0.0,0.000000
0.004527000,0.629305,0.0,0.000000
0.004527250,0.629423,0.0,0.000000
0.004527500,0.629542,0.0,0.000000
0.004527750,0.629661,0.0,0.000000
0.004528000,0.629780,0.0,0.000000
0.004528250,0.629899,0.0,0.000000
0.004528500,0.630018,0.0,0.000000
0.004528750,0.630136,0.0,0.000000
0.004529000,0.630255,0.0,0.000000
0.004529250,0.630374,0.0,0.000000
0.004529500,0.630492,0.0,0.000000
0.004529750,0.630611,0.0,0.000000
0.004530000,0.630730,0.0,0.000000
0.004530250,0.630848,0.0,0.000000
0.004530500,0.630967,0.0,0.000000
0.004530750,0.631085,0.0,0.000000
0.004531000,0.631204,0.0,0.000000
0.004531250,0.631322,0.0,0.000000
0.004531500,0.631441,0.0,0.000000
0.004531750,0.631559,0.0,0.000000
0.004532000,0.631678,0.0,0.000000
0.004532250,0.631796,0.0,0.000000
0.004532500,0.631914,0.0,0.000000
0.004532750,0.632033,0.0,0.000000
0.004533000,0.632151,0.0,0.000000
0.004533250,0.632269,0.0,0.000000
0.004533500,0.632388,0.0,0.000000
0.004533750,0.632506,0.0,0.000000
0.004534000,0.632624,0.0,0.000000
0.004534250,0.632742,0.0,0.000000
0.004534500,0.632860,0.0,0.000000
0.004534750,0.632979,0.0,0.000000
0.004535000,0.633097,0.0,0.000000
0.004535250,0.633215,0.0,0.000000
0.004535500,0.633333,0.0,0.000000
0.004535750,0.633451,0.0,0.000000
0.004536000,0.633569,0.0,0.000000
0.004536250,0.633687,0.0,0.000000
0.004536500,0.633805,0.0,0.000000
0.004536750,0.633923,0.0,0.000000
0.004537000,0.634041,0.0,0.000000
0.004537250,0.634159,0.0,0.000000
0.004537500,0.634277,0.0,0.000000
0.004537750,0.634394,0.0,0.000000
0.004538000,0.634512,0.0,0.000000
0.004538250,0.634630,0.0,0.000000
0.004538500,0.634748,0.0,0.000000
0.004538750,0.634866,0.0,0.000000
0.004539000,0.634983,0.0,0.000000
0.004539250,0.635101,0.0,0.000000
0.004539500,0.635219,0.0,0.000000
0.004539750,0.635336,0.0,0.000000
0.004540000,0.635454,0.0,0.000000
0.004540250,0.635572,0.0,0.000000
0.004540500,0.635689,0.0,0.000000
0.004540750,0.635807,0.0,0.000000
0.004541000,0.635924,0.0,0.000000
0.004541250,0.636042,0.0,0.000000
0.004541500,0.636159,0.0,0.000000
0.004541750,0.636277,0.0,0.000000
0.004542000,0.636394,0.0,0.000000
0.004542250,0.636512,0.0,0.000000
0.004542500,0.636629,0.0,0.000000
0.004542750,0.636746,0.0,0.000000
0.004543000,0.636864,0.0,0.000000
0.004543250,0.636981,0.0,0.000000
0.004543500,0.637098,0.0,0.000000
0.004543750,0.637215,0.0,0.000000
0.004544000,0.637333,0.0,0.000000
0.004544250,0.637450,0.0,0.000000
0.004544500,0.637567,0.0,0.000000
0.004544750,0.637684,0.0,0.000000
0.004545000,0.637801,0.0,0.000000
0.004545250,0.637919,0.0,0.000000
0.004545500,0.638036,0.0,0.000000
0.004545750,0.638153,0.0,0.000000
0.004546000,0.638270,0.0,0.000000
0.004546250,0.638387,0.0,0.000000
0.004546500,0.638504,0.0,0.000000
0.004546750,0.638621,0.0,0.000000
0.004547000,0.638738,0.0,0.000000
0.004547250,0.638855,0.0,0.000000
0.004547500,0.638972,0.0,0.000000
0.004547750,0.639088,0.0,0.000000
0.004548000,0.639205,0.0,0.000000
0.004548250,0.639322,0.0,0.000000
0.004548500,0.639439,0.0,0.000000
0.004548750,0.639556,0.0,0.000000
0.004549000,0.639672,0.0,0.000000
0.004549250,0.639789,0.0,0.000000
0.004549500,0.639906,0.0,0.000000
0.004549750,0.640023,0.0,0.000000
0.004550000,0.640139,0.0,0.000000
0.004550250,0.640256,0.0,0.000000
0.004550500,0.640372,0.0,0.000000
0.004550750,0.640489,0.0,0.000000
0.004551000,0.640606,0.0,0.000000
0.004551250,0.640722,0.0,0.000000
0.004551500,0.640839,0.0,0.000000
0.004551750,0.640955,0.0,0.000000
0.004552000,0.641071,0.0,0.000000
0.004552250,0.641188,0.0,0.000000
0.004552500,0.641304,0.0,0.000000
0.004552750,0.641421,0.0,0.000000
0.004553000,0.641537,0.0,0.000000
0.004553250,0.641653,0.0,0.000000
0.004553500,0.641770,0.0,0.000000
0.004553750,0.641886,0.0,0.000000
0.004554000,0.642002,0.0,0.000000
0.004554250,0.642119,0.0,0.000000
0.004554500,0.642235,0.0,0.000000
0.004554750,0.642351,0.0,0.000000
0.004555000,0.642467,0.0,0.000000
0.004555250,0.642583,0.0,0.000000
0.004555500,0.642699,0.0,0.000000
0.004555750,0.642815,0.0,0.000000
0.004556000,0.642932,0.0,0.000000
0.004556250,0.643048,0.0,0.000000
0.004556500,0.643164,0.0,0.000000
0.004556750,0.643280,0.0,0.000000
0.004557000,0.643396,0.0,0.000000
0.004557250,0.643512,0.0,0.000000
0.004557500,0.643627,0.0,0.000000
0.004557750,0.643743,0.0,0.000000
0.004558000,0.643859,0.0,0.000000
0.004558250,0.643975,0.0,0.000000
0.004558500,0.644091,0.0,0.000000
0.004558750,0.644207,0.0,0.000000
0.004559000,0.644323,0.0,0.000000
0.004559250,0.644438,0.0,0.000000
0.004559500,0.644554,0.0,0.000000
0.004559750,0.644670,0.0,0.000000
0.004560000,0.644785,0.0,0.000000
0.004560250,0.644901,0.0,0.000000
0.004560500,0.645017,0.0,0.000000
0.004560750,0.645132,0.0,0.000000
0.004561000,0.645248,0.0,0.000000
0.004561250,0.645363,0.0,0.000000
0.004561500,0.645479,0.0,0.000000
0.004561750,0.645594,0.0,0.000000
0.004562000,0.645710,0.0,0.000000
0.004562250,0.645825,0.0,0.000000
0.004562500,0.645941,0.0,0.000000
0.004562750,0.646056,0.0,0.000000
0.004563000,0.646172,0.0,0.000000
0.004563250,0.646287,0.0,0.000000
0.004563500,0.646402,0.0,0.000000
0.004563750,0.646518,0.0,0.000000
0.004564000,0.646633,0.0,0.000000
0.004564250,0.646748,0.0,0.000000
0.004564500,0.646864,0.0,0.000000
0.004564750,0.646979,0.0,0.000000
0.004565000,0.647094,0.0,0.000000
0.004565250,0.647209,0.0,0.000000
0.004565500,0.647324,0.0,0.000000
0.004565750,0.647439,0.0,0.000000
0.004566000,0.647555,0.0,0.000000
0.004566250,0.647670,0.0,0.000000
0.004566500,0.647785,0.0,0.000000
0.004566750,0.647900,0.0,0.000000
0.004567000,0.648015,0.0,0.000000
0.004567250,0.648130,0.0,0.000000
0.004567500,0.648245,0.0,0.000000
0.004567750,0.648360,0.0,0.000000
0.004568000,0.648475,0.0,0.000000
0.004568250,0.648589,0.0,0.000000
0.004568500,0.648704,0.0,0.000000
0.004568750,0.648819,0.0,0.000000
0.004569000,0.648934,0.0,0.000000
0.004569250,0.649049,0.0,0.000000
0.004569500,0.649164,0.0,0.000000
0.004569750,0.649278,0.0,0.000000
0.004570000,0.649393,0.0,0.000000
0.004570250,0.649508,0.0,0.000000
0.004570500,0.649622,0.0,0.000000
0.004570750,0.649737,0.0,0.000000
0.004571000,0.649852,0.0,0.000000
0.004571250,0.649966,0.0,0.000000
0.004571500,0.650081,0.0,0.000000
0.004571750,0.650195,0.0,0.000000
0.004572000,0.650310,0.0,0.000000
0.004572250,0.650425,0.0,0.000000
0.004572500,0.650539,0.0,0.000000
0.004572750,0.650653,0.0,0.000000
0.004573000,0.650768,0.0,0.000000
0.004573250,0.650882,0.0,0.000000
0.004573500,0.650997,0.0,0.000000
0.004573750,0.651111,0.0,0.000000
0.004574000,0.651225,0.0,0.000000
0.004574250,0.651340,0.0,0.000000
0.004574500,0.651454,0.0,0.000000
0.004574750,0.651568,0.0,0.000000
0.004575000,0.651683,0.0,0.000000
0.004575250,0.651797,0.0,0.000000
0.004575500,0.651911,0.0,0.000000
0.004575750,0.652025,0.0,0.000000
0.004576000,0.652139,0.0,0.000000
0.004576250,0.652254,0.0,0.000000
0.004576500,0.652368,0.0,0.000000
0.004576750,0.652482,0.0,0.000000
0.004577000,0.652596,0.0,0.000000
0.004577250,0.652710,0.0,0.000000
0.004577500,0.652824,0.0,0.000000
0.004577750,0.652938,0.0,0.000000
0.004578000,0.653052,0.0,0.000000
0.004578250,0.653166,0.0,0.000000
0.004578500,0.653280,0.0,0.000000
0.004578750,0.653394,0.0,0.000000
0.004579000,0.653507,0.0,0.000000
0.004579250,0.653621,0.0,0.000000
0.004579500,0.653735,0.0,0.000000
0.004579750,0.653849,0.0,0.000000
0.004580000,0.653963,0.0,0.000000
0.004580250,0.654076,0.0,0.000000
0.004580500,0.654190,0.0,0.000000
0.004580750,0.654304,0.0,0.000000
0.004581000,0.654417,0.0,0.000000
0.004581250,0.654531,0.0,0.000000
0.004581500,0.654645,0.0,0.000000
0.004581750,0.654758,0.0,0.000000
0.004582000,0.654872,0.0,0.000000
0.004582250,0.654985,0.0,0.000000
0.004582500,0.655099,0.0,0.000000
0.004582750,0.655213,0.0,0.000000
0.004583000,0.655326,0.0,0.000000
0.004583250,0.655439,0.0,0.000000
0.004583500,0.655553,0.0,0.000000
0.004583750,0.655666,0.0,0.000000
0.004584000,0.655780,0.0,0.000000
0.004584250,0.655893,0.0,0.000000
0.004584500,0.656006,0.0,0.000000
0.004584750,0.656120,0.0,0.000000
0.004585000,0.656233,0.0,0.000000
0.004585250,0.656346,0.0,0.000000
0.004585500,0.656460,0.0,0.000000
0.004585750,0.656573,0.0,0.000000
0.004586000,0.656686,0.0,0.000000
0.004586250,0.656799,0.0,0.000000
0.004586500,0.656912,0.0,0.000000
0.004586750,0.657025,0.0,0.000000
0.004587000,0.657139,0.0,0.000000
0.004587250,0.657252,0.0,0.000000
0.004587500,0.657365,0.0,0.000000
0.004587750,0.657478,0.0,0.000000
0.004588000,0.657591,0.0,0.000000
0.004588250,0.657704,0.0,0.000000
0.004588500,0.657817,0.0,0.000000
0.004588750,0.657930,0.0,0.000000
0.004589000,0.658043,0.0,0.000000
0.004589250,0.658156,0.0,0.000000
0.004589500,0.658268,0.0,0.000000
0.004589750,0.658381,0.0,0.000000
0.004590000,0.658494,0.0,0.000000
0.004590250,0.658607,0.0,0.000000
0.004590500,0.658720,0.0,0.000000
0.004590750,0.658832,0.0,0.000000
0.004591000,0.658945,0.0,0.000000
0.004591250,0.659058,0.0,0.000000
0.004591500,0.659171,0.0,0.000000
0.004591750,0.659283,0.0,0.000000
0.004592000,0.659396,0.0,0.000000
0.004592250,0.659509,0.0,0.000000
0.004592500,0.659621,0.0,0.000000
0.004592750,0.659734,0.0,0.000000
0.004593000,0.659846,0.0,0.000000
0.004593250,0.659959,0.0,0.000000
0.004593500,0.660071,0.0,0.000000
0.004593750,0.660184,0.0,0.000000
0.004594000,0.660296,0.0,0.000000
0.004594250,0.660409,0.0,0.000000
0.004594500,0.660521,0.0,0.000000
0.004594750,0.660633,0.0,0.000000
0.004595000,0.660746,0.0,0.000000
0.004595250,0.660858,0.0,0.000000
0.004595500,0.660970,0.0,0.000000
0.004595750,0.661083,0.0,0.000000
0.004596000,0.661195,0.0,0.000000
0.004596250,0.661307,0.0,0.000000
0.004596500,0.661419,0.0,0.000000
0.004596750,0.661532,0.0,0.000000
0.004597000,0.661644,0.0,0.000000
0.004597250,0.661756,0.0,0.000000
0.004597500,0.661868,0.0,0.000000
0.004597750,0.661980,0.0,0.000000
0.004598000,0.662092,0.0,0.000000
0.004598250,0.662204,0.0,0.000000
0.004598500,0.662316,0.0,0.000000
0.004598750,0.662428,0.0,0.000000
0.004599000,0.662540,0.0,0.000000
0.004599250,0.662652,0.0,0.000000
0.004599500,0.662764,0.0,0.000000
0.004599750,0.662876,0.0,0.000000
0.004600000,0.662988,0.0,0.000000
0.004600250,0.663100,0.0,0.000000
0.004600500,0.663212,0.0,0.000000
0.004600750,0.663324,0.0,0.000000
0.004601000,0.663435,0.0,0.000000
0.004601250,0.663547,0.0,0.000000
0.004601500,0.663659,0.0,0.000000
0.004601750,0.663771,0.0,0.000000
0.004602000,0.663882,0.0,0.000000
0.004602250,0.663994,0.0,0.000000
0.004602500,0.664106,0.0,0.000000
0.004602750,0.664217,0.0,0.000000
0.004603000,0.664329,0.0,0.000000
0.004603250,0.664441,0.0,0.000000
0.004603500,0.664552,0.0,0.000000
0.004603750,0.664664,0.0,0.000000
0.004604000,0.664775,0.0,0.000000
0.004604250,0.664887,0.0,0.000000
0.004604500,0.664998,0.0,0.000000
0.004604750,0.665110,0.0,0.000000
0.004605000,0.665221,0.0,0.000000
0.004605250,0.665332,0.0,0.000000
0.004605500,0.665444,0.0,0.000000
0.004605750,0.665555,0.0,0.000000
0.004606000,0.665667,0.0,0.000000
0.004606250,0.665778,0.0,0.000000
0.004606500,0.665889,0.0,0.000000
0.004606750,0.666000,0.0,0.000000
0.004607000,0.666112,0.0,0.000000
0.004607250,0.666223,0.0,0.000000
0.004607500,0.666334,0.0,0.000000
0.004607750,0.666445,0.0,0.000000
0.004608000,0.666556,0.0,0.000000
0.004608250,0.666667,0.0,0.000000
0.004608500,0.666779,0.0,0.000000
0.004608750,0.666890,0.0,0.000000
0.004609000,0.667001,0.0,0.000000
0.004609250,0.667112,0.0,0.000000
0.004609500,0.667223,0.0,0.000000
0.004609750,0.667334,0.0,0.000000
0.004610000,0.667445,0.0,0.000000
0.004610250,0.667556,0.0,0.000000
0.004610500,0.667667,0.0,0.000000
0.004610750,0.667777,0.0,0.000000
0.004611000,0.667888,0.0,0.000000
0.004611250,0.667999,0.0,0.000000
0.004611500,0.668110,0.0,0.000000
0.004611750,0.668221,0.0,0.000000
0.004612000,0.668332,0.0,0.000000
0.004612250,0.668442,0.0,0.000000
0.004612500,0.668553,0.0,0.000000
0.004612750,0.668664,0.0,0.000000
0.004613000,0.668774,0.0,0.000000
0.004613250,0.668885,0.0,0.000000
0.004613500,0.668996,0.0,0.000000
0.004613750,0.669106,0.0,0.000000
0.004614000,0.669217,0.0,0.000000
0.004614250,0.669328,0.0,0.000000
0.004614500,0.669438,0.0,0.000000
0.004614750,0.669549,0.0,0.000000
0.004615000,0.669659,0.0,0.000000
0.004615250,0.669770,0.0,0.000000
0.004615500,0.669880,0.0,0.000000
0.004615750,0.669991,0.0,0.000000
0.004616000,0.670101,0.0,0.000000
0.004616250,0.670211,0.0,0.000000
0.004616500,0.670322,0.0,0.000000
0.004616750,0.670432,0.0,0.000000
0.004617000,0.670542,0.0,0.000000
0.004617250,0.670653,0.0,0.000000
0.004617500,0.670763,0.0,0.000000
0.004617750,0.670873,0.0,0.000000
0.004618000,0.670983,0.0,0.000000
0.004618250,0.671094,0.0,0.000000
0.004618500,0.671204,0.0,0.000000
0.004618750,0.671314,0.0,0.000000
0.004619000,0.671424,0.0,0.000000
0.004619250,0.671534,0.0,0.000000
0.004619500,0.671644,0.0,0.000000
0.004619750,0.671754,0.0,0.000000
0.004620000,0.671864,0.0,0.000000
0.004620250,0.671974,0.0,0.000000
0.004620500,0.672084,0.0,0.000000
0.004620750,0.672194,0.0,0.000000
0.004621000,0.672304,0.0,0.000000
0.004621250,0.672414,0.0,0.000000
0.004621500,0.672524,0.0,0.000000
0.004621750,0.672634,0.0,0.000000
0.004622000,0.672744,0.0,0.000000
0.004622250,0.672854,0.0,0.000000
0.004622500,0.672964,0.0,0.000000
0.004622750,0.673073,0.0,0.000000
0.004623000,0.673183,0.0,0.000000
0.004623250,0.673293,0.0,0.000000
0.004623500,0.673403,0.0,0.000000
0.004623750,0.673512,0.0,0.000000
0.004624000,0.673622,0.0,0.000000
0.004624250,0.673732,0.0,0.000000
0.004624500,0.673841,0.0,0.000000
0.004624750,0.673951,0.0,0.000000
0.004625000,0.674060,0.0,0.000000
0.004625250,0.674170,0.0,0.000000
0.004625500,0.674280,0.0,0.000000
0.004625750,0.674389,0.0,0.000000
0.004626000,0.674499,0.0,0.000000
0.004626250,0.674608,0.0,0.000000
0.004626500,0.674717,0.0,0.000000
0.004626750,0.674827,0.0,0.000000
0.004627000,0.674936,0.0,0.000000
0.004627250,0.675046,0.0,0.000000
0.004627500,0.675155,0.0,0.000000
0.004627750,0.675264,0.0,0.000000
0.004628000,0.675374,0.0,0.000000
0.004628250,0.675483,0.0,0.000000
0.004628500,0.675592,0.0,0.000000
0.004628750,0.675701,0.0,0.000000
0.004629000,0.675811,0.0,0.000000
0.004629250,0.675920,0.0,0.000000
0.004629500,0.676029,0.0,0.000000
0.004629750,0.676138,0.0,0.000000
0.004630000,0.676247,0.0,0.000000
0.004630250,0.676356,0.0,0.000000
0.004630500,0.676466,0.0,0.000000
0.004630750,0.676575,0.0,0.000000
0.004631000,0.676684,0.0,0.000000
0.004631250,0.676793,0.0,0.000000
0.004631500,0.676902,0.0,0.000000
0.004631750,0.677011,0.0,0.000000
0.004632000,0.677120,0.0,0.000000
0.004632250,0.677229,0.0,0.000000
0.004632500,0.677337,0.0,0.000000
0.004632750,0.677446,0.0,0.000000
0.004633000,0.677555,0.0,0.000000
0.004633250,0.677664,0.0,0.000000
0.004633500,0.677773,0.0,0.000000
0.004633750,0.677882,0.0,0.000000
0.004634000,0.677990,0.0,0.000000
0.004634250,0.678099,0.0,0.000000
0.004634500,0.678208,0.0,0.000000
0.004634750,0.678317,0.0,0.000000
0.004635000,0.678425,0.0,0.000000
0.004635250,0.678534,0.0,0.000000
0.004635500,0.678643,0.0,0.000000
0.004635750,0.678751,0.0,0.000000
0.004636000,0.678860,0.0,0.000000
0.004636250,0.678968,0.0,0.000000
0.004636500,0.679077,0.0,0.000000
0.004636750,0.679185,0.0,0.000000
0.004637000,0.679294,0.0,0.000000
0.004637250,0.679402,0.0,0.000000
0.004637500,0.679511,0.0,0.000000
0.004637750,0.679619,0.0,0.000000
0.004638000,0.679728,0.0,0.000000
0.004638250,0.679836,0.0,0.000000
0.004638500,0.679944,0.0,0.000000
0.004638750,0.680053,0.0,0.000000
0.004639000,0.680161,0.0,0.000000
0.004639250,0.680269,0.0,0.000000
0.004639500,0.680377,0.0,0.000000
0.004639750,0.680486,0.0,0.000000
0.004640000,0.680594,0.0,0.000000
0.004640250,0.680702,0.0,0.000000
0.004640500,0.680810,0.0,0.000000
0.004640750,0.680919,0.0,0.000000
0.004641000,0.681027,0.0,0.000000
0.004641250,0.681135,0.0,0.000000
0.004641500,0.681243,0.0,0.000000
0.004641750,0.681351,0.0,0.000000
0.004642000,0.681459,0.0,0.000000
0.004642250,0.681567,0.0,0.000000
0.004642500,0.681675,0.0,0.000000
0.004642750,0.681783,0.0,0.000000
0.004643000,0.681891,0.0,0.000000
0.004643250,0.681999,0.0,0.000000
0.004643500,0.682107,0.0,0.000000
0.004643750,0.682215,0.0,0.000000
0.004644000,0.682323,0.0,0.000000
0.004644250,0.682430,0.0,0.000000
0.004644500,0.682538,0.0,0.000000
0.004644750,0.682646,0.0,0.000000
0.004645000,0.682754,0.0,0.000000
0.004645250,0.682862,0.0,0.000000
0.004645500,0.682969,0.0,0.000000
0.004645750,0.683077,0.0,0.000000
0.004646000,0.683185,0.0,0.000000
0.004646250,0.683292,0.0,0.000000
0.004646500,0.683400,0.0,0.000000
0.004646750,0.683508,0.0,0.000000
0.004647000,0.683615,0.0,0.000000
0.004647250,0.683723,0.0,0.000000
0.004647500,0.683830,0.0,0.000000
0.004647750,0.683938,0.0,0.000000
0.004648000,0.684045,0.0,0.000000
0.004648250,0.684153,0.0,0.000000
0.004648500,0.684260,0.0,0.000000
0.004648750,0.684368,0.0,0.000000
0.004649000,0.684475,0.0,0.000000
0.004649250,0.684583,0.0,0.000000
0.004649500,0.684690,0.0,0.000000
0.004649750,0.684797,0.0,0.000000
0.004650000,0.684905,0.0,0.000000
0.004650250,0.685012,0.0,0.000000
0.004650500,0.685119,0.0,0.000000
0.004650750,0.685226,0.0,0.000000
0.004651000,0.685334,0.0,0.000000
0.004651250,0.685441,0.0,0.000000
0.004651500,0.685548,0.0,0.000000
0.004651750,0.685655,0.0,0.000000
0.004652000,0.685762,0.0,0.000000
0.004652250,0.685870,0.0,0.000000
0.004652500,0.685977,0.0,0.000000
0.004652750,0.686084,0.0,0.000000
0.004653000,0.686191,0.0,0.000000
0.004653250,0.686298,0.0,0.000000
0.004653500,0.686405,0.0,0.000000
0.004653750,0.686512,0.0,0.000000
0.004654000,0.686619,0.0,0.000000
0.004654250,0.686726,0.0,0.000000
0.004654500,0.686833,0.0,0.000000
0.004654750,0.686940,0.0,0.000000
0.004655000,0.687046,0.0,0.000000
0.004655250,0.687153,0.0,0.000000
0.004655500,0.687260,0.0,0.000000
0.004655750,0.687367,0.0,0.000000
0.004656000,0.687474,0.0,0.000000
0.004656250,0.687581,0.0,0.000000
0.004656500,0.687687,0.0,0.000000
0.004656750,0.687794,0.0,0.000000
0.004657000,0.687901,0.0,0.000000
0.004657250,0.688007,0.0,0.000000
0.004657500,0.688114,0.0,0.000000
0.004657750,0.688221,0.0,0.000000
0.004658000,0.688327,0.0,0.000000
0.004658250,0.688434,0.0,0.000000
0.004658500,0.688540,0.0,0.000000
0.004658750,0.688647,0.0,0.000000
0.004659000,0.688754,0.0,0.000000
0.004659250,0.688860,0.0,0.000000
0.004659500,0.688967,0.0,0.000000
0.004659750,0.689073,0.0,0.000000
0.004660000,0.689179,0.0,0.000000
0.004660250,0.689286,0.0,0.000000
0.004660500,0.689392,0.0,0.000000
0.004660750,0.689499,0.0,0.000000
0.004661000,0.689605,0.0,0.000000
0.004661250,0.689711,0.0,0.000000
0.004661500,0.689818,0.0,0.000000
0.004661750,0.689924,0.0,0.000000
0.004662000,0.690030,0.0,0.000000
0.004662250,0.690136,0.0,0.000000
0.004662500,0.690243,0.0,0.000000
0.004662750,0.690349,0.0,0.000000
0.004663000,0.690455,0.0,0.000000
0.004663250,0.690561,0.0,0.000000
0.004663500,0.690667,0.0,0.000000
0.004663750,0.690773,0.0,0.000000
0.004664000,0.690879,0.0,0.000000
0.004664250,0.690985,0.0,0.000000
0.004664500,0.691091,0.0,0.000000
0.004664750,0.691197,0.0,0.000000
0.004665000,0.691303,0.0,0.000000
0.004665250,0.691409,0.0,0.000000
0.004665500,0.691515,0.0,0.000000
0.004665750,0.691621,0.0,0.000000
0.004666000,0.691727,0.0,0.000000
0.004666250,0.691833,0.0,0.000000
0.004666500,0.691939,0.0,0.000000
0.004666750,0.692045,0.0,0.000000
0.004667000,0.692151,0.0,0.000000
0.004667250,0.692256,0.0,0.000000
0.004667500,0.692362,0.0,0.000000
0.004667750,0.692468,0.0,0.000000
0.004668000,0.692574,0.0,0.000000
0.004668250,0.692679,0.0,0.000000
0.004668500,0.692785,0.0,0.000000
0.004668750,0.692891,0.0,0.000000
0.004669000,0.692996,0.0,0.000000
0.004669250,0.693102,0.0,0.000000
0.004669500,0.693208,0.0,0.000000
0.004669750,0.693313,0.0,0.000000
0.004670000,0.693419,0.0,0.000000
0.004670250,0.693524,0.0,0.000000
0.004670500,0.693630,0.0,0.000000
0.004670750,0.693735,0.0,0.000000
0.004671000,0.693841,0.0,0.000000
0.004671250,0.693946,0.0,0.000000
0.004671500,0.694052,0.0,0.000000
0.004671750,0.694157,0.0,0.000000
0.004672000,0.694262,0.0,0.000000
0.004672250,0.694368,0.0,0.000000
0.004672500,0.694473,0.0,0.000000
0.004672750,0.694578,0.0,0.000000
0.004673000,0.694684,0.0,0.000000
0.004673250,0.694789,0.0,0.000000
0.004673500,0.694894,0.0,0.000000
0.004673750,0.694999,0.0,0.000000
0.004674000,0.695105,0.0,0.000000
0.004674250,0.695210,0.0,0.000000
0.004674500,0.695315,0.0,0.000000
0.004674750,0.695420,0.0,0.000000
0.004675000,0.695525,0.0,0.000000
0.004675250,0.695630,0.0,0.000000
0.004675500,0.695735,0.0,0.000000
0.004675750,0.695840,0.0,0.000000
0.004676000,0.695945,0.0,0.000000
0.004676250,0.696050,0.0,0.000000
0.004676500,0.696155,0.0,0.000000
0.004676750,0.696260,0.0,0.000000
0.004677000,0.696365,0.0,0.000000
0.004677250,0.696470,0.0,0.000000
0.004677500,0.696575,0.0,0.000000
0.004677750,0.696680,0.0,0.000000
0.004678000,0.696785,0.0,0.000000
0.004678250,0.696890,0.0,0.000000
0.004678500,0.696994,0.0,0.000000
0.004678750,0.697099,0.0,0.000000
0.004679000,0.697204,0.0,0.000000
0.004679250,0.697309,0.0,0.000000
0.004679500,0.697413,0.0,0.000000
0.004679750,0.697518,0.0,0.000000
0.004680000,0.697623,0.0,0.000000
0.004680250,0.697728,0.0,0.000000
0.004680500,0.697832,0.0,0.000000
0.004680750,0.697937,0.0,0.000000
0.004681000,0.698041,0.0,0.000000
0.004681250,0.698146,0.0,0.000000
0.004681500,0.698250,0.0,0.000000
0.004681750,0.698355,0.0,0.000000
0.004682000,0.698459,0.0,0.000000
0.004682250,0.698564,0.0,0.000000
0.004682500,0.698668,0.0,0.000000
0.004682750,0.698773,0.0,0.000000
0.004683000,0.698877,0.0,0.000000
0.004683250,0.698982,0.0,0.000000
0.004683500,0.699086,0.0,0.000000
0.004683750,0.699190,0.0,0.000000
0.004684000,0.699295,0.0,0.000000
0.004684250,0.699399,0.0,0.000000
0.004684500,0.699503,0.0,0.000000
0.004684750,0.699608,0.0,0.000000
0.004685000,0.699712,0.0,0.000000
0.004685250,0.699816,0.0,0.000000
0.004685500,0.699920,0.0,0.000000
0.004685750,0.700024,0.0,0.000000
0.004686000,0.700129,0.0,0.000000
0.004686250,0.700233,0.0,0.000000
0.004686500,0.700337,0.0,0.000000
0.004686750,0.700441,0.0,0.000000
0.004687000,0.700545,0.0,0.000000
0.004687250,0.700649,0.0,0.000000
0.004687500,0.700753,0.0,0.000000
0.004687750,0.700857,0.0,0.000000
0.004688000,0.700961,0.0,0.000000
0.004688250,0.701065,0.0,0.000000
0.004688500,0.701169,0.0,0.000000
0.004688750,0.701273,0.0,0.000000
0.004689000,0.701377,0.0,0.000000
0.004689250,0.701481,0.0,0.000000
0.004689500,0.701584,0.0,0.000000
0.004689750,0.701688,0.0,0.000000
0.004690000,0.701792,0.0,0.000000
0.004690250,0.701896,0.0,0.000000
0.004690500,0.702000,0.0,0.000000
0.004690750,0.702103,0.0,0.000000
0.004691000,0.702207,0.0,0.000000
0.004691250,0.702311,0.0,0.000000
0.004691500,0.702415,0.0,0.000000
0.004691750,0.702518,0.0,0.000000
0.004692000,0.702622,0.0,0.000000
0.004692250,0.702725,0.0,0.000000
0.004692500,0.702829,0.0,0.000000
0.004692750,0.702933,0.0,0.000000
0.004693000,0.703036,0.0,0.000000
0.004693250,0.703140,0.0,0.000000
0.004693500,0.703243,0.0,0.000000
0.004693750,0.703347,0.0,0.000000
0.004694000,0.703450,0.0,0.000000
0.004694250,0.703554,0.0,0.000000
0.004694500,0.703657,0.0,0.000000
0.004694750,0.703760,0.0,0.000000
0.004695000,0.703864,0.0,0.000000
0.004695250,0.703967,0.0,0.000000
0.004695500,0.704070,0.0,0.000000
0.004695750,0.704174,0.0,0.000000
0.004696000,0.704277,0.0,0.000000
0.004696250,0.704380,0.0,0.000000
0.004696500,0.704484,0.0,0.000000
0.004696750,0.704587,0.0,0.000000
0.004697000,0.704690,0.0,0.000000
0.004697250,0.704793,0.0,0.000000
0.004697500,0.704896,0.0,0.000000
0.004697750,0.704999,0.0,0.000000
0.004698000,0.705103,0.0,0.000000
0.004698250,0.705206,0.0,0.000000
0.004698500,0.705309,0.0,0.000000
0.004698750,0.705412,0.0,0.000000
0.004699000,0.705515,0.0,0.000000
0.004699250,0.705618,0.0,0.000000
0.004699500,0.705721,0.0,0.000000
0.004699750,0.705824,0.0,0.000000
0.004700000,0.705927,0.0,0.000000
0.004700250,0.706030,0.0,0.000000
0.004700500,0.706133,0.0,0.000000
0.004700750,0.706235,0.0,0.000000
0.004701000,0.706338,0.0,0.000000
0.004701250,0.706441,0.0,0.000000
0.004701500,0.706544,0.0,0.000000
0.004701750,0.706647,0.0,0.000000
0.004702000,0.706750,0.0,0.000000
0.004702250,0.706852,0.0,0.000000
0.004702500,0.706955,0.0,0.000000
0.004702750,0.707058,0.0,0.000000
0.004703000,0.707160,0.0,0.000000
0.004703250,0.707263,0.0,0.000000
0.004703500,0.707366,0.0,0.000000
0.004703750,0.707468,0.0,0.000000
0.004704000,0.707571,0.0,0.000000
0.004704250,0.707674,0.0,0.000000
0.004704500,0.707776,0.0,0.000000
0.004704750,0.707879,0.0,0.000000
0.004705000,0.707981,0.0,0.000000
0.004705250,0.708084,0.0,0.000000
0.004705500,0.708186,0.0,0.000000
0.004705750,0.708289,0.0,0.000000
0.004706000,0.708391,0.0,0.000000
0.004706250,0.708493,0.0,0.000000
0.004706500,0.708596,0.0,0.000000
0.004706750,0.708698,0.0,0.000000
0.004707000,0.708801,0.0,0.000000
0.004707250,0.708903,0.0,0.000000
0.004707500,0.709005,0.0,0.000000
0.004707750,0.709107,0.0,0.000000
0.004708000,0.709210,0.0,0.000000
0.004708250,0.709312,0.0,0.000000
0.004708500,0.709414,0.0,0.000000
0.004708750,0.709516,0.0,0.000000
0.004709000,0.709619,0.0,0.000000
0.004709250,0.709721,0.0,0.000000
0.004709500,0.709823,0.0,0.000000
0.004709750,0.709925,0.0,0.000000
0.004710000,0.710027,0.0,0.000000
0.004710250,0.710129,0.0,0.000000
0.004710500,0.710231,0.0,0.000000
0.004710750,0.710333,0.0,0.000000
0.004711000,0.710435,0.0,0.000000
0.004711250,0.710537,0.0,0.000000
0.004711500,0.710639,0.0,0.000000
0.004711750,0.710741,0.0,0.000000
0.004712000,0.710843,0.0,0.000000
0.004712250,0.710945,0.0,0.000000
0.004712500,0.711047,0.0,0.000000
0.004712750,0.711149,0.0,0.000000
0.004713000,0.711251,0.0,0.000000
0.004713250,0.711352,0.0,0.000000
0.004713500,0.711454,0.0,0.000000
0.004713750,0.711556,0.0,0.000000
0.004714000,0.711658,0.0,0.000000
0.004714250,0.711759,0.0,0.000000
0.004714500,0.711861,0.0,0.000000
0.004714750,0.711963,0.0,0.000000
0.004715000,0.712064,0.0,0.000000
0.004715250,0.712166,0.0,0.000000
0.004715500,0.712268,0.0,0.000000
0.004715750,0.712369,0.0,0.000000
0.004716000,0.712471,0.0,0.000000
0.004716250,0.712572,0.0,0.000000
0.004716500,0.712674,0.0,0.000000
0.004716750,0.712776,0.0,0.000000
0.004717000,0.712877,0.0,0.000000
0.004717250,0.712978,0.0,0.000000
0.004717500,0.713080,0.0,0.000000
0.004717750,0.713181,0.0,0.000000
0.004718000,0.713283,0.0,0.000000
0.004718250,0.713384,0.0,0.000000
0.004718500,0.713486,0.0,0.000000
0.004718750,0.713587,0.0,0.000000
0.004719000,0.713688,0.0,0.000000
0.004719250,0.713790,0.0,0.000000
0.004719500,0.713891,0.0,0.000000
0.004719750,0.713992,0.0,0.000000
0.004720000,0.714093,0.0,0.000000
0.004720250,0.714195,0.0,0.000000
0.004720500,0.714296,0.0,0.000000
0.004720750,0.714397,0.0,0.000000
0.004721000,0.714498,0.0,0.000000
0.004721250,0.714599,0.0,0.000000
0.004721500,0.714700,0.0,0.000000
0.004721750,0.714801,0.0,0.000000
0.004722000,0.714903,0.0,0.000000
0.004722250,0.715004,0.0,0.000000
0.004722500,0.715105,0.0,0.000000
0.004722750,0.715206,0.0,0.000000
0.004723000,0.715307,0.0,0.000000
0.004723250,0.715408,0.0,0.000000
0.004723500,0.715509,0.0,0.000000
0.004723750,0.715609,0.0,0.000000
0.004724000,0.715710,0.0,0.000000
0.004724250,0.715811,0.0,0.000000
0.004724500,0.715912,0.0,0.000000
0.004724750,0.716013,0.0,0.000000
0.004725000,0.716114,0.0,0.000000
0.004725250,0.716215,0.0,0.000000
0.004725500,0.716315,0.0,0.000000
0.004725750,0.716416,0.0,0.000000
0.004726000,0.716517,0.0,0.000000
0.004726250,0.716618,0.0,0.000000
0.004726500,0.716718,0.0,0.000000
0.004726750,0.716819,0.0,0.000000
0.004727000,0.716920,0.0,0.000000
0.004727250,0.717020,0.0,0.000000
0.004727500,0.717121,0.0,0.000000
0.004727750,0.717221,0.0,0.000000
0.004728000,0.717322,0.0,0.000000
0.004728250,0.717423,0.0,0.000000
0.004728500,0.717523,0.0,0.000000
0.004728750,0.717624,0.0,0.000000
0.004729000,0.717724,0.0,0.000000
0.004729250,0.717825,0.0,0.000000
0.004729500,0.717925,0.0,0.000000
0.004729750,0.718025,0.0,0.000000
0.004730000,0.718126,0.0,0.000000
0.004730250,0.718226,0.0,0.000000
0.004730500,0.718327,0.0,0.000000
0.004730750,0.718427,0.0,0.000000
0.004731000,0.718527,0.0,0.000000
0.004731250,0.718628,0.0,0.000000
0.004731500,0.718728,0.0,0.000000
0.004731750,0.718828,0.0,0.000000
0.004732000,0.718928,0.0,0.000000
0.004732250,0.719029,0.0,0.000000
0.004732500,0.719129,0.0,0.000000
0.004732750,0.719229,0.0,0.000000
0.004733000,0.719329,0.0,0.000000
0.004733250,0.719429,0.0,0.000000
0.004733500,0.719529,0.0,0.000000
0.004733750,0.719629,0.0,0.000000
0.004734000,0.719729,0.0,0.000000
0.004734250,0.719830,0.0,0.000000
0.004734500,0.719930,0.0,0.000000
0.004734750,0.720030,0.0,0.000000
0.004735000,0.720130,0.0,0.000000
0.004735250,0.720230,0.0,0.000000
0.004735500,0.720329,0.0,0.000000
0.004735750,0.720429,0.0,0.000000
0.004736000,0.720529,0.0,0.000000
0.004736250,0.720629,0.0,0.000000
0.004736500,0.720729,0.0,0.000000
0.004736750,0.720829,0.0,0.000000
0.004737000,0.720929,0.0,0.000000
0.004737250,0.721028,0.0,0.000000
0.004737500,0.721128,0.0,0.000000
0.004737750,0.721228,0.0,0.000000
0.004738000,0.721328,0.0,0.000000
0.004738250,0.721427,0.0,0.000000
0.004738500,0.721527,0.0,0.000000
0.004738750,0.721627,0.0,0.000000
0.004739000,0.721726,0.0,0.000000
0.004739250,0.721826,0.0,0.000000
0.004739500,0.721926,0.0,0.000000
0.004739750,0.722025,0.0,0.000000
0.004740000,0.722125,0.0,0.000000
0.004740250,0.722224,0.0,0.000000
0.004740500,0.722324,0.0,0.000000
0.004740750,0.722423,0.0,0.000000
0.004741000,0.722523,0.0,0.000000
0.004741250,0.722622,0.0,0.000000
0.004741500,0.722722,0.0,0.000000
0.004741750,0.722821,0.0,0.000000
0.004742000,0.722921,0.0,0.000000
0.004742250,0.723020,0.0,0.000000
0.004742500,0.723119,0.0,0.000000
0.004742750,0.723219,0.0,0.000000
0.004743000,0.723318,0.0,0.000000
0.004743250,0.723417,0.0,0.000000
0.004743500,0.723517,0.0,0.000000
0.004743750,0.723616,0.0,0.000000
0.004744000,0.723715,0.0,0.000000
0.004744250,0.723814,0.0,0.000000
0.004744500,0.723914,0.0,0.000000
0.004744750,0.724013,0.0,0.000000
0.004745000,0.724112,0.0,0.000000
0.004745250,0.724211,0.0,0.000000
0.004745500,0.724310,0.0,0.000000
0.004745750,0.724409,0.0,0.000000
0.004746000,0.724508,0.0,0.000000
0.004746250,0.724607,0.0,0.000000
0.004746500,0.724706,0.0,0.000000
0.004746750,0.724805,0.0,0.000000
0.004747000,0.724904,0.0,0.000000
0.004747250,0.725003,0.0,0.000000
0.004747500,0.725102,0.0,0.000000
0.004747750,0.725201,0.0,0.000000
0.004748000,0.725300,0.0,0.000000
0.004748250,0.725399,0.0,0.000000
0.004748500,0.725498,0.0,0.000000
0.004748750,0.725597,0.0,0.000000
0.004749000,0.725696,0.0,0.000000
0.004749250,0.725794,0.0,0.000000
0.004749500,0.725893,0.0,0.000000
0.004749750,0.725992,0.0,0.000000
0.004750000,0.726091,0.0,0.000000
0.004750250,0.726189,0.0,0.000000
0.004750500,0.726288,0.0,0.000000
0.004750750,0.726387,0.0,0.000000
0.004751000,0.726485,0.0,0.000000
0.004751250,0.726584,0.0,0.000000
0.004751500,0.726683,0.0,0.000000
0.004751750,0.726781,0.0,0.000000
0.004752000,0.726880,0.0,0.000000
0.004752250,0.726979,0.0,0.000000
0.004752500,0.727077,0.0,0.000000
0.004752750,0.727176,0.0,0.000000
0.004753000,0.727274,0.0,0.000000
0.004753250,0.727373,0.0,0.000000
0.004753500,0.727471,0.0,0.000000
0.004753750,0.727569,0.0,0.000000
0.004754000,0.727668,0.0,0.000000
0.004754250,0.727766,0.0,0.000000
0.004754500,0.727865,0.0,0.000000
0.004754750,0.727963,0.0,0.000000
0.004755000,0.728061,0.0,0.000000
0.004755250,0.728160,0.0,0.000000
0.004755500,0.728258,0.0,0.000000
0.004755750,0.728356,0.0,0.000000
0.004756000,0.728454,0.0,0.000000
0.004756250,0.728553,0.0,0.000000
0.004756500,0.728651,0.0,0.000000
0.004756750,0.728749,0.0,0.000000
0.004757000,0.728847,0.0,0.000000
0.004757250,0.728945,0.0,0.000000
0.004757500,0.729043,0.0,0.000000
0.004757750,0.729142,0.0,0.000000
0.004758000,0.729240,0.0,0.000000
0.004758250,0.729338,0.0,0.000000
0.004758500,0.729436,0.0,0.000000
0.004758750,0.729534,0.0,0.000000
0.004759000,0.729632,0.0,0.000000
0.004759250,0.729730,0.0,0.000000
0.004759500,0.729828,0.0,0.000000
0.004759750,0.729926,0.0,0.000000
0.004760000,0.730024,0.0,0.000000
0.004760250,0.730122,0.0,0.000000
0.004760500,0.730219,0.0,0.000000
0.004760750,0.730317,0.0,0.000000
0.004761000,0.730415,0.0,0.000000
0.004761250,0.730513,0.0,0.000000
0.004761500,0.730611,0.0,0.000000
0.004761750,0.730709,0.0,0.000000
0.004762000,0.730806,0.0,0.000000
0.004762250,0.730904,0.0,0.000000
0.004762500,0.731002,0.0,0.000000
0.004762750,0.731100,0.0,0.000000
0.004763000,0.731197,0.0,0.000000
0.004763250,0.731295,0.0,0.000000
0.004763500,0.731393,0.0,0.000000
0.004763750,0.731490,0.0,0.000000
0.004764000,0.731588,0.0,0.000000
0.004764250,0.731685,0.0,0.000000
0.004764500,0.731783,0.0,0.000000
0.004764750,0.731880,0.0,0.000000
0.004765000,0.731978,0.0,0.000000
0.004765250,0.732075,0.0,0.000000
0.004765500,0.732173,0.0,0.000000
0.004765750,0.732270,0.0,0.000000
0.004766000,0.732368,0.0,0.000000
0.004766250,0.732465,0.0,0.000000
0.004766500,0.732563,0.0,0.000000
0.004766750,0.732660,0.0,0.000000
0.004767000,0.732757,0.0,0.000000
0.004767250,0.732855,0.0,0.000000
0.004767500,0.732952,0.0,0.000000
0.004767750,0.733049,0.0,0.000000
0.004768000,0.733146,0.0,0.000000
0.004768250,0.733244,0.0,0.000000
0.004768500,0.733341,0.0,0.000000
0.004768750,0.733438,0.0,0.000000
0.004769000,0.733535,0.0,0.000000
0.004769250,0.733633,0.0,0.000000
0.004769500,0.733730,0.0,0.000000
0.004769750,0.733827,0.0,0.000000
0.004770000,0.733924,0.0,0.000000
0.004770250,0.734021,0.0,0.000000
0.004770500,0.734118,0.0,0.000000
0.004770750,0.734215,0.0,0.000000
0.004771000,0.734312,0.0,0.000000
0.004771250,0.734409,0.0,0.000000
0.004771500,0.734506,0.0,0.000000
0.004771750,0.734603,0.0,0.000000
0.004772000,0.734700,0.0,0.000000
0.004772250,0.734797,0.0,0.000000
0.004772500,0.734894,0.0,0.000000
0.004772750,0.734991,0.0,0.000000
0.004773000,0.735088,0.0,0.000000
0.004773250,0.735185,0.0,0.000000
0.004773500,0.735282,0.0,0.000000
0.004773750,0.735378,0.0,0.000000
0.004774000,0.735475,0.0,0.000000
0.004774250,0.735572,0.0,0.000000
0.004774500,0.735669,0.0,0.000000
0.004774750,0.735765,0.0,0.000000
0.004775000,0.735862,0.0,0.000000
0.004775250,0.735959,0.0,0.000000
0.004775500,0.736055,0.0,0.000000
0.004775750,0.736152,0.0,0.000000
0.004776000,0.736249,0.0,0.000000
0.004776250,0.736345,0.0,0.000000
0.004776500,0.736442,0.0,0.000000
0.004776750,0.736538,0.0,0.000000
0.004777000,0.736635,0.0,0.000000
0.004777250,0.736731,0.0,0.000000
0.004777500,0.736828,0.0,0.000000
0.004777750,0.736924,0.0,0.000000
0.004778000,0.737021,0.0,0.000000
0.004778250,0.737117,0.0,0.000000
0.004778500,0.737214,0.0,0.000000
0.004778750,0.737310,0.0,0.000000
0.004779000,0.737407,0.0,0.000000
0.004779250,0.737503,0.0,0.000000
0.004779500,0.737599,0.0,0.000000
0.004779750,0.737696,0.0,0.000000
0.004780000,0.737792,0.0,0.000000
0.004780250,0.737888,0.0,0.000000
0.004780500,0.737984,0.0,0.000000
0.004780750,0.738081,0.0,0.000000
0.004781000,0.738177,0.0,0.000000
0.004781250,0.738273,0.0,0.000000
0.004781500,0.738369,0.0,0.000000
0.004781750,0.738465,0.0,0.000000
0.004782000,0.738562,0.0,0.000000
0.004782250,0.738658,0.0,0.000000
0.004782500,0.738754,0.0,0.000000
0.004782750,0.738850,0.0,0.000000
0.004783000,0.738946,0.0,0.000000
0.004783250,0.739042,0.0,0.000000
0.004783500,0.739138,0.0,0.000000
0.004783750,0.739234,0.0,0.000000
0.004784000,0.739330,0.0,0.000000
0.004784250,0.739426,0.0,0.000000
0.004784500,0.739522,0.0,0.000000
0.004784750,0.739618,0.0,0.000000
0.004785000,0.739714,0.0,0.000000
0.004785250,0.739810,0.0,0.000000
0.004785500,0.739905,0.0,0.000000
0.004785750,0.740001,0.0,0.000000
0.004786000,0.740097,0.0,0.000000
0.004786250,0.740193,0.0,0.000000
0.004786500,0.740289,0.0,0.000000
0.004786750,0.740385,0.0,0.000000
0.004787000,0.740480,0.0,0.000000
0.004787250,0.740576,0.0,0.000000
0.004787500,0.740672,0.0,0.000000
0.004787750,0.740767,0.0,0.000000
0.004788000,0.740863,0.0,0.000000
0.004788250,0.740959,0.0,0.000000
0.004788500,0.741054,0.0,0.000000
0.004788750,0.741150,0.0,0.000000
0.004789000,0.741246,0.0,0.000000
0.004789250,0.741341,0.0,0.000000
0.004789500,0.741437,0.0,0.000000
0.004789750,0.741532,0.0,0.000000
0.004790000,0.741628,0.0,0.000000
0.004790250,0.741723,0.0,0.000000
0.004790500,0.741819,0.0,0.000000
0.004790750,0.741914,0.0,0.000000
0.004791000,0.742009,0.0,0.000000
0.004791250,0.742105,0.0,0.000000
0.004791500,0.742200,0.0,0.000000
0.004791750,0.742296,0.0,0.000000
0.004792000,0.742391,0.0,0.000000
0.004792250,0.742486,0.0,0.000000
0.004792500,0.742582,0.0,0.000000
0.004792750,0.742677,0.0,0.000000
0.004793000,0.742772,0.0,0.000000
0.004793250,0.742867,0.0,0.000000
0.004793500,0.742963,0.0,0.000000
0.004793750,0.743058,0.0,0.000000
0.004794000,0.743153,0.0,0.000000
0.004794250,0.743248,0.0,0.000000
0.004794500,0.743343,0.0,0.000000
0.004794750,0.743438,0.0,0.000000
0.004795000,0.743534,0.0,0.000000
0.004795250,0.743629,0.0,0.000000
0.004795500,0.743724,0.0,0.000000
0.004795750,0.743819,0.0,0.000000
0.004796000,0.743914,0.0,0.000000
0.004796250,0.744009,0.0,0.000000
0.004796500,0.744104,0.0,0.000000
0.004796750,0.744199,0.0,0.000000
0.004797000,0.744294,0.0,0.000000
0.004797250,0.744389,0.0,0.000000
0.004797500,0.744484,0.0,0.000000
0.004797750,0.744578,0.0,0.000000
0.004798000,0.744673,0.0,0.000000
0.004798250,0.744768,0.0,0.000000
0.004798500,0.744863,0.0,0.000000
0.004798750,0.744958,0.0,0.000000
0.004799000,0.745053,0.0,0.000000
0.004799250,0.745147,0.0,0.000000
0.004799500,0.745242,0.0,0.000000
0.004799750,0.745337,0.0,0.000000
0.004800000,0.745432,0.0,0.000000
0.004800250,0.745526,0.0,0.000000
0.004800500,0.745621,0.0,0.000000
0.004800750,0.745716,0.0,0.000000
0.004801000,0.745810,0.0,0.000000
0.004801250,0.745905,0.0,0.000000
0.004801500,0.745999,0.0,0.000000
0.004801750,0.746094,0.0,0.000000
0.004802000,0.746189,0.0,0.000000
0.004802250,0.746283,0.0,0.000000
0.004802500,0.746378,0.0,0.000000
0.004802750,0.746472,0.0,0.000000
0.004803000,0.746567,0.0,0.000000
0.004803250,0.746661,0.0,0.000000
0.004803500,0.746755,0.0,0.000000
0.004803750,0.746850,0.0,0.000000
0.004804000,0.746944,0.0,0.000000
0.004804250,0.747039,0.0,0.000000
0.004804500,0.747133,0.0,0.000000
0.004804750,0.747227,0.0,0.000000
0.004805000,0.747322,0.0,0.000000
0.004805250,0.747416,0.0,0.000000
0.004805500,0.747510,0.0,0.000000
0.004805750,0.747604,0.0,0.000000
0.004806000,0.747699,0.0,0.000000
0.004806250,0.747793,0.0,0.000000
0.004806500,0.747887,0.0,0.000000
0.004806750,0.747981,0.0,0.000000
0.004807000,0.748075,0.0,0.000000
0.004807250,0.748170,0.0,0.000000
0.004807500,0.748264,0.0,0.000000
0.004807750,0.748358,0.0,0.000000
0.004808000,0.748452,0.0,0.000000
0.004808250,0.748546,0.0,0.000000
0.004808500,0.748640,0.0,0.000000
0.004808750,0.748734,0.0,0.000000
0.004809000,0.748828,0.0,0.000000
0.004809250,0.748922,0.0,0.000000
0.004809500,0.749016,0.0,0.000000
0.004809750,0.749110,0.0,0.000000
0.004810000,0.749204,0.0,0.000000
0.004810250,0.749298,0.0,0.000000
0.004810500,0.749392,0.0,0.000000
0.004810750,0.749486,0.0,0.000000
0.004811000,0.749579,0.0,0.000000
0.004811250,0.749673,0.0,0.000000
0.004811500,0.749767,0.0,0.000000
0.004811750,0.749861,0.0,0.000000
0.004812000,0.749955,0.0,0.000000
0.004812250,0.750048,0.0,0.000000
0.004812500,0.750142,0.0,0.000000
0.004812750,0.750236,0.0,0.000000
0.004813000,0.750330,0.0,0.000000
0.004813250,0.750423,0.0,0.000000
0.004813500,0.750517,0.0,0.000000
0.004813750,0.750611,0.0,0.000000
0.004814000,0.750704,0.0,0.000000
0.004814250,0.750798,0.0,0.000000
0.004814500,0.750891,0.0,0.000000
0.004814750,0.750985,0.0,0.000000
0.004815000,0.751078,0.0,0.000000
0.004815250,0.751172,0.0,0.000000
0.004815500,0.751266,0.0,0.000000
0.004815750,0.751359,0.0,0.000000
0.004816000,0.751452,0.0,0.000000
0.004816250,0.751546,0.0,0.000000
0.004816500,0.751639,0.0,0.000000
0.004816750,0.751733,0.0,0.000000
0.004817000,0.751826,0.0,0.000000
0.004817250,0.751919,0.0,0.000000
0.004817500,0.752013,0.0,0.000000
0.004817750,0.752106,0.0,0.000000
0.004818000,0.752199,0.0,0.000000
0.004818250,0.752293,0.0,0.000000
0.004818500,0.752386,0.0,0.000000
0.004818750,0.752479,0.0,0.000000
0.004819000,0.752572,0.0,0.000000
0.004819250,0.752666,0.0,0.000000
0.004819500,0.752759,0.0,0.000000
0.004819750,0.752852,0.0,0.000000
0.004820000,0.752945,0.0,0.000000
0.004820250,0.753038,0.0,0.000000
0.004820500,0.753131,0.0,0.000000
0.004820750,0.753224,0.0,0.000000
0.004821000,0.753317,0.0,0.000000
0.004821250,0.753411,0.0,0.000000
0.004821500,0.753504,0.0,0.000000
0.004821750,0.753597,0.0,0.000000
0.004822000,0.753690,0.0,0.000000
0.004822250,0.753783,0.0,0.000000
0.004822500,0.753876,0.0,0.000000
0.004822750,0.753968,0.0,0.000000
0.004823000,0.754061,0.0,0.000000
0.004823250,0.754154,0.0,0.000000
0.004823500,0.754247,0.0,0.000000
0.004823750,0.754340,0.0,0.000000
0.004824000,0.754433,0.0,0.000000
0.004824250,0.754526,0.0,0.000000
0.004824500,0.754619,0.0,0.000000
0.004824750,0.754711,0.0,0.000000
0.004825000,0.754804,0.0,0.000000
0.004825250,0.754897,0.0,0.000000
0.004825500,0.754990,0.0,0.000000
0.004825750,0.755082,0.0,0.000000
0.004826000,0.755175,0.0,0.000000
0.004826250,0.755268,0.0,0.000000
0.004826500,0.755360,0.0,0.000000
0.004826750,0.755453,0.0,0.000000
0.004827000,0.755545,0.0,0.000000
0.004827250,0.755638,0.0,0.000000
0.004827500,0.755731,0.0,0.000000
0.004827750,0.755823,0.0,0.000000
0.004828000,0.755916,0.0,0.000000
0.004828250,0.756008,0.0,0.000000
0.004828500,0.756101,0.0,0.000000
0.004828750,0.756193,0.0,0.000000
0.004829000,0.756286,0.0,0.000000
0.004829250,0.756378,0.0,0.000000
0.004829500,0.756470,0.0,0.000000
0.004829750,0.756563,0.0,0.000000
0.004830000,0.756655,0.0,0.000000
0.004830250,0.756748,0.0,0.000000
0.004830500,0.756840,0.0,0.000000
0.004830750,0.756932,0.0,0.000000
0.004831000,0.757025,0.0,0.000000
0.004831250,0.757117,0.0,0.000000
0.004831500,0.757209,0.0,0.000000
0.004831750,0.757301,0.0,0.000000
0.004832000,0.757394,0.0,0.000000
0.004832250,0.757486,0.0,0.000000
0.004832500,0.757578,0.0,0.000000
0.004832750,0.757670,0.0,0.000000
0.004833000,0.757762,0.0,0.000000
0.004833250,0.757854,0.0,0.000000
0.004833500,0.757946,0.0,0.000000
0.004833750,0.758039,0.0,0.000000
0.004834000,0.758131,0.0,0.000000
0.004834250,0.758223,0.0,0.000000
0.004834500,0.758315,0.0,0.000000
0.004834750,0.758407,0.0,0.000000
0.004835000,0.758499,0.0,0.000000
0.004835250,0.758591,0.0,0.000000
0.004835500,0.758683,0.0,0.000000
0.004835750,0.758775,0.0,0.000000
0.004836000,0.758866,0.0,0.000000
0.004836250,0.758958,0.0,0.000000
0.004836500,0.759050,0.0,0.000000
0.004836750,0.759142,0.0,0.000000
0.004837000,0.759234,0.0,0.000000
0.004837250,0.759326,0.0,0.000000
0.004837500,0.759418,0.0,0.000000
0.004837750,0.759509,0.0,0.000000
0.004838000,0.759601,0.0,0.000000
0.004838250,0.759693,0.0,0.000000
0.004838500,0.759785,0.0,0.000000
0.004838750,0.759876,0.0,0.000000
0.004839000,0.759968,0.0,0.000000
0.004839250,0.760060,0.0,0.000000
0.004839500,0.760151,0.0,0.000000
0.004839750,0.760243,0.0,0.000000
0.004840000,0.760335,0.0,0.000000
0.004840250,0.760426,0.0,0.000000
0.004840500,0.760518,0.0,0.000000
0.004840750,0.760609,0.0,0.000000
0.004841000,0.760701,0.0,0.000000
0.004841250,0.760792,0.0,0.000000
0.004841500,0.760884,0.0,0.000000
0.004841750,0.760975,0.0,0.000000
0.004842000,0.761067,0.0,0.000000
0.004842250,0.761158,0.0,0.000000
0.004842500,0.761250,0.0,0.000000
0.004842750,0.761341,0.0,0.000000
0.004843000,0.761432,0.0,0.000000
0.004843250,0.761524,0.0,0.000000
0.004843500,0.761615,0.0,0.000000
0.004843750,0.761706,0.0,0.000000
0.004844000,0.761798,0.0,0.000000
0.004844250,0.761889,0.0,0.000000
0.004844500,0.761980,0.0,0.000000
0.004844750,0.762071,0.0,0.000000
0.004845000,0.762163,0.0,0.000000
0.004845250,0.762254,0.0,0.000000
0.004845500,0.762345,0.0,0.000000
0.004845750,0.762436,0.0,0.000000
0.004846000,0.762527,0.0,0.000000
0.004846250,0.762619,0.0,0.000000
0.004846500,0.762710,0.0,0.000000
0.004846750,0.762801,0.0,0.000000
0.004847000,0.762892,0.0,0.000000
0.004847250,0.762983,0.0,0.000000
0.004847500,0.763074,0.0,0.000000
0.004847750,0.763165,0.0,0.000000
0.004848000,0.763256,0.0,0.000000
0.004848250,0.763347,0.0,0.000000
0.004848500,0.763438,0.0,0.000000
0.004848750,0.763529,0.0,0.000000
0.004849000,0.763620,0.0,0.000000
0.004849250,0.763711,0.0,0.000000
0.004849500,0.763802,0.0,0.000000
0.004849750,0.763892,0.0,0.000000
0.004850000,0.763983,0.0,0.000000
0.004850250,0.764074,0.0,0.000000
0.004850500,0.764165,0.0,0.000000
0.004850750,0.764256,0.0,0.000000
0.004851000,0.764347,0.0,0.000000
0.004851250,0.764437,0.0,0.000000
0.004851500,0.764528,0.0,0.000000
0.004851750,0.764619,0.0,0.000000
0.004852000,0.764709,0.0,0.000000
0.004852250,0.764800,0.0,0.000000
0.004852500,0.764891,0.0,0.000000
0.004852750,0.764981,0.0,0.000000
0.004853000,0.765072,0.0,0.000000
0.004853250,0.765163,0.0,0.000000
0.004853500,0.765253,0.0,0.000000
0.004853750,0.765344,0.0,0.000000
0.004854000,0.765434,0.0,0.000000
0.004854250,0.765525,0.0,0.000000
0.004854500,0.765615,0.0,0.000000
0.004854750,0.765706,0.0,0.000000
0.004855000,0.765796,0.0,0.000000
0.004855250,0.765887,0.0,0.000000
0.004855500,0.765977,0.0,0.000000
0.004855750,0.766068,0.0,0.000000
0.004856000,0.766158,0.0,0.000000
0.004856250,0.766248,0.0,0.000000
0.004856500,0.766339,0.0,0.000000
0.004856750,0.766429,0.0,0.000000
0.004857000,0.766519,0.0,0.000000
0.004857250,0.766610,0.0,0.000000
0.004857500,0.766700,0.0,0.000000
0.004857750,0.766790,0.0,0.000000
0.004858000,0.766881,0.0,0.000000
0.004858250,0.766971,0.0,0.000000
0.004858500,0.767061,0.0,0.000000
0.004858750,0.767151,0.0,0.000000
0.004859000,0.767241,0.0,0.000000
0.004859250,0.767331,0.0,0.000000
0.004859500,0.767422,0.0,0.000000
0.004859750,0.767512,0.0,0.000000
0.004860000,0.767602,0.0,0.000000
0.004860250,0.767692,0.0,0.000000
0.004860500,0.767782,0.0,0.000000
0.004860750,0.767872,0.0,0.000000
0.004861000,0.767962,0.0,0.000000
0.004861250,0.768052,0.0,0.000000
0.004861500,0.768142,0.0,0.000000
0.004861750,0.768232,0.0,0.000000
0.004862000,0.768322,0.0,0.000000
0.004862250,0.768412,0.0,0.000000
0.004862500,0.768502,0.0,0.000000
0.004862750,0.768592,0.0,0.000000
0.004863000,0.768681,0.0,0.000000
0.004863250,0.768771,0.0,0.000000
0.004863500,0.768861,0.0,0.000000
0.004863750,0.768951,0.0,0.000000
0.004864000,0.769041,0.0,0.000000
0.004864250,0.769131,0.0,0.000000
0.004864500,0.769220,0.0,0.000000
0.004864750,0.769310,0.0,0.000000
0.004865000,0.769400,0.0,0.000000
0.004865250,0.769489,0.0,0.000000
0.004865500,0.769579,0.0,0.000000
0.004865750,0.769669,0.0,0.000000
0.004866000,0.769758,0.0,0.000000
0.004866250,0.769848,0.0,0.000000
0.004866500,0.769938,0.0,0.000000
0.004866750,0.770027,0.0,0.000000
0.004867000,0.770117,0.0,0.000000
0.004867250,0.770206,0.0,0.000000
0.004867500,0.770296,0.0,0.000000
0.004867750,0.770385,0.0,0.000000
0.004868000,0.770475,0.0,0.000000
0.004868250,0.770564,0.0,0.000000
0.004868500,0.770654,0.0,0.000000
0.004868750,0.770743,0.0,0.000000
0.004869000,0.770833,0.0,0.000000
0.004869250,0.770922,0.0,0.000000
0.004869500,0.771012,0.0,0.000000
0.004869750,0.771101,0.0,0.000000
0.004870000,0.771190,0.0,0.000000
0.004870250,0.771280,0.0,0.000000
0.004870500,0.771369,0.0,0.000000
0.004870750,0.771458,0.0,0.000000
0.004871000,0.771547,0.0,0.000000
0.004871250,0.771637,0.0,0.000000
0.004871500,0.771726,0.0,0.000000
0.004871750,0.771815,0.0,0.000000
0.004872000,0.771904,0.0,0.000000
0.004872250,0.771994,0.0,0.000000
0.004872500,0.772083,0.0,0.000000
0.004872750,0.772172,0.0,0.000000
0.004873000,0.772261,0.0,0.000000
0.004873250,0.772350,0.0,0.000000
0.004873500,0.772439,0.0,0.000000
0.004873750,0.772528,0.0,0.000000
0.004874000,0.772617,0.0,0.000000
0.004874250,0.772706,0.0,0.000000
0.004874500,0.772795,0.0,0.000000
0.004874750,0.772884,0.0,0.000000
0.004875000,0.772973,0.0,0.000000
0.004875250,0.773062,0.0,0.000000
0.004875500,0.773151,0.0,0.000000
0.004875750,0.773240,0.0,0.000000
0.004876000,0.773329,1.0,4.440000
0.004876250,0.773418,0.0,3.758379
0.004876500,0.021805,0.0,3.181399
0.004876750,0.022051,0.0,2.692996
0.004877000,0.022296,0.0,2.279572
0.004877250,0.022542,0.0,1.929616
0.004877500,0.022787,0.0,1.633385
0.004877750,0.023032,0.0,1.382630
0.004878000,0.023277,0.0,1.170371
0.004878250,0.023523,0.0,0.990698
0.004878500,0.023768,0.0,0.838608
0.004878750,0.024013,0.0,0.709866
0.004879000,0.024258,0.0,0.600889
0.004879250,0.024503,0.0,0.508641
0.004879500,0.024748,0.0,0.430555
0.004879750,0.024992,0.0,0.364457
0.004880000,0.025237,0.0,0.308506
0.004880250,0.025482,0.0,0.261145
0.004880500,0.025727,0.0,0.221054
0.004880750,0.025971,0.0,0.187119
0.004881000,0.026216,0.0,0.158392
0.004881250,0.026460,0.0,0.134076
0.004881500,0.026705,0.0,0.113493
0.004881750,0.026949,0.0,0.096070
0.004882000,0.027194,0.0,0.081321
0.004882250,0.027438,0.0,0.068837
0.004882500,0.027682,0.0,0.058269
0.004882750,0.027927,0.0,0.049324
0.004883000,0.028171,0.0,0.041752
0.004883250,0.028415,0.0,0.035342
0.004883500,0.028659,0.0,0.000000
0.004883750,0.028903,0.0,0.000000
0.004884000,0.029147,0.0,0.000000
0.004884250,0.029391,0.0,0.000000
0.004884500,0.029635,0.0,0.000000
0.004884750,0.029879,0.0,0.000000
0.004885000,0.030122,0.0,0.000000
0.004885250,0.030366,0.0,0.000000
0.004885500,0.030610,0.0,0.000000
0.004885750,0.030853,0.0,0.000000
0.004886000,0.031097,0.0,0.000000
0.004886250,0.031341,0.0,0.000000
0.004886500,0.031584,0.0,0.000000
0.004886750,0.031827,0.0,0.000000
0.004887000,0.032071,0.0,0.000000
0.004887250,0.032314,0.0,0.000000
0.004887500,0.032557,0.0,0.000000
0.004887750,0.032801,0.0,0.000000
0.004888000,0.033044,0.0,0.000000
0.004888250,0.033287,0.0,0.000000
0.004888500,0.033530,0.0,0.000000
0.004888750,0.033773,0.0,0.000000
0.004889000,0.034016,0.0,0.000000
0.004889250,0.034259,0.0,0.000000
0.004889500,0.034502,0.0,0.000000
0.004889750,0.034745,0.0,0.000000
0.004890000,0.034987,0.0,0.000000
0.004890250,0.035230,0.0,0.000000
0.004890500,0.035473,0.0,0.000000
0.004890750,0.035715,0.0,0.000000
0.004891000,0.035958,0.0,0.000000
0.004891250,0.036200,0.0,0.000000
0.004891500,0.036443,0.0,0.000000
0.004891750,0.036685,0.0,0.000000
0.004892000,0.036928,0.0,0.000000
0.004892250,0.037170,0.0,0.000000
0.004892500,0.037412,0.0,0.000000
0.004892750,0.037654,0.0,0.000000
0.004893000,0.037896,0.0,0.000000
0.004893250,0.038139,0.0,0.000000
0.004893500,0.038381,0.0,0.000000
0.004893750,0.038623,0.0,0.000000
0.004894000,0.038865,0.0,0.000000
0.004894250,0.039107,0.0,0.000000
0.004894500,0.039348,0.0,0.000000
0.004894750,0.039590,0.0,0.000000
0.004895000,0.039832,0.0,0.000000
0.004895250,0.040074,0.0,0.000000
0.004895500,0.040315,0.0,0.000000
0.004895750,0.040557,0.0,0.000000
0.004896000,0.040798,0.0,0.000000
0.004896250,0.041040,0.0,0.000000
0.004896500,0.041281,0.0,0.000000
0.004896750,0.041523,0.0,0.000000
0.004897000,0.041764,0.0,0.000000
0.004897250,0.042005,0.0,0.000000
0.004897500,0.042247,0.0,0.000000
0.004897750,0.042488,0.0,0.000000
0.004898000,0.042729,0.0,0.000000
0.004898250,0.042970,0.0,0.000000
0.004898500,0.043211,0.0,0.000000
0.004898750,0.043452,0.0,0.000000
0.004899000,0.043693,0.0,0.000000
0.004899250,0.043934,0.0,0.000000
0.004899500,0.044175,0.0,0.000000
0.004899750,0.044416,0.0,0.000000
0.004900000,0.044656,0.0,0.000000
0.004900250,0.044897,0.0,0.000000
0.004900500,0.045138,0.0,0.000000
0.004900750,0.045378,0.0,0.000000
0.004901000,0.045619,0.0,0.000000
0.004901250,0.045859,0.0,0.000000
0.004901500,0.046100,0.0,0.000000
0.004901750,0.046340,0.0,0.000000
0.004902000,0.046581,0.0,0.000000
0.004902250,0.046821,0.0,0.000000
0.004902500,0.047061,0.0,0.000000
0.004902750,0.047301,0.0,0.000000
0.004903000,0.047542,0.0,0.000000
0.004903250,0.047782,0.0,0.000000
0.004903500,0.048022,0.0,0.000000
0.004903750,0.048262,0.0,0.000000
0.004904000,0.048502,0.0,0.000000
0.004904250,0.048741,0.0,0.000000
0.004904500,0.048981,0.0,0.000000
0.004904750,0.049221,0.0,0.000000
0.004905000,0.049461,0.0,0.000000
0.004905250,0.049701,0.0,0.000000
0.004905500,0.049940,0.0,0.000000
0.004905750,0.050180,0.0,0.000000
0.004906000,0.050419,0.0,0.000000
0.004906250,0.050659,0.0,0.000000
0.004906500,0.050898,0.0,0.000000
0.004906750,0.051138,0.0,0.000000
0.004907000,0.051377,0.0,0.000000
0.004907250,0.051616,0.0,0.000000
0.004907500,0.051856,0.0,0.000000
0.004907750,0.052095,0.0,0.000000
0.004908000,0.052334,0.0,0.000000
0.004908250,0.052573,0.0,0.000000
0.004908500,0.052812,0.0,0.000000
0.004908750,0.053051,0.0,0.000000
0.004909000,0.053290,0.0,0.000000
0.004909250,0.053529,0.0,0.000000
0.004909500,0.053768,0.0,0.000000
0.004909750,0.054007,0.0,0.000000
0.004910000,0.054245,0.0,0.000000
0.004910250,0.054484,0.0,0.000000
0.004910500,0.054723,0.0,0.000000
0.004910750,0.054961,0.0,0.000000
0.004911000,0.055200,0.0,0.000000
0.004911250,0.055438,0.0,0.000000
0.004911500,0.055677,0.0,0.000000
0.004911750,0.055915,0.0,0.000000
0.004912000,0.056154,0.0,0.000000
0.004912250,0.056392,0.0,0.000000
0.004912500,0.056630,0.0,0.000000
0.004912750,0.056868,0.0,0.000000
0.004913000,0.057106,0.0,0.000000
0.004913250,0.057345,0.0,0.000000
0.004913500,0.057583,0.0,0.000000
0.004913750,0.057821,0.0,0.000000
0.004914000,0.058059,0.0,0.000000
0.004914250,0.058296,0.0,0.000000
0.004914500,0.058534,0.0,0.000000
0.004914750,0.058772,0.0,0.000000
0.004915000,0.059010,0.0,0.000000
0.004915250,0.059248,0.0,0.000000
0.004915500,0.059485,0.0,0.000000
0.004915750,0.059723,0.0,0.000000
0.004916000,0.059960,0.0,0.000000
0.004916250,0.060198,0.0,0.000000
0.004916500,0.060435,0.0,0.000000
0.004916750,0.060673,0.0,0.000000
0.004917000,0.060910,0.0,0.000000
0.004917250,0.061148,0.0,0.000000
0.004917500,0.061385,0.0,0.000000
0.004917750,0.061622,0.0,0.000000
0.004918000,0.061859,0.0,0.000000
0.004918250,0.062096,0.0,0.000000
0.004918500,0.062333,0.0,0.000000
0.004918750,0.062570,0.0,0.000000
0.004919000,0.062807,0.0,0.000000
0.004919250,0.063044,0.0,0.000000
0.004919500,0.063281,0.0,0.000000
0.004919750,0.063518,0.0,0.000000
0.004920000,0.063755,0.0,0.000000
0.004920250,0.063991,0.0,0.000000
0.004920500,0.064228,0.0,0.000000
0.004920750,0.064465,0.0,0.000000
0.004921000,0.064701,0.0,0.000000
0.004921250,0.064938,0.0,0.000000
0.004921500,0.065174,0.0,0.000000
0.004921750,0.065411,0.0,0.000000
0.004922000,0.065647,0.0,0.000000
0.004922250,0.065883,0.0,0.000000
0.004922500,0.066120,0.0,0.000000
0.004922750,0.066356,0.0,0.000000
0.004923000,0.066592,0.0,0.000000
0.004923250,0.066828,0.0,0.000000
0.004923500,0.067064,0.0,0.000000
0.004923750,0.067300,0.0,0.000000
0.004924000,0.067536,0.0,0.000000
0.004924250,0.067772,0.0,0.000000
0.004924500,0.068008,0.0,0.000000
0.004924750,0.068244,0.0,0.000000
0.004925000,0.068480,0.0,0.000000
0.004925250,0.068715,0.0,0.000000
0.004925500,0.068951,0.0,0.000000
0.004925750,0.069187,0.0,0.000000
0.004926000,0.069422,0.0,0.000000
0.004926250,0.069658,0.0,0.000000
0.004926500,0.069893,0.0,0.000000
0.004926750,0.070129,0.0,0.000000
0.004927000,0.070364,0.0,0.000000
0.004927250,0.070599,0.0,0.000000
0.004927500,0.070835,0.0,0.000000
0.004927750,0.071070,0.0,0.000000
0.004928000,0.071305,0.0,0.000000
0.004928250,0.071540,0.0,0.000000
0.004928500,0.071775,0.0,0.000000
0.004928750,0.072010,0.0,0.000000
0.004929000,0.072245,0.0,0.000000
0.004929250,0.072480,0.0,0.000000
0.004929500,0.072715,0.0,0.000000
0.004929750,0.072950,0.0,0.000000
0.004930000,0.073185,0.0,0.000000
0.004930250,0.073420,0.0,0.000000
0.004930500,0.073654,0.0,0.000000
0.004930750,0.073889,0.0,0.000000
0.004931000,0.074124,0.0,0.000000
0.004931250,0.074358,0.0,0.000000
0.004931500,0.074593,0.0,0.000000
0.004931750,0.074827,0.0,0.000000
0.004932000,0.075062,0.0,0.000000
0.004932250,0.075296,0.0,0.000000
0.004932500,0.075530,0.0,0.000000
0.004932750,0.075764,0.0,0.000000
0.004933000,0.075999,0.0,0.000000
0.004933250,0.076233,0.0,0.000000
0.004933500,0.076467,0.0,0.000000
0.004933750,0.076701,0.0,0.000000
0.004934000,0.076935,0.0,0.000000
0.004934250,0.077169,0.0,0.000000
0.004934500,0.077403,0.0,0.000000
0.004934750,0.077637,0.0,0.000000
0.004935000,0.077871,0.0,0.000000
0.004935250,0.078104,0.0,0.000000
0.004935500,0.078338,0.0,0.000000
0.004935750,0.078572,0.0,0.000000
0.004936000,0.078805,0.0,0.000000
0.004936250,0.079039,0.0,0.000000
0.004936500,0.079273,0.0,0.000000
0.004936750,0.079506,0.0,0.000000
0.004937000,0.079739,0.0,0.000000
0.004937250,0.079973,0.0,0.000000
0.004937500,0.080206,0.0,0.000000
0.004937750,0.080440,0.0,0.000000
0.004938000,0.080673,0.0,0.000000
0.004938250,0.080906,0.0,0.000000
0.004938500,0.081139,0.0,0.000000
0.004938750,0.081372,0.0,0.000000
0.004939000,0.081605,0.0,0.000000
0.004939250,0.081838,0.0,0.000000
0.004939500,0.082071,0.0,0.000000
0.004939750,0.082304,0.0,0.000000
0.004940000,0.082537,0.0,0.000000
0.004940250,0.082770,0.0,0.000000
0.004940500,0.083002,0.0,0.000000
0.004940750,0.083235,0.0,0.000000
0.004941000,0.083468,0.0,0.000000
0.004941250,0.083700,0.0,0.000000
0.004941500,0.083933,0.0,0.000000
0.004941750,0.084166,0.0,0.000000
0.004942000,0.084398,0.0,0.000000
0.004942250,0.084630,0.0,0.000000
0.004942500,0.084863,0.0,0.000000
0.004942750,0.085095,0.0,0.000000
0.004943000,0.085327,0.0,0.000000
0.004943250,0.085560,0.0,0.000000
0.004943500,0.085792,0.0,0.000000
0.004943750,0.086024,0.0,0.000000
0.004944000,0.086256,0.0,0.000000
0.004944250,0.086488,0.0,0.000000
0.004944500,0.086720,0.0,0.000000
0.004944750,0.086952,0.0,0.000000
0.004945000,0.087184,0.0,0.000000
0.004945250,0.087416,0.0,0.000000
0.004945500,0.087647,0.0,0.000000
0.004945750,0.087879,0.0,0.000000
0.004946000,0.088111,0.0,0.000000
0.004946250,0.088342,0.0,0.000000
0.004946500,0.088574,0.0,0.000000
0.004946750,0.088806,0.0,0.000000
0.004947000,0.089037,0.0,0.000000
0.004947250,0.089269,0.0,0.000000
0.004947500,0.089500,0.0,0.000000
0.004947750,0.089731,0.0,0.000000
0.004948000,0.089963,0.0,0.000000
0.004948250,0.090194,0.0,0.000000
0.004948500,0.090425,0.0,0.000000
0.004948750,0.090656,0.0,0.000000
0.004949000,0.090887,0.0,0.000000
0.004949250,0.091118,0.0,0.000000
0.004949500,0.091349,0.0,0.000000
0.004949750,0.091580,0.0,0.000000
0.004950000,0.091811,0.0,0.000000
0.004950250,0.092042,0.0,0.000000
0.004950500,0.092273,0.0,0.000000
0.004950750,0.092504,0.0,0.000000
0.004951000,0.092734,0.0,0.000000
0.004951250,0.092965,0.0,0.000000
0.004951500,0.093196,0.0,0.000000
0.004951750,0.093426,0.0,0.000000
0.004952000,0.093657,0.0,0.000000
0.004952250,0.093887,0.0,0.000000
0.004952500,0.094118,0.0,0.000000
0.004952750,0.094348,0.0,0.000000
0.004953000,0.094579,0.0,0.000000
0.004953250,0.094809,0.0,0.000000
0.004953500,0.095039,0.0,0.000000
0.004953750,0.095269,0.0,0.000000
0.004954000,0.095499,0.0,0.000000
0.004954250,0.095730,0.0,0.000000
0.004954500,0.095960,0.0,0.000000
0.004954750,0.096190,0.0,0.000000
0.004955000,0.096420,0.0,0.000000
0.004955250,0.096649,0.0,0.000000
0.004955500,0.096879,0.0,0.000000
0.004955750,0.097109,0.0,0.000000
0.004956000,0.097339,0.0,0.000000
0.004956250,0.097569,0.0,0.000000
0.004956500,0.097798,0.0,0.000000
0.004956750,0.098028,0.0,0.000000
0.004957000,0.098258,0.0,0.000000
0.004957250,0.098487,0.0,0.000000
0.004957500,0.098717,0.0,0.000000
0.004957750,0.098946,0.0,0.000000
0.004958000,0.099175,0.0,0.000000
0.004958250,0.099405,0.0,0.000000
0.004958500,0.099634,0.0,0.000000
0.004958750,0.099863,0.0,0.000000
0.004959000,0.100092,0.0,0.000000
0.004959250,0.100322,0.0,0.000000
0.004959500,0.100551,0.0,0.000000
0.004959750,0.100780,0.0,0.000000
0.004960000,0.101009,0.0,0.000000
0.004960250,0.101238,0.0,0.000000
0.004960500,0.101467,0.0,0.000000
0.004960750,0.101695,0.0,0.000000
0.004961000,0.101924,0.0,0.000000
0.004961250,0.102153,0.0,0.000000
0.004961500,0.102382,0.0,0.000000
0.004961750,0.102610,0.0,0.000000
0.004962000,0.102839,0.0,0.000000
0.004962250,0.103068,0.0,0.000000
0.004962500,0.103296,0.0,0.000000
0.004962750,0.103525,0.0,0.000000
0.004963000,0.103753,0.0,0.000000
0.004963250,0.103981,0.0,0.000000
0.004963500,0.104210,0.0,0.000000
0.004963750,0.104438,0.0,0.000000
0.004964000,0.104666,0.0,0.000000
0.004964250,0.104894,0.0,0.000000
0.004964500,0.105123,0.0,0.000000
0.004964750,0.105351,0.0,0.000000
0.004965000,0.105579,0.0,0.000000
0.004965250,0.105807,0.0,0.000000
0.004965500,0.106035,0.0,0.000000
0.004965750,0.106263,0.0,0.000000
0.004966000,0.106490,0.0,0.000000
0.004966250,0.106718,0.0,0.000000
0.004966500,0.106946,0.0,0.000000
0.004966750,0.107174,0.0,0.000000
0.004967000,0.107401,0.0,0.000000
0.004967250,0.107629,0.0,0.000000
0.004967500,0.107857,0.0,0.000000
0.004967750,0.108084,0.0,0.000000
0.004968000,0.108312,0.0,0.000000
0.004968250,0.108539,0.0,0.000000
0.004968500,0.108766,0.0,0.000000
0.004968750,0.108994,0.0,0.000000
0.004969000,0.109221,0.0,0.000000
0.004969250,0.109448,0.0,0.000000
0.004969500,0.109676,0.0,0.000000
0.004969750,0.109903,0.0,0.000000
0.004970000,0.110130,0.0,0.000000
0.004970250,0.110357,0.0,0.000000
0.004970500,0.110584,0.0,0.000000
0.004970750,0.110811,0.0,0.000000
0.004971000,0.111038,0.0,0.000000
0.004971250,0.111265,0.0,0.000000
0.004971500,0.111491,0.0,0.000000
0.004971750,0.111718,0.0,0.000000
0.004972000,0.111945,0.0,0.000000
0.004972250,0.112172,0.0,0.000000
0.004972500,0.112398,0.0,0.000000
0.004972750,0.112625,0.0,0.000000
0.004973000,0.112851,0.0,0.000000
0.004973250,0.113078,0.0,0.000000
0.004973500,0.113304,0.0,0.000000
0.004973750,0.113531,0.0,0.000000
0.004974000,0.113757,0.0,0.000000
0.004974250,0.113983,0.0,0.000000
0.004974500,0.114210,0.0,0.000000
0.004974750,0.114436,0.0,0.000000
0.004975000,0.114662,0.0,0.000000
0.004975250,0.114888,0.0,0.000000
0.004975500,0.115114,0.0,0.000000
0.004975750,0.115340,0.0,0.000000
0.004976000,0.115566,0.0,0.000000
0.004976250,0.115792,0.0,0.000000
0.004976500,0.116018,0.0,0.000000
0.004976750,0.116244,0.0,0.000000
0.004977000,0.116469,0.0,0.000000
0.004977250,0.116695,0.0,0.000000
0.004977500,0.116921,0.0,0.000000
0.004977750,0.117147,0.0,0.000000
0.004978000,0.117372,0.0,0.000000
0.004978250,0.117598,0.0,0.000000
0.004978500,0.117823,0.0,0.000000
0.004978750,0.118049,0.0,0.000000
0.004979000,0.118274,0.0,0.000000
0.004979250,0.118499,0.0,0.000000
0.004979500,0.118725,0.0,0.000000
0.004979750,0.118950,0.0,0.000000
0.004980000,0.119175,0.0,0.000000
0.004980250,0.119400,0.0,0.000000
0.004980500,0.119625,0.0,0.000000
0.004980750,0.119851,0.0,0.000000
0.004981000,0.120076,0.0,0.000000
0.004981250,0.120301,0.0,0.000000
0.004981500,0.120526,0.0,0.000000
0.004981750,0.120750,0.0,0.000000
0.004982000,0.120975,0.0,0.000000
0.004982250,0.121200,0.0,0.000000
0.004982500,0.121425,0.0,0.000000
0.004982750,0.121649,0.0,0.000000
0.004983000,0.121874,0.0,0.000000
0.004983250,0.122099,0.0,0.000000
0.004983500,0.122323,0.0,0.000000
0.004983750,0.122548,0.0,0.000000
0.004984000,0.122772,0.0,0.000000
0.004984250,0.122997,0.0,0.000000
0.004984500,0.123221,0.0,0.000000
0.004984750,0.123445,0.0,0.000000
0.004985000,0.123670,0.0,0.000000
0.004985250,0.123894,0.0,0.000000
0.004985500,0.124118,0.0,0.000000
0.004985750,0.124342,0.0,0.000000
0.004986000,0.124566,0.0,0.000000
0.004986250,0.124790,0.0,0.000000
0.004986500,0.125014,0.0,0.000000
0.004986750,0.125238,0.0,0.000000
0.004987000,0.125462,0.0,0.000000
0.004987250,0.125686,0.0,0.000000
0.004987500,0.125910,0.0,0.000000
0.004987750,0.126134,0.0,0.000000
0.004988000,0.126357,0.0,0.000000
0.004988250,0.126581,0.0,0.000000
0.004988500,0.126805,0.0,0.000000
0.004988750,0.127028,0.0,0.000000
0.004989000,0.127252,0.0,0.000000
0.004989250,0.127475,0.0,0.000000
0.004989500,0.127699,0.0,0.000000
0.004989750,0.127922,0.0,0.000000
0.004990000,0.128146,0.0,0.000000
0.004990250,0.128369,0.0,0.000000
0.004990500,0.128592,0.0,0.000000
0.004990750,0.128815,0.0,0.000000
0.004991000,0.129038,0.0,0.000000
0.004991250,0.129262,0.0,0.000000
0.004991500,0.129485,0.0,0.000000
0.004991750,0.129708,0.0,0.000000
0.004992000,0.129931,0.0,0.000000
0.004992250,0.130154,0.0,0.000000
0.004992500,0.130376,0.0,0.000000
0.004992750,0.130599,0.0,0.000000
0.004993000,0.130822,0.0,0.000000
0.004993250,0.131045,0.0,0.000000
0.004993500,0.131268,0.0,0.000000
0.004993750,0.131490,0.0,0.000000
0.004994000,0.131713,0.0,0.000000
0.004994250,0.131935,0.0,0.000000
0.004994500,0.132158,0.0,0.000000
0.004994750,0.132380,0.0,0.000000
0.004995000,0.132603,0.0,0.000000
0.004995250,0.132825,0.0,0.000000
0.004995500,0.133047,0.0,0.000000
0.004995750,0.133270,0.0,0.000000
0.004996000,0.133492,0.0,0.000000
0.004996250,0.133714,0.0,0.000000
0.004996500,0.133936,0.0,0.000000
0.004996750,0.134158,0.0,0.000000
0.004997000,0.134380,0.0,0.000000
0.004997250,0.134602,0.0,0.000000
0.004997500,0.134824,0.0,0.000000
0.004997750,0.135046,0.0,0.000000
0.004998000,0.135268,0.0,0.000000
0.004998250,0.135490,0.0,0.000000
0.004998500,0.135712,0.0,0.000000
0.004998750,0.135933,0.0,0.000000
0.004999000,0.136155,0.0,0.000000
0.004999250,0.136377,0.0,0.000000
0.004999500,0.136598,0.0,0.000000
0.004999750,0.136820,0.0,0.000000
